lap_distance,x_position,y_position
0.0,146.43113627188984,-393.3160668749649
0.5,145.93151190094113,-393.29669086862015
1.0,145.43188721416934,-393.2773227983239
1.5,144.932262240498,-393.2579619223534
2.0,144.43263699436625,-393.23860776977676
2.5,143.93301146748317,-393.2192605001907
3.0,143.4333857109458,-393.1999189734394
3.5,142.93375963884523,-393.1805855965048
4.0,142.4341331113492,-393.16126410018705
4.5,141.93450628437486,-393.1419504872926
5.0,141.43487911264623,-393.1226460199918
5.5,140.93525173996053,-393.1033470471843
6.0,140.43562428686698,-393.0840506892603
6.5,139.93599676444074,-393.06475680477587
7.0,139.43636932370643,-393.04546307946333
7.5,138.93674176213676,-393.0261733352357
8.0,138.43711406717998,-393.006887880626
8.5,137.93748611361582,-392.9876106765824
9.0,137.4378580723228,-392.9683364859241
9.5,136.938229964384,-392.9490644915261
10.0,136.43860179615407,-392.92979408878944
10.5,135.9389735337612,-392.9105252910466
11.0,135.4393451874565,-392.891257987792
11.5,134.93971670929028,-392.8719931188463
12.0,134.4400880017448,-392.852733258614
12.5,133.94045920148298,-392.83347540758723
13.0,133.44083033349023,-392.8142190066704
13.5,132.9412014382745,-392.7949624621068
14.0,132.441572500055,-392.77570672972234
14.5,131.94194351049515,-392.75645207006295
15.0,131.44231441366,-392.73719979555716
15.5,130.94268534256372,-392.717946377107
16.0,130.443056311381,-392.69869147247954
16.5,129.94342748611513,-392.67943088850797
17.0,129.44379868179084,-392.66016949600265
17.5,128.94416988547488,-392.64090772094914
18.0,128.44454105750245,-392.6216467483316
18.5,127.94491211756245,-392.60238832497345
19.0,127.44528313627855,-392.58313068304574
19.5,126.94565418534236,-392.563871814474
20.0,126.44602524161272,-392.54461261229255
20.5,125.94639625809701,-392.52535441580267
21.0,125.44676718064144,-392.5060986954544
21.5,124.94713786415952,-392.48684938169345
22.0,124.44750835027368,-392.4676055397514
22.5,123.94787859017437,-392.4483685855618
23.0,123.44824843509747,-392.42914250679445
23.5,122.94861804798677,-392.40992245185214
24.0,122.44898742698362,-392.39070840781886
24.5,121.9493562608369,-392.3715086455025
25.0,121.44972464655332,-392.35232065675103
25.5,120.950092591019,-392.33314422045623
26.0,120.45045985879476,-392.3139850011438
26.5,119.95082669006955,-392.2948368732371
27.0,119.45119313486788,-392.2756985852698
27.5,118.95155895929199,-392.2565761857508
28.0,118.45192418045727,-392.2374693452055
28.5,117.95228889661384,-392.21837555637444
29.0,117.45265279732578,-392.1993029043583
29.5,116.95301580909901,-392.180253517744
30.0,116.45337820059093,-392.1612203917612
30.5,115.95373976917801,-392.14220887571844
31.0,115.45410043419402,-392.1232211784902
31.5,114.95446042792372,-392.1042512155098
32.0,114.45481952002018,-392.0853050987556
32.5,113.95517716848447,-392.06639722339946
33.0,113.45553391466372,-392.04751324767005
33.5,112.9558896173413,-392.02865691143205
34.0,112.4562439146723,-392.00983826397896
34.5,111.95659746089423,-391.9910398838869
35.0,111.45695023477684,-391.9722623689171
35.5,110.95730158789254,-391.9535228360285
36.0,110.45765213585769,-391.9348048344472
36.5,109.95800188011391,-391.9161083268735
37.0,109.45835021585985,-391.89744951486597
37.5,108.958697845938,-391.8788095778419
38.0,108.45904482728116,-391.8601869867973
38.5,107.9593908204734,-391.84159076033546
39.0,107.45973619605607,-391.8230107813176
39.5,106.96008107067648,-391.8044439913517
40.0,106.46042526108675,-391.7858952657111
40.5,105.96076893701425,-391.7673601858129
41.0,105.46111224264038,-391.7488349557835
41.5,104.96145507951046,-391.7303222829171
42.0,104.46179761457113,-391.7118178096095
42.5,103.96214000580301,-391.69331734771356
43.0,103.46248233087363,-391.67481902667566
43.5,102.9628245960957,-391.6563229989093
44.0,102.46316679897119,-391.63782911062583
44.5,101.96350888981159,-391.6193388638432
45.0,101.46385091032249,-391.60085102093564
45.5,100.9641929240788,-391.58236370066044
46.0,100.46453496124555,-391.56387620152924
46.5,99.96487694120376,-391.54539064225366
47.0,99.4652189000482,-391.52690564091444
47.5,98.96556084072576,-391.50842097474623
48.0,98.46590276879621,-391.48993670134894
48.5,97.96624461171874,-391.4714547120705
49.0,97.46658632871214,-391.45297608959163
49.5,96.96692785655655,-391.4345017037622
50.0,96.46726940663869,-391.416026023848
50.5,95.96761100789057,-391.3975481633635
51.0,95.46795270485084,-391.37906723141754
51.5,94.96829433778476,-391.36058785241676
52.0,94.46863589284827,-391.3421104046794
52.5,93.96897718709617,-391.32363972579356
53.0,93.46931840568199,-391.3051709464729
53.5,92.96965955294665,-391.28670395391487
54.0,92.47000070694271,-391.26823675747727
54.5,91.97034188817591,-391.24976887138604
55.0,91.47068309966733,-391.231300215154
55.5,90.97102444130421,-391.21282818052083
56.0,90.47136585038072,-391.1943545024632
56.5,89.97170732427566,-391.17587926556536
57.0,89.47204894763888,-391.15740064964547
57.5,88.97239060968629,-391.13892143782954
58.0,88.47273229557088,-391.1204419382003
58.5,87.97307394889663,-391.10196367174905
59.0,87.47341562051717,-391.0834849632484
59.5,86.9737573233164,-391.06500560246616
60.0,86.4740991677404,-391.04652355517965
60.5,85.97444096948935,-391.0280429449313
61.0,85.47478267028875,-391.0095650092812
61.5,84.97512391046224,-390.99109819482163
62.0,84.47546474156434,-390.97264145995865
62.5,83.97580524494012,-390.9541929873183
63.0,83.4761451794288,-390.93575951002725
63.5,82.97648462848659,-390.91733889781756
64.0,82.47682368397585,-390.8989287759991
64.5,81.97716202676033,-390.8805378204917
65.0,81.47749970570423,-390.86216538189564
65.5,80.97783687137046,-390.84380723737837
66.0,80.47817316229646,-390.8254733953391
66.5,79.97850867205675,-390.80716081999856
67.0,79.47884364001324,-390.7888629382707
67.5,78.97917781236335,-390.7705864963464
68.0,78.47951145865707,-390.752324164638
68.5,77.97984474995974,-390.7340713612688
69.0,77.4801775296985,-390.7158323032407
69.5,76.98051003864668,-390.69760057375845
70.0,76.48084238891275,-390.679373266771
70.5,75.98117455441403,-390.66115140358124
71.0,75.48150654605429,-390.64293491466384
71.5,74.98183843627679,-390.6247217225857
72.0,74.48217020534261,-390.6065128155944
72.5,73.98250198147187,-390.5883045227286
73.0,73.48283376440668,-390.5700965930097
73.5,72.98316556110993,-390.5518891173676
74.0,72.483497235823,-390.53368462343116
74.5,71.98382881163083,-390.51548259981047
75.0,71.48416021009984,-390.49728508017967
75.5,70.98449141177328,-390.4790925689238
76.0,70.48482249518675,-390.4609030850305
76.5,69.98515342356876,-390.4427176031901
77.0,69.48548424739704,-390.42453441977636
77.5,68.98581496774315,-390.4063536347064
78.0,68.48614547426864,-390.3881779482248
78.5,67.98647569439595,-390.3700096746757
79.0,67.48680576968633,-390.35184521765467
79.5,66.98713570789967,-390.33368453115077
80.0,66.48746566000418,-390.31552333411105
80.5,65.98779557946634,-390.2973629227983
81.0,65.488125370831,-390.2792058151501
81.5,64.98845499359096,-390.2610533111247
82.0,64.48878450151709,-390.2429039613755
82.5,63.989113830162516,-390.22475957343266
83.0,63.489443029527315,-390.2066187449179
83.5,62.989772125049384,-390.1884807688557
84.0,62.490101023935445,-390.1703481819381
84.5,61.99042961413381,-390.1522241183218
85.0,61.490757961213,-390.13410677646687
85.5,60.99108584969187,-390.1160021329974
86.0,60.491413314426964,-390.09790925714066
86.5,59.99174047302534,-390.07982489818056
87.0,59.49206711356755,-390.0617549930495
87.5,58.99239343253952,-390.0436940930235
88.0,58.49271950347034,-390.02564018377984
88.5,57.99304510903477,-390.0075995246336
89.0,57.49337021628208,-389.989572974343
89.5,56.99369495278934,-389.9715568281151
90.0,56.49401904597082,-389.95355838221786
90.5,55.99434275483424,-389.9355703780842
91.0,55.49466617833986,-389.9175901625472
91.5,54.994989132266916,-389.899622936217
92.0,54.49531183446904,-389.88166244620237
92.5,53.99563435330881,-389.86370686390984
93.0,53.495956626433724,-389.8457578636891
93.5,52.99627870420524,-389.82781425975656
94.0,52.496600614513376,-389.8098752981379
94.5,51.99692213902154,-389.79194716236634
95.0,51.497243446851996,-389.7740251643873
95.5,50.99756458573263,-389.75610796496204
96.0,50.497885581781595,-389.73819499940294
96.5,49.99820650991036,-389.7202841353194
97.0,49.498527377932795,-389.7023751258823
97.5,48.99884812470843,-389.68446973349137
98.0,48.49916896744542,-389.6665616727574
98.5,47.99948990034924,-389.6486511044839
99.0,47.49981115050759,-389.63073167000084
99.5,47.00013252332264,-389.6128088887345
100.0,46.500454022851564,-389.59488264998214
100.5,46.00077579109641,-389.57694843444517
101.0,45.50109777537141,-389.55900802760084
101.5,45.001420005710976,-389.54106057661517
102.0,44.50174277480904,-389.52309809803023
102.5,44.00206572542735,-389.5051305209069
103.0,43.50238887693088,-389.4871572927695
103.5,43.00271238615093,-389.46917391150845
104.0,42.5030360913523,-389.45118504557786
104.5,42.00336004653479,-389.43318920625836
105.0,41.503684435424724,-389.41518136600314
105.5,41.00400905556499,-389.3971671293968
106.0,40.50433398325022,-389.37914438740415
106.5,40.004659345326814,-389.36110968158204
107.0,39.50498504460364,-389.34306578610705
107.5,39.00531129355983,-389.3250069658273
108.0,38.50563826347935,-389.30692882671156
108.5,38.00596561173554,-389.2888405803534
109.0,37.50629346839832,-389.2707387931866
109.5,37.00662181903343,-389.252624146215
110.0,36.50695052007853,-389.2345002543124
110.5,36.007279850177525,-389.2163595699031
111.0,35.50760976628342,-389.19820258395276
111.5,35.00794004936421,-389.18003522046274
112.0,34.508270879539545,-389.1618518792437
112.5,34.0086021602087,-389.14365549980755
113.0,33.508933759436516,-389.1254499036373
113.5,33.0092659051921,-389.1072285091111
114.0,32.50959844126004,-389.08899616033386
114.5,32.009931277062144,-389.0707554359846
115.0,31.51026465441629,-389.05249990232517
115.5,31.010598283638053,-389.03423752766105
116.0,30.51093212328471,-389.01596943638225
116.5,30.01126632252245,-388.99769154384626
117.0,29.511600768835375,-388.97940687663856
117.5,29.011935453805783,-388.96111566556823
118.0,28.51227074148761,-388.94280787760954
118.5,28.01260638438915,-388.92449044713203
119.0,27.51294243965607,-388.9061618276405
119.5,27.01327940299588,-388.88780886645014
120.0,26.513616827865636,-388.8694435962609
120.5,26.013954839896712,-388.8510626810127
121.0,25.514293598350612,-388.83266207003413
121.5,25.01463282046681,-388.81424906628166
122.0,24.51497272185437,-388.7958178343292
122.5,24.015313510707877,-388.7773625394533
123.0,23.515654858027197,-388.75889219802207
123.5,23.015997102884743,-388.74039776358916
124.0,22.5163403192436,-388.721877046375
124.5,22.01668412076396,-388.7033403616081
125.0,21.517028854745863,-388.68477796998076
125.5,21.01737444344426,-388.66619220928317
126.0,20.517720601746795,-388.6475909507769
126.5,20.0180677476713,-388.6289630920043
127.0,19.518415554336116,-388.6103175063711
127.5,19.01876385304075,-388.59165870203736
128.0,18.519113098638506,-388.5729743212412
128.5,18.019462957308292,-388.5542733749278
129.0,17.519813323150334,-388.5355587301737
129.5,17.02016465331988,-388.516818228568
130.0,16.520516441813097,-388.4980655170342
130.5,16.020868700964865,-388.4793002669661
131.0,15.521222082020692,-388.4605052024839
131.5,15.021576031383665,-388.4416951619233
132.0,14.521930687308222,-388.42286651651847
132.5,14.022286434568366,-388.40400941622556
133.0,13.522642671621822,-388.3851396027394
133.5,13.022999556099148,-388.3662530139137
134.0,12.52335721444784,-388.3473458772293
134.5,12.023715303100348,-388.3284272704106
135.0,11.524074051508384,-388.3094910308656
135.5,11.024433556941094,-388.2905345098206
136.0,10.524793508608026,-388.2715660173453
136.5,10.025154173361772,-388.2525783573122
137.0,9.52551543012007,-388.233575194862
137.5,9.025877120977952,-388.2145608153922
138.0,8.52623975136096,-388.195522849518
138.5,8.026603009813153,-388.17646917104184
139.0,7.52696676274828,-388.15740314948886
139.5,7.027331603619275,-388.1383104266257
140.0,6.527697082684344,-388.11920214088127
140.5,6.028063172653225,-388.1000789577508
141.0,5.528430524539948,-388.0809252961954
141.5,5.028798380121971,-388.06175894382346
142.0,4.5291668528944795,-388.0425769883997
142.5,4.029536321919804,-388.0233690980113
143.0,3.5299062224021833,-388.0041491325428
143.5,3.030276699798782,-387.9849125633637
144.0,2.530647881502996,-387.96565615888056
144.5,2.031019454428763,-387.94638871860946
145.0,1.5313916471174547,-387.9271037738716
145.5,1.0317643406759198,-387.90780463875933
146.0,0.5321373304703055,-387.8884971155574
146.5,0.03251079288780112,-387.86917622423556
147.0,-0.4671155093682434,-387.84984882323243
147.5,-0.9667416390092775,-387.83051677506484
148.0,-1.466367397849082,-387.81117578869
148.5,-1.9659928940328983,-387.79182896414255
149.0,-2.4656181697235984,-387.7724772385956
149.5,-2.9652428234597865,-387.75311138382506
150.0,-3.4648672148795785,-387.7337396206328
150.5,-3.964491290614687,-387.714360747166
151.0,-4.464114538097907,-387.69496221142316
151.5,-4.963737307604839,-387.6755518737417
152.0,-5.463359380042052,-387.65612418091564
152.5,-5.962980631694663,-387.63667498360644
153.0,-6.462601462560093,-387.61721402736083
153.5,-6.962221652290099,-387.5977342514381
154.0,-7.461841092207552,-387.57823314600137
154.5,-7.961460036159893,-387.55871823605173
155.0,-8.461077995408278,-387.53917679261446
155.5,-8.96069522283507,-387.51961625954
156.0,-9.460311902105586,-387.5000415133695
156.5,-9.959927268245835,-387.4804336010687
157.0,-10.459541827016238,-387.46080598482166
157.5,-10.9591556511674,-387.4411604401147
158.0,-11.458767881362073,-387.42147541529846
158.5,-11.958379380786528,-387.4017715326284
159.0,-12.457989943764868,-387.3820434238517
159.5,-12.957599357900593,-387.3622849664451
160.0,-13.45720826561881,-387.34251329296706
160.5,-13.95681645841146,-387.32272307487045
161.0,-14.456423949375086,-387.3029152862297
161.5,-14.956031026285475,-387.2830973962657
162.0,-15.45563736972339,-387.2632620932551
162.5,-15.955242854138714,-387.2434073312233
163.0,-16.45484774352585,-387.2235391298233
163.5,-16.954451346598237,-387.20364210165934
164.0,-17.454054319604268,-387.18372900671324
164.5,-17.953656792219213,-387.1638031423484
165.0,-18.453258569723282,-387.14385790176374
165.5,-18.952860102058313,-387.1239049604501
166.0,-19.452461336662974,-387.10394266746243
166.5,-19.952062077551375,-387.0839661346868
167.0,-20.45166261936424,-387.06398417795293
167.5,-20.951262887377425,-387.04399493504906
168.0,-21.450862881053595,-387.02399885383846
168.5,-21.95046273189565,-387.00399932850144
169.0,-22.450062354794127,-386.98399450780306
169.5,-22.94966195843799,-386.9639894661079
170.0,-23.449261557542236,-386.94398442469446
170.5,-23.948861191817272,-386.9239801766654
171.0,-24.44846074376705,-386.9039736849433
171.5,-24.94806023027914,-386.8839654117062
172.0,-25.44765943517888,-386.86394993870505
172.5,-25.947258583883734,-386.843932969255
173.0,-26.446857662835026,-386.82391414229363
173.5,-26.946456679197453,-386.8038936442108
174.0,-27.446055639769426,-386.7838717244046
174.5,-27.945654502772722,-386.76384733781634
175.0,-28.445253116349296,-386.7438167525869
175.5,-28.944851578353784,-386.72378243771203
176.0,-29.444449751352874,-386.70374107982735
176.5,-29.944047728102138,-386.6836951900192
177.0,-30.443645578384995,-386.6636464138375
177.5,-30.943243216039928,-386.6435930700595
178.0,-31.442840570877404,-386.62353366939675
178.5,-31.942437674673815,-386.60346889237985
179.0,-32.44203416634848,-386.58339219886983
179.5,-32.94163041407546,-386.5633114242167
180.0,-33.44122633543636,-386.5432252685357
180.5,-33.940821912972105,-386.5231346286713
181.0,-34.44041729355041,-386.50304140576606
181.5,-34.940012334476094,-386.4829437168185
182.0,-35.439607101263256,-386.46284309232783
182.5,-35.93920172500697,-386.4427410516041
183.0,-36.438796152655684,-386.42263753115475
183.5,-36.93839058404268,-386.40253423591105
184.0,-37.43798501888532,-386.38243111846623
184.5,-37.93757948318577,-386.36232877547906
185.0,-38.437173997394495,-386.3422270467135
185.5,-38.93676856900589,-386.32212602440325
186.0,-39.436363590503966,-386.3020303290779
186.5,-39.93595882531444,-386.2819368371173
187.0,-40.43555438455674,-386.26184654680804
187.5,-40.93515027115766,-386.2417596866963
188.0,-41.434746363179386,-386.22167550160015
188.5,-41.93434287548632,-386.20159776662143
189.0,-42.43393984181149,-386.1815288456746
189.5,-42.933537110321986,-386.1614659391093
190.0,-43.433134954495465,-386.14141616748185
190.5,-43.93273307837267,-386.12137370089675
191.0,-44.43233147860478,-386.1013384518922
191.5,-44.931930226636744,-386.08131480794333
192.0,-45.431529111563954,-386.0612965773329
192.5,-45.9311281908124,-386.04128628614933
193.0,-46.430727494200816,-386.02128514035104
193.5,-46.93032691267748,-386.00128854037507
194.0,-47.429926527422545,-385.98129944726674
194.5,-47.92952627440435,-385.9613156308568
195.0,-48.429126107892216,-385.9413350389356
195.5,-48.928726127168396,-385.92135960612666
196.0,-49.428326288095676,-385.9013864136689
196.5,-49.927926578895985,-385.881415275281
197.0,-50.42752700279203,-385.86144265885514
197.5,-50.92712738339851,-385.8414665958738
198.0,-51.426727682503596,-385.8214850482449
198.5,-51.926327817860205,-385.8014960145423
199.0,-52.42592787899788,-385.78150382184367
199.5,-52.925527825884494,-385.76150715500575
200.0,-53.42512759361267,-385.7415055734151
200.5,-53.92472722902305,-385.72150050809654
201.0,-54.42432645395988,-385.7014855915701
201.5,-54.92392549066441,-385.68146634719596
202.0,-55.4235243544894,-385.6614431279658
202.5,-55.92312304905057,-385.64141671053073
203.0,-56.42272174781517,-385.621390684868
203.5,-56.92232046903125,-385.6013656046735
204.0,-57.42191927021929,-385.5813423078412
204.5,-57.92151805721321,-385.5613184238684
205.0,-58.42111672782199,-385.54129102051877
205.5,-58.92071517457406,-385.5212578128225
206.0,-59.42031347617505,-385.5012208362139
206.5,-59.91991147012916,-385.481175818824
207.0,-60.41950941232284,-385.46112937724286
207.5,-60.91910730303657,-385.4410815191877
208.0,-61.41870520722185,-385.4210336540328
208.5,-61.91830304572756,-385.4009840280588
209.0,-62.41790075985948,-385.3809311229236
209.5,-62.91749817393933,-385.3608706788136
210.0,-63.41709544619991,-385.3408066757631
210.5,-63.91669249836142,-385.32073716047125
211.0,-64.41628943613435,-385.3006648001867
211.5,-64.91588630314827,-385.2805906813197
212.0,-65.41548316690975,-385.2605165120381
212.5,-65.91507997002499,-385.24044085756947
213.0,-66.4146767025997,-385.2203634756097
213.5,-66.91427322105572,-385.20028083565444
214.0,-67.41386961633846,-385.1801951182983
214.5,-67.91346579492661,-385.1601039594732
215.0,-68.4130619027788,-385.1400110256796
215.5,-68.9126579828802,-385.11991738834433
216.0,-69.41225405710205,-385.09982356182223
216.5,-69.91185003926041,-385.07972743785297
217.0,-70.41144595184794,-385.0596295777409
217.5,-70.91104173792473,-385.0395285827856
218.0,-71.41063751787055,-385.0194274384437
218.5,-71.91023329054957,-384.9993261175912
219.0,-72.40982907642172,-384.97922513046603
219.5,-72.90942484697756,-384.95912376358797
220.0,-73.40902056772153,-384.93902115815354
220.5,-73.9086161973042,-384.91891627040474
221.0,-74.4082117651289,-384.8988098450646
221.5,-74.9078071694389,-384.8786993954846
222.0,-75.40740248154277,-384.85858683408634
222.5,-75.90699771281345,-384.8384724213463
223.0,-76.40659295991239,-384.81835888434404
223.5,-76.90618825412514,-384.79824670164146
224.0,-77.40578362463012,-384.7781366798298
224.5,-77.90537900840785,-384.75802752447464
225.0,-78.40497435577647,-384.737917725446
225.5,-78.90456956405238,-384.71780491523447
226.0,-79.40416463193411,-384.6976886680219
226.5,-79.90375962808255,-384.677570654115
227.0,-80.40335471146115,-384.65745462225783
227.5,-80.90294988189544,-384.6373406425174
228.0,-81.40254514474361,-384.61722884119916
228.5,-81.90214046616067,-384.59711773867843
229.0,-82.40173580331903,-384.5770066769351
229.5,-82.90133116044015,-384.55689554782117
230.0,-83.40092659025605,-384.5367859822107
230.5,-83.90052204320203,-384.5166768790947
231.0,-84.40011748661107,-384.49656739143387
231.5,-84.89971294093893,-384.4764581553803
232.0,-85.39930840317972,-384.4563491017884
232.5,-85.89890410522831,-384.43624601020497
233.0,-86.39849993472265,-384.41614610516723
233.5,-86.89809594136479,-384.39605062938386
234.0,-87.39769215235322,-384.3759602485191
234.5,-87.89728844986863,-384.3558720184042
235.0,-88.39688488412827,-384.33578717827936
235.5,-88.89648135531522,-384.3157032692083
236.0,-89.3960778535741,-384.2956200405401
236.5,-89.89567444479903,-384.2755391334009
237.0,-90.39527117347677,-384.2554616776488
237.5,-90.89486803707838,-384.2353876097826
238.0,-91.39446512541262,-384.2153192677543
238.5,-91.89406228501342,-384.1952527746296
239.0,-92.39365954693035,-384.1751889536125
239.5,-92.89325702276334,-384.155130470082
240.0,-93.39285466103333,-384.1350760486889
240.5,-93.8924527565456,-384.1150330814072
241.0,-94.3920511282142,-384.0949971704392
241.5,-94.89164969794602,-384.0749663203592
242.0,-95.39124866206684,-384.05494516285165
242.5,-95.89084782115116,-384.03492885731447
243.0,-96.39044725812032,-384.0149194679543
243.5,-96.89004713495252,-383.99492104166274
244.0,-97.3896472269999,-383.974927948606
244.5,-97.88924770899116,-383.95494447570917
245.0,-98.38884850709931,-383.93496868155466
245.5,-98.88844950027513,-383.9149976359164
246.0,-99.38805086793546,-383.8950358384988
246.5,-99.88765237988842,-383.87507780073526
247.0,-100.38725405140768,-383.85512392059326
247.5,-100.88685584133695,-383.8351740367776
248.0,-101.38645766847489,-383.8152259199405
248.5,-101.88605954760327,-383.7952807625994
249.0,-102.38566131630304,-383.77533512271964
249.5,-102.88526300654098,-383.755388948268
250.0,-103.38486445281731,-383.7354402951271
250.5,-103.88446566311337,-383.71548764462295
251.0,-104.384066663952,-383.69553144603674
251.5,-104.8836671560053,-383.67556554344054
252.0,-105.38326741489566,-383.6555942844816
252.5,-105.88286730021872,-383.6356142064735
253.0,-106.38246688411648,-383.6156260237474
253.5,-106.8820663338736,-383.5956337917799
254.0,-107.38166559378588,-383.5756342549282
254.5,-107.8812647580921,-383.555630235917
255.0,-108.3808638520182,-383.5356229173779
255.5,-108.88046269214456,-383.5156045724864
256.0,-109.38006142586207,-383.4955818625634
256.5,-109.87966000091505,-383.47555265931385
257.0,-110.3792582208946,-383.45551283940694
257.5,-110.87885630623316,-383.4354692439972
258.0,-111.37845421642236,-383.41542137137606
258.5,-111.87805222114824,-383.3953770171614
259.0,-112.37765028763481,-383.3753350214125
259.5,-112.87724846321255,-383.3553000011761
260.0,-113.37684660156415,-383.33526639588405
260.5,-113.87644468980899,-383.3152346951218
261.0,-114.37604262109387,-383.2952029997977
261.5,-114.87564054028235,-383.2751727360047
262.0,-115.37523852242192,-383.25514706751846
262.5,-115.87483691593323,-383.2351331317986
263.0,-116.37443559523449,-383.215127106637
263.5,-116.87403542487243,-383.19514901901886
264.0,-117.3736357911173,-383.175183000238
264.5,-117.87323680966584,-383.15523165243224
265.0,-118.37283854729134,-383.1352955563347
265.5,-118.8724406697465,-383.1153672102792
266.0,-119.37204354561896,-383.0954536640689
266.5,-119.87164743246569,-383.0755618214065
267.0,-120.3712519494351,-383.0556836767974
267.5,-120.87085810911685,-383.03584325240206
268.0,-121.3704649915433,-383.0160205610886
268.5,-121.87007269706534,-382.9962180650412
269.0,-122.36968135618991,-382.97644129542425
269.5,-122.86929035940234,-382.9566744151515
270.0,-123.36889990234869,-382.93692372214633
270.5,-123.86850986991996,-382.91718654029023
271.0,-124.36812009629257,-382.8974576032145
271.5,-124.86773097791124,-382.8777496395765
272.0,-125.36734211811282,-382.8580501460453
272.5,-125.86695354385,-382.83836000547973
273.0,-126.3665654688574,-382.81868514784145
273.5,-126.86617766065079,-382.79901673748384
274.0,-127.36579036655593,-382.77935955405815
274.5,-127.86540346000403,-382.7597089976142
275.0,-128.36501676479747,-382.7400619924318
275.5,-128.86463038205895,-382.7204195602606
276.0,-129.36424414517384,-382.7007790749231
276.5,-129.86385806983066,-382.6811407458281
277.0,-130.36347217653125,-382.6615033206221
277.5,-130.86308627679853,-382.6418645742092
278.0,-131.36270028905938,-382.6222219362802
278.5,-131.8623141362592,-382.60257520508605
279.0,-132.36192787860202,-382.58292599830645
279.5,-132.86154129684962,-382.56327047275073
280.0,-133.36115457678878,-382.54361290592595
280.5,-133.86076769764253,-382.52395299118916
281.0,-134.36038066971273,-382.50429178373844
281.5,-134.859993639057,-382.48463104590195
282.0,-135.35960666873754,-382.4649722449757
282.5,-135.85921990107727,-382.44531731763595
283.0,-136.35883326786234,-382.4256649896802
283.5,-136.8584471497391,-382.40602305629113
284.0,-137.35806128728655,-382.3863866506251
284.5,-137.85767574134613,-382.36675708810355
285.0,-138.3572907245909,-382.34713961328663
285.5,-138.85690593571874,-382.327527652836
286.0,-139.3565215608919,-382.30792614434193
286.5,-139.85613754836797,-382.2883346984154
287.0,-140.35575376009024,-382.2687494908193
287.5,-140.85537045968482,-382.24917821184874
288.0,-141.35498725583804,-382.22960961779637
288.5,-141.8546041852888,-382.2100447302266
289.0,-142.35422116100673,-382.1904806048394
289.5,-142.85383818123424,-382.1709174605681
290.0,-143.35345533132772,-382.1513574046911
290.5,-143.85307261929003,-382.1318005188296
291.0,-144.35268999912194,-382.1122457453237
291.5,-144.8523075279887,-382.09269390209425
292.0,-145.351925061757,-382.0731419289232
292.5,-145.85154260162201,-382.0535897142586
293.0,-146.3511601456693,-382.0340373522152
293.5,-146.85077768598708,-382.01448478621154
294.0,-147.35039520200525,-381.99493142323064
294.5,-147.8500127679535,-381.97537928600286
295.0,-148.34963037315063,-381.95582811231105
295.5,-148.84924830028268,-381.9362851643775
296.0,-149.3488663097191,-381.91674437599613
296.5,-149.8484844458216,-381.89720693327666
297.0,-150.34810266343365,-381.87767190437944
297.5,-150.84772090908154,-381.8581377112434
298.0,-151.34733914111635,-381.8386031548438
298.5,-151.8469573439714,-381.8190678120755
299.0,-152.34657551888967,-381.79953171643484
299.5,-152.84619375575647,-381.7799971831153
300.0,-153.34581203738972,-381.76046374532655
300.5,-153.84543041227775,-381.7409325770285
301.0,-154.34504868764463,-381.72139882334983
301.5,-154.84466689364476,-381.7018632682137
302.0,-155.3442847865654,-381.68231958788675
302.5,-155.8439023909688,-381.6627684874802
303.0,-156.34351964758002,-381.64320844256156
303.5,-156.8431364955162,-381.6236379324385
304.0,-157.3427531444049,-381.6040623622396
304.5,-157.84236938136584,-381.58447636893925
305.0,-158.34198516861517,-381.56487907838147
305.5,-158.84160067323373,-381.5452746877723
306.0,-159.34121546140818,-381.5256522661187
306.5,-159.84082992189087,-381.5060216426752
307.0,-160.34044386493267,-381.4863780682147
307.5,-160.8400572571897,-381.46672070823365
308.0,-161.33967041430384,-381.4470574563632
308.5,-161.83928318066097,-381.4273843898023
309.0,-162.3388957673262,-381.4077069698168
309.5,-162.8385082036146,-381.3880259066275
310.0,-163.33812050166003,-381.3683417261591
310.5,-163.83773276176495,-381.3486565228598
311.0,-164.33734496191306,-381.32896960175907
311.5,-164.83695696751954,-381.309277300215
312.0,-165.3365688660248,-381.2895820941813
312.5,-165.83618050740367,-381.26988042258245
313.0,-166.33579210901962,-381.2501782099259
313.5,-166.83540366497238,-381.2304753759265
314.0,-167.3350152378473,-381.210773775673
314.5,-167.83462677973841,-381.1910714097551
315.0,-168.33423820881598,-381.1713657735845
315.5,-168.83384941295526,-381.15165428770086
316.0,-169.33346047577896,-381.13193912678406
316.5,-169.83307099797753,-381.11221061414034
317.0,-170.3326813599044,-381.0924781519512
317.5,-170.83229146167918,-381.07273927905624
318.0,-171.33190132385806,-381.05299376010436
318.5,-171.8315110353362,-381.03324413030725
319.0,-172.33112029059444,-381.01348226760354
319.5,-172.8307291631212,-380.9937104417229
320.0,-173.33033768538792,-380.97392949795403
320.5,-173.82994575490952,-380.95413678362087
321.0,-174.32955365875074,-380.93433975638646
321.5,-174.82916126647362,-380.91453501665325
322.0,-175.3287686336183,-380.8947240846535
322.5,-175.82837587134063,-380.8749098218836
323.0,-176.32798294842888,-380.8550914344796
323.5,-176.8275899936099,-380.8352722755009
324.0,-177.32719699510065,-380.81545206001226
324.5,-177.82680402549852,-380.79563269081393
325.0,-178.32641108766492,-380.77581416811074
325.5,-178.82601826200525,-380.7559985482397
326.0,-179.32562552658743,-380.7361853790757
326.5,-179.82523286259612,-380.7163741496479
327.0,-180.3248402441425,-380.696564863108
327.5,-180.8244476230721,-380.67675584874314
328.0,-181.3240549895122,-380.65694714000296
328.5,-181.82366235888864,-380.6371384403084
329.0,-182.32326973238847,-380.61732980703096
329.5,-182.82287714409858,-380.5975220210629
330.0,-183.32248452232332,-380.577713319494
330.5,-183.8220918588467,-380.55790347767066
331.0,-184.32169895426014,-380.53808704274866
331.5,-184.82130592326791,-380.51826717306693
332.0,-185.320912591937,-380.49843917891025
332.5,-185.8205189939611,-380.47860411197354
333.0,-186.3201251979241,-380.45876379145193
333.5,-186.81973084408364,-380.43890961604336
334.0,-187.3193362188335,-380.4190489835404
334.5,-187.8189410906248,-380.3991764500937
335.0,-188.31854538816165,-380.3792906798012
335.5,-188.81814937103573,-380.35939765612164
336.0,-189.31775250445497,-380.3394850488773
336.5,-189.81735531386224,-380.31956454082643
337.0,-190.31695772437214,-380.29963430594273
337.5,-190.8165596699227,-380.27969186143855
338.0,-191.31616142110306,-380.25974410413284
338.5,-191.81576278695897,-380.23978537071497
339.0,-192.31536398845435,-380.2198216182443
339.5,-192.81496506545867,-380.19985406420784
340.0,-193.31456608944853,-380.1798839294783
340.5,-193.8141671257649,-380.15991412571015
341.0,-194.3137681960486,-380.1399453892597
341.5,-194.81336927354945,-380.11997850951855
342.0,-195.31297035007603,-380.10001250788343
342.5,-195.8125713586029,-380.08004701699605
343.0,-196.3121722939289,-380.0600806944897
343.5,-196.81177313250612,-380.0401132728422
344.0,-197.31137375398725,-380.0201413095654
344.5,-197.8109743232113,-380.0001679860827
345.0,-198.31057489861152,-379.9801935176771
345.5,-198.81017550725892,-379.9602185290247
346.0,-199.30977614377016,-379.9402431043627
346.5,-199.8093765677779,-379.92026007509327
347.0,-200.30897682562863,-379.90027211975
347.5,-200.80857671600447,-379.8802735759824
348.0,-201.30817621869878,-379.8602655530976
348.5,-201.80777549899383,-379.8402521446255
349.0,-202.30737405914317,-379.8202232315811
349.5,-202.8069722998755,-379.80018749947965
350.0,-203.30657004828203,-379.78014125698735
350.5,-203.80616702965574,-379.7600785035579
351.0,-204.30576365323608,-379.7400077389615
351.5,-204.80535948918757,-379.7199179687962
352.0,-205.3049549441315,-379.6998180913782
352.5,-205.80455001711277,-379.6797080813692
353.0,-206.30414459279214,-379.659583012498
353.5,-206.80373892976587,-379.63945097588163
354.0,-207.30333273731054,-379.61930375557256
354.5,-207.80292606709264,-379.59914325620946
355.0,-208.30251908149194,-379.5789739910168
355.5,-208.80211139891912,-379.55878726648837
356.0,-209.30170334924938,-379.53859255835386
356.5,-209.80129461808497,-379.5183831725378
357.0,-210.30088511991437,-379.49815757941053
357.5,-210.80047522813075,-379.4779237233698
358.0,-211.30006440258379,-379.4576708721097
358.5,-211.79965321448253,-379.4374111535606
359.0,-212.29924155490468,-379.4171425045793
359.5,-212.7988292387988,-379.39686017571796
360.0,-213.2984166513706,-379.3765723670038
360.5,-213.79800352229708,-379.35627414699195
361.0,-214.29759001795293,-379.33596987941
361.5,-214.7971761816163,-379.31566026169634
362.0,-215.29676187904846,-379.29534474107373
362.5,-215.7963473728524,-379.2750269844531
363.0,-216.29593244163704,-379.2547048218954
363.5,-216.79551713424328,-379.2343815033388
364.0,-217.2951015999949,-379.2140574876561
364.5,-217.79468548892552,-379.19373347853553
365.0,-218.2942692247856,-379.1734101853845
365.5,-218.7938526911136,-379.15308821537184
366.0,-219.2934358477858,-379.1327679751597
366.5,-219.79301885525797,-379.1124483298667
367.0,-220.2926015597983,-379.0921275242786
367.5,-220.79218430495953,-379.0718048969879
368.0,-221.29176710186562,-379.05147994912426
368.5,-221.7913502722499,-379.0311553442301
369.0,-222.29093366082174,-379.01083092329327
369.5,-222.79051769119414,-378.9905070081868
370.0,-223.2901020301539,-378.9701812078779
370.5,-223.78968664728012,-378.94985370821195
371.0,-224.28927145210648,-378.9295202967204
371.5,-224.7888563053014,-378.9091847103069
372.0,-225.28844123270582,-378.88884481773425
372.5,-225.78802626564848,-378.86850375754693
373.0,-226.2876113661934,-378.8481619494473
373.5,-226.78719657679198,-378.8278205173396
374.0,-227.28678173441384,-378.8074793487787
374.5,-227.786366777806,-378.78713869087744
375.0,-228.28595164455962,-378.7668005979927
375.5,-228.7855364175548,-378.7464638975696
376.0,-229.28512091455568,-378.72613179321746
376.5,-229.78470519628593,-378.7058004506879
377.0,-230.28428916745327,-378.68547020721115
377.5,-230.78387240176212,-378.6651369168021
378.0,-231.28345524432012,-378.6448013701203
378.5,-231.78303692312255,-378.62445664896245
379.0,-232.282617948598,-378.6041082240672
379.5,-232.78219828269974,-378.58375587974655
380.0,-233.28177774215413,-378.5634034535857
380.5,-233.78135682989466,-378.5430505142354
381.0,-234.2809350879697,-378.52269560907797
381.5,-234.78051276979105,-378.502335720022
382.0,-235.2800899986671,-378.4819719135366
382.5,-235.77966633264302,-378.4615968552606
383.0,-236.2792423412702,-378.44121693917094
383.5,-236.77881770336955,-378.4208268678044
384.0,-237.2783925772918,-378.40042687267305
384.5,-237.777967166468,-378.3800210891647
385.0,-238.27754121214346,-378.3595970394649
385.5,-238.77711505014332,-378.3391650588205
386.0,-239.27668850589606,-378.318718424825
386.5,-239.77626144180923,-378.2982531061655
387.0,-240.27583409956245,-378.277778142478
387.5,-240.77540583528747,-378.2572757553419
388.0,-241.27497719725264,-378.2367608428935
388.5,-241.7745480330621,-378.21622829809564
389.0,-242.27411817783695,-378.19567250997443
389.5,-242.7736879894592,-378.17510580157926
390.0,-243.27325694215315,-378.1545120815876
390.5,-243.77282518387935,-378.13390184345843
391.0,-244.27239268973622,-378.11327450864496
391.5,-244.77195873754872,-378.0926134044115
392.0,-245.27152416558707,-378.07193921334215
392.5,-245.77108824497245,-378.05123845227484
393.0,-246.27065133795392,-378.03052092580515
393.5,-246.7702137060152,-378.0097910782378
394.0,-247.26977435702975,-377.98903483934237
394.5,-247.7693343788137,-377.9682693615411
395.0,-248.26889321904196,-377.947486704789
395.5,-248.7684507668997,-377.92668805341765
396.0,-249.26800761449718,-377.9058808461888
396.5,-249.7675627850269,-377.8850555102757
397.0,-250.2671173133949,-377.8642244194338
397.5,-250.7666709176608,-377.84338504696836
398.0,-251.26622320154743,-377.8225361205333
398.5,-251.76577482916912,-377.8016823674485
399.0,-252.26532488615882,-377.78081682148917
399.5,-252.7648741229274,-377.7599437177203
400.0,-253.26442263031345,-377.73906389316096
400.5,-253.7639699727732,-377.71817348218747
401.0,-254.2635168540121,-377.69727961234963
401.5,-254.7630628839917,-377.6763798343939
402.0,-255.26260813707296,-377.65547135413726
402.5,-255.7621529702085,-377.63455811639767
403.0,-256.26169719203546,-377.61363706543284
403.5,-256.7612412090966,-377.59271128431703
404.0,-257.26078496523246,-377.57177947574974
404.5,-257.7603282603366,-377.5508351501935
405.0,-258.25987137659877,-377.5298858700897
405.5,-258.7594141986668,-377.50892825664533
406.0,-259.2589568555757,-377.48796338043167
406.5,-259.75849939825497,-377.4669937972724
407.0,-260.2580412453338,-377.44601154341456
407.5,-260.7575829114617,-377.42502408996216
408.0,-261.25712432725487,-377.4040294431781
408.5,-261.75666549665624,-377.38302404334695
409.0,-262.2562065331619,-377.36201348456615
409.5,-262.75574730525034,-377.34099348783275
410.0,-263.2552878616457,-377.31996711139595
410.5,-263.7548282746599,-377.2989361765695
411.0,-264.2543683026657,-377.27788896641346
411.5,-264.7539080526564,-377.25683446240765
412.0,-265.2534475010975,-377.23577204711427
412.5,-265.752986201472,-377.2146958988154
413.0,-266.25252461653133,-377.19361325868897
413.5,-266.75206261260837,-377.1725203494614
414.0,-267.25160018439533,-377.1514149629392
414.5,-267.7511374647641,-377.13030232348257
415.0,-268.2506740797404,-377.10917578294845
415.5,-268.75020986455974,-377.08803853624374
416.0,-269.24974506077365,-377.0668935157744
416.5,-269.7492789464514,-377.0457289121996
417.0,-270.2488122956257,-377.02455129926255
417.5,-270.7483451224176,-377.0033610193744
418.0,-271.24787723303797,-376.98214530109846
418.5,-271.7474089674443,-376.96091894611914
419.0,-272.2469401962872,-376.9396786773307
419.5,-272.7464703188287,-376.9184193888578
420.0,-273.2459998229003,-376.897149411794
420.5,-273.74552837704294,-376.8758629808721
421.0,-274.2450560019536,-376.8545591433446
421.5,-274.74458304011733,-376.8332445119328
422.0,-275.24410906660887,-376.81191156506446
422.5,-275.74363390370206,-376.7905635552632
423.0,-276.24315794535613,-376.7692059507278
423.5,-276.7426805920049,-376.7478329396727
424.0,-277.2422020924031,-376.72644394561286
424.5,-277.7417227798872,-376.70504323591473
425.0,-278.24124213581234,-376.6836213355739
425.5,-278.74076089062044,-376.66218686441385
426.0,-279.2402791760822,-376.64074204267104
426.5,-279.73979666030675,-376.61927518608815
427.0,-280.2393136717378,-376.59779186883554
427.5,-280.73883029972484,-376.5762947305544
428.0,-281.2383463930111,-376.5547728161779
428.5,-281.7378622255288,-376.5332357533748
429.0,-282.2373778174267,-376.5116854590072
429.5,-282.73689281504994,-376.4901116367218
430.0,-283.23640720840933,-376.4685216243964
430.5,-283.73592106100466,-376.4469171898258
431.0,-284.2354339066211,-376.42528666267117
431.5,-284.7349460200837,-376.40363857403077
432.0,-285.2344574450522,-376.38197508048256
432.5,-285.7339673029946,-376.3602853354526
433.0,-286.23347615542855,-376.3385797504175
433.5,-286.7329841162413,-376.31686096872954
434.0,-287.2324904061075,-376.2951219801061
434.5,-287.7319957008129,-376.273369559496
435.0,-288.2315001485262,-376.2516058599132
435.5,-288.73100313222284,-376.22982315993016
436.0,-289.23050469839603,-376.2080247537533
436.5,-289.7300051998834,-376.18621387788113
437.0,-290.2295041878864,-376.16438394098896
437.5,-290.7290022566925,-376.1425406060129
438.0,-291.2284996652197,-376.1206868158175
438.5,-291.72799620032316,-376.0988183445419
439.0,-292.22749169110074,-376.0769274322347
439.5,-292.72698647051953,-376.0550216328586
440.0,-293.2264804251406,-376.0330987533759
440.5,-293.72597345299454,-376.0111516720079
441.0,-294.22546605076496,-375.98918708867575
441.5,-294.7249582380735,-375.9672043480371
442.0,-295.22444983734783,-375.9451873583912
442.5,-295.7239410850486,-375.9231466865934
443.0,-296.22343195181645,-375.9010834815576
443.5,-296.72292203647845,-375.8789859207695
444.0,-297.2224113060128,-375.85685907891155
444.5,-297.7218999043795,-375.8347076702532
445.0,-298.2213876093473,-375.81252294703563
445.5,-298.72087411606947,-375.79030171702755
446.0,-299.2203597421811,-375.76805468241713
446.5,-299.71984443244645,-375.7457806056847
447.0,-300.21932693941494,-375.72346279118034
447.5,-300.71880802394895,-375.7011201231933
448.0,-301.21828765647035,-375.6787531190511
448.5,-301.71776505075974,-375.65635290513757
449.0,-302.2172406777773,-375.63392618892567
449.5,-302.7167147845416,-375.61147942630913
450.0,-303.2161869992098,-375.5890104628408
450.5,-303.71565635341597,-375.5665163374883
451.0,-304.2151239802781,-375.5440023213336
451.5,-304.7145899733674,-375.5214677197523
452.0,-305.2140541014251,-375.49890223131143
452.5,-305.71351737696625,-375.47631646742394
453.0,-306.2129798824063,-375.453712329683
453.5,-306.71244143306416,-375.431085330403
454.0,-307.2119019618701,-375.40842584606025
454.5,-307.7113621059038,-375.38574385749786
455.0,-308.21082198298956,-375.3630395911324
455.5,-308.71028179403805,-375.34030493789817
456.0,-309.2097415634979,-375.31754588045044
456.5,-309.7092012033383,-375.29476330952957
457.0,-310.20866059049354,-375.2719516889272
457.5,-310.7081195328992,-375.249103684988
458.0,-311.2075780392973,-375.22623115107797
458.5,-311.7070360157034,-375.2033333839062
459.0,-312.2064929675734,-375.18039857824033
459.5,-312.7059482525707,-375.1574272507575
460.0,-313.20540224929056,-375.13442777435375
460.5,-313.70485498421147,-375.1114007648199
461.0,-314.2043057473342,-375.0883303048958
461.5,-314.7037551801635,-375.0652271983569
462.0,-315.20320325983266,-375.04209284756547
462.5,-315.7026496990745,-375.01892334288385
463.0,-316.20209396319035,-374.99571130937306
463.5,-316.70153667770427,-374.97247138396006
464.0,-317.20097790223707,-374.94920407486234
464.5,-317.7004174390925,-374.9259025552078
465.0,-318.199855725183,-374.90256918219194
465.5,-318.69929320984266,-374.8792131300755
466.0,-319.1987299028985,-374.8558352883324
466.5,-319.69816508479573,-374.832427772379
467.0,-320.1975986245725,-374.80899600741316
467.5,-320.69703075978725,-374.78554346499635
468.0,-321.196461494761,-374.76207015563193
468.5,-321.6958901866473,-374.73856599841343
469.0,-322.19531745686,-374.7150368486109
469.5,-322.6947433544462,-374.69148548473345
470.0,-323.1941678372095,-374.66791281934485
470.5,-323.6935902256819,-374.64431127592906
471.0,-324.1930111692252,-374.62069473961327
471.5,-324.6924307932361,-374.597064266573
472.0,-325.191849191033,-374.5734205847409
472.5,-325.6912663711737,-374.54976045629627
473.0,-326.1906829447322,-374.5260871586963
473.5,-326.6900987905729,-374.5024001521785
474.0,-327.18951378637047,-374.47869891152396
474.5,-327.6889274489027,-374.45497974666165
475.0,-328.1883406461397,-374.43125102706034
475.5,-328.68775359475086,-374.40751547180224
476.0,-329.187166501085,-374.38377548828834
476.5,-329.6865797023514,-374.3600291648827
477.0,-330.18599320101515,-374.3362773269894
477.5,-330.6854069019368,-374.312518664292
478.0,-331.18482071652073,-374.28875187508265
478.5,-331.6842343880417,-374.26497259912827
479.0,-332.18364843534374,-374.2411860356884
479.5,-332.683063001045,-374.2173927359876
480.0,-333.1824781116903,-374.1935918359181
480.5,-333.6818935754997,-374.16977800867426
481.0,-334.18130913839667,-374.14595177927345
481.5,-334.68072467051513,-374.122116983748
482.0,-335.180140089013,-374.09827334160735
482.5,-335.6795552754553,-374.07441824000654
483.0,-336.1789696994134,-374.05054239123785
483.5,-336.6783832829044,-374.0266478006024
484.0,-337.17779601136664,-374.002736121272
484.5,-337.67720789013333,-373.9788095298825
485.0,-338.17661843311794,-373.9548632341534
485.5,-338.6760279744286,-373.93090091248223
486.0,-339.175436416132,-373.906923961501
486.5,-339.6748437083168,-373.8829325600615
487.0,-340.1742498023319,-373.8589245432297
487.5,-340.6736548818199,-373.83490238915937
488.0,-341.1730593173901,-373.81087095418445
488.5,-341.6724633267495,-373.78683067731737
489.0,-342.17186714402004,-373.7627819516255
489.5,-342.6712709471576,-373.738726162986
490.0,-343.1706746451634,-373.7146639869968
490.5,-343.670077713626,-373.6905973290984
491.0,-344.169479661922,-373.66652868825224
491.5,-344.66887989537554,-373.64246197242085
492.0,-345.16827830298257,-373.61840363107615
492.5,-345.66767603116904,-373.5943458464405
493.0,-346.1670731452301,-373.57028644200494
493.5,-346.6664695697463,-373.5462254786309
494.0,-347.1658648977002,-373.52216729048934
494.5,-347.66525815549085,-373.4981172665552
495.0,-348.1646504327613,-373.47407617791504
495.5,-348.66404254357155,-373.4500456584803
496.0,-349.16343528793533,-373.4260267832273
496.5,-349.6628295787005,-373.40202082758196
497.0,-350.16222661675425,-373.378029618572
497.5,-350.66162632848807,-373.35404880363274
498.0,-351.16102878406554,-373.330076658454
498.5,-351.6604339146465,-373.30611193638356
499.0,-352.15984165885664,-373.2821551245719
499.5,-352.65925210298224,-373.2582087098279
500.0,-353.158664433051,-373.23427023709576
500.5,-353.6580783482696,-373.210340104191
501.0,-354.1574935402339,-373.18641859272765
501.5,-354.65690971142175,-373.1625057609577
502.0,-355.1563265201512,-373.1386052379523
502.5,-355.6557433316106,-373.11471517595834
503.0,-356.15515983541826,-373.090836989256
503.5,-356.65457554979963,-373.06697061040836
504.0,-357.1539899121963,-373.04311544260906
504.5,-357.65340231542854,-373.0192777900255
505.0,-358.15281246842085,-372.99546162648704
505.5,-358.6522201967871,-372.9716604079894
506.0,-359.15162547245063,-372.9478735730905
506.5,-359.6510282219738,-372.92410172163176
507.0,-360.1504281345075,-372.90034565743036
507.5,-360.64982537974265,-372.8766111724213
508.0,-361.14922183079824,-372.85289187584453
508.5,-361.64861886271046,-372.8291864540932
509.0,-362.14801742895816,-372.80549426598554
509.5,-362.6474178840061,-372.78181579621736
510.0,-363.14681970730163,-372.7581540502509
510.5,-363.6462223116883,-372.73450748724196
511.0,-364.1456261562856,-372.71086879234724
511.5,-364.6450320329195,-372.6872378617232
512.0,-365.14444068945863,-372.66361563018904
512.5,-365.64385249097074,-372.64000339604746
513.0,-366.1432670174471,-372.6164021378707
513.5,-366.6426830017303,-372.59281651278616
514.0,-367.14210005381653,-372.56924308921396
514.5,-367.6415179444211,-372.5456838873082
515.0,-368.14093653710466,-372.5221414857741
515.5,-368.6403558632089,-372.4986180414146
516.0,-369.13977613301427,-372.47511465082084
516.5,-369.63919757044636,-372.45163518141646
517.0,-370.1386207467638,-372.4281790905082
517.5,-370.63804591377215,-372.4047461515614
518.0,-371.1374732517646,-372.38133743758283
518.5,-371.6369029069847,-372.35795520274803
519.0,-372.136334984992,-372.3346020269504
519.5,-372.63576949321214,-372.31127874292815
520.0,-373.13520712857763,-372.28799001198706
520.5,-373.6346474975697,-372.2647317943789
521.0,-374.134090469939,-372.24150528664785
521.5,-374.6335359346124,-372.21831190693837
522.0,-375.1329837279303,-372.19515395924765
522.5,-375.6324336209125,-372.1720338782177
523.0,-376.1318853392702,-372.1489523131636
523.5,-376.6313392982322,-372.12591570748936
524.0,-377.13079523922306,-372.10292387524584
524.5,-377.6302528331043,-372.07997772531843
525.0,-378.12971181729637,-372.0570803999698
525.5,-378.62917193899375,-372.0342348448857
526.0,-379.1286330027066,-372.0114426500922
526.5,-379.628094927337,-371.98870352972216
527.0,-380.1275578221316,-371.9660168080029
527.5,-380.627021722648,-371.94339063627797
528.0,-381.12648637523495,-371.9208178301231
528.5,-381.62595154650955,-371.89829746744226
529.0,-382.125417480665,-371.8758267894759
529.5,-382.6248846730315,-371.8534029111327
530.0,-383.12435343951535,-371.8310231140535
530.5,-383.6238237937438,-371.8086846335203
531.0,-384.12329591937987,-371.78638473109316
531.5,-384.6227703705493,-371.76412344779845
532.0,-385.1222472149066,-371.7418987099696
532.5,-385.6217267173539,-371.71970748215153
533.0,-386.1212088565983,-371.6975499105643
533.5,-386.62069363931045,-371.6754256744919
534.0,-387.1201813107788,-371.6533350090193
534.5,-387.619672149407,-371.63127924339375
535.0,-388.11916619797717,-371.60926116654116
535.5,-388.61866330943565,-371.58728503365217
536.0,-389.1181632596757,-371.56535213449524
536.5,-389.6176663559925,-371.5434759554811
537.0,-390.1171724003647,-371.5216588679024
537.5,-390.6166813481555,-371.49990526271256
538.0,-391.11619297997703,-371.478220349146
538.5,-391.61570727942416,-371.4566094712984
539.0,-392.11522420328305,-371.4350757194764
539.5,-392.6147436760532,-371.41362181580973
540.0,-393.1142657708013,-371.3922518302729
540.5,-393.6137906977982,-371.3709689775059
541.0,-394.1133186403283,-371.34977587265837
541.5,-394.61284965607183,-371.32867465401546
542.0,-395.1123841088666,-371.3076652393895
542.5,-395.61192165554075,-371.2867411627643
543.0,-396.11146282392986,-371.26589620919003
543.5,-396.6110076151318,-371.24512563591827
544.0,-397.1105561853491,-371.22442734814547
544.5,-397.61010860376206,-371.20379941990547
545.0,-398.10966469928934,-371.1832416952488
545.5,-398.60922442438425,-371.1627552879883
546.0,-399.1087878707347,-371.1423405132477
546.5,-399.60835478785907,-371.12199850163466
547.0,-400.10792481850353,-371.10173346278486
547.5,-400.6074979488691,-371.08154781913277
548.0,-401.10707432088094,-371.0614411654397
548.5,-401.6066538085246,-371.04141664277563
549.0,-402.10623625107615,-371.02146991527667
549.5,-402.60582109260537,-371.00159607252857
550.0,-403.10540823950726,-370.9817974806235
550.5,-403.60499769513746,-370.9620753194616
551.0,-404.1045893198052,-370.9424258396118
551.5,-404.60418309154056,-370.92284032201036
552.0,-405.10377886673166,-370.9033184432124
552.5,-405.60337669113625,-370.8838617080996
553.0,-406.1029768857664,-370.86446645758537
553.5,-406.60257948528243,-370.84512761638126
554.0,-407.1021843909628,-370.8258433467278
554.5,-407.60179178676475,-370.8066152209846
555.0,-408.10140172449115,-370.7874446274463
555.5,-408.60101418502495,-370.7683285900292
556.0,-409.10062927916226,-370.7492629020686
556.5,-409.60024700333713,-370.73024843036785
557.0,-410.0998671135268,-370.71128539473835
557.5,-410.5994896129228,-370.692371877701
558.0,-411.09911390076604,-370.67350752123514
558.5,-411.5987399574954,-370.6546918518737
559.0,-412.0983675318792,-370.63592497698204
559.5,-412.59799644781054,-370.61720205465446
560.0,-413.0976267450403,-370.5985225899973
560.5,-413.59725826488693,-370.5798867058251
561.0,-414.0968905394278,-370.5612920972914
561.5,-414.59652365947824,-370.5427357938946
562.0,-415.0961575607014,-370.5242175002454
562.5,-415.5957924163676,-370.5057401994485
563.0,-416.0954285152817,-370.4873009405494
563.5,-416.59506611824366,-370.46889525042405
564.0,-417.0947051337008,-370.45051804643515
564.5,-417.5943452554683,-370.43216972494304
565.0,-418.0939866827104,-370.41385174635053
565.5,-418.5936291644104,-370.3955654338153
566.0,-419.09327245756293,-370.37730417678205
566.5,-419.59291693985307,-370.35906116456323
567.0,-420.0925629089218,-370.3408345913045
567.5,-420.59221011053467,-370.32262233404595
568.0,-421.0918583615541,-370.30442351466405
568.5,-421.5915074264169,-370.2862333855187
569.0,-422.0911568629637,-370.2680504305034
569.5,-422.59080653983114,-370.2498776811325
570.0,-423.0904568614676,-370.23172341200325
570.5,-423.5901082280981,-370.2135969114702
571.0,-424.08976115987167,-370.1955086137886
571.5,-424.5894161191407,-370.1774675366319
572.0,-425.0890730996797,-370.159478755767
572.5,-425.5887318838432,-370.1415487323568
573.0,-426.0883921238056,-370.12368486139303
573.5,-426.58805428745217,-370.1058962777516
574.0,-427.08771905337585,-370.0881953034364
574.5,-427.58738657925835,-370.07060062361666
575.0,-428.08705741698986,-370.05312251948436
575.5,-428.5867317038706,-370.0357695374377
576.0,-429.0864093168656,-370.01854100207123
576.5,-429.5860905530905,-370.00142792628094
577.0,-430.0857755397453,-369.9844257009679
577.5,-430.5854640307612,-369.96753433077794
578.0,-431.08515593375927,-369.95075083868954
578.5,-431.5848510664079,-369.9340751159725
579.0,-432.0845493038195,-369.91750106163715
579.5,-432.5842508793548,-369.90101717099134
580.0,-433.0839556419829,-369.8846136255658
580.5,-433.5836630556141,-369.868281542263
581.0,-434.08337263266696,-369.8520178353166
581.5,-434.5830841153802,-369.8358188002352
582.0,-435.0827973608297,-369.8196785765758
582.5,-435.5825122116546,-369.8035925771284
583.0,-436.08222861080054,-369.7875591780955
583.5,-436.5819464484485,-369.77157399729634
584.0,-437.0816654915542,-369.75562771916077
584.5,-437.58138622549814,-369.7397125998646
585.0,-438.0811089149404,-369.7238283945861
585.5,-438.580833446706,-369.70797342741486
586.0,-439.08055974399105,-369.69214593521565
586.5,-439.58028777601595,-369.67634236453813
587.0,-440.0800176456827,-369.6605518483908
587.5,-440.57974910793735,-369.644759087226
588.0,-441.07948173352213,-369.6289526082484
588.5,-441.57921463763194,-369.61312866110393
589.0,-442.0789469584088,-369.5972768067446
589.5,-442.5786782328883,-369.5813860404062
590.0,-443.07840832323035,-369.5654368314317
590.5,-443.5781363556267,-369.5494125758996
591.0,-444.0778606248665,-369.53329745867285
591.5,-444.57758041270097,-369.51708363575506
592.0,-445.0772947125641,-369.5007726053319
592.5,-445.57700370814825,-369.4843610204492
593.0,-446.0767077447201,-369.46784128833
593.5,-446.5764072882978,-369.4512160436259
594.0,-447.0761028533759,-369.434481900106
594.5,-447.5757948821796,-369.41763475142164
595.0,-448.07548397695564,-369.4006794100063
595.5,-448.5751708028816,-369.38361756567673
596.0,-449.07485569023424,-369.3664481314843
596.5,-449.5745387541496,-369.349172701825
597.0,-450.0742201863614,-369.33179072879625
597.5,-450.5738996388949,-369.3143019795573
598.0,-451.07357676635183,-369.29670329656534
598.5,-451.57325121700734,-369.2789921558015
599.0,-452.0729226226157,-369.2611736131385
599.5,-452.572590541346,-369.24324733343394
600.0,-453.0722546964816,-369.2252121353586
600.5,-453.57191457816094,-369.2070706550392
601.0,-454.0715701257311,-369.1888314076942
601.5,-454.5712209599078,-369.17049259632034
602.0,-455.07086653472555,-369.15205667121745
602.5,-455.57050688216265,-369.1335408311874
603.0,-456.07014192970746,-369.1149505690148
603.5,-456.56977181704127,-369.0962975336462
604.0,-457.069397141962,-369.07759029061316
604.5,-457.5690189885052,-369.0588264876025
605.0,-458.06863790973154,-369.0400079015754
605.5,-458.5682538324612,-369.02113944159055
606.0,-459.0678665448652,-369.0022104819399
606.5,-459.5674763373385,-368.9832169557469
607.0,-460.0670839816281,-368.9641607306697
607.5,-460.56669027593347,-368.94503661022634
608.0,-461.06629524512704,-368.92583450847496
608.5,-461.5658986914609,-368.9065560960266
609.0,-462.0654999744166,-368.8871924211813
609.5,-462.56509846797667,-368.86773254983393
610.0,-463.06469345778663,-368.8481670067456
610.5,-463.56428456749063,-368.82847736080333
611.0,-464.0638714088938,-368.8086646124991
611.5,-464.5634534347279,-368.7887214768817
612.0,-465.063030206933,-368.76863947182414
612.5,-465.5625998936976,-368.74839442528673
613.0,-466.0621603993823,-368.72796714838046
613.5,-466.5617121641833,-368.70737603114804
614.0,-467.0612553193326,-368.68662068292446
614.5,-467.5607902636197,-368.66570719327126
615.0,-468.0603188861629,-368.64463733563673
615.5,-468.5598430818173,-368.623427238232
616.0,-469.0593628421582,-368.60207843771104
616.5,-469.5588777070159,-368.5805929921134
617.0,-470.05838750440773,-368.55896886325445
617.5,-470.5578915406007,-368.537203359079
618.0,-471.05739151337303,-368.5153265370787
618.5,-471.5568888193475,-368.4933562048851
619.0,-472.05638353702585,-368.4712905867297
619.5,-472.5558748869403,-368.44912008177704
620.0,-473.05536265790977,-368.4268559918907
620.5,-473.554846078248,-368.4044970867617
621.0,-474.05432440324245,-368.3820411344458
621.5,-474.55379762478293,-368.3594986227791
622.0,-475.05326660850807,-368.33689560896556
622.5,-475.5527321403206,-368.31424756300754
623.0,-476.05219450392923,-368.2915640290294
623.5,-476.5516545715338,-368.26885855832893
624.0,-477.0511133521153,-368.2461404521928
624.5,-477.55057112021683,-368.22341177040624
625.0,-478.0500278100348,-368.2006708309315
625.5,-478.5494842002338,-368.1779209447344
626.0,-479.0489410855974,-368.15516223089145
626.5,-479.5483989555519,-368.1323932725206
627.0,-480.0478581762727,-368.1096156315281
627.5,-480.5473184428414,-368.0868282255708
628.0,-481.0467797236877,-368.06403233186023
628.5,-481.5462418173672,-368.04122397646853
629.0,-482.04570408909944,-368.01840371674126
629.5,-482.545166351552,-367.99557177712165
630.0,-483.04462923087993,-367.9727274695745
630.5,-483.5440924996725,-367.9498694370854
631.0,-484.0435556656882,-367.9269916456971
631.5,-484.5430183649065,-367.904085244191
632.0,-485.0424800988436,-367.88115350209824
632.5,-485.54194046599457,-367.8581956343474
633.0,-486.0413994268981,-367.83520574574726
633.5,-486.54085727094775,-367.81218732312954
634.0,-487.04031346587107,-367.7891390043714
634.5,-487.5397679393508,-367.76606084612905
635.0,-488.0392201518048,-367.7429546693346
635.5,-488.53866939927593,-367.7198164189293
636.0,-489.0381148334717,-367.6966453761993
636.5,-489.5375573777116,-367.6734455455414
637.0,-490.0369966126498,-367.65021499344255
637.5,-490.53643364142954,-367.62695820650606
638.0,-491.03586819355354,-367.6036730449666
638.5,-491.53529953060314,-367.5803546639017
639.0,-492.0347274500292,-367.5570113746294
639.5,-492.5341524139033,-367.5336474932932
640.0,-493.03357387874195,-367.51025868668006
640.5,-493.53299274512074,-367.486848183029
641.0,-494.0324090463924,-367.46341703197174
641.5,-494.53182386028516,-367.43997290867446
642.0,-495.0312384216266,-367.41651601171753
642.5,-495.53065430555773,-367.39304329386397
643.0,-496.0300723601798,-367.3695605067622
643.5,-496.52949261212433,-367.34606951767483
644.0,-497.0289150560252,-367.32257118467436
644.5,-497.5283386563347,-367.2990630719243
645.0,-498.027763495918,-367.27554139919624
645.5,-498.527188555497,-367.2520129728671
646.0,-499.02661414712054,-367.2284811175672
646.5,-499.52603957787176,-367.2049422913319
647.0,-500.02546505102225,-367.1814004761968
647.5,-500.52489051107517,-367.15785895994406
648.0,-501.0243163801026,-367.13432794218886
648.5,-501.5237415268588,-367.11081231700274
649.0,-502.0231661640109,-367.0873186800458
649.5,-502.5225910646332,-367.06385412593835
650.0,-503.0220176457069,-367.0404409957303
650.5,-503.5214467525676,-367.0170903760584
651.0,-504.02087968189824,-366.99382383991366
651.5,-504.52031792336373,-366.97065844757407
652.0,-505.0197622039743,-366.94759656170527
652.5,-505.51921505401583,-366.9246662332224
653.0,-506.0186760764538,-366.9018615161478
653.5,-506.5181464107547,-366.8792129337921
654.0,-507.0176249149601,-366.85671048831233
654.5,-507.51711175883776,-366.8343721268252
655.0,-508.0166064738352,-366.81220670865355
655.5,-508.51610832063443,-366.7902114619044
656.0,-509.0156176464071,-366.7684071600027
656.5,-509.5151324926742,-366.74675897093596
657.0,-510.01465386930676,-366.72529957394494
657.5,-510.51418020024056,-366.7039943037253
658.0,-511.01371251663943,-366.6828667999645
658.5,-511.51324985571415,-366.6618846031293
659.0,-512.0127926088909,-366.6410492014716
659.5,-512.5123401914985,-366.6203379214298
660.0,-513.0118927023155,-366.59973666305206
660.5,-513.5114497164788,-366.5792333498305
661.0,-514.011009836372,-366.55880242484153
661.5,-514.5105723403353,-366.5384284137754
662.0,-515.0101363556637,-366.51808677124257
662.5,-515.5097016209132,-366.49776065606756
663.0,-516.0092683670357,-366.47743906233285
663.5,-516.508836522501,-366.4571136578151
664.0,-517.008404421194,-366.4367712591986
664.5,-517.5079710121337,-366.416397283438
665.0,-518.0075362149731,-366.39598728975074
665.5,-518.507098715864,-366.3755233265715
666.0,-519.0066587708442,-366.3550058281677
666.5,-519.5062153473492,-366.3344110408379
667.0,-520.0057692926582,-366.31375785380055
667.5,-520.5053200855257,-366.2930288958304
668.0,-521.0048676859439,-366.27222710977594
668.5,-521.5044120933386,-366.25134192657003
669.0,-522.0039537741351,-366.2303872980472
669.5,-522.5034921656229,-366.20935138707574
670.0,-523.0030280939201,-366.1882433878475
670.5,-523.5025612620187,-366.16705468657455
671.0,-524.0020903901527,-366.1457840132233
671.5,-524.5016149571428,-366.12443353699297
672.0,-525.0011346890827,-366.1030015248851
672.5,-525.5006502521445,-366.08150362993575
673.0,-526.000161707773,-366.059930322806
673.5,-526.4996701424903,-366.03829821957623
674.0,-526.9991765817443,-366.016610245323
674.5,-527.4986807901948,-365.9948729974857
675.0,-527.9981838244802,-365.97309152025286
675.5,-528.4976851891498,-365.9512597665632
676.0,-528.9971839768199,-365.92938441894046
676.5,-529.4966824986528,-365.9074751956692
677.0,-529.9961810506641,-365.8855282459323
677.5,-530.4956779275975,-365.86353533745654
678.0,-530.9951738046612,-365.8415022281416
678.5,-531.49466917272,-365.81943744172355
679.0,-531.994162028585,-365.79733674759535
679.5,-532.4936527254989,-365.77518707963026
680.0,-532.9931421079727,-365.75298385857724
680.5,-533.4926297491975,-365.73075751464074
681.0,-533.9921168593113,-365.70854709266376
681.5,-534.491604365734,-365.6863541172433
682.0,-534.9910914654382,-365.66416541204296
682.5,-535.4905774931,-365.6419647240897
683.0,-535.990063184266,-365.61975962830206
683.5,-536.489549093869,-365.597566526792
684.0,-536.9890355219795,-365.57539267189946
684.5,-537.4885229838447,-365.55323429426954
685.0,-537.9880119262525,-365.531082475898
685.5,-538.4875027945823,-365.50892839823655
686.0,-538.9869950869355,-365.4867632456215
686.5,-539.4864870999105,-365.46458204651753
687.0,-539.9859775405511,-365.442379856149
687.5,-540.4854651450715,-365.42014738048283
688.0,-540.9849489852062,-365.3978727994792
688.5,-541.4844297686561,-365.3755496545173
689.0,-541.9839080581576,-365.3531788486851
689.5,-542.4833839652752,-365.3307542197281
690.0,-542.9828575844925,-365.30827778162796
690.5,-543.4823286943199,-365.2857486535798
691.0,-543.9817954721203,-365.2631569194012
691.5,-544.4812593126118,-365.24051453834716
692.0,-544.9807213241658,-365.21783071807187
692.5,-545.48018152979,-365.19509568834115
693.0,-545.9796407451463,-365.1723200149785
693.5,-546.4790993237655,-365.14950092626384
694.0,-546.9785549964779,-365.12663574764923
694.5,-547.4780071323315,-365.10371974207516
695.0,-547.977455947506,-365.08073225946697
695.5,-548.4769014827777,-365.0576618696996
696.0,-548.9763412853079,-365.0344753550488
696.5,-549.4757754509005,-365.01115953529893
697.0,-549.9752024282731,-364.98768394366743
697.5,-550.4746199913192,-364.96401716031255
698.0,-550.9740287137921,-364.9401541068517
698.5,-551.4734292711785,-364.9160792774636
699.0,-551.9728191191649,-364.89178570670083
699.5,-552.4721947181685,-364.8672390539264
700.0,-552.9715576854899,-364.84246330202376
700.5,-553.470908657576,-364.81746868920584
701.0,-553.9702463325468,-364.792219881621
701.5,-554.4695721224651,-364.7667219004364
702.0,-554.9688866210265,-364.7409804242272
702.5,-555.4681875470807,-364.7149662000993
703.0,-555.9674764694049,-364.68870158921004
703.5,-556.4667543893486,-364.6621816466166
704.0,-556.966019151046,-364.63539469248724
704.5,-557.4652707729427,-364.6083523190384
705.0,-557.9645086662324,-364.5810472361766
705.5,-558.4637343410524,-364.5535043955465
706.0,-558.9629468974584,-364.52571185850724
706.5,-559.4621448690946,-364.4976604055207
707.0,-559.9613236184409,-364.4693151297057
707.5,-560.4604824982902,-364.4406662407895
708.0,-560.9596271488982,-364.4117367436796
708.5,-561.4587571040686,-364.3825086553103
709.0,-561.9578691054962,-364.35296651780504
709.5,-562.4569601307531,-364.32309716266997
710.0,-562.956025603673,-364.2928671012225
710.5,-563.4550637206329,-364.2622584239309
711.0,-563.954077320912,-364.2312408630457
711.5,-564.4530657961603,-364.1997741503712
712.0,-564.9520212859464,-364.16773993342525
712.5,-565.4509364132183,-364.13503470336667
713.0,-565.9497951115914,-364.10144018145587
713.5,-566.448590038598,-364.0668612587161
714.0,-566.9473071419219,-364.0311269743319
714.5,-567.4459280994873,-363.99404497370244
715.0,-567.9444295561852,-363.95538040229354
715.5,-568.4427814154633,-363.91483218417335
716.0,-568.940967614383,-363.8723017422433
716.5,-569.438960730394,-363.82756551526273
717.0,-569.9367419490824,-363.78052428847667
717.5,-570.4342760272806,-363.7309345110591
718.0,-570.9315063730584,-363.67839155856115
718.5,-571.4283888717947,-363.62266106476557
719.0,-571.9248338195193,-363.5631581614716
719.5,-572.4207664497119,-363.4995273976633
720.0,-572.9161391111405,-363.4316734894906
720.5,-573.4108612912299,-363.35923002529614
721.0,-573.9048937004183,-363.28222666144285
721.5,-574.3981462987987,-363.2003808352571
722.0,-574.8904114443633,-363.1128010222752
722.5,-575.3815431817542,-363.01907893696824
723.0,-575.8713768100049,-362.91879019309357
723.5,-576.3597638143037,-362.81168352836323
724.0,-576.8466336301311,-362.6978900700335
724.5,-577.3317720121858,-362.57694079770226
725.0,-577.8148232928639,-362.44792541256913
725.5,-578.2954684444371,-362.3102224296978
726.0,-578.7734105443898,-362.1634036535576
726.5,-579.2484196967883,-362.00735635939634
727.0,-579.7205264772088,-361.8427489355134
727.5,-580.1896089502244,-361.6697305443101
728.0,-580.6551655254788,-361.48746163572173
728.5,-581.1166403732756,-361.2951064898205
729.0,-581.5734341431561,-361.09187853380024
729.5,-582.0251635267329,-360.8776106775342
730.0,-582.4715993748845,-360.65251412449777
730.5,-582.9129006611004,-360.41752453825563
731.0,-583.348908202312,-360.1728707757631
731.5,-583.7790151772873,-359.917998502566
732.0,-584.2021860889628,-359.6517613604178
732.5,-584.6175551980234,-359.3734962729503
733.0,-585.0246742205796,-359.0832859305243
733.5,-585.4231568654889,-358.78131703465846
734.0,-585.8131826905758,-358.4684931289196
734.5,-586.194830527761,-358.1455023115271
735.0,-586.5676202747144,-357.8123251311513
735.5,-586.9315976254321,-357.46954175730656
736.0,-587.2864057365126,-357.117282873626
736.5,-587.6319446158744,-356.75593671492993
737.0,-587.967701242921,-356.3854947064391
737.5,-588.2925215196093,-356.0054327376501
738.0,-588.6049038289137,-355.6150759519194
738.5,-588.9045244636623,-355.21482686593674
739.0,-589.1922539353761,-354.80593868675527
739.5,-589.469563487605,-354.3899189254952
740.0,-589.7369745575401,-353.96749700039965
740.5,-589.9932640707312,-353.53827193725834
741.0,-590.2361722081696,-353.10134482294825
741.5,-590.4637462674677,-352.6562278431992
742.0,-590.6754454543448,-352.2033299151155
742.5,-590.8712567959095,-351.7433289263317
743.0,-591.0513813479004,-351.2769559830672
743.5,-591.2160805168139,-350.804914044527
744.0,-591.3651587415345,-350.3277081617252
744.5,-591.498484618775,-349.8458665401838
745.0,-591.6161602336501,-349.3599759732557
745.5,-591.717697223817,-348.8704708446308
746.0,-591.8017498292389,-348.3776612927994
746.5,-591.8668716619372,-347.8819830136862
747.0,-591.9130682364324,-347.38417025344165
747.5,-591.9420826610425,-346.8850525417324
748.0,-591.9554754655821,-346.3852734212914
748.5,-591.9533784386674,-345.8853322825557
749.0,-591.9355399631269,-345.385714675456
749.5,-591.9011053790229,-344.88696522561423
750.0,-591.850123154063,-344.3896288638254
750.5,-591.783764115934,-343.8941046838673
751.0,-591.7025201293077,-343.4008018094645
751.5,-591.6073402877522,-342.91000239040494
752.0,-591.4980184647446,-342.42216024271676
752.5,-591.3748436802216,-341.9376267173809
753.0,-591.2388526850765,-341.4565311314343
753.5,-591.0898690303823,-340.97929523233785
754.0,-590.9286049706517,-340.50606294156313
754.5,-590.7550707807915,-340.0371891193642
755.0,-590.5698190060738,-339.57282059953764
755.5,-590.3729088778049,-339.11327841220884
756.0,-590.1648747075284,-338.65867713722093
756.5,-589.9449848828626,-338.20970283993336
757.0,-589.7129080961485,-337.76689618190517
757.5,-589.4688696514654,-337.33055428032833
758.0,-589.2140924149783,-336.90038876992867
758.5,-588.9491752571607,-336.4764055245956
759.0,-588.6746255216767,-336.0586270031911
759.5,-588.3899553269574,-335.6477115769547
760.0,-588.0949185100274,-335.2441827285851
760.5,-587.7915121480515,-334.8468888996703
761.0,-587.4790518189724,-334.45667019973627
761.5,-587.1578218910139,-334.0736367243172
762.0,-586.8295518779205,-333.696629209967
762.5,-586.4952648691141,-333.3249665460787
763.0,-586.1546311211113,-332.9591363248331
763.5,-585.8073563704295,-332.5996100298241
764.0,-585.4546580022612,-332.24538942309283
764.5,-585.0976007151976,-331.89555435809257
765.0,-584.7365455302364,-331.5498498320861
765.5,-584.37208427303,-331.2077560203297
766.0,-584.0047483814807,-330.86877747458533
766.5,-583.6345078684093,-330.53298025532644
767.0,-583.2615614357371,-330.20017702656645
767.5,-582.8864361450815,-329.86982455966887
768.0,-582.5095249077667,-329.5415243145297
768.5,-582.1311399923842,-329.21495853034094
769.0,-581.7513969453145,-328.8900079674159
769.5,-581.3702670695724,-328.5666856873617
770.0,-580.9878584888033,-328.24484708739607
770.5,-580.6044056731686,-327.9242269811313
771.0,-580.2201260589267,-327.6045984007941
771.5,-579.8352305509829,-327.285741560518
772.0,-579.4498211251223,-326.96753834120517
772.5,-579.0638547089374,-326.65001171687464
773.0,-578.6772711808484,-326.3332096931491
773.5,-578.2900976939594,-326.017097317306
774.0,-577.9024885967177,-325.70150815932146
774.5,-577.5145821032772,-325.38629768141163
775.0,-577.1264321975461,-325.0714084420467
775.5,-576.7380338766806,-324.7568338104555
776.0,-576.3494075153982,-324.4425342159386
776.5,-575.9605787287256,-324.1284730600858
777.0,-575.5716069602893,-323.81457669498434
777.5,-575.1825300526313,-323.5007968080365
778.0,-574.7934073154595,-323.1870752913173
778.5,-574.4042875024564,-322.8733640093029
779.0,-574.0152205244295,-322.55959855411146
779.5,-573.6262457345962,-322.2457218634748
780.0,-573.2373862738092,-321.9316960190786
780.5,-572.8486428769396,-321.6175137282433
781.0,-572.4600361388366,-321.3031610667774
781.5,-572.0715891939326,-320.98862328411354
782.0,-571.6833216006765,-320.6738770038211
782.5,-571.2952523941593,-320.35889170856206
783.0,-570.9074120905703,-320.0436179009186
783.5,-570.5198162224003,-319.72803081757644
784.0,-570.1324859576905,-319.4121094697816
784.5,-569.7454315687927,-319.09584808402195
785.0,-569.3586651218534,-318.779232847964
785.5,-568.9722260609965,-318.4622097119241
786.0,-568.5861436571113,-318.14473356852335
786.5,-568.2004497351568,-317.8267629557315
787.0,-567.815152180907,-317.50829574377497
787.5,-567.430260924685,-317.1893301581291
788.0,-567.0457969351103,-316.86984678039977
788.5,-566.6618026086013,-316.5497969329743
789.0,-566.2783421720206,-316.2290970438613
789.5,-565.8954968474294,-315.90764416816995
790.0,-565.5132911202467,-315.5854146016114
790.5,-565.1317004187056,-315.2624549576663
791.0,-564.7507343157268,-314.93876409954254
791.5,-564.3704471672598,-314.61428556308584
792.0,-563.9909594797413,-314.2888793390238
792.5,-563.6124476575848,-313.9623348313018
793.0,-563.2350264960095,-313.6345197810601
793.5,-562.8587057142513,-313.3054363507251
794.0,-562.4835242813575,-312.9750491154099
794.5,-562.1095359034863,-312.6433014196353
795.0,-561.7367574840016,-312.3101818729922
795.5,-561.3651439588323,-311.9757503871706
796.0,-560.9946435571487,-311.64007517813195
796.5,-560.6251905545201,-311.3032404267546
797.0,-560.2567200225002,-310.9653296993028
797.5,-559.8892255507167,-310.6263570435923
798.0,-559.5227130548855,-310.28632247484165
798.5,-559.1572216992779,-309.94518944470775
799.0,-558.7928254563166,-309.60288379979175
799.5,-558.4294970333989,-309.25944236290735
800.0,-558.0672159689477,-308.91489811354063
800.5,-557.7060050999593,-308.5692367474653
801.0,-557.3458749288984,-308.22245682715277
801.5,-556.986889704901,-307.874497694801
802.0,-556.6292324311592,-307.52517083078646
802.5,-556.2729588987617,-307.17442653564757
803.0,-555.9180670238516,-306.82227924691534
803.5,-555.5644921435473,-306.468806568071
804.0,-555.2122023924958,-306.11405114854176
804.5,-554.8611850572431,-305.75803587204314
805.0,-554.5114700522049,-305.4007384163793
805.5,-554.1630410612391,-305.042184216471
806.0,-553.815875269831,-304.6824052112909
806.5,-553.4699725976551,-304.3214103830397
807.0,-553.1253984530564,-303.95914307056677
807.5,-552.7821934377123,-303.5955736230554
808.0,-552.4403738502108,-303.2306966090687
808.5,-552.0998828008273,-302.8645757891938
809.0,-551.7606776035251,-302.4972609321265
809.5,-551.4227237543361,-302.1287929034687
810.0,-551.0860517258254,-301.7591511453858
810.5,-550.7506972708367,-301.38830980451445
811.0,-550.416640912224,-301.01629563927764
811.5,-550.0838608760433,-300.6431374909017
812.0,-549.7523120456456,-300.26888549170263
812.5,-549.4219920219748,-299.8935505468945
813.0,-549.0929324892095,-299.5171129767036
813.5,-548.7651927962407,-299.13952774168
814.0,-548.4388263823093,-298.7607571674348
814.5,-548.1138419427294,-298.3808027363713
815.0,-547.790287054838,-297.9996326362845
815.5,-547.4682420538775,-297.6171871265716
816.0,-547.1478495060973,-297.2333536749145
816.5,-546.8291403292304,-296.84811818371367
817.0,-546.5121080003119,-296.4614997202623
817.5,-546.1967623394538,-296.07350430343143
818.0,-545.8831684753291,-295.6840916977198
818.5,-545.5713867380584,-295.29322746118953
819.0,-545.2615491243167,-294.90081951222993
819.5,-544.953705074651,-294.506844558934
820.0,-544.6478940848356,-294.1112888730347
820.5,-544.3441905281015,-293.7141125834504
821.0,-544.0426945878809,-293.3152573842659
821.5,-543.7434925682078,-292.9146781622702
822.0,-543.4466237050005,-292.5123668563975
822.5,-543.1520537160669,-292.108372092539
823.0,-542.8598667535798,-291.7026547023163
823.5,-542.5701815152835,-291.29515131401484
824.0,-542.283175965707,-290.8857591929787
824.5,-541.9990633963281,-290.47435476528346
825.0,-541.7179603092208,-290.0608868595275
825.5,-541.4398626065614,-289.6453919786136
826.0,-541.1649141501312,-289.2278061548571
826.5,-540.8932224890327,-288.8080929038423
827.0,-540.6248389273088,-288.3862561589103
827.5,-540.3598228765865,-287.96229520742025
828.0,-540.0982436172523,-287.5362037081481
828.5,-539.8401443071981,-287.107993811468
829.0,-539.5856876793313,-286.67760691631014
829.5,-539.3350313377782,-286.2449912411668
830.0,-539.0880944704817,-285.81023916516733
830.5,-538.8447566572665,-285.3734621240327
831.0,-538.6049523489077,-284.9347363754808
831.5,-538.3687107295565,-284.4940848072751
832.0,-538.1362318258222,-284.05143939707006
832.5,-537.9077902433413,-283.6066971511081
833.0,-537.6836490042709,-283.1597703821954
833.5,-537.4639755743792,-282.7106271915767
834.0,-537.2488525341328,-282.2592826888984
834.5,-537.0383266291523,-281.805772170566
835.0,-536.8325053201974,-281.3501045553434
835.5,-536.6313867088151,-280.8923404360346
836.0,-536.4348928762053,-280.43257195331705
836.5,-536.2428611763743,-279.9709221027004
837.0,-536.0551661774704,-279.5074925161675
837.5,-535.8717946556307,-279.04233614623706
838.0,-535.6926772560943,-278.57552681792725
838.5,-535.517861522683,-278.1070928006105
839.0,-535.3473263516613,-277.63708805021986
839.5,-535.1809357012775,-277.1656045903894
840.0,-535.0185782851146,-276.69271949411257
840.5,-534.8602976644373,-276.21845516221845
841.0,-534.7061624123797,-275.74282705009335
841.5,-534.5564051369412,-275.26580214422944
842.0,-534.4113973900774,-274.7873141137268
842.5,-534.2713080507548,-274.3073670344433
843.0,-534.1361520189308,-273.82601182332144
843.5,-534.0060259721073,-273.3432775290051
844.0,-533.8811338644858,-272.8591687087642
844.5,-533.7617046395955,-272.37368946365626
845.0,-533.64797485661,-271.8868495386522
845.5,-533.5399045868305,-271.3987266547414
846.0,-533.43743400702,-270.9093971124615
846.5,-533.3406351394533,-270.4189110618831
847.0,-533.2497236299703,-269.92729568291327
847.5,-533.1650776103412,-269.43456112406284
848.0,-533.0871447712601,-268.94072125176757
848.5,-533.0162971828092,-268.44581822772244
849.0,-532.9530334608247,-267.94989525868766
849.5,-532.8972984374896,-267.45307845323686
850.0,-532.8490030445809,-266.9554879225467
850.5,-532.8078842671117,-266.45725234088223
851.0,-532.773846054433,-265.95848042183667
851.5,-532.7470877691518,-265.45926268627505
852.0,-532.7281276243668,-264.95968925042087
852.5,-532.716899497171,-264.4598856480314
853.0,-532.713341015226,-263.9599691324952
853.5,-532.7170721491119,-263.46004878108363
854.0,-532.7278286452948,-262.96022124650534
854.5,-532.7460594875732,-262.460602038008
855.0,-532.7715435466766,-261.9612958362913
855.5,-532.8044885566874,-261.46242274296964
856.0,-532.845071723048,-260.96410962407685
856.5,-532.8935082071216,-260.4664953955712
857.0,-532.9495110898396,-259.969672137483
857.5,-533.0130123099827,-259.4737471850778
858.0,-533.0839290497022,-258.9788225322362
858.5,-533.1625913317902,-258.48506631524054
859.0,-533.2489891108715,-257.9926028200849
859.5,-533.3431477529797,-257.5015631098513
860.0,-533.4454371906279,-257.0121521749782
860.5,-533.5565904387857,-256.5246799644001
861.0,-533.6764143519425,-256.0392713989217
861.5,-533.8048777855157,-255.55608040477512
862.0,-533.9419705183391,-255.0752693872057
862.5,-534.0870697682956,-254.59681571632154
863.0,-534.2396239597786,-254.12068583078818
863.5,-534.3995293066071,-253.64697539754454
864.0,-534.5665144142807,-253.1757156697533
864.5,-534.7400182487004,-252.70681727908587
865.0,-534.9195573942388,-252.24019642753657
865.5,-535.1041402767802,-251.77554732303847
866.0,-535.2923937880046,-251.31237320130947
866.5,-535.4832522289729,-250.8502679863924
867.0,-535.6759785615175,-250.38894168978325
867.5,-535.869693879666,-249.92803078454327
868.0,-536.0638500954476,-249.467303980736
868.5,-536.2581523960843,-249.00663657098738
869.0,-536.4524552407607,-248.54596808773988
869.5,-536.6466739611642,-248.08526551490922
870.0,-536.8407530110869,-247.62450761562377
870.5,-537.0346503328454,-247.16367662876658
871.0,-537.2283153019578,-246.7027524503842
871.5,-537.4217146333991,-246.24171954710326
872.0,-537.6148336857797,-245.7805705685929
872.5,-537.8076729970339,-245.3193067746476
873.0,-538.0002334421201,-244.8579292400813
873.5,-538.1925062237702,-244.396434062193
874.0,-538.3844550730738,-243.93480979821967
874.5,-538.5760585961696,-243.4730471754731
875.0,-538.7673288705339,-243.01114908993046
875.5,-538.9582893036554,-242.54912408972953
876.0,-539.1489544912354,-242.0869758880818
876.5,-539.3393403408802,-241.6247100529725
877.0,-539.5294418105427,-241.16232779641794
877.5,-539.7192727713881,-240.69983755088137
878.0,-539.9088449593893,-240.2372485688535
878.5,-540.0981808637644,-239.77457210814754
879.0,-540.2873061860072,-239.31181774196935
879.5,-540.4762399081765,-238.84899240490617
880.0,-540.66496422007,-238.38609100331053
880.5,-540.8534652199606,-237.9231069724188
881.0,-541.0417213395987,-237.46002921394526
881.5,-541.2297047044208,-236.99684316140093
882.0,-541.4173934709253,-236.53353807559958
882.5,-541.6047581345408,-236.07010313894034
883.0,-541.7917698838829,-235.60652909226064
883.5,-541.9783960147582,-235.1428042918083
884.0,-542.1646104774602,-234.6789166553467
884.5,-542.3503806594603,-234.2148535771903
885.0,-542.5356760832302,-233.7506045509878
885.5,-542.7204768879807,-233.28616351554552
886.0,-542.9047642850825,-232.82152588129742
886.5,-543.0885197009379,-232.35668717390888
887.0,-543.2717306783439,-231.89164300915152
887.5,-543.4543926151313,-231.42639315393575
888.0,-543.6365114545773,-230.9609395473124
888.5,-543.8180931083334,-230.49527903472998
889.0,-543.9991582262102,-230.02941596246066
889.5,-544.1796939945441,-229.56334586906146
890.0,-544.3596578452907,-229.09705431572215
890.5,-544.5389872015733,-228.6305238451342
891.0,-544.7176490476867,-228.16374551160592
891.5,-544.8956048934959,-227.69670353254284
892.0,-545.0728850018486,-227.22940767576156
892.5,-545.2494982384424,-226.7618593996091
893.0,-545.425418730411,-226.294050078691
893.5,-545.6006007872177,-225.8259673553738
894.0,-545.7749614323133,-225.3575836788783
894.5,-545.9485309015995,-224.88891149341583
895.0,-546.1212826793532,-224.41994685655757
895.5,-546.2932142938868,-223.9506875133397
896.0,-546.4642630512354,-223.4811116118022
896.5,-546.6344888026952,-223.01123970373692
897.0,-546.8039069779717,-222.54107625980586
897.5,-546.9725312809611,-222.07062392302683
898.0,-547.1403227627725,-221.59987346361842
898.5,-547.3073374301692,-221.12884723935292
899.0,-547.4735557531086,-220.6575384372788
899.5,-547.6389565049999,-220.18593775445527
900.0,-547.8035329601308,-219.7140436270906
900.5,-547.9673668677935,-219.24188387234838
901.0,-548.1304434421024,-218.76945613965472
901.5,-548.292632711196,-218.29672218978686
902.0,-548.4540205581155,-217.82371360853662
902.5,-548.6146051357476,-217.35043158527097
903.0,-548.7742698387458,-216.87683870300634
903.5,-548.9330655258364,-216.4029557154752
904.0,-549.0909917901712,-215.92878412557303
904.5,-549.2479076505804,-215.45428508450485
905.0,-549.4039409865554,-214.97950317664032
905.5,-549.5591155328284,-214.5044464602505
906.0,-549.7133681458049,-214.02909474378592
906.5,-549.8668453238018,-213.55349503937882
907.0,-550.0195411273432,-213.07764254664224
907.5,-550.1714357558876,-212.6015326870708
908.0,-550.3225903425928,-212.12518697959126
908.5,-550.4729004960128,-211.64857388498922
909.0,-550.6224390855771,-211.17171616806752
909.5,-550.7712143895965,-210.69461624208736
910.0,-550.9191608232328,-210.2172534989943
910.5,-551.0663729790513,-209.73965780707806
911.0,-551.2127414181198,-209.26179553072302
911.5,-551.3582883653132,-208.7836791038957
912.0,-551.5029255827128,-208.30528344563348
912.5,-551.6465478237375,-207.82658517052195
913.0,-551.7891747682816,-207.34759556792645
913.5,-551.9306517077491,-206.86827479593506
914.0,-552.0711529264471,-206.3886748994383
914.5,-552.2105218915971,-205.9087517134882
915.0,-552.3489580475677,-205.42856092885793
915.5,-552.4863390489833,-204.94807123255245
916.0,-552.6227528226171,-204.46731009332743
916.5,-552.7581602695439,-203.986267772151
917.0,-552.89261307692,-203.50496014580042
917.5,-553.0261226706191,-203.02339010195794
918.0,-553.1586921614762,-202.5415591696764
918.5,-553.2903294061327,-202.05947184797668
919.0,-553.4210322530795,-201.57712802886348
919.5,-553.5508322146844,-201.09453667569105
920.0,-553.6797041282593,-200.6116902254424
920.5,-553.8076566235138,-200.1285918367263
921.0,-553.9346269082519,-199.64522629285065
921.5,-554.060535387327,-199.16157724389683
922.0,-554.1853661335285,-198.67764481858725
922.5,-554.309041404111,-198.19341268006806
923.0,-554.4316440705496,-197.7089047449837
923.5,-554.5530481217011,-197.2240926373517
924.0,-554.6734387363613,-196.73902506159686
924.5,-554.792629130924,-196.25365726336972
925.0,-554.9108326372329,-195.76804514414346
925.5,-555.0278048474482,-195.282132162788
926.0,-555.1436639967616,-194.79595159420597
926.5,-555.2582268983205,-194.30946429524363
927.0,-555.3714300406524,-193.8226618568076
927.5,-555.4833046332868,-193.33555556436215
928.0,-555.5936772231773,-192.84810979201976
928.5,-555.702759336901,-192.36037635904376
929.0,-555.8103269250181,-191.87231024209962
929.5,-555.9166237715266,-191.3839672707585
930.0,-556.0216083228707,-190.89534276111686
930.5,-556.1252141126996,-190.40642817946974
931.0,-556.2276362035058,-189.91726738359773
931.5,-556.328687243009,-189.42782471773347
932.0,-556.4285989301527,-188.93815040292822
932.5,-556.5273621081236,-188.44824264219488
933.0,-556.6248993783367,-187.95808616097816
933.5,-556.721325151554,-187.46770808477396
934.0,-556.8163784595627,-186.97706305760545
934.5,-556.9100746637585,-186.48616064573972
935.0,-557.0024314768096,-185.99501024481114
935.5,-557.0932079031995,-185.50357202285605
936.0,-557.1826964989311,-185.0119013374132
936.5,-557.2708409826716,-184.51999253595918
937.0,-557.3575132644028,-184.02782700061272
937.5,-557.4429545872044,-183.53545040536164
938.0,-557.5271068106156,-183.04285469774175
938.5,-557.6099967967069,-182.55004563804584
939.0,-557.6918332233652,-182.0570572278364
939.5,-557.7725343480015,-181.56387701401118
940.0,-557.8520854038738,-181.07050563803114
940.5,-557.9305660773736,-180.57696040629378
941.0,-558.0078571648144,-180.083224441388
941.5,-558.0839125862327,-179.58929438497915
942.0,-558.1588282042808,-179.09518835651542
942.5,-558.2324717408281,-178.60088903498337
943.0,-558.3047125430949,-178.106382750656
943.5,-558.3756119301431,-177.61168289538463
944.0,-558.445041602692,-177.1167762045474
944.5,-558.512777281565,-176.6216386720128
945.0,-558.5789873830378,-176.126299515046
945.5,-558.643641977677,-175.6307612244079
946.0,-558.7064548795738,-175.13499584267785
946.5,-558.7677248192057,-174.6390440372031
947.0,-558.8275091775533,-174.14291529247959
947.5,-558.8857134261384,-173.64660195081217
948.0,-558.9423370652714,-173.15010794585484
948.5,-558.9975165406958,-172.65345277852933
949.0,-559.0512838287178,-172.1566409256797
949.5,-559.1033933867668,-171.65964964088263
950.0,-559.1540511308921,-171.1625061973991
950.5,-559.2032403773543,-170.66521256527008
951.0,-559.250777617949,-170.16775576894094
951.5,-559.2965032578044,-169.6701322418034
952.0,-559.3405997010389,-169.17236235889712
952.5,-559.3830672850793,-168.67445135252368
953.0,-559.4236924963831,-168.1763879489683
953.5,-559.462555611691,-167.6781848074636
954.0,-559.4997339563918,-167.17985313206026
954.5,-559.5351585446917,-166.68139620824178
955.0,-559.568599944849,-166.1828062846123
955.5,-559.6002137764741,-165.68409829199382
956.0,-559.630085222739,-165.1852841892738
956.5,-559.6582053316359,-164.6863691221551
957.0,-559.6844070062874,-164.18735062590332
957.5,-559.7087942654509,-163.68824026532982
958.0,-559.7314078220728,-163.18904847210752
958.5,-559.7522194711327,-162.68978083667386
959.0,-559.7711143759705,-162.19043894689696
959.5,-559.7881041682406,-161.69102993104968
960.0,-559.8033469054812,-161.19156489914732
960.5,-559.8168463639563,-160.6920504980436
961.0,-559.8285806080029,-160.19249248500154
961.5,-559.838323753582,-159.69289243952358
962.0,-559.8463440378788,-159.1932635536153
962.5,-559.852704636656,-158.69360983042498
963.0,-559.857456201674,-158.1939358287767
963.5,-559.8604558795003,-157.69424792182812
964.0,-559.8617249240541,-157.19455385609777
964.5,-559.8614053760178,-156.69485841259717
965.0,-559.8595525020617,-156.19516650659824
965.5,-559.8561918711172,-155.69548124793488
966.0,-559.8511910608436,-155.19580958724512
966.5,-559.8446554250283,-154.69615568024784
967.0,-559.8366493551813,-154.19652416346975
967.5,-559.8272071273044,-153.69691830309162
968.0,-559.8163852752367,-153.19733889126488
968.5,-559.8040889852455,-152.6977899414768
969.0,-559.7904154468066,-152.19827481808997
969.5,-559.7754567150332,-151.69879448343275
970.0,-559.759241350747,-151.1993507927691
970.5,-559.7417926957237,-150.69994725348812
971.0,-559.7230427233874,-150.20058836925725
971.5,-559.7030235851217,-149.7012764956103
972.0,-559.6818085924746,-149.2020124568727
972.5,-559.6593796150406,-148.70280018488182
973.0,-559.635703429776,-148.2036449737407
973.5,-559.6107544090565,-147.70455176990706
974.0,-559.5843697953424,-147.2055344592245
974.5,-559.5566885963281,-146.70659113548155
975.0,-559.5277069989601,-146.2077249639397
975.5,-559.4974526319962,-145.70893707811632
976.0,-559.465969497852,-145.21022794695318
976.5,-559.4332266370171,-144.71160289274553
977.0,-559.399218783107,-144.21306509275473
977.5,-559.3640159018792,-143.714613610755
978.0,-559.3276554351265,-143.21624625965703
978.5,-559.2901875465064,-142.71796052880973
979.0,-559.2516615562585,-142.21975322736913
979.5,-559.2120074215833,-141.721630813067
980.0,-559.1712375988413,-141.2235952524122
980.5,-559.1293719973331,-140.72564946168828
981.0,-559.0864119450374,-140.22779551093043
981.5,-559.0423531616435,-139.73003590307795
982.0,-558.9971672891336,-139.23237698480352
982.5,-558.9507902041488,-138.73482716836224
983.0,-558.9031477302314,-138.23739623456075
983.5,-558.8542804911966,-137.74008544897086
984.0,-558.804170759845,-137.24290002522037
984.5,-558.7528099806156,-136.7458437920401
985.0,-558.7001756395244,-136.24892304769153
985.5,-558.6462766650815,-135.75214088126262
986.0,-558.5910639634543,-135.25550497649644
986.5,-558.5345667351645,-134.75901493717686
987.0,-558.4768544106977,-134.2626652432317
987.5,-558.4179397545279,-133.7664585224603
988.0,-558.3578474626721,-133.27039301396704
988.5,-558.2966119166839,-132.77446560934018
989.0,-558.2342500601454,-132.2786758099039
989.5,-558.1707837070378,-131.78302344145268
990.0,-558.1060863423004,-131.28752671527883
990.5,-558.0402782575544,-130.79217460889575
991.0,-557.973368506435,-130.29696699288212
991.5,-557.9053840842513,-129.80190143821122
992.0,-557.8363338113905,-129.30697871642744
992.5,-557.7662005933737,-128.81220434376334
993.0,-557.6949719190671,-128.31758444263542
993.5,-557.6226514924233,-127.82312130662702
994.0,-557.5491674496118,-127.32882848564323
994.5,-557.474571620194,-126.83470262278763
995.0,-557.3989079790389,-126.34073925326135
995.5,-557.3221913116633,-125.84693864056891
996.0,-557.2444182402066,-125.3533041479099
996.5,-557.165603745937,-124.85983596470588
997.0,-557.0857674816551,-124.36653294064871
997.5,-557.0049370757836,-123.87339370053265
998.0,-556.9231565265019,-123.38041261375385
998.5,-556.8404589573099,-122.88758452628124
999.0,-556.7568895188326,-122.3949022491892
999.5,-556.6725442986618,-121.90234990235156
1000.0,-556.5874687851806,-121.40991984544942
1000.5,-556.5016861265042,-120.91760922380607
1001.0,-556.4152206869314,-120.42541492170616
1001.5,-556.3280951051308,-119.93333387058856
1002.0,-556.2403327132968,-119.44136239152107
1002.5,-556.1519527989923,-118.94949828126337
1003.0,-556.0629745498355,-118.45773835264701
1003.5,-555.9734073337784,-117.96608203758079
1004.0,-555.8832271505207,-117.47453606749247
1004.5,-555.7924355570416,-116.9831031627277
1005.0,-555.701071644698,-116.49177793623306
1005.5,-555.6091516363969,-116.00055798753807
1006.0,-555.5166994514907,-115.50944044863616
1006.5,-555.4237389647242,-115.01842190664738
1007.0,-555.330298781361,-114.52749802734265
1007.5,-555.2364102235019,-114.0366631172331
1008.0,-555.1421052265534,-113.54591189820057
1008.5,-555.047418141863,-113.05523742530558
1009.0,-554.9523838502621,-112.56463222835218
1009.5,-554.857034587547,-112.07408979103637
1010.0,-554.7613989621894,-111.5836038520694
1010.5,-554.6655100719553,-111.09316571046062
1011.0,-554.5693814890363,-110.6027717559935
1011.5,-554.4730445819924,-110.11241520376464
1012.0,-554.3765146433511,-109.6220927243686
1012.5,-554.279804557848,-109.13180172381196
1013.0,-554.182919003168,-108.64154028103616
1013.5,-554.0858650520497,-108.15130800834983
1014.0,-553.9886506021321,-107.66110419783763
1014.5,-553.8912792068493,-107.17092882836639
1015.0,-553.7937537022574,-106.68078251948185
1015.5,-553.6960735812329,-106.1906664014692
1016.0,-553.5982411041869,-105.70058108101
1016.5,-553.5002630124742,-105.21052617804983
1017.0,-553.4021450925502,-104.7205002687097
1017.5,-553.3038902912077,-104.23050321019149
1018.0,-553.2055075949903,-103.74053472696588
1018.5,-553.1070094836987,-103.25059236699178
1019.0,-553.0084061034761,-102.7606741623287
1019.5,-552.9097062036959,-102.27077898952801
1020.0,-552.810925153178,-101.78090092232088
1020.5,-552.7120734248356,-101.29103658235216
1021.0,-552.6131588391723,-100.80118287854222
1021.5,-552.5141860071934,-100.31133740352804
1022.0,-552.4151601505615,-99.82149925298896
1022.5,-552.3160847753381,-99.33166841030851
1023.0,-552.2169633793618,-98.84184427863205
1023.5,-552.11779337427,-98.3520267268444
1024.0,-552.0185768945852,-97.8622154033042
1024.5,-551.9193154661014,-97.37240991667458
1025.0,-551.8200095275396,-96.8826112978133
1025.5,-551.7206551345815,-96.39282310021972
1026.0,-551.6212525477786,-95.90304620235212
1026.5,-551.52180443797,-95.41327994543732
1027.0,-551.422314058401,-94.92352376408967
1027.5,-551.3227809765444,-94.43377806746722
1028.0,-551.2232018727332,-93.94404392106348
1028.5,-551.1235772355368,-93.45432184460071
1029.0,-551.0239076963044,-92.96461265198027
1029.5,-550.9241975134488,-92.4749148791899
1030.0,-550.824448404403,-91.98522656994605
1030.5,-550.7246624493397,-91.49554533746569
1031.0,-550.6248401239153,-91.00586965170295
1031.5,-550.5249829143345,-90.51619805376124
1032.0,-550.425094011325,-90.026529298977
1032.5,-550.3251768312218,-89.53686234762569
1033.0,-550.225230129758,-89.04719745134311
1033.5,-550.1252517443734,-88.55753612892919
1034.0,-550.0252425631793,-88.06787804502875
1034.5,-549.9252043049801,-87.5782229301725
1035.0,-549.8251319121185,-87.08857297899416
1035.5,-549.725020295358,-86.5989297739505
1036.0,-549.6248670615305,-86.10929454023535
1036.5,-549.524671487015,-85.61966892903293
1037.0,-549.4244314582594,-85.13005404060421
1037.5,-549.3241464482353,-84.64044980192946
1038.0,-549.2238176879525,-84.15085722002246
1038.5,-549.123448006807,-83.66127566403883
1039.0,-549.0230374589859,-83.17170396627787
1039.5,-548.922588214602,-82.68214022791078
1040.0,-548.822102679945,-82.19258324879958
1040.5,-548.7215851934831,-81.70303100541915
1041.0,-548.6210386403335,-81.2134818065885
1041.5,-548.5204632809443,-80.72393442753499
1042.0,-548.4198598502611,-80.2343878365784
1042.5,-548.3192268280188,-79.74484273925488
1043.0,-548.2185689535908,-79.2552962269432
1043.5,-548.1178858993916,-78.7657487620691
1044.0,-548.0171791924624,-78.27619989736661
1044.5,-547.9164478382912,-77.78665001702643
1045.0,-547.8156913792645,-77.29710177250867
1045.5,-547.7149105136452,-76.80755745203254
1046.0,-547.6141080146018,-76.31801643805005
1046.5,-547.5132815280689,-75.82848012694832
1047.0,-547.4124311147401,-75.3389498058369
1047.5,-547.3115563729319,-74.84942620252562
1048.0,-547.2106593793415,-74.35991054954889
1048.5,-547.1097416076135,-73.87040342172736
1049.0,-547.0088061262887,-73.38090336773341
1049.5,-546.9078568786784,-72.89140878845613
1050.0,-546.8068971651604,-72.40191917769918
1050.5,-546.7059351073898,-71.91243263524409
1051.0,-546.6049750632666,-71.4229486615354
1051.5,-546.5040184744846,-70.93346670635438
1052.0,-546.4030659956402,-70.44398522140062
1052.5,-546.3021214764422,-69.95450162372978
1053.0,-546.2011899762743,-69.46501388983002
1053.5,-546.1002738983708,-68.97552079028237
1054.0,-545.9993742443947,-68.48602159457022
1054.5,-545.8984924882714,-67.99651663450814
1055.0,-545.7976301920492,-67.50700602550694
1055.5,-545.6967858665496,-67.01748966398523
1056.0,-545.5959580362536,-66.52796744527696
1056.5,-545.495147823813,-66.0384399616305
1057.0,-545.3943556468133,-65.54890658197944
1057.5,-545.2935795670948,-65.05936704551561
1058.0,-545.1928184918745,-64.56982157190934
1058.5,-545.0920734130367,-64.08027015911462
1059.0,-544.9913432487491,-63.59071323659733
1059.5,-544.8906294554442,-63.10115079126519
1060.0,-544.7899318844458,-62.61158338568881
1060.5,-544.6892520339741,-62.12200914336759
1061.0,-544.5885892323303,-61.63242771104383
1061.5,-544.4879436458192,-61.14283952488686
1062.0,-544.3873138074256,-60.65324454950502
1062.5,-544.286697509029,-60.16364288734409
1063.0,-544.1860931869352,-59.67403524596161
1063.5,-544.0855013119713,-59.184421950332386
1064.0,-543.9849227248446,-58.69480295811483
1064.5,-543.8843556072029,-58.20517916247209
1065.0,-543.7837974588297,-57.71555191328607
1065.5,-543.6832493318472,-57.225921087972296
1066.0,-543.5827123615406,-56.736286530430085
1066.5,-543.4821856722166,-56.2466504223837
1067.0,-543.3816672178928,-55.7570147027727
1067.5,-543.2811551809144,-55.267380659658606
1068.0,-543.1806505394243,-54.777748060803496
1068.5,-543.0801556877843,-54.2881159475576
1069.0,-542.9796749889856,-53.79848272599768
1069.5,-542.8792107522432,-53.308847714889446
1070.0,-542.7787647818204,-52.81921037120853
1070.5,-542.6783387922995,-52.329569858841786
1071.0,-542.5779356483459,-51.839924790582984
1071.5,-542.4775614851615,-51.35027297408768
1072.0,-542.3772219787431,-50.86061236369688
1072.5,-542.2769168975104,-50.37094216588933
1073.0,-542.176646985499,-49.88126113714467
1073.5,-542.0764191201032,-49.3915665423014
1074.0,-541.9762363039255,-48.90185787102423
1074.5,-541.8761044062213,-48.41213419103125
1075.0,-541.7760244798391,-47.92239615951651
1075.5,-541.6759967996284,-47.43264423335193
1076.0,-541.5760259075531,-46.94287716768122
1076.5,-541.4761165102938,-46.45309478980488
1077.0,-541.3762730013053,-45.96329743139419
1077.5,-541.2764998252823,-45.473485114390385
1078.0,-541.1767999184412,-44.98365818528336
1078.5,-541.0771735577415,-44.49381734371204
1079.0,-540.977620391269,-44.003961775516096
1079.5,-540.8781400876652,-43.51409055567099
1080.0,-540.7787382202582,-43.02420272812909
1080.5,-540.6794162493084,-42.53429751028178
1081.0,-540.5801710190789,-42.04437574773872
1081.5,-540.4810042769412,-41.55443628668603
1082.0,-540.3819183087173,-41.06447752863277
1082.5,-540.2829163255075,-40.57449827938509
1083.0,-540.1840042907443,-40.084497471495766
1083.5,-540.0851895231025,-39.59447412380217
1084.0,-539.9864778333557,-39.10442744796412
1084.5,-539.8878738534128,-38.61435640575666
1085.0,-539.7893847496077,-38.12425955530535
1085.5,-539.6910351758282,-37.63413240779317
1086.0,-539.5928119958423,-37.14397856805581
1086.5,-539.4947285319726,-36.65379617096152
1087.0,-539.3967945856523,-36.16358541781858
1087.5,-539.2990167253892,-35.67334657195518
1088.0,-539.2013959246195,-35.18308025666536
1088.5,-539.1039301830076,-34.692786799023246
1089.0,-539.0066159156768,-34.202466258963625
1089.5,-538.909443960384,-33.71212034053678
1090.0,-538.8124172187859,-33.22174814596253
1090.5,-538.7155419236886,-32.731349693291584
1091.0,-538.618795298842,-32.2409283987973
1091.5,-538.5221727408123,-31.750483924481603
1092.0,-538.4256644891672,-31.260017643606552
1092.5,-538.3292609608126,-30.769529694867785
1093.0,-538.2329549677341,-30.279019570345973
1093.5,-538.1367413995507,-29.788487430127788
1094.0,-538.0406166826606,-29.29793378886396
1094.5,-537.9445849732496,-28.807356288956786
1095.0,-537.8486453165887,-28.31675600597604
1095.5,-537.752785300425,-27.826135408502832
1096.0,-537.6570067545279,-27.335493652702276
1096.5,-537.5613117178003,-26.844830886745235
1097.0,-537.4656986664335,-26.354147966840948
1097.5,-537.3701679321572,-25.863444921408615
1098.0,-537.274725681642,-25.372720615456775
1098.5,-537.1793779389003,-24.881975092868366
1099.0,-537.0841355240709,-24.39120712208801
1099.5,-536.988994706064,-23.90041785265658
1100.0,-536.8939540983696,-23.40960840341875
1100.5,-536.7990149847857,-22.91877877829253
1101.0,-536.704181369716,-22.42792854862936
1101.5,-536.6094561108634,-21.93705784588161
1102.0,-536.5148394066675,-21.44616750857366
1102.5,-536.4203322896224,-20.955257956555254
1103.0,-536.3259506138436,-20.46432681537021
1103.5,-536.2316857346285,-19.973376191312095
1104.0,-536.1375275423493,-19.482407780142058
1104.5,-536.0434742088768,-18.991421684608447
1105.0,-535.9495222188064,-18.50041863614126
1105.5,-535.8556673712336,-18.009399651288945
1106.0,-535.761905812489,-17.518365561562653
1106.5,-535.6682334337701,-17.0273169380334
1107.0,-535.5746589519733,-16.53625269074335
1107.5,-535.4811661738901,-16.045174910762306
1108.0,-535.3877468922526,-15.554084327138598
1108.5,-535.2943963265438,-15.062981137597252
1109.0,-535.201111669202,-14.57186507796567
1109.5,-535.1078930786902,-14.080735404728836
1110.0,-535.0147439724288,-13.589591131627769
1110.5,-534.9216693871581,-13.098431202673234
1111.0,-534.828660987364,-12.607256552932524
1111.5,-534.7357120407028,-12.116067460074056
1112.0,-534.6428219878054,-11.624863857730867
1112.5,-534.5499945807761,-11.133645082025101
1113.0,-534.4572348016305,-10.642410495400005
1113.5,-534.3645452305589,-10.15116019437398
1114.0,-534.2719305661313,-9.659893517165022
1114.5,-534.1793954171328,-9.168609711182501
1115.0,-534.0869369558961,-8.677310739072542
1115.5,-533.9945554706111,-8.185997249854575
1116.0,-533.9022529929649,-7.694669179017965
1116.5,-533.810031209241,-7.203326722107483
1117.0,-533.7178894646992,-6.71197099091356
1117.5,-533.6258357704752,-6.220600959081391
1118.0,-533.5338685343531,-5.729217044248932
1118.5,-533.4419764420263,-5.2378212516901375
1119.0,-533.3501588080468,-4.746413088591289
1119.5,-533.2584163763289,-4.254992223298389
1120.0,-533.166748967547,-3.7635589990457055
1120.5,-533.075153057579,-3.2721145803624414
1121.0,-532.983635550553,-2.780656290822993
1121.5,-532.8921888492862,-2.289184928595728
1122.0,-532.8008078381854,-1.79770167180801
1122.5,-532.7094901852383,-1.3062058182276943
1123.0,-532.618234173184,-0.8146968511037651
1123.5,-532.5270393028679,-0.3231748070485718
1124.0,-532.4359108174914,0.16836106393438321
1124.5,-532.3448549151391,0.6599118026749065
1125.0,-532.2538616953414,1.1514751534918286
1125.5,-532.1629276345483,1.6430500510877497
1126.0,-532.0720527554158,2.134636931737753
1126.5,-531.9812387186051,2.626236543532484
1127.0,-531.8904858230113,3.1178483373169272
1127.5,-531.7998068949868,3.6094731078651012
1128.0,-531.7091887250699,4.101108869724535
1128.5,-531.6186300702678,4.592754549515857
1129.0,-531.5281317912693,5.084410107109607
1129.5,-531.4376945675392,5.576075887807647
1130.0,-531.3473178984494,6.067752179683608
1130.5,-531.2570061539951,6.5594389129401955
1131.0,-531.1667525304987,7.0511353327027235
1131.5,-531.0765539113171,7.54284135430479
1132.0,-530.9864096230906,8.034556904074146
1132.5,-530.8963179900496,8.526281935611332
1133.0,-530.806276652931,9.018016633456709
1133.5,-530.716291235131,9.509762663225
1134.0,-530.6263589441312,10.00151839939002
1134.5,-530.5364761787359,10.493284038780567
1135.0,-530.4466426839834,10.985059560612875
1135.5,-530.3568585620692,11.476844653597201
1136.0,-530.2671244871249,11.968639001277998
1136.5,-530.1774478616843,12.460444003759505
1137.0,-530.0878248613959,12.952258036933436
1137.5,-529.9982505130798,13.444079858249431
1138.0,-529.90872478317,13.935909653813788
1138.5,-529.8192465577293,14.427747202289776
1139.0,-529.7298138052073,14.919591790375005
1139.5,-529.6404323024991,15.411444187777976
1140.0,-529.5510981771108,15.903303215079857
1140.5,-529.4617999220833,16.395166541630296
1141.0,-529.3725344343733,16.887034118346723
1141.5,-529.2832983281793,17.37890593591389
1142.0,-529.1940871740885,17.870781633491212
1142.5,-529.1049001312164,18.362661390764277
1143.0,-529.0157293920246,18.854543120240393
1143.5,-528.9265680105699,19.34642528690641
1144.0,-528.8374122991348,19.838307699819527
1144.5,-528.7482591358252,20.330190257474538
1145.0,-528.6591055283263,20.822072495190714
1145.5,-528.5699440874746,21.31395289372168
1146.0,-528.4807746058771,21.805831150609105
1146.5,-528.3915949148213,22.297706754526605
1147.0,-528.302404237145,22.789579179645077
1147.5,-528.2132026987318,23.28144820316277
1148.0,-528.1239902843453,23.773314145973057
1148.5,-528.0347657104109,24.265177302628146
1149.0,-527.9455331221378,24.757038487181088
1149.5,-527.8562931693276,25.248898337333248
1150.0,-527.76704738458,25.740757422362588
1150.5,-527.677797898411,26.232616247126156
1151.0,-527.5885456619161,26.72447564345902
1151.5,-527.4992921860032,27.21633679371661
1152.0,-527.4100401469051,27.708200453672045
1152.5,-527.3207905283467,28.200067060313913
1153.0,-527.2315430640236,28.69193662957915
1153.5,-527.1422959531794,29.183808693687393
1154.0,-527.0530501162226,29.675683464425646
1154.5,-526.9638072619325,30.16756057223312
1155.0,-526.8745675234128,30.659439945178256
1155.5,-526.7853305250309,31.15132113776424
1156.0,-526.6960959419662,31.643203562174495
1156.5,-526.6068672789584,32.13508777823107
1157.0,-526.5176449898375,32.62697341492153
1157.5,-526.4284266664406,33.11885917133658
1158.0,-526.3392121288248,33.6107445369742
1158.5,-526.2500016959111,34.10262913679717
1159.0,-526.1607960866281,34.594512308946555
1159.5,-526.0716004029791,35.08639495285663
1160.0,-525.9824151803355,35.5782778389902
1160.5,-525.8932408718098,36.07016127108823
1161.0,-525.804077465903,36.56204513993428
1161.5,-525.7149246132541,37.0539288492731
1162.0,-525.6257824667111,37.54581178271569
1162.5,-525.5366481889894,38.03769481135619
1163.0,-525.4475204074157,38.529577602431395
1163.5,-525.3583983437547,39.0214604485441
1164.0,-525.2692815470126,39.513344014904064
1164.5,-525.1801680002826,40.00522738802546
1165.0,-525.0910553231903,40.497111082669974
1165.5,-525.0019414229204,40.988994995468836
1166.0,-524.9128248872115,41.480878806015355
1166.5,-524.8237046986598,41.9727621758458
1167.0,-524.7345795665334,42.46464540243118
1167.5,-524.6454469732506,42.95652747111595
1168.0,-524.5563060574771,43.448408861674515
1168.5,-524.4671553766218,43.94028951216622
1169.0,-524.3779937080832,44.432169103799794
1169.5,-524.28881852265,44.92404645381608
1170.0,-524.1996297705159,45.41592209831764
1170.5,-524.1104275243844,45.907795875295164
1171.0,-524.0212090431116,46.39966763342695
1171.5,-523.9319715480045,46.891537117634265
1172.0,-523.842709761944,47.38340282305792
1172.5,-523.7534218838954,47.87526401419367
1173.0,-523.6641102657496,48.36712151728484
1173.5,-523.5747733275915,48.85897481837502
1174.0,-523.4854098365138,49.35082341170789
1174.5,-523.3960156696913,49.84266682196841
1175.0,-523.306588872871,50.33450416596878
1175.5,-523.2171311903586,50.82633556853446
1176.0,-523.1276412314687,51.31816070206254
1176.5,-523.0381181791641,51.80997937548478
1177.0,-522.9485554522028,52.301790207500034
1177.5,-522.8589550733799,52.79359395375824
1178.0,-522.7693223498096,53.2853915885328
1178.5,-522.6796574375849,53.77718326279433
1179.0,-522.589960465356,54.2689692302703
1179.5,-522.5002257955167,54.760749351659825
1180.0,-522.4104636065794,55.25252598828067
1180.5,-522.3206747436546,55.74429947273223
1181.0,-522.2308568845721,56.23606928004618
1181.5,-522.1410069687508,56.727834514760374
1182.0,-522.0511060306983,57.21959182498483
1182.5,-521.9611644773325,57.71134385035706
1183.0,-521.8711838509512,58.203091034324586
1183.5,-521.7811647436308,58.69483348107711
1184.0,-521.6911063762983,59.18657089739384
1184.5,-521.6009964025877,59.67830020626927
1185.0,-521.5108430787583,60.17002158297983
1185.5,-521.4206457187931,60.6617348391371
1186.0,-521.3304043409464,61.153439865731656
1186.5,-521.2401139030028,61.64513529829225
1187.0,-521.1497726893655,62.136821327748
1187.5,-521.0593924870687,62.628500014021846
1188.0,-520.9689749265702,63.1201716371471
1188.5,-520.878521763021,63.61183649627686
1189.0,-520.7880284754041,64.10349345019824
1189.5,-520.6975039299068,64.59514431410818
1190.0,-520.60695559533,65.08679066928089
1190.5,-520.5163866645036,65.57843353335045
1191.0,-520.4257996116053,66.07007404641173
1191.5,-520.3351919949832,66.56171214433218
1192.0,-520.2445700285494,67.05334831288117
1192.5,-520.153935297714,67.54498275613406
1193.0,-520.0632891483299,68.03661558883985
1193.5,-519.9726308093886,68.52824641215217
1194.0,-519.8819620814287,69.0198767928436
1194.5,-519.7912851765436,69.51150683009448
1195.0,-519.7006007372839,70.00313623604674
1195.5,-519.6099093754923,70.49476459097951
1196.0,-519.5192056682719,70.98639033679959
1196.5,-519.4284919332379,71.47801356706293
1197.0,-519.3377665533384,71.96963424268289
1197.5,-519.2470278264941,72.46125208264435
1198.0,-519.1562718622584,72.95286602139569
1198.5,-519.0654973988104,73.44447580341622
1199.0,-518.9747058491902,73.9360820305883
1199.5,-518.8838951926556,74.42768430112233
1200.0,-518.7930633501068,74.9192821095237
1200.5,-518.7021994230388,75.4108721053194
1201.0,-518.6113069388406,75.90245575216153
1201.5,-518.5203873483817,76.39403422852905
1202.0,-518.4294407850982,76.88560808426094
1202.5,-518.3384634629629,77.37717693433208
1203.0,-518.2474532196698,77.86873993343568
1203.5,-518.1564126804623,78.36029680028713
1204.0,-518.0653421637451,78.85184760376504
1204.5,-517.9742431370348,79.34339282418735
1205.0,-517.8831061418971,79.83493119998364
1205.5,-517.791938292493,80.3264636519349
1206.0,-517.7007405595489,80.81799063636267
1206.5,-517.6095138991077,81.30951239882064
1207.0,-517.518254222676,81.80102752643897
1207.5,-517.4269660930411,82.29253683411784
1208.0,-517.3356538161734,82.78404108112827
1208.5,-517.2443173412644,83.27554016120757
1209.0,-517.1529542387387,83.7670334325044
1209.5,-517.0615611587364,84.25852162004327
1210.0,-516.9701468371574,84.75000601325092
1210.5,-516.8787116456424,85.24148661633475
1211.0,-516.7872559614674,85.73296348022204
1211.5,-516.6957751022987,86.22443652518908
1212.0,-516.6042735318769,86.7159061794637
1212.5,-516.512750705683,87.20737248088727
1213.0,-516.4212059512505,87.69883543380446
1213.5,-516.3296350631298,88.19029461288656
1214.0,-516.2380375339958,88.68174868379164
1214.5,-516.1464175324534,89.17319865029961
1215.0,-516.0547742819656,89.6646443173181
1215.5,-515.9631023556038,90.15608435790143
1216.0,-515.871388931805,90.64751615004398
1216.5,-515.7796427827316,91.1389416178578
1217.0,-515.6878632001532,91.63036030421333
1217.5,-515.5960482583596,92.12177131860848
1218.0,-515.5041807323222,92.61317099451644
1218.5,-515.4122757646368,93.1045623756722
1219.0,-515.3203320344832,93.59594544430912
1219.5,-515.2283481206481,94.0873202250808
1220.0,-515.1363043803927,94.57868413018636
1220.5,-515.044213067685,95.07003936240382
1221.0,-514.9520782830035,95.56138668190808
1221.5,-514.8599007415711,96.05272626453166
1222.0,-514.7676670524643,96.5440559555691
1222.5,-514.6753791672066,97.03537669040294
1223.0,-514.5830443259234,97.52669017300009
1223.5,-514.4906621383343,98.01799660749151
1224.0,-514.3982199465945,98.50929426715939
1224.5,-514.3057168308729,99.00058210366913
1225.0,-514.2131628077723,99.49186129513886
1225.5,-514.1205567869066,99.98313143107507
1226.0,-514.0278882188331,100.47439041855334
1226.5,-513.9351475614774,100.96563655071365
1227.0,-513.8423497365394,101.45687218515096
1227.5,-513.7494941246542,101.94809684133885
1228.0,-513.6565735436499,102.43930854922326
1228.5,-513.5635753538791,102.93050422412357
1229.0,-513.4705189438072,103.42168753219977
1229.5,-513.3774055557813,103.91285870732231
1230.0,-513.2842332572717,104.40401735712976
1230.5,-513.1909870968251,104.89516050063656
1231.0,-513.0976874077033,105.3862927933169
1231.5,-513.0043350751654,105.87741461911578
1232.0,-512.9109293238434,106.3685260541036
1232.5,-512.8174524070915,106.85962338616712
1233.0,-512.7239298309402,107.35071175857423
1233.5,-512.6303612032578,107.84179108356794
1234.0,-512.5367452368782,108.3328610920257
1234.5,-512.4430594514253,108.8239171682735
1235.0,-512.3493282933385,109.3149644239666
1235.5,-512.25555386117,109.80600313337528
1236.0,-512.1617382046334,110.29703355340571
1236.5,-512.0678598570502,110.78805096145832
1237.0,-511.97394285091906,111.27905990937971
1237.5,-511.8799894506571,111.7700609197569
1238.0,-511.7860019056815,112.26105451276186
1238.5,-511.6919671783116,112.75203813183514
1239.0,-511.59790749471534,113.24301656799916
1239.5,-511.50382564895494,113.73399040326333
1240.0,-511.4097242971294,114.22496019101732
1240.5,-511.3156020741498,114.71592654374197
1241.0,-511.2214703254745,115.20689143749438
1241.5,-511.12733025952485,115.69785529105832
1242.0,-511.033182947923,116.18881852642268
1242.5,-510.93902732772796,116.6797812279579
1243.0,-510.84486379865126,117.17074272615406
1243.5,-510.75069356208985,117.66170318778127
1244.0,-510.6565178011807,118.1526627876053
1244.5,-510.56233360820113,118.64362071795901
1245.0,-510.4681449543323,119.13457796933454
1245.5,-510.3739510924532,119.62553414738584
1246.0,-510.279750354358,120.11648854395465
1246.5,-510.18553279494944,120.60743808171688
1247.0,-510.09129963679595,121.09838370553274
1247.5,-509.9970499788037,121.58932505243594
1248.0,-509.9027805486977,122.08026095096574
1248.5,-509.8084882963439,122.57119038317511
1249.0,-509.71418054867564,123.06211570355012
1249.5,-509.6198566145508,123.55303700621101
1250.0,-509.5255111573373,124.04395348756735
1250.5,-509.43113652601676,124.53486395369849
1251.0,-509.3367397651642,125.02577011814404
1251.5,-509.2423203965364,125.51667216925597
1252.0,-509.14787075087884,126.00756945418019
1252.5,-509.05339260539216,126.49846267812792
1253.0,-508.9588932020982,126.98935299005791
1253.5,-508.8643728200751,127.48024056056384
1254.0,-508.76982291051576,127.97112476357583
1254.5,-508.6752432601513,128.46200543545154
1255.0,-508.58063902677486,128.95288313389193
1255.5,-508.48601068835296,129.4437578656715
1256.0,-508.3913505705624,129.9346284186835
1256.5,-508.296664716888,130.42549529963122
1257.0,-508.20195535330896,130.916358658246
1257.5,-508.10722235012594,131.407218339917
1258.0,-508.0124556093877,131.89807215414024
1258.5,-507.9176662092174,132.38892169863652
1259.0,-507.8228533128943,132.879766814636
1259.5,-507.72801322921634,133.37060680502356
1260.0,-507.63314032790254,133.86144019888908
1260.5,-507.5382481275004,134.35226915422467
1261.0,-507.4433376580558,134.84309367389872
1261.5,-507.3484064235351,135.3339127536102
1262.0,-507.253447636518,135.82472451191512
1262.5,-507.15847065246896,136.31553133762407
1263.0,-507.06347785399515,136.806333740921
1263.5,-506.96847207379255,137.29713192793142
1264.0,-506.8734573000745,137.78792768214637
1264.5,-506.7784302420296,138.2787204014287
1265.0,-506.6833883278306,138.76950956413938
1265.5,-506.5883252999601,139.2602940243216
1266.0,-506.4932548661753,139.75107658797447
1266.5,-506.3981780902291,140.24185782863339
1267.0,-506.30309508304384,140.73263810486083
1267.5,-506.20799641540543,141.22341565148287
1268.0,-506.11288896699085,141.71419150555354
1268.5,-506.0177738041488,142.20496615343674
1269.0,-505.92265129824625,142.69574037859684
1269.5,-505.82751897640026,143.18651358068678
1270.0,-505.7323784142535,143.67728556824082
1270.5,-505.63722948039197,144.16805624930439
1271.0,-505.5420697826798,144.65882534196797
1271.5,-505.4469016450348,145.14959336125787
1272.0,-505.3517261337749,145.6403605662944
1272.5,-505.256543016449,146.13112700128343
1273.0,-505.16134489679825,146.6218914013944
1273.5,-505.0661357416865,147.1126547954463
1274.0,-504.9709151678011,147.60341691643052
1274.5,-504.8756803582693,148.0941771094144
1275.0,-504.7804311470057,148.58493517453795
1275.5,-504.6851722747591,149.07569182141023
1276.0,-504.58990347980523,149.56644690364462
1276.5,-504.49461965900866,150.05719915505668
1277.0,-504.39931729113147,150.54794763989003
1277.5,-504.3039995009594,151.03869266959742
1278.0,-504.2086660293862,151.52943400795104
1278.5,-504.11330735061057,152.02016938424316
1279.0,-504.0179326554965,152.51090076855024
1279.5,-503.92254287077304,153.0016284943504
1280.0,-503.82713589019676,153.49235221375685
1280.5,-503.7317109205051,153.98307204119678
1281.0,-503.6362733485447,154.4737891713131
1281.5,-503.5408236554148,154.96450372528818
1282.0,-503.4453594823329,155.45521526769392
1282.5,-503.3498838510897,155.9459250184526
1283.0,-503.25439838441474,156.43663330287296
1283.5,-503.158902649943,156.92734010332828
1284.0,-503.06338722763354,157.41804397857865
1284.5,-502.9678592331751,157.90874566561402
1285.0,-502.8723178655753,158.3994448837835
1285.5,-502.77675789774145,158.89014038779504
1286.0,-502.68117757887336,159.3808317637895
1286.5,-502.58558130219865,159.87151946640597
1287.0,-502.489968990983,160.36220332216067
1287.5,-502.3943355946078,160.8528819345926
1288.0,-502.29868682420494,161.34355641674847
1288.5,-502.2030243018634,161.83422736762995
1289.0,-502.107346097564,162.32489448673576
1289.5,-502.0116475466621,162.81555651406393
1290.0,-501.91593527643306,163.30621503587344
1290.5,-501.82021026004446,163.79687033577758
1291.0,-501.7244719995742,164.28752252925307
1291.5,-501.628725872822,164.7781731845032
1292.0,-501.53297269291306,165.26882274115042
1292.5,-501.4372116412605,165.75947125942338
1293.0,-501.34143779893344,166.25011891043866
1293.5,-501.24565946745594,166.7407670562556
1294.0,-501.1498778636013,167.23141585139226
1294.5,-501.054094966692,167.72206581332978
1295.0,-500.9583079798476,168.2127157383801
1295.5,-500.8625178780466,168.70336573654356
1296.0,-500.7667246773256,169.1940158517958
1296.5,-500.67092725696244,169.68466533955495
1297.0,-500.57513031088007,170.1753155407521
1297.5,-500.47933437691535,170.66596640758343
1298.0,-500.38354097182565,171.15661804909846
1298.5,-500.2877514783079,171.64727054701137
1299.0,-500.19196614732846,172.13792382046063
1299.5,-500.0961854510881,172.6285779122972
1300.0,-500.00041074734713,173.11923284935358
1300.5,-499.9046354580826,173.6098880637781
1301.0,-499.8088590033106,174.10054322292893
1301.5,-499.7130798901464,174.59119769593266
1302.0,-499.61730703187,175.0818523378743
1302.5,-499.5215379397684,175.57250765167348
1303.0,-499.4257719127379,176.06316377833718
1303.5,-499.33000132767864,176.55381992609145
1304.0,-499.2342278127629,177.04447569127538
1304.5,-499.1384518599408,177.535130811418
1305.0,-499.0426734081561,178.02578460326043
1305.5,-498.9468854286982,178.51643530344305
1306.0,-498.85109008573374,179.0070839390048
1306.5,-498.7552875435873,179.49773060008167
1307.0,-498.6594793176131,179.98837486759783
1307.5,-498.56366979213766,180.4790181516277
1308.0,-498.4678570614262,180.9696604272686
1308.5,-498.37203710605786,181.4603012855654
1309.0,-498.27620043498683,181.9509386557312
1309.5,-498.18035191876356,182.4415728695428
1310.0,-498.08449167282555,182.93220382343216
1310.5,-497.9886152177377,183.42283118829755
1311.0,-497.89272775279085,183.91345683992924
1311.5,-497.79683099357436,184.40408095169792
1312.0,-497.70092384832776,184.89470318202592
1312.5,-497.6050059918622,185.38532327560796
1313.0,-497.5090789379063,185.87594156391344
1313.5,-497.413142400764,186.36655801878533
1314.0,-497.3171945983969,186.85717262900496
1314.5,-497.2212441497415,187.34778660005722
1315.0,-497.12529266847974,187.83840037705167
1315.5,-497.02934235218163,188.32901460373037
1316.0,-496.9333890166673,188.81962809819805
1316.5,-496.8374315896131,189.31024037174427
1317.0,-496.7414694303098,189.80085119136146
1317.5,-496.6455012540409,190.29146017324692
1318.0,-496.5495300581466,190.78206833596565
1318.5,-496.4535586854236,191.27267650870914
1319.0,-496.3575931637646,191.76328647651897
1319.5,-496.26163959101285,192.25389858024948
1320.0,-496.1656940689667,192.7445123766533
1320.5,-496.06975635359544,193.23512794493743
1321.0,-495.97383141454293,193.72574656797045
1321.5,-495.8779160948716,194.2163678861209
1322.0,-495.7820113122671,194.70699218740265
1322.5,-495.68612422129655,195.1976215799222
1323.0,-495.59025642320233,195.6882560747902
1323.5,-495.49440717192107,196.17889528975766
1324.0,-495.3985808133934,196.6695402243219
1324.5,-495.3027950571571,197.16019439246105
1325.0,-495.20703432505377,197.6508543948343
1325.5,-495.1112989171926,198.14152027444277
1326.0,-495.0156028077302,198.63219504807861
1326.5,-494.9199416541013,199.12287690544647
1327.0,-494.8243108336684,199.6135645736991
1327.5,-494.728717151743,200.1042590104858
1328.0,-494.6331764093335,200.5949630312228
1328.5,-494.5376710902082,201.08567380611814
1329.0,-494.44220143798555,201.576391415323
1329.5,-494.34678703949675,202.06711929858022
1330.0,-494.2514148170535,202.5578545211441
1330.5,-494.1560787421253,203.0485959063513
1331.0,-494.0607851876436,203.53934436431547
1331.5,-493.9655424314821,204.03010141903223
1332.0,-493.8703332676871,204.5208644117495
1332.5,-493.7751571958437,205.01163336550982
1333.0,-493.6800282644042,205.50241125317237
1333.5,-493.58493544153725,205.99319630175125
1334.0,-493.48987405537093,206.48398751435866
1334.5,-493.39484876571623,206.9747857176462
1335.0,-493.2998667543292,207.46559178218135
1335.5,-493.2049126506915,207.95640299851215
1336.0,-493.1099860771043,208.44721933108394
1336.5,-493.01509751175087,208.93804282679193
1337.0,-492.92024215419224,209.42887239977932
1337.5,-492.82541504697923,209.91970688815948
1338.0,-492.73061776808015,210.41054637977024
1338.5,-492.63586266515745,210.9013923480609
1339.0,-492.54113385314145,211.39224264900423
1339.5,-492.4464305842323,211.88309702663068
1340.0,-492.3517571621971,212.3739558427482
1340.5,-492.25711687695855,212.8648195388834
1341.0,-492.16250094185443,213.35568685204765
1341.5,-492.06790918011893,213.84655779578296
1342.0,-491.973349743486,214.3374337872303
1342.5,-491.8788162940147,214.82831418861372
1343.0,-491.784304574847,215.31919845296892
1343.5,-491.68981446250973,215.81008668683492
1344.0,-491.59535777374475,216.3009814870158
1344.5,-491.5009225838797,216.7918807591599
1345.0,-491.406508184425,217.28278455381317
1345.5,-491.31211584524993,217.77369336174232
1346.0,-491.2177543024462,218.2646093533015
1346.5,-491.1234119500129,218.75553002223455
1347.0,-491.0290887180696,219.2464553513561
1347.5,-490.93478663697914,219.73738581710197
1348.0,-490.8405100160452,220.22832311495256
1348.5,-490.746251722062,220.71926545283807
1349.0,-490.65201207400446,221.21021281294892
1349.5,-490.55779387703103,221.70116573223652
1350.0,-490.463602474631,222.1921255985407
1350.5,-490.3694319464448,222.6830903407972
1351.0,-490.27528335068536,223.17406018391995
1351.5,-490.18116048283906,223.66503610065647
1352.0,-490.08706824703887,224.156018727454
1352.5,-489.99300081242916,224.64700627851977
1353.0,-489.89895894455736,225.13799864995255
1353.5,-489.8049444573091,225.6289958966678
1354.0,-489.71097143132346,226.12000007815016
1354.5,-489.6170278238096,226.6110087871922
1355.0,-489.52311487435173,227.1020223028123
1355.5,-489.4292340393486,227.5930409397387
1356.0,-489.33540323149805,228.0840671086258
1356.5,-489.2416123224485,228.57509929668737
1357.0,-489.1478605529839,229.0661377940715
1357.5,-489.0541484435919,229.55718285721213
1358.0,-488.9604835319432,230.0482353601463
1358.5,-488.86686865572557,230.53929623861652
1359.0,-488.7732949886627,231.03036402922714
1359.5,-488.679760497805,231.52143876592024
1360.0,-488.5862633765422,232.01252084442746
1360.5,-488.49281851021476,232.50361406624944
1361.0,-488.3994133991934,232.99471579770346
1361.5,-488.3060509402065,233.48582656535135
1362.0,-488.21273273455523,233.9769465701954
1362.5,-488.11946409540224,234.46807654965093
1363.0,-488.0262445762969,234.9592174062465
1363.5,-487.9330683812017,235.4503679190908
1364.0,-487.83993792723544,235.9415283101758
1364.5,-487.7468558053367,236.43269874569165
1365.0,-487.6538366150404,236.92388218108252
1365.5,-487.56087252938994,237.41507607045477
1366.0,-487.4679614033828,237.90627997196685
1366.5,-487.3751044524761,238.3974939512125
1367.0,-487.2823023019214,238.88871787211136
1367.5,-487.1895709337189,239.37995417192758
1368.0,-487.0968993799823,239.87120087387925
1368.5,-487.0042819154993,240.3624570513565
1369.0,-486.91171856448545,240.8537228109948
1369.5,-486.81920919777787,241.34499823119137
1370.0,-486.7267579329386,241.83628407555977
1370.5,-486.63436185898354,242.32758013322908
1371.0,-486.5420141745945,242.8188854135488
1371.5,-486.449711534085,243.3101996387072
1372.0,-486.3574509385655,243.8015225286254
1372.5,-486.26523194524816,244.29285411129794
1373.0,-486.1730646338782,244.78419659166866
1373.5,-486.08093981331103,245.2755484972424
1374.0,-485.9888573215317,245.76690945328787
1374.5,-485.89681859171515,246.25827966570287
1375.0,-485.80482591262074,246.74965945293334
1375.5,-485.71288316154977,247.24104882153355
1376.0,-485.62100141935974,247.73244915875898
1376.5,-485.529173235934,248.22385914243264
1377.0,-485.4374009498731,248.7152787955183
1377.5,-485.34568657566837,249.20670809861284
1378.0,-485.2540314428364,249.69814703530895
1378.5,-485.1624358622858,250.18959562696904
1379.0,-485.07090986475316,250.6810558081458
1379.5,-484.97944402773635,251.17252564519865
1380.0,-484.88803286325316,251.66400420294312
1380.5,-484.7966759712143,252.1554914048967
1381.0,-484.70537221001626,252.6469870448003
1381.5,-484.61411915717576,253.13849097583275
1382.0,-484.52291458573,253.6300037723132
1382.5,-484.43176399645233,254.12152609025318
1383.0,-484.3406604034514,254.61305664003038
1383.5,-484.249602449261,255.1045955963206
1384.0,-484.15858852280724,255.5961428636146
1384.5,-484.0676170220232,256.0876983132526
1385.0,-483.9766869468842,256.57926183836867
1385.5,-483.88579834476553,257.07083337216903
1386.0,-483.79495334557254,257.56241318223397
1386.5,-483.7041569391621,258.05400197009493
1387.0,-483.6134023347003,258.54559849267474
1387.5,-483.5226850289711,259.0372025695717
1388.0,-483.4320045302038,259.5288143738446
1388.5,-483.34135922743064,260.02043333854203
1389.0,-483.25074646855086,260.51205879636285
1389.5,-483.1601640146612,261.00369037792365
1390.0,-483.0696104954919,261.4953277196315
1390.5,-482.9790839530471,261.98697030749696
1391.0,-482.88858562992795,262.47861941951703
1391.5,-482.79811811947457,262.9702757615305
1392.0,-482.7076759671991,263.46193770549706
1392.5,-482.61725441768937,263.9536044625556
1393.0,-482.5268524233609,264.44527576629775
1393.5,-482.4364676600978,264.936950151844
1394.0,-482.3460998867042,265.4286278320343
1394.5,-482.25574870602776,265.9203092622168
1395.0,-482.1654117690121,266.4119933882337
1395.5,-482.0750862872757,266.9036790265185
1396.0,-481.984768219585,267.39536559296533
1396.5,-481.8944531939687,267.8870515870787
1397.0,-481.80414180979193,268.378736886073
1397.5,-481.7138310999652,268.87042140945465
1398.0,-481.6235166939603,269.3621045921979
1398.5,-481.5331919074289,269.8537846265233
1399.0,-481.44285796802114,270.3454619609067
1399.5,-481.35251619495375,270.8371376660603
1400.0,-481.2621661289663,271.3288115489874
1400.5,-481.1718049014901,271.8204831417694
1401.0,-481.08143394903914,272.31215325222394
1401.5,-480.99105191846587,272.8038216342762
1402.0,-480.90065863239033,273.29548861050614
1402.5,-480.8102563664853,273.787155040079
1403.0,-480.7198465495479,274.278820955362
1403.5,-480.62942807801244,274.77048561567244
1404.0,-480.5389981838953,275.26214864463276
1404.5,-480.4485567735729,275.7538100455153
1405.0,-480.3581060783435,276.2454700572644
1405.5,-480.2676470061815,276.7371283045789
1406.0,-480.17717882590057,277.2287832030393
1406.5,-480.0867039562502,277.7204340613453
1407.0,-479.9962228934861,278.2120807071813
1407.5,-479.9057367382939,278.70372265214434
1408.0,-479.8152542590858,279.19536040009115
1408.5,-479.72477695053317,279.68699440372575
1409.0,-479.63429913962347,280.17862418095206
1409.5,-479.5438229063663,280.6702513938314
1410.0,-479.45335046680304,281.1618791025275
1410.5,-479.3628772045682,281.653507932045
1411.0,-479.2724015021476,282.14513705995563
1411.5,-479.18192481688965,282.6367677332738
1412.0,-479.09144849509266,283.12840193761673
1412.5,-479.0009696270031,283.6200401511396
1413.0,-478.91049342728985,284.1116850647056
1413.5,-478.82002474711516,284.6033384958525
1414.0,-478.7295707332335,285.0950015659701
1414.5,-478.63913091692723,285.58667331091715
1415.0,-478.5487122625975,286.0783540984299
1415.5,-478.4583077323616,286.5700400328489
1416.0,-478.3679213300911,287.0617303893053
1416.5,-478.2775634732173,287.55342522522227
1417.0,-478.18724237634444,288.04512502760673
1417.5,-478.09696303252707,288.5368296461918
1418.0,-478.0067242380821,289.0285373593696
1418.5,-477.91653555503376,289.5202479773339
1419.0,-477.82639737370164,290.0119609161523
1419.5,-477.736304762302,290.5036761698946
1420.0,-477.6462505664379,290.9953945568689
1420.5,-477.55622616004393,291.4871152842812
1421.0,-477.4662251945349,291.9788381448517
1421.5,-477.376245175569,292.4705640598501
1422.0,-477.2862858289824,292.96229399207743
1422.5,-477.1963443933468,293.45402842026266
1423.0,-477.1064169200517,293.9457679829638
1423.5,-477.01650227487403,294.43751294064293
1424.0,-476.92659928578064,294.9292630862948
1424.5,-476.83669814821366,295.4210171809892
1425.0,-476.7467927702203,295.9127746542155
1425.5,-476.65688465549385,296.404534812283
1426.0,-476.5669787036478,296.89629873246287
1426.5,-476.47708032799903,297.38806591389823
1427.0,-476.38720362653925,297.8798378226946
1427.5,-476.2973515918493,298.37161371483745
1428.0,-476.20752547058913,298.8633930324098
1428.5,-476.1177135240207,299.3551735943046
1429.0,-476.02791338724813,299.8469542238323
1429.5,-475.93813061572666,300.3387355778009
1430.0,-475.84836830108753,300.83051831511773
1430.5,-475.75862688359183,301.32230185016584
1431.0,-475.66890048441275,301.81408434214325
1431.5,-475.5791791480521,302.30586658132887
1432.0,-475.4894589132621,302.79764812648295
1432.5,-475.39974163931754,303.28943057134154
1433.0,-475.3100208340923,303.7812134764187
1433.5,-475.22029659786506,304.27299802008713
1434.0,-475.13056770584075,304.7647832717697
1434.5,-475.0408309045487,305.2565687039483
1435.0,-474.9510797494331,305.7483539793162
1435.5,-474.8613180369169,306.24013908997307
1436.0,-474.77154580401304,306.7319232883886
1436.5,-474.6817590577173,307.22370668771765
1437.0,-474.591952031675,307.7154869256072
1437.5,-474.50212674489387,308.20726344631834
1438.0,-474.4122814975276,308.69903460375093
1438.5,-474.322405227922,309.1907974562876
1439.0,-474.2325047160057,309.68255255859714
1439.5,-474.14257946733466,310.17430012053615
1440.0,-474.0526150953845,310.6660385819188
1440.5,-473.96261599156446,311.1577701834193
1441.0,-473.8725843162271,311.6494956869548
1441.5,-473.78250899516905,312.1412134292335
1442.0,-473.6924031838013,312.63292653310344
1442.5,-473.6022635584169,313.12463440322324
1443.0,-473.5120760088039,313.61633657882703
1443.5,-473.4218557492047,314.108035268647
1444.0,-473.33160475725305,314.59973016473316
1444.5,-473.241318276429,315.0914195849911
1445.0,-473.1509954877054,315.5831015454834
1445.5,-473.06063237266267,316.07477331956323
1446.0,-472.9702315060118,316.56643669601453
1446.5,-472.8797893224903,317.05809132499763
1447.0,-472.7893094041294,317.5497378446434
1447.5,-472.6987914501767,318.04137597921556
1448.0,-472.6082263366926,318.5330032587301
1448.5,-472.51762127220957,319.0246202388497
1449.0,-472.42696706974243,319.5162248744878
1449.5,-472.3362712937799,320.00781926595806
1450.0,-472.24552473480975,320.4994029237308
1450.5,-472.1547443116803,320.99098120123557
1451.0,-472.06392611218695,321.48255579030916
1451.5,-471.9730758075313,321.9741285268087
1452.0,-471.8821847492128,322.4656979298625
1452.5,-471.7912579795159,322.9572642237548
1453.0,-471.7002955739501,323.44882626774324
1453.5,-471.60930448469276,323.9403837188858
1454.0,-471.51827981436315,324.4319363128891
1454.5,-471.4272205023613,324.92348440315567
1455.0,-471.3361308986221,325.4150286952232
1455.5,-471.2450125354279,325.9065715346262
1456.0,-471.1538709479056,326.3981118327055
1456.5,-471.0627080617361,326.8896465963498
1457.0,-470.971520842691,327.3811748098601
1457.5,-470.8803090832365,327.87269845235085
1458.0,-470.7890692522145,328.36421489338665
1458.5,-470.6977987147311,328.8557258708745
1459.0,-470.60648680187336,329.34722848795485
1459.5,-470.51511433046585,329.8387139659172
1460.0,-470.423668444782,330.33017913000833
1460.5,-470.33214919558327,330.8216299861957
1461.0,-470.24055636541544,331.3130672709891
1461.5,-470.14889747412514,331.80449896879435
1462.0,-470.0571680970484,332.2959218406237
1462.5,-469.96537524095044,332.7873325728272
1463.0,-469.8735219251282,333.27872867693986
1463.5,-469.7816059801598,333.7701136006862
1464.0,-469.68964181608976,334.2614908592089
1464.5,-469.59764247183483,334.75286518966806
1465.0,-469.50560332346504,335.24423230686614
1465.5,-469.4135329909627,335.7355961798924
1466.0,-469.3214374659974,336.22695720057266
1466.5,-469.22932134081566,336.71831552060246
1467.0,-469.1371758934516,337.20966744951477
1467.5,-469.0449941737742,337.701008771652
1468.0,-468.952772822237,338.1923349941648
1468.5,-468.8605089034572,338.68364988976356
1469.0,-468.7682107432181,339.17495879482436
1469.5,-468.6758851016476,339.666265667984
1470.0,-468.5835408624476,340.15757156677296
1470.5,-468.49117553584256,340.64887376165035
1471.0,-468.3987891432397,341.14017144881035
1471.5,-468.3063970124997,341.6314700022874
1472.0,-468.21398787206135,342.1227672553177
1472.5,-468.1215580111921,342.6140637092361
1473.0,-468.0290951313631,343.1053570228482
1473.5,-467.9365916357868,343.5966447663866
1474.0,-467.84403809552714,344.08792302825026
1474.5,-467.75142788130927,344.5791900950759
1475.0,-467.6587630198801,345.07044440727674
1475.5,-467.56603701156706,345.56168280986634
1476.0,-467.4732491512396,346.0529066701335
1476.5,-467.38040108676626,346.5441216941689
1477.0,-467.2874983144111,347.0353304890409
1477.5,-467.1945431234755,347.526533490599
1478.0,-467.10153589899994,348.0177272597389
1478.5,-467.00846819249125,348.50890583289106
1479.0,-466.9153206439261,349.00006156300043
1479.5,-466.82210205055196,349.4911982347192
1480.0,-466.7288264522064,349.98232517200205
1480.5,-466.6354987878763,350.4734478946535
1481.0,-466.54213149845157,350.9645672164731
1481.5,-466.4487078519019,351.45567683763016
1482.0,-466.3552120535189,351.9467706397306
1482.5,-466.2616512226251,352.4378486667544
1483.0,-466.1680204148447,352.9289126869763
1483.5,-466.074302887638,353.4199615402493
1484.0,-465.9805004043748,353.910992828781
1484.5,-465.8866134562539,354.40200585200125
1485.0,-465.792654788793,354.8930091032492
1485.5,-465.6986325541974,355.38400515657446
1486.0,-465.604549661037,355.87499407929886
1486.5,-465.51039704807545,356.3659730739512
1487.0,-465.416157976146,356.8569313824528
1487.5,-465.3218134611845,357.3478604849849
1488.0,-465.2273369000999,357.8387577646359
1488.5,-465.1326902268861,358.3296172045943
1489.0,-465.0378235108046,358.82042984085706
1489.5,-464.94270518893546,359.31119416140024
1490.0,-464.84730549176675,359.8019047923846
1490.5,-464.75158401107615,360.2925516056909
1491.0,-464.6555224762406,360.7831293893411
1491.5,-464.5590917586126,361.2736343419684
1492.0,-464.46226479857944,361.76406735129467
1492.5,-464.3650429986484,362.25443232102435
1493.0,-464.26740369377956,362.74472135885077
1493.5,-464.1693142812698,363.2349232651844
1494.0,-464.0707188012769,363.72501972631073
1494.5,-463.97159331379385,364.21500775139515
1495.0,-463.8719080042297,364.7048863442618
1495.5,-463.77161908601244,365.1946488753311
1496.0,-463.67065687841097,365.68427812338535
1496.5,-463.56895223634507,366.17375766422543
1497.0,-463.4664290764975,366.66306488050736
1497.5,-463.3630065578871,367.1521795604578
1498.0,-463.25862076700037,367.64108369392477
1498.5,-463.1532142366014,368.1297637173726
1499.0,-463.0466800797039,368.6181926212236
1499.5,-462.93890227937004,369.10634615029744
1500.0,-462.8297631846057,369.5941976296142
1500.5,-462.7191381477052,370.0817178368946
1501.0,-462.60691274002363,370.5688786583807
1501.5,-462.4929290579037,371.05563640336953
1502.0,-462.3770182410746,371.54193809070466
1502.5,-462.25900809406755,372.02772739511425
1503.0,-462.1387661671916,372.5129548932781
1503.5,-462.01619942984036,372.99758623005306
1504.0,-461.8912915029311,373.4816211088946
1504.5,-461.7639214864841,373.96502605323514
1505.0,-461.63386227348815,374.44773194811665
1505.5,-461.5007644550205,374.9296232669344
1506.0,-461.36418952318184,375.41054614895097
1506.5,-461.2236286201289,375.89031068740775
1507.0,-461.0789001381309,376.36882116960504
1507.5,-460.9299846261541,376.8460355177343
1508.0,-460.77712141291465,377.3220109785302
1508.5,-460.62009243637146,377.7966510834651
1509.0,-460.45796752213386,378.2695790745841
1509.5,-460.2906999679421,378.740716398809
1510.0,-460.1183808774318,379.2100382435701
1510.5,-459.9406720762437,379.6773463988081
1511.0,-459.7575197020555,380.1425469846997
1511.5,-459.56902924326585,380.60561205968986
1512.0,-459.37461253565374,381.0662077032754
1512.5,-459.1749081974452,381.5245296076665
1513.0,-458.9704738715971,381.9807761330998
1513.5,-458.76075717243236,382.4346281378184
1514.0,-458.54525149467815,382.8857620455533
1514.5,-458.3237297884472,383.33396757017925
1515.0,-458.09656441835165,383.77933790585763
1515.5,-457.8639986406162,384.2219190071919
1516.0,-457.62580902484854,384.6615081669088
1516.5,-457.38163521135857,385.097806520701
1517.0,-457.1311018279535,385.5304838876191
1517.5,-456.8741183438121,385.9593586052759
1518.0,-456.6110088521707,386.3845046154361
1518.5,-456.3418869732277,386.80587693461104
1519.0,-456.0666711911396,387.223302193366
1519.5,-455.7850428228268,387.6364326804573
1520.0,-455.49645069092895,388.0447284196616
1520.5,-455.2007088718633,388.4478730771521
1521.0,-454.8983548200989,388.84608031953155
1521.5,-454.5897880410359,389.23949483288123
1522.0,-454.27578757924437,389.6285898878345
1522.5,-453.95555054238594,390.0125671546564
1523.0,-453.62846666009796,390.390729964982
1523.5,-453.2950021632477,390.7632806378078
1524.0,-452.95562152633966,391.1304510623015
1524.5,-452.61005525612103,391.49180517812374
1525.0,-452.2581882831416,391.8470257656236
1525.5,-451.900417711434,392.19629806045003
1526.0,-451.5370607759758,392.5397523329464
1526.5,-451.1683421982266,392.87744271729144
1527.0,-450.79430573462133,393.20923302206154
1527.5,-450.4150143184355,393.5350017183124
1528.0,-450.03046978819475,393.8545497790128
1528.5,-449.64100803537474,394.1680847748737
1529.0,-449.24662834769407,394.475408355763
1529.5,-448.84717753848093,394.77610543849204
1530.0,-448.44270903695406,395.0700079668216
1530.5,-448.0336332692553,395.3574588856615
1531.0,-447.6202599268445,395.63869757292395
1531.5,-447.2026610095263,395.91362758124455
1532.0,-446.7807207186149,396.1818488074919
1532.5,-446.3543765938354,396.4430104700299
1533.0,-445.9237310643331,396.6970105502098
1533.5,-445.48888309529013,396.94373585343345
1534.0,-445.0500382992526,397.18327117443266
1534.5,-444.60737096673984,397.41566078587056
1535.0,-444.16091458830294,397.64067485382947
1535.5,-443.7108471036195,397.85837249040856
1536.0,-443.25735093353387,398.0688303617758
1536.5,-442.80039391974134,398.27164970225095
1537.0,-442.34013878242206,398.4668567989548
1537.5,-441.876856997728,398.65476943637344
1538.0,-441.4107379645597,398.83553817879186
1538.5,-440.9419109532676,399.00917718128863
1539.0,-440.47042699285834,399.17547748022247
1539.5,-439.9962722792641,399.3339901659943
1540.0,-439.5196028390877,399.4847677557939
1540.5,-439.0406250817536,399.6280578437375
1541.0,-438.5594955917393,399.76397905745466
1541.5,-438.0762167561403,399.89207168159265
1542.0,-437.59091529373256,400.01228502198757
1542.5,-437.10364525730625,400.1242528784553
1543.0,-436.6145662034528,400.22804049851896
1543.5,-436.12379800925066,400.3235197499799
1544.0,-435.63146647555584,400.4105578923138
1544.5,-435.13773441377384,400.4892255593024
1545.0,-434.64275655425075,400.5595959720778
1545.5,-434.1466966197698,400.62187612273146
1546.0,-433.64971022399317,400.67629994288296
1546.5,-433.1519313572686,400.72295184974223
1547.0,-432.6534637405631,400.7615881776808
1547.5,-432.1544048080748,400.7916442946818
1548.0,-431.654893236334,400.81275701483605
1548.5,-431.1550974274793,400.82531121797894
1549.0,-430.65516136155486,400.8294268934759
1549.5,-430.1552296048889,400.82477310156025
1550.0,-429.6554486660132,400.8116079414554
1550.5,-429.15595388498934,400.79007181581414
1551.0,-428.65688439683333,400.76016758981575
1551.5,-428.15845256481845,400.72100964053544
1552.0,-427.66084277316014,400.6725095251412
1552.5,-427.16425053058094,400.6145012897347
1553.0,-426.66884498268575,400.5470824580606
1553.5,-426.1748167525351,400.47020054837293
1554.0,-425.6823352455986,400.38395740409675
1554.5,-425.1915718719516,400.2884127453272
1555.0,-424.70266671114695,400.18375755698315
1555.5,-424.21580146832616,400.06997223464265
1556.0,-423.7311466302057,399.947092947333
1556.5,-423.24888562624204,399.81512535516174
1557.0,-422.7692951212562,399.67376522962695
1557.5,-422.29261842641904,399.52287188939886
1558.0,-421.8190222162881,399.36257008154206
1558.5,-421.3485956631067,399.19318774682205
1559.0,-420.88125466246464,399.0154627922309
1559.5,-420.416961590261,398.82992207726625
1560.0,-419.9558603041999,398.63659079872093
1560.5,-419.49804914400147,398.43559896383346
1561.0,-419.04369537611575,398.22691481243595
1561.5,-418.5929900507177,398.0104606984523
1562.0,-418.1457880996141,397.7868537316167
1562.5,-417.70191621407355,397.55670766807367
1563.0,-417.26123225740804,397.3205164964866
1563.5,-416.8234791858842,397.0789430013833
1564.0,-416.3886493030948,396.83215567867137
1564.5,-415.95689834870313,396.5800200478133
1565.0,-415.5281850544299,396.32274852290783
1565.5,-415.1023729713759,396.060702692601
1566.0,-414.67936945069545,395.7941530081964
1566.5,-414.2591599712758,395.5232313491299
1567.0,-413.84183202123603,395.24790820217385
1567.5,-413.42740351563316,394.9682522375721
1568.0,-413.0159010608342,394.6843075769025
1568.5,-412.6071374985616,394.3964232036122
1569.0,-412.2008030988688,394.1051119012751
1569.5,-411.7966377997989,393.81080338092386
1570.0,-411.3945101481607,393.5137317772689
1570.5,-410.9944275861463,393.2139347834643
1571.0,-410.59650286376876,392.91130364541664
1571.5,-410.2009079570617,392.6056479329149
1572.0,-409.80780391680264,392.29679156563566
1572.5,-409.4171365444235,391.9848432725758
1573.0,-409.02874060019485,391.670058777047
1573.5,-408.6424729109545,391.35266070867004
1574.0,-408.2579945520618,391.033113269046
1574.5,-407.8752038290585,390.71157315683985
1575.0,-407.4941418007062,390.3880133555408
1575.5,-407.11494029116926,390.06228863927197
1576.0,-406.737525958108,389.73449368388697
1576.5,-406.361860310171,389.40469036679764
1577.0,-405.98784891599087,389.07300956098555
1577.5,-405.61534570038356,388.73964321255704
1578.0,-405.2443499420006,388.4046127911625
1578.5,-404.8746929898661,388.06812996890375
1579.0,-404.506483833911,387.73007976633187
1579.5,-404.1396764524375,387.39052880276455
1580.0,-403.7744131935784,387.0493212622005
1580.5,-403.4106365047415,386.7065341180144
1581.0,-403.0483025117751,386.362233097972
1581.5,-402.68732201908637,386.01653108252896
1582.0,-402.3278270212368,385.66928618963857
1582.5,-401.96980928231665,385.32050172294987
1583.0,-401.61334305608386,384.97010812278234
1583.5,-401.2582553060841,384.6183099279718
1584.0,-400.9044131183736,384.26526762916905
1584.5,-400.551779805848,383.9110469925154
1585.0,-400.2003170594567,383.55569515683146
1585.5,-399.8502475207441,383.1989781289518
1586.0,-399.50182528053284,382.84062651620934
1586.5,-399.15492506862495,382.4807809862254
1587.0,-398.80937096606885,382.119636299681
1587.5,-398.46500832048963,381.7573631747412
1588.0,-398.12179066608354,381.3940146418284
1588.5,-397.77977494950136,381.02954391397924
1589.0,-397.43907335701016,380.66384798710345
1589.5,-397.09966836436666,380.2969515124771
1590.0,-396.7614976277144,379.9289227065124
1590.5,-396.4246108592012,379.55971607310977
1591.0,-396.08910572728814,379.1892331967579
1591.5,-395.75495888797406,378.81750463544347
1592.0,-395.42194038625047,378.44476444183783
1592.5,-395.0899499047461,378.0711190469252
1593.0,-394.7590041677409,377.696555936795
1593.5,-394.4291508576421,377.3210301331487
1594.0,-394.1004914309895,376.94444196577774
1594.5,-393.77293655138345,376.56687024189443
1595.0,-393.4462861454297,376.1885046161871
1595.5,-393.1203688564322,375.8095114316601
1596.0,-392.7951619286204,375.4299159167615
1596.5,-392.470700947238,375.0496846280583
1597.0,-392.14701511825643,374.66878926673843
1597.5,-391.82414201952895,374.2871911012668
1598.0,-391.5019771780654,373.90498639794504
1598.5,-391.1803921536683,373.52229412090145
1599.0,-390.85932851492925,373.13916659070196
1599.5,-390.538802468913,372.7555898378907
1600.0,-390.21881766085437,372.3715582708896
1600.5,-389.89940572074016,371.98704531492564
1601.0,-389.58052117300883,371.6020949635682
1601.5,-389.2620893828544,371.2167750277486
1602.0,-388.9440868376698,370.83110484723267
1602.5,-388.62652351542357,370.4450769312348
1603.0,-388.3093792190701,370.05870618864026
1603.5,-387.992666196563,369.671982116105
1604.0,-387.6763719878621,369.2849140885052
1604.5,-387.3604949263908,368.8975037721627
1605.0,-387.0449921721552,368.5097860261228
1605.5,-386.7298252879051,368.1217927602988
1606.0,-386.4149701627046,367.73354657538465
1606.5,-386.10044702622446,367.3450322242654
1607.0,-385.78623000640243,366.956271117253
1607.5,-385.47231943318343,366.56726327872303
1608.0,-385.1587563735244,366.17797243934984
1608.5,-384.84556066576295,365.7883791736739
1609.0,-384.53266113518083,365.3985407598672
1609.5,-384.22000028645573,365.00850113882296
1610.0,-383.9075097043758,364.6183161654706
1610.5,-383.59513403731603,364.2280311954919
1611.0,-383.2828434411988,363.83767059998644
1611.5,-382.9706086967188,363.44725832123
1612.0,-382.65841172182274,363.05681145073527
1612.5,-382.34623839165073,362.66634147746663
1613.0,-382.0340717540088,362.27586370073885
1613.5,-381.7218980585764,361.8853894951159
1614.0,-381.4097113904784,361.4949247910687
1614.5,-381.0975104394379,361.1044700434331
1615.0,-380.78529206437156,360.7140274730224
1615.5,-380.4730473124998,360.32360228963137
1616.0,-380.1607802610604,359.93319047791715
1616.5,-379.84849585815925,359.54278928191405
1617.0,-379.5361926432104,359.1524009334864
1617.5,-379.22386735842434,358.7620270352064
1618.0,-378.91152166779244,358.37166586205416
1618.5,-378.5991609572918,357.98131203574866
1619.0,-378.2867826481369,357.59096419034177
1619.5,-377.974386680475,357.20062347027215
1620.0,-377.6619664457112,356.81029440568534
1620.5,-377.34952425628103,356.41997615501384
1621.0,-377.03705427377673,356.02967457904373
1621.5,-376.72455397612487,355.63939397589735
1622.0,-376.41202189752,355.24913650508034
1622.5,-376.0994549975823,354.85890559194127
1623.0,-375.78685708934734,354.46869957012615
1623.5,-375.4742335804444,354.0785155430255
1624.0,-375.16158648934817,353.68835160526334
1624.5,-374.8489176314126,353.2982052824191
1625.0,-374.53623225982795,352.90807174705105
1625.5,-374.22352890668185,352.5179512311304
1626.0,-373.9108059054385,352.12784598649296
1626.5,-373.5980689055433,351.7377526850491
1627.0,-373.2853183872568,351.34767087822695
1627.5,-372.97255588714376,350.9575981267225
1628.0,-372.65977995369883,350.5675355006345
1628.5,-372.34699248610485,350.1774810881553
1629.0,-372.0341919438172,349.7874353910681
1629.5,-371.72138215110476,349.3973957296381
1630.0,-371.4085629495429,349.00736263560975
1630.5,-371.0957330649115,348.6173373370208
1631.0,-370.7828885486128,348.22732345409406
1631.5,-370.47002812148264,347.8373237621876
1632.0,-370.15715822925404,347.44733322691235
1632.5,-369.84428217474755,347.05734894310996
1633.0,-369.5314002904619,346.667369736519
1633.5,-369.21850994022094,346.2773972378401
1634.0,-368.90560868416935,345.88743338588154
1634.5,-368.5927005581245,345.49747633853366
1635.0,-368.27978194620687,345.10752967366415
1635.5,-367.96685119925615,344.7175941754553
1636.0,-367.65390871176555,344.3276684114327
1636.5,-367.34095405033975,343.93775215545423
1637.0,-367.0279902144583,343.54784225555096
1637.5,-366.7150161374647,343.1579398469698
1638.0,-366.40202678547814,342.76804957467033
1638.5,-366.0890270980755,342.378168464948
1639.0,-365.7760169295364,341.9882963812698
1639.5,-365.4629920641615,341.5984361176134
1640.0,-365.14994891557075,341.208588766872
1640.5,-364.8368871911555,340.8187541401117
1641.0,-364.52380706827466,340.42893213497644
1641.5,-364.21070678340095,340.0391252360593
1642.0,-363.897585783052,339.6493350013612
1642.5,-363.5844430209492,339.25956281871726
1643.0,-363.2712779861307,338.86980885201774
1643.5,-362.9580933436871,338.4800708173687
1644.0,-362.64488459453185,338.0903524931296
1644.5,-362.33164131208025,337.7006623222832
1645.0,-362.01836048311253,337.31100231537516
1645.5,-361.70504244651477,336.9213725605399
1646.0,-361.3916834320794,336.5317758863663
1646.5,-361.0782811532091,336.1422142865957
1647.0,-360.7648376258886,335.75268611009494
1647.5,-360.45135256107966,335.36319155843006
1648.0,-360.1378217269888,334.97373404186993
1648.5,-359.8242509987916,334.5843082454911
1649.0,-359.5106401568624,334.1949135287576
1649.5,-359.19698658037896,333.8055518811462
1650.0,-358.8832865991714,333.4162260267066
1650.5,-358.56954813612725,333.0269297039304
1651.0,-358.2557725258216,332.637662243002
1651.5,-357.94195365633686,332.2484288446859
1652.0,-357.62809035523344,331.85923080910027
1652.5,-357.31418624096466,331.47006535679617
1653.0,-357.0002438772419,331.08093051903774
1653.5,-356.68626023435166,330.6918293256584
1654.0,-356.37223644116375,330.3027612661857
1654.5,-356.05817221495903,329.9137265016724
1655.0,-355.7440675412546,329.52472566853436
1655.5,-355.4299174447801,329.1357629860128
1656.0,-355.11571708116975,328.7468423441393
1656.5,-354.80146576840855,328.3579646003946
1657.0,-354.48715659934714,327.9691354123403
1657.5,-354.1727793175543,327.5803624006949
1658.0,-353.85830932050834,327.1916652038818
1658.5,-353.5437507667868,326.803040871382
1659.0,-353.22909686918086,326.41449469739626
1659.5,-352.91434453164845,326.0260292961354
1660.0,-352.5994867414921,325.6376506606111
1660.5,-352.2845185761265,325.24936269627955
1661.0,-351.96943824621854,324.8611657160823
1661.5,-351.6542382867189,324.47306477892135
1662.0,-351.33891441354837,324.0850630993685
1662.5,-351.0234562058768,323.69716893665
1663.0,-350.7078538902035,323.3093900893541
1663.5,-350.39211935210255,322.9217172552786
1664.0,-350.07625153691004,322.53415140852456
1664.5,-349.76024884885703,322.14669344262774
1665.0,-349.4441182863451,321.75933818475625
1665.5,-349.12784776493163,321.372096364581
1666.0,-348.8114529237295,320.9849553882195
1666.5,-348.4949407174691,320.59791034116137
1667.0,-348.17831448175417,320.21095902511615
1667.5,-347.8615747998101,319.8241010741552
1668.0,-347.5447202929524,319.4373379478126
1668.5,-347.2277421521384,319.0506772678336
1669.0,-346.9106496222794,318.66411192221193
1669.5,-346.59344389831114,318.27764109443706
1670.0,-346.27612429743846,317.8912656733285
1670.5,-345.958686102091,317.50498926179773
1671.0,-345.6411257572089,317.1188150603304
1671.5,-345.3234244735954,316.7327583522854
1672.0,-345.0055838184815,316.34681757620206
1672.5,-344.68759884033466,315.96099641699544
1673.0,-344.3694572805974,315.5753044174986
1673.5,-344.0511529909091,315.1897464108413
1674.0,-343.7326829315989,314.8043250277999
1674.5,-343.41404262721767,314.41904382721316
1675.0,-343.095210126318,314.0339207468692
1675.5,-342.776192888523,313.64894947443275
1676.0,-342.4569893489349,313.2641312715703
1676.5,-342.1375990465536,312.8794666439249
1677.0,-341.818023751149,312.49495442797553
1677.5,-341.498259096862,312.11059794708837
1678.0,-341.17830484843256,311.7263978397797
1678.5,-340.85816113625407,311.3423546319229
1679.0,-340.5378156861489,310.9584795068021
1679.5,-340.2172845626734,310.5747593996023
1680.0,-339.8965612220779,310.19119949650684
1680.5,-339.5756466165733,309.80779965737725
1681.0,-339.2545464407678,309.42455603322156
1681.5,-338.9332590703401,309.0414703813305
1682.0,-338.61177752412186,308.6585491272911
1682.5,-338.2900947745004,308.2757987633672
1683.0,-337.96817849880546,307.8932467647719
1683.5,-337.64604570093593,307.5108788628821
1684.0,-337.32368987406545,307.1287011412659
1684.5,-337.00109475276486,306.7467270059176
1685.0,-336.6782504179304,306.3649644783194
1685.5,-336.35514683042885,305.98342205060516
1686.0,-336.03177213957673,305.60210985370355
1686.5,-335.7081228962879,305.2210311463498
1687.0,-335.3841602856117,304.8402186614361
1687.5,-335.0598978951483,304.4596602178062
1688.0,-334.7353382928881,304.07935419945636
1688.5,-334.41047810478165,303.6993040303889
1689.0,-334.0853187847629,303.31950872838786
1689.5,-333.75986505184824,302.9399654647419
1690.0,-333.43411235573245,302.5606783761504
1690.5,-333.1080496634034,302.18165642703707
1691.0,-332.7816489521551,301.802924622269
1691.5,-332.4549435206459,301.4244550489055
1692.0,-332.12793808425573,301.04624464549073
1692.5,-331.80063086600916,300.6682952977656
1693.0,-331.4730157903356,300.29061266461775
1693.5,-331.14508967168973,299.91319996608865
1694.0,-330.81685462334787,299.53605624878384
1694.5,-330.4882981796096,299.15919289068404
1695.0,-330.1594217392952,298.7826093979778
1695.5,-329.83024249818567,298.4062905935685
1696.0,-329.50075898601955,298.030238137259
1696.5,-329.170980403591,297.6544447866538
1697.0,-328.8409178486344,297.278902222746
1697.5,-328.51057225971493,296.9036100992138
1698.0,-328.1799327275769,296.5285779598315
1698.5,-327.8489766450014,296.1538258940571
1699.0,-327.51772882343346,295.7793324614597
1699.5,-327.1861887490636,295.4050987568237
1700.0,-326.85434938418587,295.0311312785223
1700.5,-326.5222016236172,294.657437929859
1701.0,-326.1897320174604,294.2840305294284
1701.5,-325.8569318536244,293.9109162085157
1702.0,-325.52376656322866,293.5381261202517
1702.5,-325.19028025495635,293.165621924445
1703.0,-324.85648477409933,292.79339436745613
1703.5,-324.52238305523076,292.42144159831116
1704.0,-324.18796789512345,292.04976991510597
1704.5,-323.8532362606441,291.6783819036679
1705.0,-323.51817898682134,291.3072859279139
1705.5,-323.1827721595149,290.93650363019776
1706.0,-322.84705841543547,290.5659979398382
1706.5,-322.51104654528535,290.19576214270126
1707.0,-322.1747364791085,289.82579700884924
1707.5,-321.838128535255,289.4561026485976
1708.0,-321.5012243516577,289.0866782978531
1708.5,-321.1640104448867,288.7175364670975
1709.0,-320.82648013072543,288.34868367924554
1709.5,-320.48866902746755,287.9800883700983
1710.0,-320.1505933411079,287.61173735823843
1710.5,-319.8122639148558,287.243621997621
1711.0,-319.47368220013317,286.87574135909136
1711.5,-319.134840470598,286.50810201462156
1712.0,-318.7957056764121,286.1407344210867
1712.5,-318.45630061762716,285.7736180056842
1713.0,-318.11663493585564,285.4067446217245
1713.5,-317.77670923164413,285.04011496293515
1714.0,-317.436512899258,284.6737396417968
1714.5,-317.0960298717476,284.30763250856563
1715.0,-316.75522923938513,283.9418225205875
1715.5,-316.41408647322464,283.57633212616224
1716.0,-316.0726045459285,283.2111574979979
1716.5,-315.73077290700127,282.84630837168345
1717.0,-315.38858899171646,282.481787789473
1717.5,-315.0460510929356,282.117597892312
1718.0,-314.7031581406676,281.7537411843196
1718.5,-314.35987986258925,281.39024783844997
1719.0,-314.0162406906088,281.02709505835924
1719.5,-313.67223311569114,280.66429002841363
1720.0,-313.3278588122035,280.3018319782894
1720.5,-312.98311407423256,279.9397254286514
1721.0,-312.6379939751923,279.5779753848652
1721.5,-312.2924537398059,279.2166261494188
1722.0,-311.9465410626558,278.85563314061255
1722.5,-311.6002648636656,278.4949891870269
1723.0,-311.25364102579243,278.13468125229116
1723.5,-310.9066630826736,277.77471726025476
1724.0,-310.55931013714945,277.415117234937
1724.5,-310.2115240278824,277.05593747454816
1725.0,-309.86335452092214,276.69713021329443
1725.5,-309.5148144575494,276.33868529490354
1726.0,-309.16590150494574,275.9806072460672
1726.5,-308.8165887003213,275.62292174943303
1727.0,-308.46685755823677,275.2656477589941
1727.5,-308.11666924014656,274.90882422970753
1728.0,-307.7660521878071,274.55242336234375
1728.5,-307.4150141271368,274.19643962778446
1729.0,-307.0635422850519,273.8408870754286
1729.5,-306.7116165630326,273.4857853090663
1730.0,-306.359194214418,273.1311770008645
1730.5,-306.00624782400996,272.7770894269936
1731.0,-305.6527962725863,272.42350387774206
1731.5,-305.29885227673424,272.07040888797343
1732.0,-304.9444447433211,271.717778886544
1732.5,-304.5895800203188,271.36561033749723
1733.0,-304.23419891213786,271.01396281392095
1733.5,-303.8783354774683,270.66280258070066
1734.0,-303.5219988759565,270.3121219782939
1734.5,-303.1651941475436,269.96191706893967
1735.0,-302.8079231901107,269.6121872430818
1735.5,-302.4501540051801,269.2629663850269
1736.0,-302.09184264511265,268.914298886038
1736.5,-301.73302525536263,268.56614868942575
1737.0,-301.3737010798925,268.2185181940613
1737.5,-301.01387151595486,267.8714076753312
1738.0,-300.65353742008057,267.5248182148893
1738.5,-300.2926454364352,267.17880613500216
1739.0,-299.9312660687821,266.83330033744073
1739.5,-299.5694238239824,266.48827721111155
1740.0,-299.2071320673228,266.14372474163173
1740.5,-298.8444081315953,265.79962633244475
1741.0,-298.4812516059451,265.455985047046
1741.5,-298.1176971299167,265.11276739760103
1742.0,-297.7537848786501,264.7699333888336
1742.5,-297.38952321663305,264.4274763746132
1743.0,-297.0249037724981,264.08540632652114
1743.5,-296.65989081738405,263.74376190146745
1744.0,-296.2944657424919,263.4025637703426
1744.5,-295.92864992280505,263.06179104638215
1745.0,-295.5624231051978,262.72146599450855
1745.5,-295.19575546838195,262.38162028938865
1746.0,-294.82857261660445,262.0423334986239
1746.5,-294.46080236448864,261.7036821730734
1747.0,-294.09246251448815,261.365646104236
1747.5,-293.72354950013766,261.02823127408476
1748.0,-293.3540621630481,260.6914400868854
1748.5,-292.98396267447424,260.3553154619175
1749.0,-292.6132791476743,260.0198291064553
1749.5,-292.24207247265684,259.6849166786009
1750.0,-291.870379962301,259.3505400574406
1750.5,-291.4982387474584,259.01666137465577
1751.0,-291.1256112460936,258.6833253324296
1751.5,-290.7525886380744,258.3504316817029
1752.0,-290.3791931209672,258.01795759516693
1752.5,-290.00544471512427,257.6858825081597
1753.0,-289.63133106133216,257.35422362702815
1753.5,-289.256886484284,257.0229447945564
1754.0,-288.88210841678506,256.69204820614976
1754.5,-288.50697736906045,256.36155481659677
1755.0,-288.1314444307417,256.03152004600685
1755.5,-287.7554971707978,255.70195758563176
1756.0,-287.37915169003395,255.37284981035378
1756.5,-287.0024052193661,255.04420052670753
1757.0,-286.6251987607402,254.7160774364617
1757.5,-286.24754998176957,254.38845896440614
1758.0,-285.8694963951685,254.06130325614603
1758.5,-285.49105529577633,253.73459076855477
1759.0,-285.11219944276377,253.4083547612622
1759.5,-284.733007685007,253.08250701445778
1760.0,-284.3535136536572,252.7570113870576
1760.5,-283.97371919301906,252.43186777118106
1761.0,-283.59361815032514,252.10708583555575
1761.5,-283.2132508648889,251.78261968362958
1762.0,-282.83262225149565,251.45846487720175
1762.5,-282.4516870348692,251.13467690318797
1763.0,-282.07048043706266,250.8112146432932
1763.5,-281.689007007847,250.48807435060823
1764.0,-281.30722909021245,250.16530101244697
1764.5,-280.9251280555857,249.84291583451233
1765.0,-280.54269439254307,249.5209267862956
1765.5,-280.159876692444,249.19939309307924
1766.0,-279.7766231762309,248.87837472255097
1766.5,-279.3929801931,248.5578180642139
1767.0,-279.00893128821735,248.23774364445757
1767.5,-278.62443452544596,247.918203455478
1768.0,-278.23953870714814,247.59913904853138
1768.5,-277.8542256912571,247.2805715232169
1769.0,-277.46848645066615,246.96251562004616
1769.5,-277.08241049513776,246.6448679403834
1770.0,-276.69598675618005,246.32764492510717
1770.5,-276.3091961292869,246.01087070249295
1771.0,-275.92207680900276,245.6944996832512
1771.5,-275.53459474513375,245.3785753070238
1772.0,-275.14676681883486,245.0630786490747
1772.5,-274.75863476843926,244.74796205954772
1773.0,-274.37012460805295,244.43331888319517
1773.5,-273.9812432928528,244.11913601923422
1774.0,-273.5919736882021,243.8054326516422
1774.5,-273.2022575231387,243.49228340689015
1775.0,-272.81216200133747,243.1796064155649
1775.5,-272.4216367847159,242.8674655892228
1776.0,-272.0306860648322,242.55585638844332
1776.5,-271.6393207737778,242.24476435951038
1777.0,-271.24744339874553,241.93430959258515
1777.5,-270.85515526441344,241.62436902071818
1778.0,-270.46242186490707,241.3149904391197
1778.5,-270.06926378131317,241.0061509980637
1779.0,-269.6757103991919,240.69781632481323
1779.5,-269.2816997354796,240.39006920762733
1780.0,-268.8872861293268,240.08284064750902
1780.5,-268.49238629397286,239.77623977294908
1781.0,-268.0970560075911,239.47019664354818
1781.5,-267.7012427236479,239.16478043898127
1782.0,-267.30494168867745,238.8599985214399
1782.5,-266.90818020222736,238.55581921732258
1783.0,-266.51089802878846,238.25232553189508
1783.5,-266.1131521393203,237.94944368773312
1784.0,-265.71480793924854,237.64735245498227
1784.5,-265.3159508019646,237.3459395325803
1785.0,-264.91644762630017,237.04538250635798
1785.5,-264.5163746016242,236.74558106032572
1786.0,-264.11564409096167,236.44665534454248
1786.5,-263.71432873090794,236.14851244668424
1787.0,-263.3123882545885,235.85121318893172
1787.5,-262.9098443514851,235.55473065613458
1788.0,-262.5066513722432,235.25913132953633
1788.5,-262.1028059678803,234.96442169423074
1789.0,-261.6982816564624,234.67064237244986
1789.5,-261.2930987619581,234.3777712387059
1790.0,-260.887261149646,234.08580956740573
1790.5,-260.48079331751296,233.79473018147888
1791.0,-260.0736586355721,233.50458905187938
1791.5,-259.6658457449753,233.21540392773034
1792.0,-259.25728091868956,232.9272800138129
1792.5,-258.8480158851935,232.64015198228634
1793.0,-258.43795277677043,232.35416140023912
1793.5,-258.0271870613874,232.0691797302969
1794.0,-257.6155883554109,231.78540048621943
1794.5,-257.2032497421142,231.5026941286816
1795.0,-256.78997519954794,231.2213506705381
1795.5,-256.3759100863946,230.94116608206446
1796.0,-255.96093210376742,230.66232841887933
1796.5,-255.5451378462076,230.38470398372314
1797.0,-255.12850151260497,230.10833996984263
1797.5,-254.7110410823936,229.8332201438765
1798.0,-254.29279366679933,229.5592954306843
1798.5,-253.87366562410202,229.28671683211934
1799.0,-253.45377839613724,229.01530703735338
1799.5,-253.03304020886665,228.74521854556787
1800.0,-252.61155183534473,228.4763042906738
1800.5,-252.1892834605954,228.2086199315301
1801.0,-251.76620512425498,227.94222229104486
1801.5,-251.3423627662424,227.67704480631926
1802.0,-250.9176056677788,227.41333694388894
1802.5,-250.49205986304693,227.15090635311364
1803.0,-250.06564799924078,226.88988583617817
1803.5,-249.63832697719675,226.6303554747526
1804.0,-249.21016347107295,226.3722156826189
1804.5,-248.78103605280555,226.11568051904973
1805.0,-248.3510123947195,225.8606481537832
1805.5,-247.920075105404,225.6071583523831
1806.0,-247.4881499846181,225.35535173776444
1806.5,-247.05534284732977,225.10506024415187
1807.0,-246.62160775929866,224.85637562979198
1807.5,-246.1869373615815,224.60932585369736
1808.0,-245.75139946072213,224.3638041715097
1808.5,-245.31494426497872,224.11991308846885
1809.0,-244.87762718991038,223.87756980599025
1809.5,-244.43952372456218,223.63665263075492
1810.0,-244.00058725303546,223.39725952508212
1810.5,-243.56083185875707,223.15937747730482
1811.0,-243.1202825757172,222.92297016726351
1811.5,-242.67891031711343,222.68810425672544
1812.0,-242.23675346040963,222.45472245690982
1812.5,-241.79386932168265,222.2227284495822
1813.0,-241.35023145485872,221.9921835858032
1813.5,-240.9058167597731,221.76314652796486
1814.0,-240.4606442421861,221.53558991077142
1814.5,-240.0146714753293,221.3096038340633
1815.0,-239.56780670934845,221.0853817639918
1815.5,-239.12012068714614,220.86279874622093
1816.0,-238.67163185836444,220.64183315276108
1816.5,-238.22234265616817,220.4224955044991
1817.0,-237.77225699397263,220.20479372058387
1817.5,-237.32142701305273,219.98863321800573
1818.0,-236.8698679935688,219.77399258112197
1818.5,-236.41760246851544,219.56083927581892
1819.0,-235.96470282880006,219.3490366785946
1819.5,-235.511236617501,219.13845340281895
1820.0,-235.05721721672714,218.92906905896479
1820.5,-234.60265157628737,218.720876790238
1821.0,-234.14755995054654,218.51384602730835
1821.5,-233.6919857513043,218.30789099832782
1822.0,-233.23593821686728,218.1029963344045
1822.5,-232.77942047995572,217.89916075368149
1823.0,-232.32239758724512,217.69646312896018
1823.5,-231.8648622967444,217.4949189710885
1824.0,-231.40684811204372,217.29445753885085
1824.5,-230.94839676872047,217.09499366775168
1825.0,-230.48953557437673,216.89647188336113
1825.5,-230.03027716397506,216.69886855176316
1826.0,-229.5706555608034,216.50210719114483
1826.5,-229.1107006562846,216.30611832073396
1827.0,-228.65043792201877,216.1108429491358
1827.5,-228.18990811182786,215.9161897275885
1828.0,-227.72916312155414,215.72204616084687
1828.5,-227.26824448676328,215.52832601016817
1829.0,-226.80717501017097,215.33498680668055
1829.5,-226.345962815367,215.14201003840702
1830.0,-225.88461287141524,214.9493786212774
1830.5,-225.42312648845922,214.75708315416458
1831.0,-224.9615114758197,214.56509856246436
1831.5,-224.49978726878467,214.37337997741366
1832.0,-224.03796936679976,214.18189367077164
1832.5,-223.57606243796207,213.9906245423706
1833.0,-223.11407301733922,213.79954983034162
1833.5,-222.65202116979683,213.60862191601322
1834.0,-222.1899215052733,213.41780034804842
1834.5,-221.72779289526798,213.22703759506697
1835.0,-221.26565329389027,213.03628751055373
1835.5,-220.8035196708672,212.8455071873276
1836.0,-220.34140422194767,212.6546693780483
1836.5,-219.87931631372743,212.46375539473573
1837.0,-219.41726806629643,212.2727411165648
1837.5,-218.95526823572553,212.08161283506428
1838.0,-218.49332091418222,211.890369161839
1838.5,-218.03143075375348,211.69900361414054
1839.0,-217.56960627229216,211.5074974962971
1839.5,-217.10786068899534,211.31580961850003
1840.0,-216.64621594603958,211.12387907519206
1840.5,-216.1846875501031,210.93166417724245
1841.0,-215.72329068512047,210.7391309076988
1841.5,-215.26204020688203,210.5462490174663
1842.0,-214.80095624286716,210.3529742621769
1842.5,-214.3400594059474,210.159259400476
1843.0,-213.8793685944374,209.96506020061443
1843.5,-213.4189111671536,209.77030753557625
1844.0,-212.9587171233028,209.57492392034555
1844.5,-212.49880390332652,209.37886768105932
1845.0,-212.03918776806935,209.18210357945736
1845.5,-211.57987882944013,208.98461224257298
1846.0,-211.120893793723,208.7863597236112
1846.5,-210.66224920856635,208.5873157644528
1847.0,-210.20396224269354,208.38745008458272
1847.5,-209.74605735515775,208.1867148328378
1848.0,-209.2885759888232,207.98502468244334
1848.5,-208.83157382503762,207.7822568920753
1849.0,-208.37512732836657,207.57823724771586
1849.5,-207.91925823675876,207.37292649259794
1850.0,-207.46396128237748,207.1663588666044
1850.5,-207.00928357812418,206.95844244287315
1851.0,-206.5552752050358,206.74907959551342
1851.5,-206.1019807070172,206.5381841034145
1852.0,-205.64946066091116,206.32563457494982
1852.5,-205.1977563229509,206.11135739216542
1853.0,-204.7468403708063,205.89543918955735
1853.5,-204.29675948018078,205.6777984264752
1854.0,-203.84756817951603,205.45833620537272
1854.5,-203.3993317718996,205.23693003724827
1855.0,-202.95208921454258,205.01351850978477
1855.5,-202.50586291176506,204.7880770684462
1856.0,-202.06071085218665,204.5605125604078
1856.5,-201.61661496126595,204.3308864588757
1857.0,-201.17359667819966,204.0991824441017
1857.5,-200.73168590740408,203.86536822393285
1858.0,-200.2908968739473,203.62944217073215
1858.5,-199.8512150329636,203.39146349285153
1859.0,-199.41271472444885,203.15131719958092
1859.5,-198.97548922480496,202.90885774368147
1860.0,-198.5395831750867,202.66403006241922
1860.5,-198.10503461136753,202.4167973085409
1861.0,-197.67188150535165,202.16712287430212
1861.5,-197.24011935171788,201.9150514368944
1862.0,-196.80982456966214,201.6604830487685
1862.5,-196.3810964802322,201.4032836785685
1863.0,-195.9539380258933,201.1434843671421
1863.5,-195.5283794162431,200.88107300759813
1864.0,-195.10448000328475,200.61598765866225
1864.5,-194.68227991504995,200.34820232009102
1865.0,-194.2619032199127,200.07755875988576
1865.5,-193.84340659166344,199.80401203476848
1866.0,-193.4267983792824,199.52759390298016
1866.5,-193.01209503256996,199.24832504199892
1867.0,-192.59932510796415,198.96620831316145
1867.5,-192.18860198672456,198.68112200099574
1868.0,-191.78009773751145,198.3928653492285
1868.5,-191.37383639015493,198.10145529994003
1869.0,-190.96987253333907,197.80686696759506
1869.5,-190.5682392176839,197.50910767602957
1870.0,-190.1689716954315,197.20818418889425
1870.5,-189.7721394308297,196.90405879634682
1871.0,-189.37772782338408,196.596803675973
1871.5,-188.98577787029515,196.28641716152092
1872.0,-188.59635926791876,195.97286174461973
1872.5,-188.2095911521524,195.65604440260387
1873.0,-187.82550753557845,195.3359802946838
1873.5,-187.4440845434014,195.01275382621535
1874.0,-187.065347497581,194.68638975963285
1874.5,-186.68943546378463,194.3567788243768
1875.0,-186.31662567055469,194.0236621484265
1875.5,-185.94685338660076,193.68717243049346
1876.0,-185.5799796737394,193.34752352810523
1876.5,-185.21606233412007,193.00471189835713
1877.0,-184.8551967042538,192.65869382413757
1877.5,-184.49736068335287,192.30954384710316
1878.0,-184.1426777667114,191.9571895440595
1878.5,-183.7911497413925,191.60168627954297
1879.0,-183.44269817477587,191.24316655517268
1879.5,-183.09744355627006,190.8815675041762
1880.0,-182.755434560993,190.516894919929
1880.5,-182.41673581886602,190.14914016603484
1881.0,-182.08117872833208,189.77851443017443
1881.5,-181.74863816581683,189.40518251128358
1882.0,-181.41927261414676,189.02904749466776
1882.5,-181.09314214246805,188.6501034591752
1883.0,-180.77027333605344,188.2683733792215
1883.5,-180.45069896547986,187.88387574138272
1884.0,-180.13439675038458,187.49667786106076
1884.5,-179.82137242642222,187.10682178303972
1885.0,-179.51167482751083,186.714314878993
1885.5,-179.2048572816445,186.3195579487386
1886.0,-178.90080866169032,185.92267640268616
1886.5,-178.59950154515363,185.523723799748
1887.0,-178.30111057734422,185.12259744911535
1887.5,-178.00599679237357,184.7190558157624
1888.0,-177.71432574704136,184.31301762630628
1888.5,-177.42590027563313,183.9046705651986
1889.0,-177.14081088657062,183.4939907693325
1889.5,-176.85922133596605,183.08090197011407
1890.0,-176.58126611487054,182.66535814608358
1890.5,-176.30709375342505,182.2473063560748
1891.0,-176.03678222131288,181.82674407610747
1891.5,-175.7703890475887,181.4036822500806
1892.0,-175.5076542003792,180.97833291037827
1892.5,-175.24841864769024,180.55083524191244
1893.0,-174.99254250521804,180.1213125953169
1893.5,-174.7400235468315,179.68980207428083
1894.0,-174.49087396646667,179.25633152533118
1894.5,-174.2450239347043,178.82097597777167
1895.0,-174.0021498972825,178.38395537412336
1895.5,-173.76202134598535,177.94542982054665
1896.0,-173.5247803977519,177.50534824696962
1896.5,-173.29073712562695,177.06356751748848
1897.0,-173.0603077205139,176.61989308206924
1897.5,-172.8337292886893,176.17423482609476
1898.0,-172.61093857609055,175.726665600895
1898.5,-172.39176397257816,175.27731441128623
1899.0,-172.17607095567803,174.82628578315504
1899.5,-171.96398686760043,174.3735505697811
1900.0,-171.75558636774323,173.9191066896461
1900.5,-171.55078049719867,173.4630309201926
1901.0,-171.3496512289916,173.0053210221959
1901.5,-171.15230253831828,172.54596552336443
1902.0,-170.95879430314702,172.08497501365363
1902.5,-170.76917351192319,171.6223669103855
1903.0,-170.58341035192953,171.1581951405076
1903.5,-170.40119713553358,170.69262489704454
1904.0,-170.22257603967483,170.22567530655098
1904.5,-170.04781374550925,169.75727482427658
1905.0,-169.8771884375248,169.2873518379962
1905.5,-169.71091557915832,168.81586477977217
1906.0,-169.5488810264495,168.34289649522424
1906.5,-169.39083190772638,167.86857885984205
1907.0,-169.2367028377407,167.39297144141915
1907.5,-169.08649541066774,166.9161116656059
1908.0,-168.94041215007934,166.43797309043723
1908.5,-168.7985833856095,165.9585538709349
1909.0,-168.66100783565292,165.47789366823108
1909.5,-168.5274389211834,164.9961044045059
1910.0,-168.39782247515927,164.5132365176353
1910.5,-168.27200630378942,164.0293667922151
1911.0,-168.14974565961182,163.54459350456276
1911.5,-168.0309814200898,163.05896186643523
1912.0,-167.91596810369424,162.57243506805779
1912.5,-167.805056891147,162.08495758597138
1913.0,-167.69846284536555,161.59651309928205
1913.5,-167.59604082313956,161.1071714914253
1914.0,-167.49743296966162,160.61705251791315
1914.5,-167.40228735362888,160.12626683527373
1915.0,-167.3110000413602,159.63476623256335
1915.5,-167.22436578976678,159.14242858994209
1916.0,-167.14289737447777,158.64919976985308
1916.5,-167.06638251680883,158.15516413404583
1917.0,-166.99429988535962,157.66045493826587
1917.5,-166.9263070670805,157.16516571332147
1918.0,-166.86238753313648,156.66933445667223
1918.5,-166.80270674831752,156.17297296836378
1919.0,-166.7473065966069,155.67611066718007
1919.5,-166.69595856327257,155.1788094306148
1920.0,-166.6482976028528,154.6811440021655
1920.5,-166.60410920272528,154.18316479237842
1921.0,-166.56339619692696,153.68489879851006
1921.5,-166.5262198312003,153.18636583976132
1922.0,-166.49283762341898,152.6875689335241
1922.5,-166.46366659842366,152.18850490389843
1923.0,-166.43880797734036,151.68919997774645
1923.5,-166.41800855009166,151.18970575712248
1924.0,-166.40102723396907,150.6900693170757
1924.5,-166.38771291672117,150.19032888847403
1925.0,-166.3782907402117,149.69050534895555
1925.5,-166.37305665274886,149.19062001177687
1926.0,-166.37210336363137,148.69070151277833
1926.5,-166.37528528287461,148.19078629229946
1927.0,-166.3825089570817,147.69090728616297
1927.5,-166.39356888437408,147.1910962135578
1928.0,-166.4083957442348,146.69138325629677
1928.5,-166.42698487137665,146.19179688384483
1929.0,-166.44920285180706,145.69236197312904
1929.5,-166.47493881817192,145.19310267207106
1930.0,-166.50424097742416,144.69404569457592
1930.5,-166.53708373051947,144.19521470728841
1931.0,-166.5734850449691,143.69663629179053
1931.5,-166.61355736082575,143.19834234496136
1932.0,-166.65733278554177,142.70036105849394
1932.5,-166.70482016109764,142.2027202296682
1933.0,-166.75608123946228,141.70545053483113
1933.5,-166.8110784421008,141.2085753051082
1934.0,-166.86963189370897,140.7121042848396
1934.5,-166.93151233108338,140.2160383928114
1935.0,-166.99652234240514,139.7203773778527
1935.5,-167.06454757914705,139.2251268244257
1936.0,-167.13558577005733,138.73030057120536
1936.5,-167.209606371074,138.2359077068385
1937.0,-167.28642739858398,137.74193666307173
1937.5,-167.36574998318054,137.24835847462435
1938.0,-167.44730765027018,136.75514682243
1938.5,-167.5309271463023,136.26228628766597
1939.0,-167.61647667262181,135.76976532363346
1939.5,-167.7038665920217,135.2775767208234
1940.0,-167.7930222049675,134.7857130880095
1940.5,-167.88386812305677,134.294162049542
1941.0,-167.97628736162966,133.80290520975296
1941.5,-168.07014665658576,133.31191910695105
1942.0,-168.16528768504597,132.82117759625746
1942.5,-168.26157814507243,132.33065879874118
1943.0,-168.35890874259786,131.8403436889252
1943.5,-168.4571932228136,131.35021699263856
1944.0,-168.55630187349297,130.8602584349221
1944.5,-168.65610929585182,130.37044455633574
1945.0,-168.75650200928573,129.88075236558825
1945.5,-168.85738995675072,129.39115903598858
1946.0,-168.95866077283256,128.90163680825287
1946.5,-169.0602113210905,128.4121628444119
1947.0,-169.16193072106998,127.92272009262587
1947.5,-169.26373359235384,127.43329613113576
1948.0,-169.3655582004257,126.9438823507797
1948.5,-169.46735556352945,126.45446821645115
1949.0,-169.56907322792011,125.96504542850218
1949.5,-169.6706768535726,125.4756073248343
1950.0,-169.77214619553075,124.98614766506881
1950.5,-169.8734708628976,124.49666169059279
1951.0,-169.97466272035268,124.00714893512666
1951.5,-170.0757296407395,123.51761143391572
1952.0,-170.1766715885708,123.02805333610098
1952.5,-170.27748951387898,122.53848158598278
1953.0,-170.37818226154312,122.04889609844149
1953.5,-170.47873888105846,121.55928892694362
1954.0,-170.57914871171656,121.0696488530301
1954.5,-170.67940205225244,120.57996598773747
1955.0,-170.77948893069342,120.09023761993873
1955.5,-170.87939223937764,119.60046610211293
1956.0,-170.97908690176268,119.11065220006603
1956.5,-171.07854616168822,118.6207886109772
1957.0,-171.1777423424895,118.13086544338094
1957.5,-171.2766676506496,117.64088060239446
1958.0,-171.37531020107656,117.15083229300402
1958.5,-171.47364969838657,116.66071965785854
1959.0,-171.5716678638676,116.17054488699772
1959.5,-171.6693205657462,115.68030182688219
1960.0,-171.76656399585661,115.18998316625692
1960.5,-171.8633458047989,114.69957785937001
1961.0,-171.9596090554048,114.20907374329812
1961.5,-172.05530449275946,113.71845720682933
1962.0,-172.15041067709748,113.22772580681837
1962.5,-172.24493163808478,112.73688484138508
1963.0,-172.3388671089503,112.24593983217092
1963.5,-172.43218510641785,111.75488316117182
1964.0,-172.5248541059059,111.26370791083967
1964.5,-172.61683156008775,110.77240062609039
1965.0,-172.70808377667493,110.28095152434825
1965.5,-172.79859565032118,109.7893579107763
1966.0,-172.88838025292293,109.29762589534664
1966.5,-172.97742871734698,108.8057581906587
1967.0,-173.06572141964162,108.31375409957603
1967.5,-173.15323875272503,107.82161400983067
1968.0,-173.2399507352532,107.32933444037758
1968.5,-173.32582821100925,106.83691182734059
1969.0,-173.4108320550591,106.34433963390357
1969.5,-173.49492564208813,105.85161362732771
1970.0,-173.57805530506235,105.35872507201071
1970.5,-173.66015583620745,104.86566383314535
1971.0,-173.74118647148737,104.37242655885431
1971.5,-173.82112337082424,103.8790156982988
1972.0,-173.8998977917573,103.3854234321463
1972.5,-173.97740318572517,102.89163260662708
1973.0,-174.05352542534777,102.39762492344875
1973.5,-174.1282068235739,101.90339446992954
1974.0,-174.20142567760382,101.40894538366862
1974.5,-174.273188033343,100.9142884138889
1975.0,-174.34344256260215,100.41942152615091
1975.5,-174.4121028399417,99.92433448008383
1976.0,-174.47907179779963,99.42901387454289
1976.5,-174.5442760470885,98.93345217308584
1977.0,-174.60771379972056,98.43765716659068
1977.5,-174.669432674279,97.94164679848554
1978.0,-174.72946437677666,97.44543859110118
1978.5,-174.78779942008546,96.9490416464914
1979.0,-174.8443931120635,96.45246031259738
1979.5,-174.89913769651727,95.95568681508931
1980.0,-174.95188978658626,95.45870486600208
1980.5,-175.00259817499696,94.96151479740547
1981.0,-175.0512300328242,94.46411939894224
1981.5,-175.09776183058514,93.96652322337773
1982.0,-175.14215613336503,93.46872921223392
1982.5,-175.18436422264304,92.97074101786939
1983.0,-175.22435069225625,92.47256344678145
1983.5,-175.2621378123682,91.97421096628565
1984.0,-175.29771389331123,91.4756914565666
1984.5,-175.33109156114048,90.97701442793596
1985.0,-175.3623282700641,90.47819508913615
1985.5,-175.3914077906244,89.97924023753484
1986.0,-175.418317643832,89.48015685376087
1986.5,-175.4430614961725,88.98095821383616
1987.0,-175.46558656272316,88.48164929414669
1987.5,-175.4859139399665,87.98224592561691
1988.0,-175.50411767944317,87.4827670527256
1988.5,-175.5201722623675,86.98322625681861
1989.0,-175.53401936025259,86.48363212485434
1989.5,-175.545578773955,85.98399527275048
1990.0,-175.55466035274227,85.4843164169256
1990.5,-175.56109301017224,84.98459904971415
1991.0,-175.56478670739745,84.48485236316917
1991.5,-175.56566615668353,83.98508733838713
1992.0,-175.56377614951285,83.48532250107912
1992.5,-175.55920084168093,82.985583466654
1993.0,-175.55171697489527,82.48588167658082
1993.5,-175.54110644499175,81.98623256606903
1994.0,-175.5271946270837,81.48665362357474
1994.5,-175.5099564555,80.9871669199278
1995.0,-175.48946405703046,80.48779650074563
1995.5,-175.4659495326959,79.98856593628938
1996.0,-175.43930058347652,79.48949818480229
1996.5,-175.40944162892723,78.99061637012173
1997.0,-175.37617645440005,78.49194722302745
1997.5,-175.33939668032392,77.99351806705543
1998.0,-175.29924326885927,77.49534872413778
1998.5,-175.25587870597113,76.99745782127788
1999.0,-175.2092786209592,76.4998753133291
1999.5,-175.1593812234119,76.00262930066377
2000.0,-175.10606665083952,75.50575455938747
2000.5,-175.04911924020175,75.00929410644649
2001.0,-174.98852805083226,74.51327281891547
2001.5,-174.92432385594728,74.01771059411277
2002.0,-174.85646360358632,73.52263511005
2002.5,-174.78489324123865,73.0280751169357
2003.0,-174.70972919916807,72.53404486900891
2003.5,-174.6310630650974,72.040560669596
2004.0,-174.54891489402917,71.54764619092302
2004.5,-174.46330407405108,71.05532671551867
2005.0,-174.37414616722705,70.56364158971095
2005.5,-174.2814060103169,70.07261813583233
2006.0,-174.18515114197655,69.58226764708917
2006.5,-174.08531900229067,69.09262207583558
2007.0,-173.98197465360184,68.60369306438335
2007.5,-173.87528494332238,68.11547844033339
2008.0,-173.76540111183914,67.62797958547462
2008.5,-173.65230508381558,67.14122707014755
2009.0,-173.53581398911112,66.6552886624405
2009.5,-173.41583581547988,66.17020900281504
2010.0,-173.29227676979866,65.68603456257043
2010.5,-173.16500522743806,65.20282166400962
2011.0,-173.03397183836745,64.72061232661886
2011.5,-172.89917655303594,64.23943781995831
2012.0,-172.76072097604248,63.75930919222939
2012.5,-172.61865017093572,63.28025023062988
2013.0,-172.47294223474577,62.80229856137435
2013.5,-172.32346073984448,62.32551504836345
2014.0,-172.1700329539981,61.8499769273013
2014.5,-172.01262680168134,61.37572153157755
2015.0,-171.85147196261008,60.90271446342175
2015.5,-171.68684068720665,60.43090882316387
2016.0,-171.51883813457945,59.960308139523285
2016.5,-171.34746388891685,59.49094011885806
2017.0,-171.17264177884581,59.022854600864726
2017.5,-170.99421829258583,58.5561252111538
2018.0,-170.8122121673883,58.09076998684245
2018.5,-170.62675241618703,57.626771385622476
2019.0,-170.4380245329272,57.16409683329296
2019.5,-170.24622651732827,56.70270089777172
2020.0,-170.05127471857784,56.24264138407515
2020.5,-169.85303486564646,55.78399402934278
2021.0,-169.65145316036595,55.32680700148688
2021.5,-169.44648821340928,54.87112526312629
2022.0,-169.23836791408237,54.41688428454934
2022.5,-169.02718405827127,53.964069445422474
2023.0,-168.8128578236236,53.5127354124341
2023.5,-168.5953335322042,53.06292954433022
2024.0,-168.37455745890216,52.61470148161385
2024.5,-168.15055461292502,52.16806565367975
2025.0,-167.92359050181472,51.72292808765055
2025.5,-167.69374249815291,51.27927929331015
2026.0,-167.4610354594549,50.837135949537156
2026.5,-167.2253746149838,50.39657050045179
2027.0,-166.98656002849864,49.95770446843696
2027.5,-166.74464357225597,49.520529702598694
2028.0,-166.49975424245775,49.08500681981354
2028.5,-166.2520800932517,48.65106705170951
2029.0,-166.00171896432275,48.21869390035308
2029.5,-165.74862091533376,47.7879406871135
2030.0,-165.49274014897492,47.358852841929526
2030.5,-165.23397192956702,46.931508300417825
2031.0,-164.97227151686383,46.505954951679
2031.5,-164.70754326465206,46.08227849654703
2032.0,-164.43994672774917,45.66041109757861
2032.5,-164.1694399161802,45.24040597139289
2033.0,-163.89601631883477,44.8222972131631
2033.5,-163.61957206464186,44.40618102867974
2034.0,-163.34010969310324,43.9920880754791
2034.5,-163.0576819477722,43.58001157037878
2035.0,-162.77226826826492,43.16999559295199
2035.5,-162.48379293633582,42.76212082489673
2036.0,-162.1921768654342,42.35647549977981
2036.5,-161.89758225727243,41.95297829238559
2037.0,-161.60010400669418,41.55159684534964
2037.5,-161.29984805163244,41.15229033828329
2038.0,-160.99675863711107,40.75514072686191
2038.5,-160.69097933805975,40.36007040819174
2039.0,-160.38255664720185,39.96707425909295
2039.5,-160.07156294251712,39.57613051324188
2040.0,-159.75785858238942,39.18737895434207
2040.5,-159.441473473663,38.800809361337734
2041.0,-159.12239375265094,38.416451951099695
2041.5,-158.80070308496522,38.034264941011806
2042.0,-158.47647299811806,37.65422941412631
2042.5,-158.15003965867473,37.276105498133816
2043.0,-157.8214277556621,36.89989580834783
2043.5,-157.4905592751064,36.52567876948402
2044.0,-157.1573222770436,36.153560775045094
2044.5,-156.82193506748723,35.783373839729585
2045.0,-156.48454106780187,35.41501189149457
2045.5,-156.14523065574016,35.04841479659496
2046.0,-155.80399232033977,34.683608484217466
2046.5,-155.4609459463193,34.32049673524945
2047.0,-155.11611172727999,33.95906690542501
2047.5,-154.76962123748905,33.5992177293255
2048.0,-154.421532835522,33.24091742132869
2048.5,-154.07197087776436,32.88405764599531
2049.0,-153.72103056340086,32.52856493346418
2049.5,-153.3687970417048,32.174370781790664
2050.0,-153.01527051860273,31.82148487702073
2050.5,-152.66045435292065,31.46990565157685
2051.0,-152.30443915121958,31.11955244726033
2051.5,-151.94723914841228,30.770416118295703
2052.0,-151.58882953058236,30.42251927610538
2052.5,-151.22918430687676,30.075891855829358
2053.0,-150.8683499456507,29.73050162192207
2053.5,-150.5063999669049,29.386288070690952
2054.0,-150.14336294278917,29.043235799198616
2054.5,-149.77925339089637,28.70134070502459
2055.0,-149.41402921565557,28.360642464151123
2055.5,-149.04757669940818,28.021246631295167
2056.0,-148.67990966998653,27.683131785933973
2056.5,-148.31111362720637,27.34622639286498
2057.0,-147.94122221600588,27.01050477286496
2057.5,-147.5702638241553,26.675946471903067
2058.0,-147.1982877862154,26.34251562119201
2058.5,-146.82534059707837,26.010174811145315
2059.0,-146.45144104685883,25.678919806651614
2059.5,-146.07666766716133,25.348681186940905
2060.0,-145.70100409016922,25.019478763427916
2060.5,-145.32438839354734,24.691370597429376
2061.0,-144.94681059678604,24.364366511895835
2061.5,-144.5683065706163,24.038437260847324
2062.0,-144.18890543122873,23.713563884954677
2062.5,-143.80861474185699,23.389746802278296
2063.0,-143.42743468470962,23.06698798152136
2063.5,-143.04535705896882,22.745299678107852
2064.0,-142.6623970309591,22.42466313405214
2064.5,-142.27859431126723,22.1050376314357
2065.0,-141.894008539041,21.786361575995294
2065.5,-141.50864776209258,21.46862079507674
2066.0,-141.12251549944685,21.151797573517047
2066.5,-140.73567370329,20.835830323186592
2067.0,-140.34815691149927,20.520683961125368
2067.5,-139.95996908932713,20.206354162314646
2068.0,-139.57114203778445,19.892809685250775
2068.5,-139.18171508898595,19.58001222942286
2069.0,-138.79172814031125,19.267923004983228
2069.5,-138.40123637517314,18.95649681336156
2070.0,-138.0102641168773,18.645723101337566
2070.5,-137.61880495380413,18.33560523215502
2071.0,-137.22682864364577,18.02616200512246
2071.5,-136.83430929021986,17.717408375586363
2072.0,-136.44125014271782,17.409335912661486
2072.5,-136.04768499055803,17.101911324993633
2073.0,-135.6536538981253,16.79509350129501
2073.5,-135.2591911204677,16.488844313547272
2074.0,-134.8643156010264,16.18314482892831
2074.5,-134.46903022416913,15.877999767754165
2075.0,-134.07332587665613,15.573422306300648
2075.5,-133.6772003788577,15.269409090125544
2076.0,-133.2806776483004,14.965914383197411
2076.5,-132.8837847075202,14.662884647918917
2077.0,-132.48656637687165,14.360251539712026
2077.5,-132.08905990432663,14.05796774106372
2078.0,-131.69130573512044,13.755992118050903
2078.5,-131.29334170275862,13.454285019119919
2079.0,-130.89518881911889,13.152837162716162
2079.5,-130.49687885958613,12.851614851296784
2080.0,-130.09843226089166,12.550597126016317
2080.5,-129.69986593561916,12.249761682844351
2081.0,-129.30118840238976,11.949085053888313
2081.5,-128.9024072046212,11.648548724955983
2082.0,-128.5035573693454,11.348117338913417
2082.5,-128.10466438173071,11.047766290505063
2083.0,-127.70574197411933,10.747473942904799
2083.5,-127.30679536206706,10.44723277944428
2084.0,-126.9078194964199,10.14703084666801
2084.5,-126.50881906614065,9.846852752297398
2085.0,-126.10980240464733,9.546687276374897
2085.5,-125.7107901037529,9.246526406566343
2086.0,-125.31178597105784,8.946353927288518
2086.5,-124.91278907460557,8.646154725875862
2087.0,-124.51379888014695,8.345913803054787
2087.5,-124.1148136848188,8.045630148500232
2088.0,-123.71584077798181,7.745305215609072
2088.5,-123.31688746398262,7.444944709840092
2089.0,-122.91795599308499,7.144557324761766
2089.5,-122.5190431112174,6.844143935655162
2090.0,-122.12014589919725,6.543705897643922
2090.5,-121.72126550953045,6.243252037007743
2091.0,-121.32239942843617,5.942794813863682
2091.5,-120.92354145790601,5.6423461600377705
2092.0,-120.52469322395801,5.341908308059141
2092.5,-120.1258494749095,5.041490945204702
2093.0,-119.72701374099657,4.7411006865078145
2093.5,-119.3281917376475,4.440728341202079
2094.0,-118.9293849659603,4.140371293562629
2094.5,-118.53059353681107,3.840018805900991
2095.0,-118.1318168481204,3.53966192720666
2095.5,-117.7330580037645,3.2392887284630136
2096.0,-117.334318570674,2.938883246531763
2096.5,-116.93560616069884,2.638420472860439
2097.0,-116.536917088382,2.337898074511747
2097.5,-116.13825462464783,2.0373042236632934
2098.0,-115.73962455231144,1.736643461299739
2098.5,-115.3410334090785,1.4359128722879206
2099.0,-114.94248632991527,1.135116082932424
2099.5,-114.54398838908286,0.8342548063688437
2100.0,-114.14554323464925,0.533335674104603
2100.5,-113.7471542324853,0.2323628368607723
2101.0,-113.34882278173141,-0.0686543790531209
2101.5,-112.95054883142448,-0.36971782321391294
2102.0,-112.55232638715427,-0.6708282213490395
2102.5,-112.15415472743472,-0.9719833672775547
2103.0,-111.75603664408403,-1.2731869607522026
2103.5,-111.35798680277016,-1.5744560953561846
2104.0,-110.95999417665519,-1.8757761566297007
2104.5,-110.56206251162357,-2.1771641056966624
2105.0,-110.1641850869353,-2.4786257131840452
2105.5,-109.76637238883421,-2.7801914512584878
2106.0,-109.36863071674124,-3.0818689420454994
2106.5,-108.9709852415273,-3.3837013825415556
2107.0,-108.5734699882533,-3.685732143448787
2107.5,-108.1760841369157,-3.9879589215678517
2108.0,-107.77885919182232,-4.29041725066468
2108.5,-107.38175793780623,-4.593049629610854
2109.0,-106.98476947615546,-4.895838785227824
2109.5,-106.58787276162116,-5.1987491821047875
2110.0,-106.19104168996407,-5.5017412586051035
2110.5,-105.79427529340495,-5.804807089695191
2111.0,-105.39756110305441,-6.107924834953984
2111.5,-105.00089037291598,-6.411088848207846
2112.0,-104.60426374978056,-6.714305094105666
2112.5,-104.20767810167023,-7.017569030125433
2113.0,-103.8111368545471,-7.320888158248736
2113.5,-103.41464469261346,-7.624274614047623
2114.0,-103.0181983138083,-7.927727384387053
2114.5,-102.62180072739856,-8.231259292617189
2115.0,-102.22544343748795,-8.534867484461081
2115.5,-101.82911296230337,-8.838527617328735
2116.0,-101.4328027488878,-9.14223092742322
2116.5,-101.03651140371404,-9.445969978939814
2117.0,-100.64023879143714,-9.749738898291486
2117.5,-100.24398956278166,-10.053547120922666
2118.0,-99.84777029551155,-10.35740304454645
2118.5,-99.45157466998941,-10.661299014100488
2119.0,-99.05540537274327,-10.96523431366235
2119.5,-98.65927352463163,-11.269215096332132
2120.0,-98.26317747988759,-11.573233287483381
2120.5,-97.86711521125862,-11.877286023797227
2121.0,-97.47108930326591,-12.18137875094754
2121.5,-97.07510028917906,-12.485524563286802
2122.0,-96.67914811060963,-12.789726373219523
2122.5,-96.28324210886126,-13.093994355598596
2123.0,-95.88739011415329,-13.398341738404499
2123.5,-95.49158787369554,-13.702762436759034
2124.0,-95.09582970336643,-14.007254176239282
2124.5,-94.70011351217944,-14.311819392457805
2125.0,-94.30443967042473,-14.616463531235995
2125.5,-93.90879575410023,-14.921167038346676
2126.0,-93.5131743455915,-15.225917459160092
2126.5,-93.11757087525598,-15.530710432203964
2127.0,-92.7219863714005,-15.835544957310994
2127.5,-92.3264168324342,-16.140406633805956
2128.0,-91.93085583263608,-16.44528394606162
2128.5,-91.53530291035368,-16.750175490517872
2129.0,-91.13976415952155,-17.055083126796397
2129.5,-90.74424530407792,-17.36001149065898
2130.0,-90.34874646710925,-17.664963677310535
2130.5,-89.95327331778657,-17.969948111506834
2131.0,-89.55783350470504,-18.274980983288696
2131.5,-89.16244200019023,-18.580086263058075
2132.0,-88.76710776781772,-18.885273425304522
2132.5,-88.37184193009475,-19.19055300310406
2133.0,-87.97664961819962,-19.49592794312859
2133.5,-87.5815310184535,-19.801393750484845
2134.0,-87.18649810993827,-20.106968740610974
2134.5,-86.79154108774306,-20.412653933719483
2135.0,-86.39665491446327,-20.71845251381942
2135.5,-86.00183234140432,-21.02435426379158
2136.0,-85.60707029332113,-21.33034994809608
2136.5,-85.21235984086633,-21.63641738005554
2137.0,-84.81768908181036,-21.942534801305886
2137.5,-84.4230491714527,-22.248702071249816
2138.0,-84.02843780196241,-22.554924886423947
2138.5,-83.63385723134537,-22.861205333265566
2139.0,-83.23930582237898,-23.167527985617625
2139.5,-82.84477939674632,-23.473884185706364
2140.0,-82.45027674311469,-23.780272250639793
2140.5,-82.0557978150164,-24.08669867117543
2141.0,-81.66133787330402,-24.393162427831605
2141.5,-81.26689640447447,-24.699664436206014
2142.0,-80.87247146026668,-25.006201136512146
2142.5,-80.47806645368478,-25.31277362633851
2143.0,-80.08368448769487,-25.619378969389942
2143.5,-79.68932841977373,-25.926016892343387
2144.0,-79.29499900992334,-26.232686585571614
2144.5,-78.90069466044822,-26.539389099762193
2145.0,-78.50640987663017,-26.846120033427372
2145.5,-78.11214692339294,-27.152881392475027
2146.0,-77.71790969572416,-27.459672847792955
2146.5,-77.32369367245244,-27.766486510936588
2147.0,-76.92949404612622,-28.07331691825279
2147.5,-76.53530515971146,-28.380156616447458
2148.0,-76.14112180277499,-28.686999265612602
2148.5,-75.74693865569299,-28.99384118099442
2149.0,-75.35275161206306,-29.30067375168204
2149.5,-74.95855796512816,-29.607486887298208
2150.0,-74.56435141295263,-29.91427866832239
2150.5,-74.17012588637259,-30.221045180508167
2151.0,-73.77587654489054,-30.527783768893148
2151.5,-73.3815989484453,-30.83449818213486
2152.0,-72.98728771100248,-31.141193099246244
2152.5,-72.59293794987552,-31.44786383781882
2153.0,-72.19855241144134,-31.75451211169183
2153.5,-71.8041338250363,-32.06113620603662
2154.0,-71.40968058404808,-32.3677276614558
2154.5,-71.01519683661157,-32.67428657304218
2155.0,-70.62067881198749,-32.980819288921055
2155.5,-70.22612074389089,-33.28732901251349
2156.0,-69.83153020428408,-33.59381905052026
2156.5,-69.4369109563821,-33.90028831314948
2157.0,-69.0422775088121,-34.20674373361976
2157.5,-68.64764078498101,-34.51318869032176
2158.0,-68.2530037852664,-34.81962451684854
2158.5,-67.85836914990927,-35.126061353433656
2159.0,-67.46373556996394,-35.432503738335406
2159.5,-67.06909709451529,-35.73894614949115
2160.0,-66.67445297173036,-36.04538866053413
2160.5,-66.2798067633897,-36.351831262644595
2161.0,-65.88515753665673,-36.658271187637695
2161.5,-65.49049887609448,-36.964699925900796
2162.0,-65.09582212336085,-37.27110718901055
2162.5,-64.70109929283014,-37.57746422350184
2163.0,-64.30631496268514,-37.883755890949054
2163.5,-63.91146132907312,-38.189965394371086
2164.0,-63.5165421948425,-38.49609026372058
2164.5,-63.1215482171599,-38.80211338636081
2165.0,-62.726471071369666,-39.10802889317946
2165.5,-62.33131214172123,-39.413842021558565
2166.0,-61.93607905774154,-39.719567424285465
2166.5,-61.540788031892845,-40.025222673616945
2167.0,-61.145457133388604,-40.33082367136923
2167.5,-60.750093545956304,-40.63637689527704
2168.0,-60.354701440283044,-40.941898222729556
2168.5,-59.959291955189705,-41.24740492793533
2169.0,-59.563874018080575,-41.552909752757635
2169.5,-59.16845234190039,-41.85841838078035
2170.0,-58.77303562184292,-42.163938691644596
2170.5,-58.377633433322565,-42.46948339692618
2171.0,-57.98224824708026,-42.77505744808828
2171.5,-57.58689372204706,-43.08067857261166
2172.0,-57.191567227424514,-43.386340706977876
2172.5,-56.79626820540385,-43.6920350548205
2173.0,-56.40100604431108,-43.9977636981924
2173.5,-56.00578107300588,-44.30353052869394
2174.0,-55.61060095795556,-44.60934919960692
2174.5,-55.21545735980195,-44.915214843703744
2175.0,-54.82034618899149,-45.22112254309201
2175.5,-54.42525911761202,-45.52706328207421
2176.0,-54.03019350575722,-45.83303048372101
2176.5,-53.63515467960811,-46.139041280452574
2177.0,-53.24013029032142,-46.445088283325674
2177.5,-52.84510001808614,-46.7511537216653
2178.0,-52.45003875991954,-47.05720862582422
2178.5,-52.05494365797083,-47.363236054653825
2179.0,-51.659820423628155,-47.66922947936955
2179.5,-51.26466965247867,-47.975180971846434
2180.0,-50.86948008100402,-48.281079929528275
2180.5,-50.474246618784385,-48.58692870518936
2181.0,-50.078977090353156,-48.89275047581399
2181.5,-49.68369542685563,-49.19856890251344
2182.0,-49.288412458737895,-49.504381881975675
2182.5,-48.893123152425765,-49.81017331937856
2183.0,-48.49782254063301,-50.11594469350117
2183.5,-48.10250163183075,-50.421688427014296
2184.0,-47.70714773004975,-50.72739205073859
2184.5,-47.311758819764854,-51.033060811009925
2185.0,-46.91633413631295,-51.33869713839805
2185.5,-46.52087653239911,-51.64430265835134
2186.0,-46.12538820869349,-51.9498782450624
2186.5,-45.729883246226954,-52.25543447641809
2187.0,-45.33437304952482,-52.56097703635669
2187.5,-44.93886277723525,-52.86651293987993
2188.0,-44.543357770329955,-53.17205701454194
2188.5,-44.147863074488185,-53.477623747452874
2189.0,-43.75239183578226,-53.78323362706248
2189.5,-43.356947044674705,-54.08888916407574
2190.0,-42.96152301617781,-54.39457128584564
2190.5,-42.56611812522412,-54.7002749312254
2191.0,-42.17073209918478,-55.006005466537395
2191.5,-41.775361296097344,-55.311757575396086
2192.0,-41.37999388081726,-55.61751652468807
2192.5,-40.98461399751216,-55.923261386323304
2193.0,-40.58921169990909,-56.22897120510379
2193.5,-40.19378535146879,-56.53464185429124
2194.0,-39.79831981006963,-56.84026608238167
2194.5,-39.402806712330424,-57.14583700258069
2195.0,-39.00724984794145,-57.4513588848521
2195.5,-38.61165457250046,-57.75683734311544
2196.0,-38.216027544298925,-58.062279842760056
2196.5,-37.82037346653452,-58.36769335546308
2197.0,-37.42468942512063,-58.673075790208266
2197.5,-37.02897632085346,-58.97842789104098
2198.0,-36.63323058242211,-59.28374344419149
2198.5,-36.23745109787149,-59.58901914234168
2199.0,-35.841644152286754,-59.89426001095083
2199.5,-35.44580635630806,-60.199466103219116
2200.0,-35.04993256804201,-60.504636173956115
2200.5,-34.65402779981256,-60.80977699108613
2201.0,-34.258085350713245,-61.114877182112664
2201.5,-33.862109430742315,-61.419934871468016
2202.0,-33.466106224077286,-61.724955738651204
2202.5,-33.070084037324165,-62.02996118227068
2203.0,-32.67407293461658,-62.33500465574915
2203.5,-32.27810946641838,-62.64013004655916
2204.0,-31.882211031762314,-62.94533656199146
2204.5,-31.486394128496993,-63.25062039801505
2205.0,-31.090628999287418,-63.55594424860966
2205.5,-30.69485094130872,-63.86124990189386
2206.0,-30.299031662931124,-64.1665299982581
2206.5,-29.90316359694186,-64.47178262099227
2207.0,-29.507258685551403,-64.77699426978481
2207.5,-29.11130684241277,-65.08211568680143
2208.0,-28.715267911810486,-65.38708542492468
2208.5,-28.319104589226562,-65.69186765941984
2209.0,-27.922792246972453,-65.99645281438869
2209.5,-27.526336887475942,-66.30087568802477
2210.0,-27.12978257856955,-66.60520758038825
2210.5,-26.73316899296138,-66.90949716534529
2211.0,-26.336512958108266,-67.21375202325046
2211.5,-25.93982940575881,-67.517971364121
2212.0,-25.543121684057045,-67.82214293759942
2212.5,-25.14639179353642,-68.12626970089248
2213.0,-24.749638174328382,-68.43036086546209
2213.5,-24.35286193878116,-68.7344320567863
2214.0,-23.95608237564975,-69.03851830861032
2214.5,-23.559325020940058,-69.3426442301757
2215.0,-23.162600783429554,-69.6468078474282
2215.5,-22.76590752270105,-69.95100524369897
2216.0,-22.369236548935397,-70.25522630002496
2216.5,-21.97258851687548,-70.5594691378825
2217.0,-21.575975672721615,-70.86375995066267
2217.5,-21.179406217632845,-71.16811692557025
2218.0,-20.782870492619974,-71.47252775027322
2218.5,-20.386341637774045,-71.77695850191475
2219.0,-19.989796438283122,-72.08137950195194
2219.5,-19.59323529317068,-72.38578035964159
2220.0,-19.19666045752538,-72.69016110687325
2220.5,-18.800080685396612,-72.99453497693014
2221.0,-18.403512231616975,-73.29892669495561
2221.5,-18.006966886952142,-73.60334805090329
2222.0,-17.61043013510867,-73.90778193454234
2222.5,-17.213895208611316,-74.2122239746724
2223.0,-16.81739126405534,-74.51671260764722
2223.5,-16.42095668399195,-74.82129305184732
2224.0,-16.024634523688324,-75.12602758515743
2224.5,-15.628419921497256,-75.43090700775531
2225.0,-15.23230014103992,-75.73590079072287
2225.5,-14.836260484056877,-76.04098376035927
2226.0,-14.440311509517588,-76.34616939692506
2226.5,-14.044472114574699,-76.65148712883352
2227.0,-13.648741889593222,-76.95695797619086
2227.5,-13.253130877771817,-77.26261293607384
2228.0,-12.857616427481574,-77.5684090337138
2228.5,-12.462197774298508,-77.87432374458048
2229.0,-12.066889381732638,-78.1803641599915
2229.5,-11.671709054757985,-78.48655701429384
2230.0,-11.276689823251397,-78.7929600662172
2230.5,-10.881884312776174,-79.09965315008145
2231.0,-10.487346286588888,-79.40670953839803
2231.5,-10.093137341117698,-79.71420027362316
2232.0,-9.699315339983325,-80.02218740050324
2232.5,-9.30596633682943,-80.33077165238417
2233.0,-8.913231223585012,-80.64013093311077
2233.5,-8.521242522097436,-80.9504315568471
2234.0,-8.130152166165603,-81.26186763807316
2234.5,-7.740100727334137,-81.57461395544983
2235.0,-7.351209061423855,-81.88881301339525
2235.5,-6.963566633687053,-82.20456001953482
2236.0,-6.577242100809508,-82.52191457592328
2236.5,-6.192353103640476,-82.84099569125244
2237.0,-5.809100750956389,-83.16202641523253
2237.5,-5.427750131639529,-83.4853091443288
2238.0,-5.048538493846331,-83.81110591848888
2238.5,-4.671589824025643,-84.1395312125888
2239.0,-4.2969360414481255,-84.47057243962298
2239.5,-3.9248454308597367,-84.80449011372524
2240.0,-3.5556967982075114,-85.14166762607262
2240.5,-3.1896662849952193,-85.48223721087193
2241.0,-2.826756266484532,-85.82612876257967
2241.5,-2.4670001619341906,-86.17330168718297
2242.0,-2.1105663736852587,-86.52385080285244
2242.5,-1.7581458056845796,-86.87841080159941
2243.0,-1.4105821028477539,-87.23775197199083
2243.5,-1.068151456203812,-87.60202380489815
2244.0,-0.7307603552881619,-87.97098890963461
2244.5,-0.39838941576533204,-88.34448187292173
2245.0,-0.07119202383017524,-88.72249744196105
2245.5,0.25028222813280016,-89.10536404242913
2246.0,0.565159791076197,-89.49365256084673
2246.5,0.8723477785323791,-89.8880546402989
2247.0,1.171240529037227,-90.28880060865029
2247.5,1.4619316864853333,-90.6955550360902
2248.0,1.744917241753969,-91.1077101631779
2248.5,2.020149650988784,-91.52507249580013
2249.0,2.2867242465184874,-91.94801065789386
2249.5,2.544094570587109,-92.3766096207511
2250.0,2.791881488670127,-92.81081902530147
2250.5,3.029648687443453,-93.2505988785999
2251.0,3.2570754708598852,-93.69582152418519
2251.5,3.4744502107330946,-94.14603983449996
2252.0,3.6816197756840605,-94.60103675275528
2252.5,3.878865128582759,-95.0604047987574
2253.0,4.06576976396682,-95.52405736502013
2253.5,4.240999025190559,-95.99224697687659
2254.0,4.403071742209054,-96.4651798700664
2254.5,4.552486626249658,-96.94229274625862
2255.0,4.6913661367277815,-97.42258389021188
2255.5,4.820880593256531,-97.90546796064596
2256.0,4.941500745937063,-98.39061790672751
2256.5,5.050852727852831,-98.87840738566972
2257.0,5.146759751331226,-99.36903219509615
2257.5,5.229297901066103,-99.86211381014284
2258.0,5.299526746735266,-100.35712297373527
2258.5,5.358574552323595,-100.85359364811066
2259.0,5.407407567305524,-101.35116001931875
2259.5,5.445372368444868,-101.8496572496111
2260.0,5.471002324301533,-102.34894302847454
2260.5,5.4839175754905245,-102.84873361776584
2261.0,5.484279697503613,-103.34870617374222
2261.5,5.473036971806896,-103.84855908060335
2262.0,5.451029242603047,-104.34805645510323
2262.5,5.418630619189348,-104.84698349042596
2263.0,5.374926707982106,-105.34504746490916
2263.5,5.319160985049331,-105.84190912741671
2264.0,5.251222995769661,-106.33725890694804
2264.5,5.172432285182492,-106.83100077074009
2265.0,5.083518550034769,-107.32301980300609
2265.5,4.984474131222281,-107.81309706316156
2266.0,4.874596652906665,-108.30085760590627
2266.5,4.753097574516679,-108.78585644471289
2267.0,4.6200904085757735,-109.2678298142177
2267.5,4.4764005784544265,-109.74672707787926
2268.0,4.322489081746554,-110.22243735598546
2268.5,4.158240457258652,-110.69467639192644
2269.0,3.9831307015984065,-111.16299560797665
2269.5,3.796920708771985,-111.62701178037835
2270.0,3.599169543887987,-112.08622648567956
2270.5,3.3896108261028686,-112.54017366030415
2271.0,3.1681239958868197,-112.9884208869273
2271.5,2.934717104317943,-113.43057623258237
2272.0,2.690208359029674,-113.86668963975373
2272.5,2.4345758784190865,-114.29637355784755
2273.0,2.1672318811952587,-114.7188655753203
2273.5,1.8882722092939832,-115.13377756200975
2274.0,1.5980398341410242,-115.54088310502605
2274.5,1.2973698778110532,-115.94034650418448
2275.0,0.9867885881960968,-116.33215750392574
2275.5,0.6659169758001763,-116.71558564060393
2276.0,0.33429378419000677,-117.08974693164774
2276.5,-0.007513433891366279,-117.45461956532579
2277.0,-0.35810266052648915,-117.81105994045497
2277.5,-0.7160749223364201,-118.16009563519331
2278.0,-1.0809089919390962,-118.50195934585338
2278.5,-1.453076348519872,-118.83582845864397
2279.0,-1.832297485604657,-119.16166335142134
2279.5,-2.2180582645258142,-119.47972745323524
2280.0,-2.610136229495951,-119.78996847194641
2280.5,-3.0082410429009094,-120.09243738643352
2281.0,-3.411952046271706,-120.38738286691027
2281.5,-3.8212374897522916,-120.67454404255709
2282.0,-4.2361608159322905,-120.95349725606307
2282.5,-4.656707243029195,-121.22389830260278
2283.0,-5.082919030809597,-121.48527131389297
2283.5,-5.514543635709638,-121.73760288541767
2284.0,-5.950971449838652,-121.98154345215983
2284.5,-6.391920949630745,-122.21722610754381
2285.0,-6.837452325615069,-122.44413420532321
2285.5,-7.287799056118369,-122.66132429335505
2286.0,-7.7429032738072765,-122.86834974981001
2286.5,-8.202327415506689,-123.0655859463155
2287.0,-8.665421447430797,-123.25403757452331
2287.5,-9.131687053213158,-123.43451357458699
2288.0,-9.600981374661735,-123.60698219142284
2288.5,-10.073295760472961,-123.7710112874873
2289.0,-10.548649789713703,-123.9260071371737
2289.5,-11.026945103033103,-124.07165816016864
2290.0,-11.507881457972402,-124.2083142746894
2290.5,-11.991061112713476,-124.33680930018629
2291.0,-12.476185983922758,-124.45777436876115
2291.5,-12.963145785202766,-124.57115102263634
2292.0,-13.451924158753508,-124.67641874695803
2292.5,-13.942455674292134,-124.77317802770717
2293.0,-14.434564336471707,-124.86155461274423
2293.5,-14.928041000038913,-124.94193911027507
2294.0,-15.422673015399978,-125.01490090164039
2294.5,-15.918314731032991,-125.08068036090188
2295.0,-16.414864357602873,-125.13921991719873
2295.5,-16.912207724103098,-125.19056234814788
2296.0,-17.4101858351067,-125.23530468346601
2296.5,-17.908660056008173,-125.27411352915139
2297.0,-18.407526546207578,-125.30750113231645
2297.5,-18.906703761399548,-125.33589661153472
2298.0,-19.406122761989884,-125.35970989780611
2298.5,-19.90573106521465,-125.3791833232711
2299.0,-20.405482415836175,-125.3945368030911
2299.5,-20.905336225366284,-125.40605048572493
2300.0,-21.405259321541205,-125.41399553456367
2300.5,-21.90522364307974,-125.41872754080686
2301.0,-22.405207539364923,-125.42048623328766
2301.5,-22.90519412469103,-125.41940921450743
2302.0,-23.405167454679344,-125.41564350017435
2302.5,-23.905113938077523,-125.40939825524806
2303.0,-24.40502429901661,-125.40084366054619
2303.5,-24.904889907502728,-125.39003404686943
2304.0,-25.40470576934704,-125.37714705390998
2304.5,-25.904467967545862,-125.36232301614601
2305.0,-26.404160705421074,-125.34539271801526
2305.5,-26.903774454127515,-125.3264050105017
2306.0,-27.403300470314985,-125.30536831264656
2306.5,-27.902735824633076,-125.28238417084242
2307.0,-28.402081827596714,-125.25757451605439
2307.5,-28.901341466153852,-125.23106615890143
2308.0,-29.400511469822625,-125.20289013900549
2308.5,-29.89958116681542,-125.17298506008004
2309.0,-30.39853561200161,-125.14122889913953
2309.5,-30.89737142267393,-125.10771015209674
2310.0,-31.39608204099762,-125.07243693161927
2310.5,-31.894672271667964,-125.03554581633506
2311.0,-32.393153196757666,-124.99720568234967
2311.5,-32.891525693929076,-124.95745896881047
2312.0,-33.38978985432992,-124.91634510877523
2312.5,-33.88794081550004,-124.87387128998257
2313.0,-34.385972727505994,-124.83002025836461
2313.5,-34.883869756717566,-124.78469059839675
2314.0,-35.38161835519427,-124.73781191543343
2314.5,-35.87921153676061,-124.68938463390789
2315.0,-36.37664285555418,-124.63939694663473
2315.5,-36.873920342216884,-124.58794379373998
2316.0,-37.371058888902866,-124.5351605960908
2316.5,-37.868061024374164,-124.48109487868267
2317.0,-38.364927690574525,-124.42578498752535
2317.5,-38.86165463165607,-124.36923908962312
2318.0,-39.35823734238921,-124.31146589259048
2318.5,-39.85467741222252,-124.25252201392735
2319.0,-40.35098611513843,-124.19251399580624
2319.5,-40.84718277876372,-124.13157741155719
2320.0,-41.34327885890717,-124.06979189419319
2320.5,-41.83927944851785,-124.00720519597374
2321.0,-42.33518421000424,-123.94382583614737
2321.5,-42.83098588303212,-123.8796196007792
2322.0,-43.32667613133312,-123.81455975283819
2322.5,-43.82225230907593,-123.74865624925934
2323.0,-44.317717117199074,-123.6819428773012
2323.5,-44.81306777908023,-123.61442455180357
2324.0,-45.30830935657427,-123.54615052200631
2324.5,-45.803453085683785,-123.47719885295494
2325.0,-46.29851037389937,-123.40763380757828
2325.5,-46.79348427539992,-123.33748109820971
2326.0,-47.28837427576844,-123.26675377851873
2326.5,-47.78319162496094,-123.1955437135515
2327.0,-48.27794250032908,-123.12390828825009
2327.5,-48.772633827355016,-123.05190674333346
2328.0,-49.2672730322871,-122.9795745121404
2328.5,-49.76186781445077,-122.90694401598603
2329.0,-50.25642704777998,-122.83407042840783
2329.5,-50.75095796290455,-122.76100343413371
2330.0,-51.24546618350466,-122.68777401942299
2330.5,-51.739952974451924,-122.61439356036782
2331.0,-52.2344174113381,-122.54084605281244
2331.5,-52.728860401864615,-122.4671388718891
2332.0,-53.223282632065605,-122.39328047290611
2332.5,-53.717681383784814,-122.31926783336708
2333.0,-54.21205887065579,-122.24511474015506
2333.5,-54.70641838639823,-122.17084601714438
2334.0,-55.20076096581792,-122.0964616002958
2334.5,-55.69508215879066,-122.02195055830933
2335.0,-56.189383249381656,-121.94733658389165
2335.5,-56.68366086809103,-121.87262187953486
2336.0,-57.17790925231194,-121.79779666346647
2336.5,-57.67213025395965,-121.72286554620476
2337.0,-58.16633073556565,-121.64783691512864
2337.5,-58.66051580938181,-121.57271235443984
2338.0,-59.1546910659492,-121.49749057681113
2338.5,-59.64885706066895,-121.42217713923111
2339.0,-60.143007785942174,-121.34676726881753
2339.5,-60.63713856985597,-121.27126882863311
2340.0,-61.13125029152108,-121.19569495618342
2340.5,-61.625345419793874,-121.1200523735717
2341.0,-62.11943194096414,-121.04435473012738
2341.5,-62.61351310221451,-120.96860359355875
2342.0,-63.10759093122994,-120.8928021615951
2342.5,-63.601663832196444,-120.81694924700258
2343.0,-64.09572960584356,-120.7410459865937
2343.5,-64.58978791854203,-120.66510468905021
2344.0,-65.08383579893787,-120.58912198125944
2344.5,-65.57787354702374,-120.51309804022341
2345.0,-66.07189729664377,-120.43701513270463
2345.5,-66.56591101885041,-120.36088323517835
2346.0,-67.05991724355484,-120.28470530744107
2346.5,-67.55391600407675,-120.20847752250666
2347.0,-68.04790749851404,-120.13220303720301
2347.5,-68.5418898198673,-120.05587279767946
2348.0,-69.03586295842089,-119.97949200130252
2348.5,-69.52982801967784,-119.90306429211894
2349.0,-70.02378715673044,-119.82659526423767
2349.5,-70.51773813970513,-119.75007507560787
2350.0,-71.01167778298682,-119.67349255731561
2350.5,-71.5056025276095,-119.59683978664012
2351.0,-71.99951106606365,-119.52011638430213
2351.5,-72.4934025090228,-119.44332426208918
2352.0,-72.98727533792844,-119.36645360341629
2352.5,-73.48113004115552,-119.28950554044862
2353.0,-73.97496118212617,-119.21246441923674
2353.5,-74.46877603703675,-119.13535331344785
2354.0,-74.96257495031632,-119.05816583953315
2354.5,-75.4563603364559,-118.98090906082136
2355.0,-75.95013291527464,-118.90357590057882
2355.5,-76.44389047016313,-118.82616386403511
2356.0,-76.9376327029726,-118.74868262190824
2356.5,-77.43135426612479,-118.67111762103542
2357.0,-77.9250640777593,-118.59348949043817
2357.5,-78.41875994539905,-118.51578984144602
2358.0,-78.91244560605874,-118.4380143539479
2358.5,-79.40612293219726,-118.36017669454593
2359.0,-79.89978979161408,-118.28226919681731
2359.5,-80.3934419046887,-118.2042956771261
2360.0,-80.88708245328296,-118.12626204106087
2360.5,-81.380707632847,-118.04815465812493
2361.0,-81.8743231081507,-117.9699943331542
2361.5,-82.36793277033063,-117.89178768279552
2362.0,-82.86153782300342,-117.81353441861539
2362.5,-83.35513922151266,-117.73524721761332
2363.0,-83.84873746408364,-117.65693170656569
2363.5,-84.34233027680615,-117.57859087990879
2364.0,-84.83591551093066,-117.50022579580701
2364.5,-85.32949328886734,-117.4218361047903
2365.0,-85.8230666907972,-117.34343053197075
2365.5,-86.31663763254387,-117.26501427316833
2366.0,-86.81020641977983,-117.18658899943125
2366.5,-87.30377233220236,-117.10815780887039
2367.0,-87.79733276139538,-117.02972606776243
2367.5,-88.29088361278876,-116.95129580749642
2368.0,-88.78442332671334,-116.87286527955801
2368.5,-89.277955241425,-116.79443806093022
2369.0,-89.77148334202089,-116.71602594382789
2369.5,-90.26501241115932,-116.63763097520084
2370.0,-90.75854497423143,-116.55924963013975
2370.5,-91.25208055059713,-116.48087908366674
2371.0,-91.74561800457649,-116.40251824900054
2371.5,-92.23915794243449,-116.32416201023597
2372.0,-92.73269835421006,-116.24580276904977
2372.5,-93.22623778666896,-116.16743122288553
2373.0,-93.71977466236318,-116.08903793301037
2373.5,-94.21330843864365,-116.01061717436984
2374.0,-94.70683631453218,-115.93216393874161
2374.5,-95.20035624327035,-115.85367503436855
2375.0,-95.69386847078353,-115.77515747114255
2375.5,-96.18737175562636,-115.69661322967865
2376.0,-96.68086228424878,-115.61803681076994
2376.5,-97.17433909675418,-115.53942824926327
2377.0,-97.66780178476118,-115.46079493592431
2377.5,-98.16125101140544,-115.38214253963585
2378.0,-98.65468897165931,-115.30347245085495
2378.5,-99.14811857458155,-115.2247914801089
2379.0,-99.64154270108816,-115.14610307121792
2379.5,-100.13496282144227,-115.06740960220725
2380.0,-100.62837944747204,-114.98871503695612
2380.5,-101.1217933379476,-114.91001862713617
2381.0,-101.61520598693416,-114.83132212995511
2381.5,-102.10861922311244,-114.75262476588539
2382.0,-102.60203577509493,-114.67392299032049
2382.5,-103.09545624474755,-114.59521274361713
2383.0,-103.58887797376646,-114.51648433825315
2383.5,-104.08229928369582,-114.43773166518511
2384.0,-104.57571848673433,-114.35895064017016
2384.5,-105.06913352956934,-114.2801362328326
2385.0,-105.56254507790172,-114.20128387135112
2385.5,-106.0559541118512,-114.12239523353497
2386.0,-106.54935887780944,-114.04346613739061
2386.5,-107.04275847588929,-113.96449008063385
2387.0,-107.53615219726488,-113.88546387926891
2387.5,-108.02953639841431,-113.80638091684158
2388.0,-108.52291143093623,-113.72724169988003
2388.5,-109.01627811173307,-113.64804586999513
2389.0,-109.50963675583526,-113.56879070296914
2389.5,-110.0029888742483,-113.48947177253405
2390.0,-110.49633315790717,-113.41008001856856
2390.5,-110.98966683240084,-113.33061415412233
2391.0,-111.48298757011244,-113.25106633788404
2391.5,-111.97629394840831,-113.17143420214552
2392.0,-112.46958575018756,-113.09171561465045
2392.5,-112.96286148321097,-113.01190263626636
2393.0,-113.45612018078285,-112.93199523117634
2393.5,-113.94936110093565,-112.85199874205455
2394.0,-114.44258426982756,-112.77191223556396
2394.5,-114.93579162427953,-112.69173921127114
2395.0,-115.42898498905468,-112.61148315139597
2395.5,-115.92216598225025,-112.53114179675427
2396.0,-116.41533324782162,-112.45070967358303
2396.5,-116.90848788391769,-112.37019650695451
2397.0,-117.40163120649598,-112.28960544673643
2397.5,-117.8947669655392,-112.2089434744961
2398.0,-118.38789781577721,-112.12821394770052
2398.5,-118.88102547102206,-112.04741607648533
2399.0,-119.3741497021012,-111.9665471808689
2399.5,-119.86726842007413,-111.8856047401883
2400.0,-120.36038030484653,-111.80459184847639
2400.5,-120.85348453879048,-111.72350685241584
2401.0,-121.34657940242884,-111.64234310407149
2401.5,-121.83966180870766,-111.56109410647429
2402.0,-122.33272981850455,-111.47975826948556
2402.5,-122.82578068174892,-111.39832970549737
2403.0,-123.31881098697643,-111.31679944486747
2403.5,-123.81182045018991,-111.23516858145011
2404.0,-124.30481119834636,-111.1534451168251
2404.5,-124.7977841617781,-111.07163654398876
2405.0,-125.29074138229964,-110.9897517679382
2405.5,-125.78368608719698,-110.90779886566582
2406.0,-126.27662156302587,-110.82578440908755
2406.5,-126.76955121118604,-110.74371344601062
2407.0,-127.26247757355581,-110.66158921664989
2407.5,-127.75540176338568,-110.57941297159432
2408.0,-128.24832558269574,-110.49718857054116
2408.5,-128.741248658385,-110.41491831081103
2409.0,-129.2341724701698,-110.33260444429074
2409.5,-129.7270971775457,-110.25024684251173
2410.0,-130.22002212946552,-110.16784574597372
2410.5,-130.71294449432324,-110.08539740684124
2411.0,-131.20586055977606,-110.00289355591786
2411.5,-131.6987667440123,-109.92032671368086
2412.0,-132.19166187186897,-109.83769411829115
2412.5,-132.6845445499542,-109.7549886829748
2413.0,-133.1774132473922,-109.6722031837948
2413.5,-133.67026748793103,-109.58933740058804
2414.0,-134.16310707926377,-109.50640031521577
2414.5,-134.6559335968024,-109.4234012741142
2415.0,-135.14874912603597,-109.34034810283951
2415.5,-135.6415562811948,-109.25724407086213
2416.0,-136.13435788326484,-109.17409330787991
2416.5,-136.62715544417978,-109.09090305278444
2417.0,-137.1199497028711,-109.00767921773091
2417.5,-137.61274166075057,-108.92442439101934
2418.0,-138.10553165613462,-108.84113770580821
2418.5,-138.59831990679476,-108.75781918629016
2419.0,-139.09110750796827,-108.67446810207068
2419.5,-139.58389384281134,-108.59108040155891
2420.0,-140.07667574822065,-108.50764905420009
2420.5,-140.56945188915734,-108.42417190974899
2421.0,-141.06222161716698,-108.34064715520499
2421.5,-141.55498357076334,-108.25707858638529
2422.0,-142.04773822024126,-108.17347011719868
2422.5,-142.5404860670204,-108.0898234780308
2423.0,-143.03322644323646,-108.0061392391783
2423.5,-143.5259591695882,-107.92241921548357
2424.0,-144.01868438388792,-107.83866512657426
2424.5,-144.5114035161952,-107.75488099159105
2425.0,-145.00411827299988,-107.67106716194246
2425.5,-145.49682924573113,-107.58722146947453
2426.0,-145.9895364238879,-107.50334124101617
2426.5,-146.48224031470718,-107.41942758753073
2427.0,-146.9749409887122,-107.33548188531488
2427.5,-147.46763809957187,-107.25150407091398
2428.0,-147.96033220248745,-107.16748924300086
2428.5,-148.45302238739606,-107.08343196796754
2429.0,-148.9457092780728,-106.9993338817263
2429.5,-149.43839348558478,-106.91519630643879
2430.0,-149.9310754408755,-106.83101952857878
2430.5,-150.42375408390612,-106.74680134570004
2431.0,-150.91642701301882,-106.66253757513437
2431.5,-151.4090927853547,-106.57822440735652
2432.0,-151.90175072677852,-106.49386195254685
2432.5,-152.39440038628243,-106.40944888943507
2433.0,-152.88704163926533,-106.32498715335534
2433.5,-153.37967458796084,-106.24047785846352
2434.0,-153.87229912656528,-106.15592315141554
2434.5,-154.36491491669878,-106.07132254237187
2435.0,-154.8575226852078,-105.98667698061725
2435.5,-155.35012398418502,-105.90198723101402
2436.0,-155.84271963034308,-105.81725351976253
2436.5,-156.33531010449408,-105.73247487378248
2437.0,-156.8278956573987,-105.64764847064106
2437.5,-157.3204762600495,-105.56277081165148
2438.0,-157.81305180070194,-105.47784238039885
2438.5,-158.3056225537448,-105.39286209521275
2439.0,-158.79818895193424,-105.30782846622097
2439.5,-159.29075065461632,-105.22273763188416
2440.0,-159.78330686058186,-105.1375881176405
2440.5,-160.27585645028515,-105.05237768166842
2441.0,-160.76839686938246,-104.96710267966729
2441.5,-161.26092688378492,-104.8817619676001
2442.0,-161.75344528010544,-104.79634979463825
2442.5,-162.24594999147027,-104.71085896467362
2443.0,-162.73844002807473,-104.62528754312025
2443.5,-163.23091460213294,-104.53963366309051
2444.0,-163.72337246332683,-104.45389789811692
2444.5,-164.2158137738495,-104.36808229222292
2445.0,-164.70823930047925,-104.28218736081185
2445.5,-165.2006498254079,-104.19621432460008
2446.0,-165.69304622788994,-104.11016505932321
2446.5,-166.18542978648793,-104.02404342255339
2447.0,-166.6778028036938,-103.93785473859197
2447.5,-167.1701662341132,-103.85160097834198
2448.0,-167.66252139867188,-103.76528546971385
2448.5,-168.15487016424478,-103.67891005875336
2449.0,-168.64721263497853,-103.5924747140137
2449.5,-169.13954915158644,-103.5059849083855
2450.0,-169.63188093163294,-103.41944689914027
2450.5,-170.1242078804982,-103.33286200509437
2451.0,-170.61653028848136,-103.24623382658869
2451.5,-171.108848416981,-103.15956443569203
2452.0,-171.6011614010665,-103.07285277573342
2452.5,-172.09346911670482,-102.98610347133263
2453.0,-172.58577223788055,-102.89932082142228
2453.5,-173.07807090829795,-102.81250936022037
2454.0,-173.5703651688445,-102.72567246078798
2454.5,-174.06265490546238,-102.63881107473202
2455.0,-174.55494000869473,-102.55192915062625
2455.5,-175.0472223690934,-102.46503426928993
2456.0,-175.53950478549575,-102.37813177801668
2456.5,-176.03178905778873,-102.29122516965158
2457.0,-176.5240767587809,-102.20431801796182
2457.5,-177.01636856838536,-102.11741111095597
2458.0,-177.50866386069927,-102.03050552363757
2458.5,-178.0009619489691,-101.94360090549074
2459.0,-178.493262900513,-101.85669548093486
2459.5,-178.98556749766192,-101.76979152655503
2460.0,-179.47787722188767,-101.68289520284259
2460.5,-179.97019267180826,-101.59601023577267
2461.0,-180.46251276746582,-101.5091343627663
2461.5,-180.954836340331,-101.42226664553736
2462.0,-181.44716240297194,-101.33540945110865
2462.5,-181.93949020766826,-101.24856623006929
2463.0,-182.43181992132764,-101.1617399364845
2463.5,-182.92415166999297,-101.07492891453613
2464.0,-183.41648517294155,-100.98813425534036
2464.5,-183.9088203689599,-100.90135521254729
2465.0,-184.40115744003987,-100.8145941905756
2465.5,-184.89349722016507,-100.72785370787246
2466.0,-185.3858399302189,-100.6411288310374
2466.5,-185.87818526087497,-100.5544106507028
2467.0,-186.37053248048736,-100.46769450011693
2467.5,-186.8628808520811,-100.38098121697998
2468.0,-187.355230346644,-100.29427177215145
2468.5,-187.84758104031792,-100.20756328998651
2469.0,-188.33993258570067,-100.12085030379754
2469.5,-188.83228453703055,-100.03412651147282
2470.0,-189.3246361786644,-99.94738502436863
2470.5,-189.81698588169849,-99.86062015471552
2471.0,-190.30933145751592,-99.77382740929546
2471.5,-190.80167277939051,-99.6870022964018
2472.0,-191.2940099131517,-99.60014302621883
2472.5,-191.78634195296632,-99.51324819238397
2473.0,-192.27866818868915,-99.42631036687739
2473.5,-192.77098751270785,-99.33932504963609
2474.0,-193.2632990569055,-99.25229473461896
2474.5,-193.75560354009986,-99.1652209784122
2475.0,-194.24790063465414,-99.07810203537427
2475.5,-194.74019026731565,-98.99094063891597
2476.0,-195.23247391300214,-98.90374354985487
2476.5,-195.7247531297149,-98.81651750592376
2477.0,-196.2170285611836,-98.72926706058614
2477.5,-196.70930082401665,-98.64199750951025
2478.0,-197.20157164092254,-98.55471959995721
2478.5,-197.69384363643326,-98.4674489757166
2479.0,-198.18611911646477,-98.38020015242414
2479.5,-198.67839995003501,-98.29298382250583
2480.0,-199.1706879762569,-98.20580954339147
2480.5,-199.66298491199686,-98.11868815195587
2481.0,-200.15529224787562,-98.03162786669655
2481.5,-200.647611644162,-97.94463301060098
2482.0,-201.1399441512715,-97.85771060883242
2482.5,-201.63229082688187,-97.77086889993879
2483.0,-202.12465225890293,-97.6841101045427
2483.5,-202.61702874663413,-97.59743152466443
2484.0,-203.10941995628107,-97.5108300290578
2484.5,-203.60182503180533,-97.42430073841773
2485.0,-204.0942431452416,-97.33783655590787
2485.5,-204.58667312940813,-97.25142978581792
2486.0,-205.07911316058076,-97.16507158868839
2486.5,-205.5715618937702,-97.07875283708564
2487.0,-206.064018414624,-96.99246752672222
2487.5,-206.5564817935681,-96.90621143703919
2488.0,-207.04895188098493,-96.8199833655288
2488.5,-207.54142820619055,-96.7337800437136
2489.0,-208.0339103757513,-96.64759991261344
2489.5,-208.52639775859797,-96.5614412986409
2490.0,-209.01888937461155,-96.4752998169733
2490.5,-209.51138445350276,-96.38917341774936
2491.0,-210.0038826727662,-96.30306061271392
2491.5,-210.4963836453446,-96.21696100628478
2492.0,-210.98888667376474,-96.13087240999626
2492.5,-211.48139171487506,-96.04479425261864
2493.0,-211.97389858291112,-95.95872468583386
2493.5,-212.46640666155878,-95.87266154927295
2494.0,-212.95891578989261,-95.78660476644696
2494.5,-213.4514259167939,-95.70055354648346
2495.0,-213.94393696769592,-95.6145070782334
2495.5,-214.43644934174108,-95.52846613387776
2496.0,-214.92896374558222,-95.44243164335381
2496.5,-215.42148070426984,-95.35640495044493
2497.0,-215.9140004204443,-95.2703881625846
2497.5,-216.40652287902512,-95.18438178119176
2498.0,-216.899047776329,-95.09838322995647
2498.5,-217.39157501276307,-95.01239161265862
2499.0,-217.8841051634979,-94.92640943443352
2499.5,-218.37663857643253,-94.84043768528828
2500.0,-218.86917539680476,-94.75447839966039
2500.5,-219.3617154268407,-94.6685323391861
2501.0,-219.85425858906362,-94.5826017160426
2501.5,-220.34680426231972,-94.49668366668278
2502.0,-220.83935288263487,-94.41078171566556
2502.5,-221.3319046700399,-94.32489715387302
2503.0,-221.82445891336295,-94.23902641081725
2503.5,-222.3170154354793,-94.15316956334571
2504.0,-222.80957408668556,-94.06732631989023
2504.5,-223.30213429851935,-93.98149404520727
2505.0,-223.79469604694586,-93.89567138281906
2505.5,-224.28726029882048,-93.80986376674088
2506.0,-224.7798275333692,-93.72407334455441
2506.5,-225.27239812144148,-93.63829956607364
2507.0,-225.76497239103506,-93.5525414038532
2507.5,-226.25755020921628,-93.46679688194789
2508.0,-226.75013128744502,-93.38106319070992
2508.5,-227.2427158564119,-93.29534209940311
2509.0,-227.7353039051388,-93.20963542528712
2509.5,-228.22789444014174,-93.12393787257275
2510.0,-228.7204873267931,-93.03824844907682
2510.5,-229.2130829846705,-92.95256937087814
2511.0,-229.70568206914973,-92.86690482463943
2511.5,-230.19828508044966,-92.7812599330266
2512.0,-230.69089170887597,-92.69563451279147
2512.5,-231.18350138419137,-92.61002606282793
2513.0,-231.67611391763515,-92.52443395557512
2513.5,-232.1687294256448,-92.4388597370596
2514.0,-232.66134800637076,-92.3533033937258
2514.5,-233.1539703055779,-92.26776892185049
2515.0,-233.64659600732068,-92.18225429999625
2515.5,-234.13922486801002,-92.09675812712386
2516.0,-234.63185692756147,-92.01127991551431
2516.5,-235.12449254424274,-91.92582052179598
2517.0,-235.6171320201132,-91.84038008417075
2517.5,-236.10977547835833,-91.75495860699439
2518.0,-236.6024236105761,-91.66956040358886
2518.5,-237.09507659504465,-91.5841869353294
2519.0,-237.58773482894887,-91.49884169280493
2519.5,-238.08039792821415,-91.41352182218026
2520.0,-238.57306532242293,-91.32822407668498
2520.5,-239.06573671055972,-91.24294684641727
2521.0,-239.55841193924738,-91.15768977813708
2521.5,-240.0510907317323,-91.07245196859712
2522.0,-240.54377230264544,-90.98722979370945
2522.5,-241.03645651208785,-90.90202293316267
2523.0,-241.52914316442838,-90.81683045831939
2523.5,-242.0218327829964,-90.73165588285838
2524.0,-242.5145246853589,-90.64649588962229
2524.5,-243.007218090344,-90.56134553278027
2525.0,-243.49991303177413,-90.47620473026632
2525.5,-243.99261054691084,-90.39107906235547
2526.0,-244.4853109701863,-90.30596976339663
2526.5,-244.97801395704474,-90.22087464666686
2527.0,-245.47071979383847,-90.13579546011471
2527.5,-245.96342859345083,-90.05073231157206
2528.0,-246.4561399684054,-89.96568220216948
2528.5,-246.94885377457126,-89.88064441033464
2529.0,-247.44156955744754,-89.7956159214607
2529.5,-247.93428696547093,-89.7105942095449
2530.0,-248.42700607134833,-89.62558040302604
2530.5,-248.9197271053344,-89.54057624088328
2531.0,-249.41244954243996,-89.4555793803995
2531.5,-249.90517351122455,-89.37059095965056
2532.0,-250.39789897209357,-89.28561095785088
2532.5,-250.89062547883253,-89.2006369290645
2533.0,-251.3833531709632,-89.11566980918526
2533.5,-251.87608239026466,-89.03071158638211
2534.0,-252.36881259508286,-88.94575908931579
2534.5,-252.86154327437896,-88.86080931611556
2535.0,-253.35427415703995,-88.77586075353247
2535.5,-253.84700478814835,-88.6909108749872
2536.0,-254.33973487054985,-88.60595812126829
2536.5,-254.8324647574983,-88.52100450078144
2537.0,-255.3251949789383,-88.43605289824578
2537.5,-255.81792589988063,-88.35110543030997
2538.0,-256.3106578696579,-88.26616421839836
2538.5,-256.8033918062358,-88.18123504135342
2539.0,-257.2961283038254,-88.09632169556507
2539.5,-257.7888681525496,-88.01142860777588
2540.0,-258.2816120721446,-87.92655946528197
2540.5,-258.77436084496065,-87.84171839874195
2541.0,-259.26711558666995,-87.75691188517473
2541.5,-259.75987535087165,-87.6721347268432
2542.0,-260.25264084484684,-87.58739071724528
2542.5,-260.7454134941122,-87.5026875939239
2543.0,-261.23819435294,-87.41803147525592
2543.5,-261.7309831157378,-87.33342069398535
2544.0,-262.22377913773397,-87.2488517304078
2544.5,-262.7165826721731,-87.16432654006613
2545.0,-263.2093939330895,-87.0798466230214
2545.5,-263.70221265899437,-86.99541041269768
2546.0,-264.19503754017035,-86.91101054898937
2546.5,-264.6878687562171,-86.82664839116394
2547.0,-265.1807072493229,-86.74232974653593
2547.5,-265.67355354780665,-86.6580583610819
2548.0,-266.16640673208275,-86.57382930698414
2548.5,-266.6592667502548,-86.48964264287565
2549.0,-267.15213413575054,-86.40550160212246
2549.5,-267.645008569256,-86.32140443301508
2550.0,-268.13788977172396,-86.2373487249494
2550.5,-268.63077749840807,-86.15333384498219
2551.0,-269.1236742796181,-86.0693732159564
2551.5,-269.61658048452847,-85.98546780908349
2552.0,-270.1094961370305,-85.90161862999308
2552.5,-270.6024219140973,-85.8178289540432
2553.0,-271.0953566546211,-85.73409321741644
2553.5,-271.5882986954026,-85.65040257826847
2554.0,-272.0812489708892,-85.56676121146316
2554.5,-272.5742092296085,-85.48317731062829
2555.0,-273.0671770438881,-85.39963976929546
2555.5,-273.56015336846616,-85.31615368834305
2556.0,-274.05313971541364,-85.23273018985137
2556.5,-274.5461343790941,-85.14935926848604
2557.0,-275.0391365615113,-85.06603655237464
2557.5,-275.5321474593514,-84.98277004080117
2558.0,-276.0251667908408,-84.8995583218442
2558.5,-276.5181949729876,-84.81640275167938
2559.0,-277.0112313291115,-84.73330221214093
2559.5,-277.50427488879023,-84.6502488849558
2560.0,-277.99732574287475,-84.56724231102616
2560.5,-278.4903837538622,-84.48428126526426
2561.0,-278.9834486923017,-84.40136238717956
2561.5,-279.47652253397,-84.31849639913642
2562.0,-279.9696037358908,-84.2356755826803
2562.5,-280.4626923240029,-84.15289890545954
2563.0,-280.9557884184102,-84.07016841510884
2563.5,-281.44889114020197,-83.98747717467789
2564.0,-281.94200237365834,-83.90483651430442
2564.5,-282.43512111135686,-83.82224210052293
2565.0,-282.9282467581345,-83.73969038247856
2565.5,-283.4213797050228,-83.65718265572707
2566.0,-283.9145184646184,-83.57471342192889
2566.5,-284.40766456681007,-83.49229446894475
2567.0,-284.90081674155937,-83.40992122614679
2567.5,-285.39397600303505,-83.32760205215743
2568.0,-285.88714289034823,-83.24533602004635
2568.5,-286.38032035251433,-83.16313957494663
2569.0,-286.87350724186985,-83.08100812634511
2569.5,-287.3667053029392,-82.99895246404054
2570.0,-287.8599164671742,-82.91698208194231
2570.5,-288.3531439571104,-82.8351174316496
2571.0,-288.8463934136028,-82.75338830062776
2571.5,-289.33967076139174,-82.67182424661426
2572.0,-289.8329784339977,-82.59043958131161
2572.5,-290.3263199185034,-82.50925835973632
2573.0,-290.81970004751565,-82.42830553764796
2573.5,-291.3131223384159,-82.34760837216498
2574.0,-291.80658355988817,-82.26715127992726
2574.5,-292.3000912518874,-82.18697868624314
2575.0,-292.79363999246715,-82.10705754675851
2575.5,-293.287237368007,-82.02743755025757
2576.0,-293.7808754991004,-81.94807374332107
2576.5,-294.2745590809239,-81.86900001091591
2577.0,-294.768282235283,-81.79018955008864
2577.5,-295.2620433515307,-81.7116397984575
2578.0,-295.7558442238746,-81.63337296084363
2578.5,-296.24968278566314,-81.55537730729294
2579.0,-296.7435710319476,-81.47773388794465
2579.5,-297.23751579459474,-81.40047901745302
2580.0,-297.7315284147282,-81.32367451762865
2580.5,-298.2256345339668,-81.24745655406448
2581.0,-298.7198386895775,-81.17183090534633
2581.5,-299.21415136400674,-81.09688226039898
2582.0,-299.70857496412606,-81.02265813788017
2582.5,-300.2030968430111,-80.9490964714821
2583.0,-300.69771757600734,-80.876212400548
2583.5,-301.1924441769951,-80.80403856005752
2584.0,-301.6872852045707,-80.73261297108161
2584.5,-302.1822533979703,-80.66203909304377
2585.0,-302.6773554232705,-80.59240478359717
2585.5,-303.17257034475335,-80.52359807096992
2586.0,-303.6678883317801,-80.45557972549014
2586.5,-304.1633142967077,-80.38842087698852
2587.0,-304.65884879090316,-80.32215164192581
2587.5,-305.15451044201967,-80.25691206715494
2588.0,-305.6503252442294,-80.19290753654673
2588.5,-306.14632181735095,-80.13036575582557
2589.0,-306.64248506668565,-80.06919109059022
2589.5,-307.1388196957622,-80.00944262014735
2590.0,-307.6353433076202,-79.95125305411759
2590.5,-308.1320839446449,-79.89484463726797
2591.0,-308.629023554069,-79.84010120846912
2591.5,-309.1261494060068,-79.78697673818736
2592.0,-309.62343990148486,-79.73536837844004
2592.5,-310.1208827316226,-79.68526360790166
2593.0,-310.6184748281329,-79.63669534097149
2593.5,-311.11621891186206,-79.58973501565255
2594.0,-311.6141062827766,-79.54434450182049
2594.5,-312.11212601085265,-79.50047292107351
2595.0,-312.6102790842109,-79.45818775287948
2595.5,-313.10856952893243,-79.4175972200757
2596.0,-313.60699283720436,-79.37871234798412
2596.5,-314.10554395237637,-79.34155310472272
2597.0,-314.6042129540665,-79.30609439521552
2597.5,-315.1029927240198,-79.272360950168
2598.0,-315.6018854038742,-79.24050647109499
2598.5,-316.100902874717,-79.2108080142211
2599.0,-316.6000437809379,-79.18337699479925
2599.5,-317.0993130101727,-79.15839331992602
2600.0,-317.59870547376966,-79.1359195656203
2600.5,-318.09821017981136,-79.115929384344
2601.0,-318.597812080647,-79.09834979421721
2601.5,-319.09749883069776,-79.0831354536883
2602.0,-319.5972515707173,-79.07014208853305
2602.5,-320.0970533382401,-79.05929643730016
2603.0,-320.5968936419175,-79.0505534108476
2603.5,-321.0967622865209,-79.04389540369259
2604.0,-321.59664968613356,-79.03933487566734
2604.5,-322.09654949387345,-79.03694688997612
2605.0,-322.59645393576153,-79.03675709771434
2605.5,-323.09635201433497,-79.03872588868315
2606.0,-323.59623510257103,-79.04291397327817
2606.5,-324.0960959121437,-79.04940248248819
2607.0,-324.59592541337594,-79.05822060390982
2607.5,-325.0957133945257,-79.06934055668587
2608.0,-325.595449023446,-79.08267971754034
2608.5,-326.09512116933575,-79.09813786509596
2609.0,-326.5947188460049,-79.11566795807333
2609.5,-327.09422998833213,-79.13537625345535
2610.0,-327.5936417334742,-79.15743141553672
2610.5,-328.0929410122487,-79.18195308266566
2611.0,-328.59211594586037,-79.20892876535174
2611.5,-329.0911551140201,-79.23828979640878
2612.0,-329.59004595885085,-79.27002011679235
2612.5,-330.08877228210997,-79.30415920409443
2613.0,-330.58731532432154,-79.34082115487975
2613.5,-331.0856560305912,-79.38012490754211
2614.0,-331.58377519261853,-79.42216967440733
2614.5,-332.08165667788654,-79.46699997617753
2615.0,-332.57928805491173,-79.514573995933
2615.5,-333.076658029809,-79.56481483402014
2616.0,-333.57375270003547,-79.6176943196756
2616.5,-334.070553388848,-79.67324482097692
2617.0,-334.5670408045342,-79.73150718020837
2617.5,-335.0631960508167,-79.79251981579911
2618.0,-335.5590016979005,-79.85630213479726
2618.5,-336.0544356531374,-79.92292155502346
2619.0,-336.549479096331,-79.99241574573036
2619.5,-337.0441247886057,-80.06468270678687
2620.0,-337.5383559103098,-80.13969921684705
2620.5,-338.03216118819677,-80.21741771400616
2621.0,-338.52551088271855,-80.29793232532663
2621.5,-339.0183582578062,-80.38145144219897
2622.0,-339.51065768210975,-80.46816894480105
2622.5,-340.0024176838247,-80.55790782593301
2623.0,-340.49365572539796,-80.65042613078799
2623.5,-340.9843315250453,-80.7458402675491
2624.0,-341.474385265624,-80.84440170087466
2624.5,-341.96379955958474,-80.94611095828527
2625.0,-342.4525701134172,-81.05087680790253
2625.5,-342.9407010494496,-81.15858358890092
2626.0,-343.42819422419444,-81.26912683225461
2626.5,-343.91500953045585,-81.3826010645482
2627.0,-344.4011107301619,-81.49909604967964
2627.5,-344.88647631457155,-81.61863702032389
2628.0,-345.3711125168745,-81.74111067718734
2628.5,-345.8550255142313,-81.86640371288046
2629.0,-346.33815718964286,-81.99467469766736
2629.5,-346.82050673286625,-82.12585063128991
2630.0,-347.3020709131679,-82.25985684494331
2630.5,-347.7828154584844,-82.39674975451145
2631.0,-348.26265624934035,-82.53676136076344
2631.5,-348.74156974427336,-82.67991116762802
2632.0,-349.2195536090345,-82.82613157307358
2632.5,-349.6965970328901,-82.9753791552009
2633.0,-350.1726260153551,-83.12780644449983
2633.5,-350.64765060271344,-83.28330258810598
2634.0,-351.1216104823062,-83.44198889660504
2634.5,-351.59439610890286,-83.6041435372899
2635.0,-352.06597831668165,-83.76977926546549
2635.5,-352.5364279311969,-83.93860763389694
2636.0,-353.0057534786323,-84.11052728833576
2636.5,-353.47390309251233,-84.28560535212763
2637.0,-353.94091167132854,-84.46368615989164
2637.5,-354.4067423707899,-84.6448238037883
2638.0,-354.8713554598115,-84.82906723195444
2638.5,-355.33486083321606,-85.01608196172855
2639.0,-355.797274114634,-85.20578225106426
2639.5,-356.25856259118626,-85.39820916498975
2640.0,-356.7187774025506,-85.59320146470895
2640.5,-357.1778836598056,-85.79080863911341
2641.0,-357.63593186432655,-85.99085576721082
2641.5,-358.0930108795396,-86.19308839519132
2642.0,-358.5490675797806,-86.39759221272159
2642.5,-359.00410521239337,-86.60434754151898
2643.0,-359.45809102988187,-86.81340629430358
2643.5,-359.9109924003525,-87.02481734341518
2644.0,-360.36288758026296,-87.23837512398582
2644.5,-360.81370722678577,-87.45418820567085
2645.0,-361.2634635617607,-87.67220781558055
2645.5,-361.71208082206476,-87.89255744546762
2646.0,-362.1595099991959,-88.11530631181297
2646.5,-362.6057182053077,-88.340488823898
2647.0,-363.0506426041543,-88.56819203521397
2647.5,-363.4943496651526,-88.79824604122933
2648.0,-363.9367423818017,-89.03080242479302
2648.5,-364.37790889544834,-89.26566066938075
2649.0,-364.8177128343537,-89.50305629963276
2649.5,-365.2561439075638,-89.74299693044793
2650.0,-365.69316607620567,-89.9855121690486
2650.5,-366.12885575395813,-90.23041254741256
2651.0,-366.5632416997415,-90.47759365855606
2651.5,-366.99627845525237,-90.72709642954064
2652.0,-367.4279044237021,-90.97900588812436
2652.5,-367.85798068772016,-91.23355601475922
2653.0,-368.28653249007215,-91.49068346479773
2653.5,-368.7135180888838,-91.75042923383269
2654.0,-369.13905139246145,-92.01256088789165
2654.5,-369.5631094529316,-92.27706332613275
2655.0,-369.9857796500598,-92.54375429275511
2655.5,-370.40694364299094,-92.81278990798657
2656.0,-370.8266454006116,-93.08407992303046
2656.5,-371.2447050166886,-93.35789900700274
2657.0,-371.66118576493193,-93.6341405240363
2657.5,-372.07605555806464,-93.91282067043011
2658.0,-372.4894778769726,-94.19364893151041
2658.5,-372.9014226796046,-94.4766266980114
2659.0,-373.31194947489934,-94.76163196874988
2659.5,-373.7209083592508,-95.04886339639624
2660.0,-374.12825373186377,-95.3383744115831
2660.5,-374.5338767382099,-95.63030453518118
2661.0,-374.9377853833997,-95.9246311613022
2661.5,-375.33990223251413,-96.22144319237655
2662.0,-375.7403836329863,-96.52048454119085
2662.5,-376.13934232409247,-96.82154360536019
2663.0,-376.53693542139234,-97.12436169601175
2663.5,-376.93310388798847,-97.42897881364021
2664.0,-377.3277750220831,-97.73549802541
2664.5,-377.7206825818634,-98.0442911625679
2665.0,-378.1119319516569,-98.35523084866055
2665.5,-378.50157955065026,-98.66820851324793
2666.0,-378.8898664949115,-98.98288048714014
2666.5,-379.27676329395433,-99.29922946005696
2667.0,-379.66226017326915,-99.6172397908512
2667.5,-380.0461103245019,-99.93720682860466
2668.0,-380.4283276205193,-100.2591209578745
2668.5,-380.8088166039536,-100.58309578826288
2669.0,-381.18770448166293,-100.90897938005448
2669.5,-381.56501588020245,-101.23672159743647
2670.0,-381.9409528339183,-101.56605418338336
2670.5,-382.3154751305499,-101.89699488925875
2671.0,-382.6887125197095,-102.22937383518332
2671.5,-383.06062660221147,-102.56321698312607
2672.0,-383.4313049776784,-102.89842548182997
2672.5,-383.800635836106,-103.23513232796866
2673.0,-384.16876637161346,-103.57317047446425
2673.5,-384.53573174391516,-103.91248448016582
2674.0,-384.9017148707548,-104.25285442575598
2674.5,-385.2667261646585,-104.59425310527938
2675.0,-385.6307925657673,-104.93665201260569
2675.5,-385.99383413360397,-105.28015638086626
2676.0,-386.35585920209803,-105.62476906227599
2676.5,-386.7169449183667,-105.9703994034786
2677.0,-387.07720489942415,-106.3168841667668
2677.5,-387.43669480118416,-106.66414058743365
2678.0,-387.79533916983775,-107.01224286748761
2678.5,-388.15311659901374,-107.36124367100317
2679.0,-388.50996181323563,-107.71123367432531
2679.5,-388.8659915670499,-108.06209663040057
2680.0,-389.22130042256646,-108.41370246789494
2680.5,-389.57596473791716,-108.76594284184208
2681.0,-389.9299921482468,-109.11879763921655
2681.5,-390.2833287092148,-109.47233301711924
2682.0,-390.6359884005051,-109.82655339684824
2682.5,-390.9879555056536,-110.18148128865104
2683.0,-391.33930219374736,-110.5370426503457
2683.5,-391.69007247188387,-110.89317701717448
2684.0,-392.04029486212943,-111.24983745538499
2684.5,-392.3899808374606,-111.60700563149065
2685.0,-392.73905918116435,-111.9647627347604
2685.5,-393.08753232823204,-112.32311961522048
2686.0,-393.43538712313585,-112.68209251627638
2686.5,-393.7826010297186,-113.04169811786068
2687.0,-394.12920277333967,-113.4018996470161
2687.5,-394.4751668230605,-113.76270929228008
2688.0,-394.82050006886425,-114.12411667035747
2688.5,-395.1652345961304,-114.4860883689154
2689.0,-395.50927380288977,-114.8487195912954
2689.5,-395.85264951313945,-115.211983110238
2690.0,-396.1953502187023,-115.5758938767554
2690.5,-396.5373381770393,-115.94048917170244
2691.0,-396.87868361034157,-116.30569013342517
2691.5,-397.21941271037076,-116.67145403476529
2692.0,-397.5594913041916,-117.03781088682257
2692.5,-397.8988832689783,-117.40480077555328
2693.0,-398.23758663051535,-117.77242858817542
2693.5,-398.5755808004194,-118.14072171244469
2694.0,-398.91286915335303,-118.50967377471406
2694.5,-399.24946820931575,-118.87925745797571
2695.0,-399.585385152821,-119.24945634818677
2695.5,-399.9206136603729,-119.6202710724526
2696.0,-400.2551431598662,-119.99170999627037
2696.5,-400.5889524777847,-120.36380038180157
2697.0,-400.92203261994445,-120.73655678078396
2697.5,-401.2543670758148,-121.10999554450983
2698.0,-401.5859682258643,-121.48409120225753
2698.5,-401.91683295929624,-121.8588294756025
2699.0,-402.24694221308295,-122.23422215086731
2699.5,-402.5762966754472,-122.61027466644744
2700.0,-402.9049026049594,-122.98698863014073
2700.5,-403.23276205664956,-123.36436059839689
2701.0,-403.5599038741771,-123.74235745352391
2701.5,-403.8862962604545,-124.12100368501626
2702.0,-404.21196416961004,-124.50027554813127
2702.5,-404.5368646550626,-124.88020647562193
2703.0,-404.86099577039334,-125.26079247818777
2703.5,-405.18435092170716,-125.64203324282636
2704.0,-405.5069102716145,-126.02394399674492
2704.5,-405.8286877241271,-126.40651689206463
2705.0,-406.14970371203873,-126.78972627618397
2705.5,-406.4699287547472,-127.17359473323894
2706.0,-406.7893421335331,-127.55814567967427
2706.5,-407.10793952720695,-127.94338290627063
2707.0,-407.4256984203443,-128.32931418002957
2707.5,-407.7425686956087,-128.7159634901325
2708.0,-408.0585055852087,-129.1033570462137
2708.5,-408.37348716579214,-129.49151617983452
2709.0,-408.68749130881514,-129.88048432871747
2709.5,-409.00052702955554,-130.27025796990145
2710.0,-409.3126160746613,-130.66080152921933
2710.5,-409.62377576245746,-131.0520774576885
2711.0,-409.9339464659797,-131.44412017135642
2711.5,-410.2430902233808,-131.83695143425183
2712.0,-410.5511344483825,-132.23064789964934
2712.5,-410.8579643609022,-132.62531782338885
2713.0,-411.16347060354985,-133.02103197863468
2713.5,-411.46759446309807,-133.41781142732495
2714.0,-411.7702964521491,-133.81567664571196
2714.5,-412.0715333854463,-134.21465014202886
2715.0,-412.37131851848847,-134.61469794840824
2715.5,-412.6696005068894,-135.0158484170289
2716.0,-412.96628576824344,-135.41818071239788
2716.5,-413.26123787779125,-135.82181012745357
2717.0,-413.5543593775308,-136.22680438147654
2717.5,-413.8455068410937,-136.63324191869452
2718.0,-414.1345951557376,-137.0411401701257
2718.5,-414.4215123286483,-137.45054881287115
2719.0,-414.7061612558017,-137.86153138737663
2719.5,-414.9885183966618,-138.2741092214486
2720.0,-415.26860765844623,-138.68825192462012
2720.5,-415.54638781593815,-139.10395277560116
2721.0,-415.8217285744814,-139.52126570237482
2721.5,-416.0943339120894,-139.94035580685787
2722.0,-416.3635939890936,-140.36159789793038
2722.5,-416.6289968423952,-140.78528768284994
2723.0,-416.8900544992871,-141.2116727539783
2723.5,-417.14621492810494,-141.64100920129135
2724.0,-417.3968818666808,-142.07357104033753
2724.5,-417.6413895037957,-142.5096443005946
2725.0,-417.8792567562259,-142.9493719064559
2725.5,-418.10994876682,-143.39289473150603
2726.0,-418.33261162216263,-143.8404888914628
2726.5,-418.546566730907,-144.29230848061312
2727.0,-418.75093063814694,-144.74856271009986
2727.5,-418.94547666947636,-145.20911158226585
2728.0,-419.1301380040745,-145.67371163539934
2728.5,-419.30416940387795,-146.14237688547357
2729.0,-419.46575608357386,-146.61548217456
2729.5,-419.61433217420745,-147.09284896079143
2730.0,-419.7496795670343,-147.57412671114494
2730.5,-419.869788655903,-148.05941646432274
2731.0,-419.9727274103097,-148.54864031959676
2731.5,-420.0572129095599,-149.04139564622048
2732.0,-420.12226439008134,-149.53710144512164
2732.5,-420.1679334669056,-150.03496406314707
2733.0,-420.1928584887508,-150.5342810163609
2733.5,-420.1952631531949,-151.03420939807611
2734.0,-420.1753068018145,-151.5337577316788
2734.5,-420.134686731056,-152.03206250557136
2735.0,-420.0744493826012,-152.52837889918095
2735.5,-419.9938623079872,-153.02179650876107
2736.0,-419.89239300087564,-153.51135303063342
2736.5,-419.770730777983,-153.99628373628488
2737.0,-419.6291824706457,-154.47578601230208
2737.5,-419.46802351784936,-154.94905681591737
2738.0,-419.2874760711814,-155.41527437302838
2738.5,-419.08756005286705,-155.873523396208
2739.0,-418.868744937868,-156.3230636395045
2739.5,-418.6323605872416,-156.76361755550874
2740.0,-418.3782796770249,-157.1941929057696
2740.5,-418.10585012021016,-157.613393268722
2741.0,-417.8156303868173,-158.02048780400358
2741.5,-417.5086838299856,-158.4151324120132
2742.0,-417.18622042447294,-158.79720444099965
2742.5,-416.84833825266986,-159.16570478444336
2743.0,-416.49537152588897,-159.5197808523714
2743.5,-416.127828415261,-159.85870263050018
2744.0,-415.7465614166377,-160.182118760224
2744.5,-415.3530621810019,-160.4905463875856
2745.0,-414.9481374582329,-160.7838000202012
2745.5,-414.53218779859606,-161.0612059817102
2746.0,-414.1065441862636,-161.32350827673332
2746.5,-413.67247935098084,-161.57163512323248
2747.0,-413.23090490932185,-161.80613552262741
2747.5,-412.78233413553096,-162.02695584459926
2748.0,-412.3275586038484,-162.23470220685698
2748.5,-411.86738170065684,-162.43019225144215
2749.0,-411.4022414606732,-162.61356485172135
2749.5,-410.93279907466206,-162.7856490700577
2750.0,-410.45983158027434,-162.94779556207584
2750.5,-409.9837077187405,-163.10042052945965
2751.0,-409.50480923164986,-163.24409779197754
2751.5,-409.0235463112965,-163.37965718951963
2752.0,-408.5403032817985,-163.5079977869722
2752.5,-408.05539974092085,-163.62991746709542
2753.0,-407.5690093752776,-163.7457362349693
2753.5,-407.08123547262966,-163.85558237708872
2754.0,-406.59239792530013,-163.9605963242056
2754.5,-406.1026214763407,-164.0611600088771
2755.0,-405.61212156156193,-164.15814935949203
2755.5,-405.1210378777663,-164.25212128254222
2756.0,-404.6294992410313,-164.3436291194687
2756.5,-404.1375749861945,-164.43303528645757
2757.0,-403.64533720496814,-164.52072715641253
2757.5,-403.1528582528717,-164.6070808372109
2758.0,-402.6601639679565,-164.6921992762286
2758.5,-402.1672506070876,-164.77601222715077
2759.0,-401.67409404513216,-164.85836563324222
2759.5,-401.18068009019674,-164.93916540932062
2760.0,-400.6869821058958,-165.01824255344584
2760.5,-400.19301503626286,-165.09564591638048
2761.0,-399.69879682977825,-165.1714398656502
2761.5,-399.2043490323972,-165.24571214633613
2762.0,-398.709682273607,-165.31850002968466
2762.5,-398.21481245771844,-165.3898844651183
2763.0,-397.7197553074741,-165.4599813616251
2763.5,-397.2245556413936,-165.5290696695623
2764.0,-396.729225184409,-165.5972117971893
2764.5,-396.2337755628907,-165.66448035178288
2765.0,-395.73820871790974,-165.73088827433028
2765.5,-395.2425323781235,-165.79648142666335
2766.0,-394.7467500589737,-165.86127859849177
2766.5,-394.2508619351953,-165.92525190758838
2767.0,-393.7548693836241,-165.98837635678422
2767.5,-393.25877354445345,-166.05066171500343
2768.0,-392.7625626958754,-166.11203444688422
2768.5,-392.266234973347,-166.1724889311931
2769.0,-391.76980795981467,-166.23214245327082
2769.5,-391.2732992593228,-166.29111342434368
2770.0,-390.7767218283069,-166.34948503322656
2770.5,-390.28008063809835,-166.40728233143358
2771.0,-389.7833679127058,-166.46445394163518
2771.5,-389.2865776781165,-166.52097846440307
2772.0,-388.78971791807265,-166.57691506827393
2772.5,-388.2927986479372,-166.6323313635318
2773.0,-387.79582890171423,-166.68729336095598
2773.5,-387.2988178089525,-166.74187396949063
2774.0,-386.80176848265495,-166.79609870470156
2774.5,-386.304682779598,-166.84999669325944
2775.0,-385.80756587271276,-166.90361266907652
2775.5,-385.3104272224046,-166.95702584595722
2776.0,-384.8132735063717,-167.0102950305758
2776.5,-384.31610673256483,-167.06344156575537
2777.0,-383.818928209324,-167.116482086677
2777.5,-383.3217404512941,-167.1694375962752
2778.0,-382.82454288202956,-167.2223013365672
2778.5,-382.3273356475823,-167.27507408867348
2779.0,-381.83011702574964,-167.32773928775433
2779.5,-381.3328845340913,-167.3802727989209
2780.0,-380.83563986431636,-167.43269120484578
2780.5,-380.33838338072195,-167.48499762636297
2781.0,-379.84111533941996,-167.53719362761117
2781.5,-379.3438363098369,-167.58928236527288
2782.0,-378.8465489363898,-167.64128611092016
2782.5,-378.3492536953132,-167.69321184816178
2783.0,-377.85195075722527,-167.7450663808896
2783.5,-377.35464111146086,-167.79685985496738
2784.0,-376.8573258012445,-167.8485981897535
2784.5,-376.3600040382001,-167.90027148547583
2785.0,-375.86267667825956,-167.95188195716725
2785.5,-375.3653458025131,-168.0034491220378
2786.0,-374.86801124854844,-168.05497152397697
2786.5,-374.3706738355222,-168.1064596996165
2787.0,-373.87333605904547,-168.15793313748287
2787.5,-373.3759972805181,-168.20939876809743
2788.0,-372.878658272296,-168.26086599626234
2788.5,-372.3813193668085,-168.31233911751818
2789.0,-371.88398114414696,-168.3638157386178
2789.5,-371.38664306043506,-168.41528591271435
2790.0,-370.88930592505966,-168.4667471430406
2790.5,-370.39196867629516,-168.51819137969431
2791.0,-369.8946319657747,-168.56963250773433
2791.5,-369.39729315940787,-168.62106272358895
2792.0,-368.8999510022079,-168.67247699845896
2792.5,-368.4026043238667,-168.72386454425592
2793.0,-367.90525362697315,-168.77522133851664
2793.5,-367.4079003829529,-168.8265483511602
2794.0,-366.910545893838,-168.87785158297532
2794.5,-366.4131899099199,-168.9291251094033
2795.0,-365.91583482145893,-168.98038848520434
2795.5,-365.4184818171458,-169.0316609713242
2796.0,-364.9211295426756,-169.08294325970917
2796.5,-364.4237771588682,-169.13423051402847
2797.0,-363.92642413020343,-169.18552082879032
2797.5,-363.4290702235977,-169.23680813936727
2798.0,-362.9317172977951,-169.28809980306406
2798.5,-362.4343662583413,-169.33939246844227
2799.0,-361.93701598093895,-169.39068022725027
2799.5,-361.43966609361775,-169.44196541793198
2800.0,-360.9423150139683,-169.49324749382245
2800.5,-360.44496118240926,-169.54452027634736
2801.0,-359.9476051710028,-169.59578995530978
2801.5,-359.4502495068675,-169.64707177179238
2802.0,-358.95289603092937,-169.6983773647749
2802.5,-358.45554631716954,-169.7497193338339
2803.0,-357.9582004420093,-169.80110071316835
2803.5,-357.4608586359647,-169.8525254976373
2804.0,-356.96352149256427,-169.90400077265622
2804.5,-356.4661913118995,-169.95554220308077
2805.0,-355.9688686482977,-170.0071573951865
2805.5,-355.47155412902646,-170.05885001816816
2806.0,-354.9742485932255,-170.11063233773902
2806.5,-354.4769557423806,-170.16253825636863
2807.0,-353.9796744027205,-170.2145561314208
2807.5,-353.48240482972886,-170.26668255292407
2808.0,-352.98514616079893,-170.31890966577498
2808.5,-352.487900593408,-170.37125634636647
2809.0,-351.99066826038313,-170.42372684970508
2809.5,-351.4934475866778,-170.47630934788592
2810.0,-350.9962376881299,-170.52899808587
2810.5,-350.4990379494616,-170.58178650066515
2811.0,-350.00184881794576,-170.63467527500137
2811.5,-349.5046706615449,-170.6876634048768
2812.0,-349.00750144085276,-170.74073173138984
2812.5,-348.51033882089627,-170.79386489288962
2813.0,-348.0131808207014,-170.8470503016851
2813.5,-347.5160268852769,-170.90028210516826
2814.0,-347.01887697919904,-170.95355908303324
2814.5,-346.52173041773284,-171.00687122422568
2815.0,-346.02458771652744,-171.0602208010081
2815.5,-345.5274483653653,-171.11360343240813
2816.0,-345.03031213977107,-171.16701695023716
2816.5,-344.5331817344576,-171.22048354776527
2817.0,-344.03605756185135,-171.27400450513383
2817.5,-343.5389407452504,-171.32758725116574
2818.0,-343.0418309420168,-171.38123117795473
2818.5,-342.5447280528925,-171.43493942670256
2819.0,-342.04763096219995,-171.4887045034422
2819.5,-341.5505396276119,-171.54252677943506
2820.0,-341.0534541440298,-171.5964065631465
2820.5,-340.55637434493974,-171.65034175802177
2821.0,-340.05930056796336,-171.7043360160984
2821.5,-339.56223256597434,-171.75838637538172
2822.0,-339.0651698768144,-171.8124885997163
2822.5,-338.5681117936823,-171.86663674626206
2823.0,-338.0710584014122,-171.92083221945697
2823.5,-337.57400980505565,-171.97507554965352
2824.0,-337.0769662010876,-172.029366679991
2824.5,-336.5799289349451,-172.08371637474875
2825.0,-336.08289814367674,-172.13812528241297
2825.5,-335.5858766007352,-172.19261779919603
2826.0,-335.0888637070219,-172.24718777105159
2826.5,-334.59186014712793,-172.30184097543335
2827.0,-334.0948642545254,-172.35656266303727
2827.5,-333.59787771798767,-172.41136703591337
2828.0,-333.10090111883073,-172.46625915955534
2828.5,-332.603934650834,-172.5212414248288
2829.0,-332.1069780800594,-172.5763105370142
2829.5,-331.61002887592775,-172.63144369049917
2830.0,-331.1130874482823,-172.6866461887033
2830.5,-330.6161520469175,-172.74190438472806
2831.0,-330.11922183141814,-172.79721016380947
2831.5,-329.62229670002876,-172.8525641016824
2832.0,-329.1253755106238,-172.90795672314152
2832.5,-328.628459008605,-172.96339493824905
2833.0,-328.13154701268076,-173.01887574762142
2833.5,-327.6346387562281,-173.07439176154296
2834.0,-327.137734770397,-173.1299471038716
2834.5,-326.6408344045581,-173.18553504604944
2835.0,-326.14393775967403,-173.2411562337468
2835.5,-325.6470491006515,-173.29684814572482
2836.0,-325.1501682557215,-173.35260929092115
2836.5,-324.65329424148075,-173.40843097447805
2837.0,-324.15642724766974,-173.4643154972961
2837.5,-323.65956517639296,-173.5202444677236
2838.0,-323.1627075260186,-173.57621296076294
2838.5,-322.6658538866023,-173.6322169927033
2839.0,-322.16900336358185,-173.68824856126176
2839.5,-321.6721566965464,-173.74431426738636
2840.0,-321.17531431774285,-173.8004176728151
2840.5,-320.67847457789645,-173.85654370937758
2841.0,-320.18163621904034,-173.9126808570938
2841.5,-319.6847988623638,-173.96882541700538
2842.0,-319.18796245929593,-174.02497827375612
2842.5,-318.6911263882098,-174.08113467171486
2843.0,-318.19428954669974,-174.13728585880136
2843.5,-317.69745172204284,-174.19342946857483
2844.0,-317.2006127132023,-174.24956315888863
2844.5,-316.70377191197935,-174.30568052315488
2845.0,-316.2069294966951,-174.36178176153297
2845.5,-315.71008563248625,-174.41786815834436
2846.0,-315.2132403703658,-174.47393980175272
2846.5,-314.7163937015536,-174.5299968262241
2847.0,-314.2195459732051,-174.5860431815628
2847.5,-313.7226978822126,-174.6420847799023
2848.0,-313.22584985831276,-174.69812642586362
2848.5,-312.72900209740635,-174.7541720165686
2849.0,-312.23215409397716,-174.81021878371203
2849.5,-311.73530552811417,-174.86626335552418
2850.0,-311.23845588250157,-174.92230110259527
2850.5,-310.7416054950321,-174.97833336276992
2851.0,-310.2447542039428,-175.03435817409948
2851.5,-309.74790156599926,-175.0903711237691
2852.0,-309.251047080826,-175.14636721581263
2852.5,-308.75419147697244,-175.20235265840134
2853.0,-308.25733518854963,-175.25833086156263
2853.5,-307.7604779552199,-175.31429990839268
2854.0,-307.26361998005075,-175.37026288609889
2854.5,-306.7667615278497,-175.4262224668301
2855.0,-306.2699029804495,-175.48218228185578
2855.5,-305.7730451086031,-175.53814869997868
2856.0,-305.27618835582774,-175.594125177046
2856.5,-304.77933336610715,-175.6501172994112
2857.0,-304.2824802097659,-175.7061256496446
2857.5,-303.7856285520869,-175.76214717520511
2858.0,-303.28877815335585,-175.81817960319296
2858.5,-302.79192896296934,-175.87422245669262
2859.0,-302.2950805918853,-175.9302725886491
2859.5,-301.79823296642326,-175.98632928575748
2860.0,-301.30138537587743,-176.04238656168218
2860.5,-300.8045370540588,-176.0984376761456
2861.0,-300.30768734746096,-176.1544766324956
2861.5,-299.8108356038229,-176.2104974844036
2862.0,-299.3139808470631,-176.26649132869986
2862.5,-298.8171225179156,-176.32245321017155
2863.0,-298.32026036868115,-176.37838101559188
2863.5,-297.8233937442476,-176.43426897479242
2864.0,-297.3265223703547,-176.4901147953405
2864.5,-296.8296460900833,-176.54591718504636
2865.0,-296.33276472447136,-176.601674507551
2865.5,-295.8358777141522,-176.65738168454732
2866.0,-295.33898481569577,-176.71303638215323
2866.5,-294.8420848047882,-176.7686274150773
2867.0,-294.345177434293,-176.82415247510798
2867.5,-293.84826239942413,-176.87960881378962
2868.0,-293.3513395544419,-176.93499493095896
2868.5,-292.85440813394723,-176.99030388996505
2869.0,-292.3574674005238,-177.04552904187278
2869.5,-291.86051613549125,-177.10065950769646
2870.0,-291.3635532523816,-177.15568536924133
2870.5,-290.8665785678621,-177.2106048133122
2871.0,-290.3695914753985,-177.26541196060572
2871.5,-289.87259091494064,-177.32009663432638
2872.0,-289.37557612126574,-177.374651323966
2872.5,-288.87854652272256,-177.42907033763447
2873.0,-288.3815013284995,-177.48334631401087
2873.5,-287.88444010388616,-177.53747571472482
2874.0,-287.3873629810748,-177.59145904629636
2874.5,-286.8902692503519,-177.6452895089061
2875.0,-286.39315829879286,-177.69896118095514
2875.5,-285.8960288958234,-177.7524619556396
2876.0,-285.3988802274279,-177.80578352146162
2876.5,-284.90171201025737,-177.85892256210767
2877.0,-284.4045235021247,-177.91187132056348
2877.5,-283.90731330565166,-177.96461559573154
2878.0,-283.4100826661393,-178.01716594181303
2878.5,-282.9128298744497,-178.0695053726757
2879.0,-282.41555305662115,-178.12161584094233
2879.5,-281.91825053663973,-178.17348038813364
2880.0,-281.42092012566064,-178.22507747602086
2880.5,-280.92356036270917,-178.27639178105136
2881.0,-280.42617115943926,-178.3274205458936
2881.5,-279.9287527382891,-178.37816401930132
2882.0,-279.43130434974137,-178.4286129480743
2882.5,-278.93382750062887,-178.47878031783824
2883.0,-278.4363229693416,-178.5286721289085
2883.5,-277.9387920184238,-178.57829939941982
2884.0,-277.4412359048058,-178.62767364234404
2884.5,-276.9436560527547,-178.67680826868644
2885.0,-276.4460531302938,-178.72570902255055
2885.5,-275.94842734149654,-178.7743767173502
2886.0,-275.4507789391551,-178.82281274016006
2886.5,-274.9531084721973,-178.87102160513635
2887.0,-274.45541689090834,-178.9190120547808
2887.5,-273.95770480944964,-178.9667892985194
2888.0,-273.45997135316736,-179.01434289587115
2888.5,-272.96221642952713,-179.06167090758925
2889.0,-272.46443862117127,-179.10875776866354
2889.5,-271.9666370653921,-179.15559349469123
2890.0,-271.4688119836678,-179.2021785833194
2890.5,-270.9709640164294,-179.2485181466508
2891.0,-270.47309413668677,-179.29462121069025
2891.5,-269.97520332836643,-179.34049728199435
2892.0,-269.4772922380511,-179.38615197793698
2892.5,-268.97936167933346,-179.43159262219103
2893.0,-268.4814126360304,-179.47682902091412
2893.5,-267.98344593623267,-179.52186910930348
2894.0,-267.4854624066448,-179.56672201385496
2894.5,-266.9874633276495,-179.61140225547277
2895.0,-266.4894498761558,-179.65592384604457
2895.5,-265.99142300487836,-179.70029734083988
2896.0,-265.4933831841999,-179.74452711348903
2896.5,-264.9953299819889,-179.7886066434854
2897.0,-264.4972632668304,-179.8325327329067
2897.5,-263.99918273995905,-179.876301170834
2898.0,-263.50108773362064,-179.91990373035082
2898.5,-263.0029776607681,-179.9633334305513
2899.0,-262.5048525046112,-180.00658961109505
2899.5,-262.00671209702665,-180.04966967231215
2900.0,-261.50855557159264,-180.0925633372075
2900.5,-261.0103823146773,-180.13526270008975
2901.0,-260.51219210910455,-180.17776484078541
2901.5,-260.01398511564247,-180.22007048035158
2902.0,-259.5157620513866,-180.26218618377158
2902.5,-259.017523893394,-180.30412164008894
2903.0,-258.5192714797555,-180.34588571088455
2903.5,-258.02100572210196,-180.38748909417467
2904.0,-257.5227274821712,-180.42894210411674
2904.5,-257.0244375449732,-180.47025462370922
2905.0,-256.5261365242172,-180.5114348536573
2905.5,-256.0278246574325,-180.5524854080881
2906.0,-255.52950188137612,-180.593404386959
2906.5,-255.03116795841828,-180.6341878223132
2907.0,-254.53282254275652,-180.67483042221716
2907.5,-254.0344654004766,-180.7153282113328
2908.0,-253.53609635311958,-180.75567765754053
2908.5,-253.03771506325987,-180.79587331203663
2909.0,-252.53932052412202,-180.83590193641092
2909.5,-252.04091153018723,-180.87574890330427
2910.0,-251.54248711521643,-180.91540253753234
2910.5,-251.0440466466749,-180.95485451170646
2911.0,-250.54558979356,-180.9941004084236
2911.5,-250.0471164569351,-181.03313844396632
2912.0,-249.54862713322598,-181.07197321537566
2912.5,-249.05012176481605,-181.1106027684914
2913.0,-248.55160013652468,-181.14902304903364
2913.5,-248.05306259086933,-181.1872368111852
2914.0,-247.55450929426155,-181.22524468645463
2914.5,-247.0559403349693,-181.2630464109595
2915.0,-246.55735607064392,-181.3006455157194
2915.5,-246.05875673350047,-181.33804407918674
2916.0,-245.56014243455894,-181.3752425880853
2916.5,-245.06151314861347,-181.4122396817008
2917.0,-244.56286927320852,-181.44903981759128
2917.5,-244.06421092428758,-181.48564355366133
2918.0,-243.565537994785,-181.52204821450573
2918.5,-243.0668510458969,-181.55826028003054
2919.0,-242.56815001672993,-181.59427754254764
2919.5,-242.06943450066873,-181.63009310610076
2920.0,-241.57070427631297,-181.66570283088498
2920.5,-241.07195860280606,-181.7010956606447
2921.0,-240.57319686603014,-181.7362619637233
2921.5,-240.07441924216434,-181.77120265884741
2922.0,-239.57562594138105,-181.80591900182188
2922.5,-239.0768167971803,-181.8404070030252
2923.0,-238.5779914498765,-181.8746598396926
2923.5,-238.07914945392304,-181.90866910753618
2924.0,-237.58029050296207,-181.94242776975153
2924.5,-237.08141452989202,-181.9759321559353
2925.0,-236.58252152629174,-182.00917997778384
2925.5,-236.08361156069125,-182.0421702607111
2926.0,-235.58468483446333,-182.0749043880824
2926.5,-235.08574163550205,-182.1073861527253
2927.0,-234.58678236334188,-182.13962114348885
2927.5,-234.08780721863383,-182.1716111405616
2928.0,-233.58881590537845,-182.20335001845413
2928.5,-233.08980800498819,-182.23482869848962
2929.0,-232.59078326190328,-182.26604024162665
2929.5,-232.09174156643454,-182.29698057933746
2930.0,-231.59268299135064,-182.32764817633372
2930.5,-231.09360721322466,-182.35803488224894
2931.0,-230.59451384778865,-182.38813123515143
2931.5,-230.09540242584407,-182.41792635467385
2932.0,-229.59627212060698,-182.44740323247893
2932.5,-229.09712343032763,-182.476566793903
2933.0,-228.59795510908057,-182.50539199433882
2933.5,-228.09876715079247,-182.53387544052663
2934.0,-227.59955977674795,-182.5620168766967
2934.5,-227.1003329279859,-182.5898110710621
2935.0,-226.60108663156726,-182.61725399050252
2935.5,-226.10182142001335,-182.64435042601409
2936.0,-225.60253906806057,-182.67112905877246
2936.5,-225.10323997708042,-182.69759372961235
2937.0,-224.60392456467875,-182.72374852851564
2937.5,-224.104593342232,-182.74959943887194
2938.0,-223.60524643737364,-182.7751450362788
2938.5,-223.1058844113632,-182.80039197605288
2939.0,-222.60650860811091,-182.8253643045841
2939.5,-222.1071199979358,-182.85008020089526
2940.0,-221.60771894257664,-182.874544466445
2940.5,-221.10830602151213,-182.8987658834623
2941.0,-220.60888150829115,-182.9227476578519
2941.5,-220.10944571039636,-182.94649358482238
2942.0,-219.6099991158697,-182.9700115210524
2942.5,-219.1105420129293,-182.99330523442453
2943.0,-218.61107419427424,-183.01636804413658
2943.5,-218.1115961493138,-183.03920822363662
2944.0,-217.61210896618283,-183.06184744716853
2944.5,-217.1126132850937,-183.08429827368641
2945.0,-216.61310958057408,-183.10656945677175
2945.5,-216.11359837699692,-183.1286715017736
2946.0,-215.61408026988096,-183.1506167224292
2946.5,-215.11455585263766,-183.17241765682598
2947.0,-214.61502569678672,-183.19408635101203
2947.5,-214.11549034691853,-183.21563435701665
2948.0,-213.61595019391967,-183.23706998997108
2948.5,-213.11640550418963,-183.25839894668258
2949.0,-212.6168567222486,-183.27963134256868
2949.5,-212.11730431872226,-183.30077799599238
2950.0,-211.61774860705526,-183.321846551636
2950.5,-211.11818963489836,-183.3428378920487
2951.0,-210.61862779274512,-183.3637616806305
2951.5,-210.11906331146858,-183.38462279750362
2952.0,-209.61949637234002,-183.4054251455136
2952.5,-209.11992705059015,-183.42617037342433
2953.0,-208.62035537467605,-183.44685946695026
2953.5,-208.12078136154688,-183.46749314391536
2954.0,-207.62120500268645,-183.48807088898914
2954.5,-207.121626262907,-183.50859111244753
2955.0,-206.62204504278148,-183.52905085711865
2955.5,-206.1224611423779,-183.54944497061072
2956.0,-205.6228745237538,-183.56977230455223
2956.5,-205.12328499850668,-183.59002777806376
2957.0,-204.62369243876634,-183.61020740426164
2957.5,-204.12409708658524,-183.63031727109976
2958.0,-203.62449885054573,-183.65035490322956
2958.5,-203.12489768064864,-183.67031844674068
2959.0,-202.62529363706116,-183.69020980887075
2959.5,-202.12568681114638,-183.710031659697
2960.0,-201.6260773113127,-183.7297864529493
2960.5,-201.12646529522618,-183.74947788206757
2961.0,-200.62685093098045,-183.7691104981411
2961.5,-200.12723425499718,-183.78868489877982
2962.0,-199.62761513052058,-183.80819689636675
2962.5,-199.12799358117962,-183.8276469440989
2963.0,-198.62836966997963,-183.84703627953368
2963.5,-198.12874348733033,-183.8663669467262
2964.0,-197.62911516233922,-183.88564190333494
2964.5,-197.12948474371572,-183.904861912409
2965.0,-196.62985217047125,-183.9240251173754
2965.5,-196.1302173429247,-183.94312880110226
2966.0,-195.63058022522955,-183.9621717957667
2966.5,-195.1309408821723,-183.9811558461811
2967.0,-194.63129932392758,-184.00008164664646
2967.5,-194.13165550420362,-184.0189475211205
2968.0,-193.6320096991667,-184.03775968329765
2968.5,-193.1323620090832,-184.05652075997648
2969.0,-192.63271254590984,-184.07523412748026
2969.5,-192.13306131051758,-184.09390040528558
2970.0,-191.6334082341798,-184.11251841024122
2970.5,-191.1337533339367,-184.13108895536723
2971.0,-190.63409681575067,-184.14961718581833
2971.5,-190.13443872550056,-184.16810400289415
2972.0,-189.63477898884165,-184.18654692746426
2972.5,-189.13511759431967,-184.20494501380784
2973.0,-188.63545456867956,-184.2232987416659
2973.5,-188.13579009228314,-184.24161290758545
2974.0,-187.6361243056086,-184.25989125603746
2974.5,-187.13645724362223,-184.27813464743448
2975.0,-186.63678890149419,-184.29634285629666
2975.5,-186.1371193727982,-184.31451839139646
2976.0,-185.6374487281886,-184.3326634447147
2976.5,-185.13777717692147,-184.35078360816814
2977.0,-184.63810475903998,-184.36887980032782
2977.5,-184.13843165683835,-184.38695681378556
2978.0,-183.63875805460657,-184.40501926597233
2978.5,-183.13908401599647,-184.42306853905603
2979.0,-182.63940951653242,-184.441103929905
2979.5,-182.13973461015783,-184.45912722878882
2980.0,-181.64005951454024,-184.47714460972858
2980.5,-181.14038418926143,-184.49515630349865
2981.0,-180.6407087397837,-184.51316472410775
2981.5,-180.14103320655576,-184.53117117029174
2982.0,-179.64135763774027,-184.54917704021764
2982.5,-179.141682045335,-184.56718260821307
2983.0,-178.64200641485266,-184.58518734441128
2983.5,-178.14233078040007,-184.60319198451083
2984.0,-177.64265503849086,-184.62119352634033
2984.5,-177.14297914779752,-184.6391911243649
2985.0,-176.64330319675506,-184.65718720841784
2985.5,-176.14362733264787,-184.67518603749093
2986.0,-175.64395172842808,-184.69319224593448
2986.5,-175.1442764665512,-184.7112078238499
2987.0,-174.64460145984475,-184.72923025344662
2987.5,-174.14492655102387,-184.7472551951226
2988.0,-173.64525167729857,-184.76528081949695
2988.5,-173.1455770399399,-184.783313312367
2989.0,-172.64590270474343,-184.8013543509367
2989.5,-172.14622870073,-184.8194044511016
2990.0,-171.64655497554796,-184.83746240813116
2990.5,-171.1468814291752,-184.85552619113955
2991.0,-170.6472081231051,-184.8735973970972
2991.5,-170.14753504495602,-184.89167520006163
2992.0,-169.64786205100367,-184.90975542978407
2992.5,-169.14818912191743,-184.92783733829958
2993.0,-168.64851622606275,-184.94592010263582
2993.5,-168.1488432845341,-184.9640016963495
2994.0,-167.64917017826323,-184.98207891118176
2994.5,-167.14949680870774,-185.00014884186814
2995.0,-166.64982303422414,-185.0182075329074
2995.5,-166.15014886446755,-185.0362552671196
2996.0,-165.65047424165266,-185.05429045867442
2996.5,-165.15079909968117,-185.07231128723927
2997.0,-164.65112345985554,-185.09031829154375
2997.5,-164.1514474720443,-185.10831548542495
2998.0,-163.65177118169152,-185.12630398077835
2998.5,-163.15209459900692,-185.14428436745965
2999.0,-162.65241780493358,-185.16225904345407
2999.5,-162.15274080534806,-185.1802282116027
3000.0,-161.65306354285065,-185.1981901436602
3000.5,-161.15338593026476,-185.2161422593014
3001.0,-160.653707909898,-185.23408305209287
3001.5,-160.15402949102437,-185.25201271950218
3002.0,-159.65435065792235,-185.26993079706708
3002.5,-159.15467151427669,-185.28784005452198
3003.0,-158.6549921245375,-185.30574231843758
3003.5,-158.15531251405278,-185.32363845299258
3004.0,-157.65563266906943,-185.34152829227293
3004.5,-157.155952429004,-185.35940726546045
3005.0,-156.65627175914997,-185.37727409735862
3005.5,-156.156590958673,-185.39513645370263
3006.0,-155.6569102052627,-185.41299838276345
3006.5,-155.1572295520162,-185.43086102633708
3007.0,-154.65754892769388,-185.44872266632737
3007.5,-154.1578681839288,-185.4665786898458
3008.0,-153.6581873906872,-185.48443168389858
3008.5,-153.15850650319143,-185.50228188663095
3009.0,-152.65882541316057,-185.52012678615856
3009.5,-152.15914405819498,-185.5379651837413
3010.0,-151.65946244897313,-185.55579801735746
3010.5,-151.15978067808265,-185.57362865063394
3011.0,-150.66009882364943,-185.59145919106103
3011.5,-150.16041675218744,-185.6092854073232
3012.0,-149.66073448883893,-185.62710730475507
3012.5,-149.16105207979874,-185.64492552895084
3013.0,-148.66136954758986,-185.66274024476576
3013.5,-148.1616867805398,-185.68054805757248
3014.0,-147.66200378140874,-185.69834891741374
3014.5,-147.16232063980556,-185.7161455691082
3015.0,-146.66263739313615,-185.7339393751062
3015.5,-146.16295397066997,-185.75172854324282
3016.0,-145.663270211603,-185.7695085647049
3016.5,-145.1635860433547,-185.78727719178696
3017.0,-144.66390159408763,-185.80503798660132
3017.5,-144.16421692909327,-185.82279276865714
3018.0,-143.6645319794617,-185.8405395709337
3018.5,-143.16484671486376,-185.85827750435996
3019.0,-142.66516121069284,-185.87600864363472
3019.5,-142.16547550009443,-185.89373335249417
3020.0,-141.6657894104821,-185.91144604067983
3020.5,-141.16610286574382,-185.92914476815147
3021.0,-140.66641588856575,-185.94683036744416
3021.5,-140.16672855433615,-185.96450504213888
3022.0,-139.66704091413624,-185.98216984179072
3022.5,-139.16735296787448,-185.9998244012682
3023.0,-138.6676648241683,-186.01747226533482
3023.5,-138.16797659577847,-186.03511752828734
3024.0,-137.66828840046293,-186.0527645487838
3024.5,-137.16860034998328,-186.07041747276475
3025.0,-136.66891262334346,-186.08808235768913
3025.5,-136.1692254145666,-186.10576397286795
3026.0,-135.66953881649286,-186.12346390324333
3026.5,-135.16985294631323,-186.14118472597096
3027.0,-134.67016794379603,-186.15892975843605
3027.5,-134.17048405949964,-186.1767055232227
3028.0,-133.67080163285078,-186.19452114431448
3028.5,-133.17112051438255,-186.21237263246417
3029.0,-132.67144079514912,-186.23026241115264
3029.5,-132.17176251947507,-186.24819190194546
3030.0,-131.6720857031601,-186.26616196130166
3030.5,-131.1724107800751,-186.2841848866681
3031.0,-130.67273758620078,-186.30225594859198
3031.5,-130.17306604066283,-186.3203727401244
3032.0,-129.67339611976945,-186.33853471712524
3032.5,-129.17372777482285,-186.35674071600872
3033.0,-128.67406108797047,-186.37499321281507
3033.5,-128.17439632083284,-186.39329864686977
3034.0,-127.67473305574168,-186.41164540810513
3034.5,-127.17507126329257,-186.43003249631153
3035.0,-126.6754109115884,-186.4484588403076
3035.5,-126.17575196131432,-186.46692317093058
3036.0,-125.67609471057935,-186.48543271140971
3036.5,-125.17643884114577,-186.50397869925965
3037.0,-124.67678433567944,-186.52256060079768
3037.5,-124.1771311378669,-186.54117671412556
3038.0,-123.67747914927725,-186.5598241093036
3038.5,-123.17782849918031,-186.5785053708809
3039.0,-122.6781789702397,-186.59721416237784
3039.5,-122.17853036971823,-186.6159458978607
3040.0,-121.678882613438,-186.6346982960645
3040.5,-121.17923563220302,-186.65346944952134
3041.0,-120.67958952102374,-186.6722620208697
3041.5,-120.17994423615787,-186.6910769592891
3042.0,-119.68029954684589,-186.70991047787925
3042.5,-119.18065547311535,-186.7287637296132
3043.0,-118.68101212394865,-186.74763957193804
3043.5,-118.18136987907556,-186.76654758522102
3044.0,-117.68172933243916,-186.7855025393666
3044.5,-117.18209032173759,-186.80449845530853
3045.0,-116.68245323984561,-186.82354341917804
3045.5,-116.1828185054256,-186.84264601572585
3046.0,-115.68318677323651,-186.86182025322498
3046.5,-115.18355929158581,-186.88109330213067
3047.0,-114.6839357493883,-186.9004576994937
3047.5,-114.18431646520241,-186.91992065947062
3048.0,-113.68470178950297,-186.9394909314516
3048.5,-113.18509262694,-186.95919190680343
3049.0,-112.68549015054396,-186.97905809500048
3049.5,-112.1858934264652,-186.9990675545616
3050.0,-111.68630261940477,-187.01922543148225
3050.5,-111.18671787157663,-187.0395364426985
3051.0,-110.68713998889157,-187.0600226019987
3051.5,-110.18756993336513,-187.08070967359714
3052.0,-109.68800609419033,-187.1015559154108
3052.5,-109.18844837829737,-187.1225573710327
3053.0,-108.68889669532838,-187.14370972146534
3053.5,-108.18935179158447,-187.16502819290517
3054.0,-107.68981363788492,-187.18650882916353
3054.5,-107.19028070975716,-187.20811331708958
3055.0,-106.69075279793535,-187.22983508449363
3055.5,-106.19122968325355,-187.25166735915127
3056.0,-105.6917118244318,-187.2736183870989
3056.5,-105.19219835025007,-187.29566686793487
3057.0,-104.69268831530377,-187.31779167006184
3057.5,-104.19318140295981,-187.33998532404132
3058.0,-103.6936772736559,-187.36223988691327
3058.5,-103.19417595647367,-187.38455716882333
3059.0,-102.69467636796224,-187.40691478139192
3059.5,-102.19517811677488,-187.42930359441533
3060.0,-101.69568109489381,-187.451720948611
3060.5,-101.19618528636938,-187.4741662250469
3061.0,-100.69669073730692,-187.49663979929412
3061.5,-100.197196802103,-187.5191282030832
3062.0,-99.6977033908728,-187.54162927080705
3062.5,-99.19821042779914,-187.56414095522362
3063.0,-98.69871788920685,-187.5866619719697
3063.5,-98.1992258642904,-187.60919370921485
3064.0,-97.69973438894844,-187.6317371306422
3064.5,-97.20024347728472,-187.6542924995356
3065.0,-96.7007530905536,-187.67685894833937
3065.5,-96.20126307895251,-187.69943335663945
3066.0,-95.70177343379784,-187.7220158518036
3066.5,-95.2022842904571,-187.74460947156166
3067.0,-94.70279575289516,-187.76721658293079
3067.5,-94.2033079040794,-187.78983911268574
3068.0,-93.70382085230312,-187.812479974626
3068.5,-93.20433429976751,-187.83513254352175
3069.0,-92.70484830921795,-187.8577980230786
3069.5,-92.20536297668113,-187.88047834183675
3070.0,-91.70587864712725,-187.9031808638628
3070.5,-91.2063954350554,-187.92590786428937
3071.0,-90.70691307725909,-187.94865337396539
3071.5,-90.2074315486791,-187.9714166429689
3072.0,-89.70795083781005,-187.99419721395768
3072.5,-89.2084713640612,-188.01700408785973
3073.0,-88.70899272918653,-188.03982912660942
3073.5,-88.2095147795996,-188.0626691888712
3074.0,-87.71003741386073,-188.085522213541
3074.5,-87.2105606050374,-188.10838778705764
3075.0,-86.71108431632128,-188.1312650992176
3075.5,-86.21160836351793,-188.1541502025046
3076.0,-85.71213271423825,-188.1770423353573
3076.5,-85.2126573457857,-188.1999408917095
3077.0,-84.7131823047586,-188.22284684570948
3077.5,-84.21370761039509,-188.24576032307075
3078.0,-83.71423331242714,-188.26868233906538
3078.5,-83.21475942946957,-188.29161324358876
3079.0,-82.71528596561609,-188.31455303320115
3079.5,-82.21581270130724,-188.33749710764553
3080.0,-81.71633951924,-188.36044307805093
3080.5,-81.21686640133385,-188.383390605936
3081.0,-80.7173933560376,-188.40633990770732
3081.5,-80.21792035615373,-188.42929031409324
3082.0,-79.71844743012029,-188.45224199264547
3082.5,-79.21897464617456,-188.4751963360636
3083.0,-78.71950207319792,-188.4981547574922
3083.5,-78.2200298974335,-188.52112092509523
3084.0,-77.72055796433425,-188.54409160060874
3084.5,-77.22108628631936,-188.56706654090377
3085.0,-76.72161495451434,-188.59004749549044
3085.5,-76.22214427694117,-188.6130410230237
3086.0,-75.7226744465568,-188.63605275475214
3086.5,-75.22320553798815,-188.6590849684664
3087.0,-74.72373767572515,-188.68214035528166
3087.5,-74.22427101890061,-188.7052221660197
3088.0,-73.72480627315755,-188.7283455665619
3088.5,-73.22534302934207,-188.75150145804443
3089.0,-72.72588140886167,-188.77469285414324
3089.5,-72.22642153385958,-188.79792273549913
3090.0,-71.7269642870525,-188.82121007989412
3090.5,-71.22750921395162,-188.84454429840187
3091.0,-70.72805619103761,-188.86792250801705
3091.5,-70.22860523074294,-188.89134485909568
3092.0,-69.7291568176414,-188.91482175216902
3092.5,-69.22971093365155,-188.9383527393873
3093.0,-68.73026718051061,-188.96192924059844
3093.5,-68.23082551385126,-188.9855502665406
3094.0,-67.73138613967838,-189.00922015361837
3094.5,-67.23194931948028,-189.0329443277667
3095.0,-66.7325146051227,-189.05671304259752
3095.5,-66.23308202983608,-189.08052684041823
3096.0,-65.73365177143745,-189.10438926076193
3096.5,-65.2342242932919,-189.12830983253616
3097.0,-64.73479865269671,-189.15226866343454
3097.5,-64.23537488398864,-189.17626639205736
3098.0,-63.73595304450644,-189.2003041419959
3098.5,-63.23653415167901,-189.22440304430455
3099.0,-62.73711705533785,-189.24853923083867
3099.5,-62.23770166107815,-189.27271068362768
3100.0,-61.73828788394235,-189.29691558190603
3100.5,-61.23887633045148,-189.32116633819473
3101.0,-60.739466340669196,-189.34544928306445
3101.5,-60.24005770173983,-189.36975997939084
3102.0,-59.74065032239676,-189.39409649915194
3102.5,-59.241244548930084,-189.41846582006426
3103.0,-58.741839865146844,-189.44285744774072
3103.5,-58.242436125777665,-189.46726843472635
3104.0,-57.743033305016944,-189.49169824154964
3104.5,-57.24363163078961,-189.51615136570786
3105.0,-56.74423115637761,-189.54062901287867
3105.5,-56.24483168909903,-189.56512717325234
3106.0,-55.745433200514874,-189.58964525087836
3106.5,-55.2460358837752,-189.61418726552324
3107.0,-54.74663956644415,-189.63874962277959
3107.5,-54.24724405615941,-189.66332835404648
3108.0,-53.74784933734031,-189.6879231171269
3108.5,-53.248455605355026,-189.71253785180727
3109.0,-52.7490627614745,-189.73717053842685
3109.5,-52.24967066445151,-189.76181839849508
3110.0,-51.750279348050924,-189.78648216026215
3110.5,-51.25088912849863,-189.81116831961359
3111.0,-50.75150007924014,-189.8358781620019
3111.5,-50.252112088598246,-189.8606092761635
3112.0,-49.75272517835737,-189.88536197380856
3112.5,-49.25333956615371,-189.91014027663118
3113.0,-48.75395512111647,-189.9349410206782
3113.5,-48.25457165459309,-189.95976053652248
3114.0,-47.75518920064958,-189.98459943516383
3114.5,-47.25580813926233,-190.0094648735776
3115.0,-46.75642850844747,-190.0343573512417
3115.5,-46.25705002204471,-190.05927142272535
3116.0,-45.75767265478227,-190.0842066531191
3116.5,-45.25829666641544,-190.10916823756037
3117.0,-44.75892172972851,-190.1341506707998
3117.5,-44.259547662943525,-190.15915052114633
3118.0,-43.760174480437435,-190.18416826628584
3118.5,-43.260802577773504,-190.209212600096
3119.0,-42.761431553355976,-190.23427573061488
3119.5,-42.262061084199615,-190.25935139596757
3120.0,-41.7626910635367,-190.28443759100534
3120.5,-41.263321597682804,-190.309536446161
3121.0,-40.76395241093977,-190.33464198625924
3121.5,-40.2645833383187,-190.35975065653017
3122.0,-39.76521427817689,-190.38486032327893
3122.5,-39.2658449502995,-190.40996535952308
3123.0,-38.766475197245384,-190.43506209850392
3123.5,-38.267104957952924,-190.46014919855403
3124.0,-37.76773415253861,-190.48522497460232
3124.5,-37.2683621714235,-190.5102770065654
3125.0,-36.76898936250818,-190.53531238018886
3125.5,-36.269615784394446,-190.56033227600008
3126.0,-35.770241442728015,-190.58533680907547
3126.5,-35.2708659793481,-190.6103187878489
3127.0,-34.77148982492363,-190.63528692819125
3127.5,-34.27211296162195,-190.66024091206015
3128.0,-33.7727352542262,-190.6851780966458
3128.5,-33.273356318633546,-190.710090874107
3129.0,-32.7739766204041,-190.734988447499
3129.5,-32.27459622940882,-190.75987212671333
3130.0,-31.775215121232737,-190.78474120535665
3130.5,-31.275833431315185,-190.80959856561552
3131.0,-30.776451190843446,-190.83444483612925
3131.5,-30.277068378105128,-190.8592796122056
3132.0,-29.77768485297446,-190.88410024560716
3132.5,-29.278300651748747,-190.90890736612872
3133.0,-28.778915941505595,-190.93370431255377
3133.5,-28.279530764356725,-190.95849193097433
3134.0,-27.780145122774023,-190.98327033594813
3134.5,-27.28075901804989,-191.00803947530483
3135.0,-26.78137243099459,-191.03279894862118
3135.5,-26.281985295186182,-191.0575474120112
3136.0,-25.782597340380093,-191.08227936758803
3136.5,-25.28320892951025,-191.10700212277806
3137.0,-24.783820021666028,-191.1317148406004
3137.5,-24.284430462524448,-191.15641438655308
3138.0,-23.785039988817175,-191.18109537227085
3138.5,-23.28564886283055,-191.20576298725686
3139.0,-22.78625709270141,-191.2304173106742
3139.5,-22.286864508175473,-191.25505460033017
3140.0,-21.787471083430315,-191.27967426313032
3140.5,-21.288077023643254,-191.3042803495772
3141.0,-20.788682345311734,-191.3288731133414
3141.5,-20.28928679253233,-191.35344728091988
3142.0,-19.789890710832417,-191.37801034040407
3142.5,-19.29049424843626,-191.4025655765044
3143.0,-18.791097473943708,-191.4271145996435
3143.5,-18.29170046221527,-191.45165925173447
3144.0,-17.792303413862737,-191.47620350220149
3144.5,-17.292906356687176,-191.5007480207272
3145.0,-16.79350933475127,-191.52529402972363
3145.5,-16.294112662965404,-191.54984782209252
3146.0,-15.794716422502896,-191.57441080007916
3146.5,-15.29532069818653,-191.59898464972213
3147.0,-14.795925923886431,-191.62357824066814
3147.5,-14.29653190456566,-191.6481873233484
3148.0,-13.797138572565311,-191.67281043445925
3148.5,-13.297745972732589,-191.6974484382353
3149.0,-12.79835443984449,-191.7221080528344
3149.5,-12.29896352538974,-191.74678018801325
3150.0,-11.799573230505496,-191.7714648578715
3150.5,-11.300183697410253,-191.79616492232134
3151.0,-10.800794796742805,-191.82087777834886
3151.5,-10.30140624848585,-191.84559774799243
3152.0,-9.802018004727865,-191.87032385688488
3152.5,-9.302630075325279,-191.89505628717527
3153.0,-8.80324196635244,-191.91978506519794
3153.5,-8.303853581264693,-191.94450823748832
3154.0,-7.804464804854224,-191.96922346971365
3154.5,-7.305075579455184,-191.99392973710908
3155.0,-6.805686051483075,-192.01862989960395
3155.5,-6.306296175029126,-192.04332298415468
3156.0,-5.8069057337424,-192.06800450004997
3156.5,-5.307514705052779,-192.0926740340608
3157.0,-4.808123241050469,-192.11733471365906
3157.5,-4.308731343054045,-192.14198657011713
3158.0,-3.809338763744576,-192.16662448905333
3158.5,-3.3099456042550846,-192.1912507384049
3159.0,-2.8105519544093256,-192.21586712545286
3159.5,-2.3111577896695885,-192.24047315752293
3160.0,-1.8117631037667348,-192.26506877978917
3160.5,-1.3123680314293877,-192.28965658731497
3161.0,-0.8129725498701482,-192.31423605305093
3161.5,-0.31357639531281745,-192.33880155069684
3162.0,0.1858202313193299,-192.36335695097029
3162.5,0.685217252613777,-192.38790387481012
3163.0,1.1846146952118533,-192.41244172337292
3163.5,1.6840132188417387,-192.43695688826995
3164.0,2.1834124690741987,-192.4614572495359
3164.5,2.682812439343724,-192.48594307969242
3165.0,3.182213346644101,-192.5104103524388
3165.5,3.681615391403698,-192.53485476621893
3166.0,4.181018453885879,-192.55927854847812
3166.5,4.680422607802846,-192.58368013102867
3167.0,5.179828551212766,-192.60804577736147
3167.5,5.679235609232936,-192.63238879951348
3168.0,6.178643869720258,-192.65670726931177
3168.5,6.6780539035158775,-192.68098924209923
3169.0,7.177466152912082,-192.70522548185895
3169.5,7.676879931795415,-192.72943011437957
3170.0,8.17629520577297,-192.7536038240926
3170.5,8.675712883968703,-192.7777275533576
3171.0,9.175132250836258,-192.8018161026662
3171.5,9.67455322491066,-192.8258711744056
3172.0,10.173976248570366,-192.8498835632921
3172.5,10.673401451038774,-192.873850423201
3173.0,11.172828069883328,-192.8977875075026
3173.5,11.672256053954195,-192.92169579622367
3174.0,12.171686073563203,-192.9455606469454
3174.5,12.671117506526109,-192.96939555382076
3175.0,13.170550185062755,-192.99320393742215
3175.5,13.669984323750887,-193.01698099148408
3176.0,14.169419950484263,-193.0407259617141
3176.5,14.668856529294208,-193.06445077398075
3177.0,15.16829402586079,-193.0881563384007
3177.5,15.66773292051056,-193.1118334894892
3178.0,16.167172783752882,-193.13549155902217
3178.5,16.666613541878213,-193.15913181418924
3179.0,17.1660554366035,-193.1827491082714
3179.5,17.665498613883464,-193.20633953399863
3180.0,18.1649426745183,-193.22991079409394
3180.5,18.664387597686574,-193.25346304294303
3181.0,19.163833612002147,-193.27698967090416
3181.5,19.66328027171572,-193.3005001245994
3182.0,20.162727567900323,-193.32399484413486
3182.5,20.662175754869534,-193.34746800548797
3183.0,21.161625034973344,-193.37091640171064
3183.5,21.66107521612517,-193.39434577638278
3184.0,22.160526348406048,-193.41775563812078
3184.5,22.659979147555255,-193.44113277126817
3185.0,23.159432877671453,-193.46449186475314
3185.5,23.65888758791262,-193.48783180783892
3186.0,24.15834381659596,-193.5111416062426
3186.5,24.657801547561622,-193.53442037068763
3187.0,25.157260357704967,-193.55767668326996
3187.5,25.656720290234396,-193.58090952849375
3188.0,26.15618198244414,-193.60410468606557
3188.5,26.655644836530385,-193.6272743668948
3189.0,27.155108863679136,-193.6504182520273
3189.5,27.654574667334504,-193.67352295732633
3190.0,28.154042023890728,-193.69659388024226
3190.5,28.653510755677335,-193.71963493054474
3191.0,29.152981241589085,-193.74263792552372
3191.5,29.65245389237768,-193.76559360998024
3192.0,30.151927810506937,-193.78852151993277
3192.5,30.651402957495165,-193.81142250165786
3193.0,31.150880132106483,-193.83427942911825
3193.5,31.65035864164341,-193.8571076308012
3194.0,32.149838330875866,-193.87991035007266
3194.5,32.649319507643284,-193.90268072249694
3195.0,33.14880204183441,-193.92542167919143
3195.5,33.64828556929515,-193.94814110416274
3196.0,34.147770144923186,-193.97083780359725
3196.5,34.64725623001417,-193.99350159906444
3197.0,35.14674314521387,-194.01614713052732
3197.5,35.64623085520487,-194.03877513651122
3198.0,36.14571959681484,-194.0613802431346
3198.5,36.6452090984088,-194.08396811639568
3199.0,37.144699169225554,-194.1065430200521
3199.5,37.64418987596472,-194.12910335504972
3200.0,38.14368127176464,-194.15164800215135
3200.5,38.64317306565855,-194.174183598432
3201.0,39.14266524842387,-194.19671036160867
3201.5,39.64215829514389,-194.21921761210191
3202.0,40.14165205557506,-194.24170891105854
3202.5,40.64114649149672,-194.2641852411488
3203.0,41.140641873079446,-194.28664098995952
3203.5,41.64013793001134,-194.30908201481648
3204.0,42.139634459268315,-194.33151284805243
3204.5,42.639131495903264,-194.35393282152947
3205.0,43.1386291877369,-194.37633894136906
3205.5,43.638127369474034,-194.3987343508067
3206.0,44.137626051878954,-194.42111875323874
3206.5,44.63712551454994,-194.44348584439604
3207.0,45.136625606528604,-194.46583887491485
3207.5,45.63612623663186,-194.48817985902073
3208.0,46.13562754574617,-194.51050559713576
3208.5,46.63512955687792,-194.53281551749618
3209.0,47.13463215856909,-194.55511220823695
3209.5,47.63413542195413,-194.57739410762926
3210.0,48.133639850239874,-194.5996499709027
3210.5,48.633144936029396,-194.62189110349163
3211.0,49.13265069707559,-194.64411708810806
3211.5,49.632157553177976,-194.66631842334314
3212.0,50.131665354374064,-194.6884984012674
3212.5,50.63117390039722,-194.71066150430457
3213.0,51.13068331665393,-194.73280484100124
3213.5,51.630193589335796,-194.75492879595112
3214.0,52.129704340406505,-194.77704202280793
3214.5,52.62921554879493,-194.79914502471743
3215.0,53.128727499612346,-194.82123145201575
3215.5,53.62823999978658,-194.84330545673126
3216.0,54.127752991663456,-194.86536832077084
3216.5,54.62726660045585,-194.88741715971395
3217.0,55.126780737247344,-194.90945382915618
3217.5,55.62629516866217,-194.93148363337446
3218.0,56.12580985661255,-194.95350741528557
3218.5,56.62532470133168,-194.97552760239972
3219.0,57.124839610467475,-194.99754652325652
3219.5,57.624354577292635,-195.01956431413566
3220.0,58.12386960270451,-195.0415809658362
3220.5,58.6233846235411,-195.0635978259627
3221.0,59.12289953871172,-195.08561706102108
3221.5,59.62241428103947,-195.10764013131558
3222.0,60.1219286321624,-195.1296716389727
3222.5,60.621442771059456,-195.15170762340853
3223.0,61.12095669589756,-195.17374814119677
3223.5,61.62047031961609,-195.195795110349
3224.0,62.11998333284425,-195.2178558766082
3224.5,62.6194958655249,-195.23992766024148
3225.0,63.11900790538098,-195.262010832448
3225.5,63.61851928549517,-195.2841096817121
3226.0,64.11803004174331,-195.3062228849966
3226.5,64.61754007607419,-195.3283525499431
3227.0,65.11704894387931,-195.35050850546477
3227.5,65.6165566959876,-195.37268921455237
3228.0,66.11606366117402,-195.39488741913516
3228.5,66.61556985249555,-195.41710285178226
3229.0,67.11507478700216,-195.43934638241004
3229.5,67.61457861246659,-195.46161485433962
3230.0,68.1140813213524,-195.4839084626319
3230.5,68.61358263198768,-195.50623357938818
3231.0,69.1130822773891,-195.52859652540064
3231.5,69.61258088496623,-195.55098224483885
3232.0,70.11207850198184,-195.5733893183263
3232.5,70.61157492327767,-195.59582121876474
3233.0,71.11107027161086,-195.6182748960711
3233.5,71.61056486267734,-195.6407441423938
3234.0,72.11005875746771,-195.6632278076372
3234.5,72.60955183472453,-195.68572830382425
3235.0,73.10904444107213,-195.70823877454956
3235.5,73.60853665819141,-195.73075796542844
3236.0,74.10802851154644,-195.75328582474913
3236.5,74.6075203520278,-195.7758163237525
3237.0,75.10701238963168,-195.79834396772904
3237.5,75.60650461737438,-195.82086862670013
3238.0,76.10599703346489,-195.843390030469
3238.5,76.60548962215992,-195.86590857076385
3239.0,77.10498256044538,-195.88842000374913
3239.5,77.60447592515071,-195.91092248288032
3240.0,78.10396989855332,-195.93341172693283
3240.5,78.60346468090007,-195.95588303569107
3241.0,79.10296009346912,-195.97834027956117
3241.5,79.60245610690644,-196.00078409322884
3242.0,80.10195274613676,-196.02321392083024
3242.5,80.60145018981044,-196.04562586150251
3243.0,81.10094826713079,-196.0680237057457
3243.5,81.60044698747564,-196.090407254104
3244.0,82.0999465029032,-196.1127731599379
3244.5,82.59944696051976,-196.1351179744467
3245.0,83.09894816012297,-196.15744614095567
3245.5,83.59845016171134,-196.17975633595134
3246.0,84.09795323915883,-196.20204250120054
3246.5,84.59745762477405,-196.22429930922652
3247.0,85.09696302591863,-196.2465332406995
3247.5,85.59646949731777,-196.26874304374363
3248.0,86.09597721471204,-196.2909247526512
3248.5,86.5954865462615,-196.31307025393582
3249.0,87.09499698608256,-196.33519080103238
3249.5,87.59450850137257,-196.35728706868474
3250.0,88.09402105252629,-196.37935988849932
3250.5,88.59353468068595,-196.40140836353262
3251.0,89.09304892134757,-196.42344289825564
3251.5,89.59256362082505,-196.4454668770212
3252.0,90.09207861465065,-196.4674838721605
3252.5,90.59159353472965,-196.48950162755702
3253.0,91.09110806073893,-196.5115265276379
3253.5,91.59062216682953,-196.53355860748468
3254.0,92.09013567447359,-196.5556013665234
3254.5,92.58964824012625,-196.57766184598805
3255.0,93.08915921150704,-196.59975384325747
3255.5,93.58866897719983,-196.6218703162285
3256.0,94.08817753040854,-196.64401323288862
3256.5,94.58768487895298,-196.66618447554367
3257.0,95.08719083235756,-196.68839239769596
3257.5,95.58669552219145,-196.7106336425003
3258.0,96.08619904800567,-196.73290386252145
3258.5,96.5857013934193,-196.75520282142338
3259.0,97.08520256637304,-196.7775300585387
3259.5,97.58470225464349,-196.7998919382617
3260.0,98.08420097258777,-196.82227521372502
3260.5,98.58369894964922,-196.84467370335815
3261.0,99.08319634881744,-196.86708320857994
3261.5,99.58269327961864,-196.8895011708788
3262.0,100.082189769098,-196.91192705592553
3262.5,100.58168608673357,-196.93435612250184
3263.0,101.08118228324442,-196.95678795661973
3263.5,101.5806783923697,-196.97922264602647
3264.0,102.08017442696982,-197.00166110882182
3264.5,102.57967052666913,-197.02410021312616
3265.0,103.07916675346786,-197.04653762149854
3265.5,103.57866311056004,-197.06897300998335
3266.0,104.07815955798087,-197.09140700291857
3266.5,104.57765600236307,-197.11384138121053
3267.0,105.07715228046187,-197.1362793018805
3267.5,105.57664843243559,-197.15871945864646
3268.0,106.07614448266763,-197.18116133082688
3268.5,106.57564044315096,-197.20360478226752
3269.0,107.07513631575696,-197.22605002147642
3269.5,107.57463210506735,-197.24849769986335
3270.0,108.07412792152657,-197.27094533309122
3270.5,108.57362382990073,-197.29339121345882
3271.0,109.07311983913436,-197.3158350740604
3271.5,109.57261590107885,-197.33827793884012
3272.0,110.07211187774521,-197.36072273915107
3272.5,110.5716077820412,-197.38316891104515
3273.0,111.07110376537358,-197.405612727011
3273.5,111.57059984740863,-197.4280536993277
3274.0,112.07009605714117,-197.45049108552226
3274.5,112.56959239188365,-197.4729249646992
3275.0,113.06908868635213,-197.49535964017315
3275.5,113.56858491654054,-197.51779625620227
3276.0,114.06808121598574,-197.54023190290303
3276.5,114.56757761234338,-197.56266605699338
3277.0,115.06707406884352,-197.58509948589625
3277.5,115.56657051410217,-197.60753358354035
3278.0,116.06606689319528,-197.62996926240555
3278.5,116.56556305541993,-197.6524097789388
3279.0,117.06505889090712,-197.6748575629251
3279.5,117.56455453123344,-197.69730973498463
3280.0,118.06405003704029,-197.71976496641105
3280.5,118.563545373336,-197.74222401484192
3281.0,119.06304041038861,-197.76468971392316
3281.5,119.56253489855986,-197.78716761929687
3282.0,120.06202888541813,-197.80965662070656
3282.5,120.56152250603432,-197.83215360787202
3283.0,121.06101595882754,-197.85465410382187
3283.5,121.560509531889,-197.8771517366519
3284.0,122.06000346267204,-197.8996413772626
3284.5,122.55949785712791,-197.9221208742904
3285.0,123.05899290617835,-197.9445859886848
3285.5,123.55848897631107,-197.9670285962269
3286.0,124.05798601432977,-197.98944970832386
3286.5,124.55748399234224,-198.01184964643406
3287.0,125.0569829304955,-198.03422785235355
3287.5,125.55648297024996,-198.056580986115
3288.0,126.05598425126311,-198.0789057201804
3288.5,126.55548672666282,-198.10120323655698
3289.0,127.05499044007173,-198.12347356971966
3289.5,127.55449542444012,-198.14571521553543
3290.0,128.05400138941505,-198.16793442674575
3290.5,128.55350828258696,-198.1901324720406
3291.0,129.0530158391093,-198.21231490222638
3291.5,129.55252388314858,-198.23448598445762
3292.0,130.05203233415278,-198.25664861182594
3292.5,130.55154106280625,-198.27880642906635
3293.0,131.0510498599295,-198.30096337930584
3293.5,131.55055868252643,-198.32312016867337
3294.0,132.05006736224234,-198.3452804111833
3294.5,132.54957581636003,-198.36744578481014
3295.0,133.04908399956855,-198.38961719451652
3295.5,133.54859167149263,-198.41179973845865
3296.0,134.04809852250696,-198.43400033437672
3296.5,134.54760438982126,-198.45622261918228
3297.0,135.04710930721697,-198.4784656971897
3297.5,135.54661335377668,-198.50072768596647
3298.0,136.04611645245495,-198.52301028410818
3298.5,136.54561831611142,-198.5453197095426
3299.0,137.04511868242378,-198.5676622551616
3299.5,137.54461755448,-198.5900380455344
3300.0,138.04411504637736,-198.61244486775172
3300.5,138.54361115282273,-198.63488343786184
3301.0,139.0431058022301,-198.6573556264255
3301.5,139.54259898513163,-198.67986151090628
3302.0,140.04209074034992,-198.70239978699271
3302.5,140.54158111208827,-198.72496892098525
3303.0,141.04107007899978,-198.7475690074396
3303.5,141.54055756818855,-198.77020136238187
3304.0,142.0400435983914,-198.79286498596346
3304.5,142.53952836825272,-198.81555477221818
3305.0,143.03901212715883,-198.83826496964159
3305.5,143.5384950063876,-198.86099302272888
3306.0,144.03797712126553,-198.88373747206506
3306.5,144.53745847245136,-198.90650004326142
3307.0,145.0369393127589,-198.92927519000196
3307.5,145.53641976489567,-198.9520593822308
3308.0,146.03589984965072,-198.97485224990754
3308.5,146.53537969533963,-198.99765074547867
3309.0,147.0348593371795,-199.02045400501393
3309.5,147.5343386668488,-199.04326440647054
3310.0,148.03381768520168,-199.06608221964234
3310.5,148.53329667865995,-199.088900923462
3311.0,149.03277575128405,-199.11171801713675
3311.5,149.5322548999137,-199.13453353807066
3312.0,150.03173406248192,-199.15734888025307
3312.5,150.531213393435,-199.18016067578426
3313.0,151.03069304328727,-199.20296572588106
3313.5,151.53017289793775,-199.2257664514587
3314.0,152.0296528084612,-199.2485658967086
3314.5,152.52913284514776,-199.27136224685157
3315.0,153.02861303160435,-199.2941546762423
3315.5,153.52809319083372,-199.3169465942888
3316.0,154.02757322172363,-199.33973976272986
3316.5,154.52705309344032,-199.36253484463148
3317.0,155.02653268978779,-199.3853349651435
3317.5,155.5260119383746,-199.40814263223305
3318.0,156.0254908549258,-199.43095831265788
3318.5,156.5249693236623,-199.45378496378723
3319.0,157.0244472811691,-199.47662405248323
3319.5,157.52392474029602,-199.4994750112039
3320.0,158.0234015733791,-199.52234054573
3320.5,158.52287767767282,-199.54522290367012
3321.0,159.02235303992708,-199.56812177515704
3321.5,159.52182764213728,-199.59103659736815
3322.0,160.02130143007182,-199.61396792271051
3322.5,160.5207743834228,-199.63691624338824
3323.0,161.02024657436607,-199.65988002162354
3323.5,161.51971797018084,-199.68286017386546
3324.0,162.01918838650704,-199.7058615872072
3324.5,162.51865797810603,-199.7288815835413
3325.0,163.01812679047313,-199.75191953861983
3325.5,163.5175946644765,-199.77497910825252
3326.0,164.01706133937427,-199.79806560432297
3326.5,164.5165265765773,-199.82118348673782
3327.0,165.01599041944394,-199.84433143076188
3327.5,165.51545306441048,-199.86750549026536
3328.0,166.014914399983,-199.89070801864167
3328.5,166.5143742351402,-199.91394297849118
3329.0,167.01383258869836,-199.9372098915849
3329.5,167.5132896408195,-199.96050469808816
3330.0,168.0127454540124,-199.98382593433533
3330.5,168.51220011239747,-200.00717184715268
3331.0,169.0116537108616,-200.03054040725388
3331.5,169.5111064159559,-200.0539279853179
3332.0,170.0105583299012,-200.07733257081037
3332.5,170.51000947967566,-200.10075361376946
3333.0,171.009459949251,-200.12418922339495
3333.5,171.50891002260144,-200.1476332070481
3334.0,172.0083598434446,-200.17108210755828
3334.5,172.5078093487513,-200.19453691752767
3335.0,173.00725868230737,-200.21799419149838
3335.5,173.50670784320695,-200.24145359798365
3336.0,174.00615669752128,-200.26491860783923
3336.5,174.50560512885966,-200.28839234864245
3337.0,175.00505313081126,-200.31187497982236
3337.5,175.50450063957996,-200.33536922655767
3338.0,176.00394779666908,-200.35887232950012
3338.5,176.50339463738823,-200.38238383382568
3339.0,177.0028410458903,-200.40590555426348
3339.5,177.50228701816164,-200.42943668985515
3340.0,178.00173256959016,-200.45297620208777
3340.5,178.50117754321613,-200.4765270050733
3341.0,179.0006219105984,-200.50009021608622
3341.5,179.50006575556938,-200.52366415071097
3342.0,179.99950896506303,-200.54725114440603
3342.5,180.49895133277715,-200.5708558135496
3343.0,180.99839271393037,-200.59448182142694
3343.5,181.4978330136375,-200.61813173335293
3344.0,181.9972720738329,-200.64180892321272
3344.5,182.49670986731735,-200.6655131034763
3345.0,182.99614639765977,-200.68924376168383
3345.5,183.49558153523964,-200.71300366531392
3346.0,183.9950150705885,-200.73679728922588
3346.5,184.49444706542687,-200.76062326970202
3347.0,184.99387766683049,-200.7844784790727
3347.5,185.49330674346416,-200.80836562425955
3348.0,185.99273446743248,-200.832280576418
3348.5,186.4921608283024,-200.85622262932515
3349.0,186.99158604122326,-200.88018698408368
3349.5,187.4910103370684,-200.90416910580015
3350.0,187.9904336766153,-200.92817013138887
3350.5,188.48985569510901,-200.95219636679352
3351.0,188.98927652351276,-200.97624628425416
3351.5,189.48869666107038,-201.000311294978
3352.0,189.98811595019913,-201.02439573421424
3352.5,190.48753424480066,-201.04850375544544
3353.0,190.98695172125494,-201.07263070087762
3353.5,191.48636835652263,-201.09677605722322
3354.0,191.98578396050738,-201.1209431949474
3354.5,192.4851982725115,-201.14513667823906
3355.0,192.98461164720788,-201.16934872739418
3355.5,193.4840239171712,-201.19358255717248
3356.0,193.98343486849538,-201.2178432170008
3356.5,194.4828446237103,-201.2421288386043
3357.0,194.98225334695277,-201.2664368276919
3357.5,195.48166095267942,-201.290768656951
3358.0,195.9810674051862,-201.31512366464713
3358.5,196.48047304026562,-201.33949365407565
3359.0,196.97987775761482,-201.36387983873303
3359.5,197.47928180684914,-201.388277609899
3360.0,197.9786851980129,-201.41268685272854
3360.5,198.4780879542439,-201.43710707777672
3361.0,198.977490305286,-201.46153655620955
3361.5,199.47689195008954,-201.4859815388653
3362.0,199.97629206683314,-201.5104574899678
3362.5,200.47569105004982,-201.53495824285054
3363.0,200.97508892599458,-201.55948517509188
3363.5,201.4744853314339,-201.5840452499238
3364.0,201.97387998965493,-201.60864091435786
3364.5,202.47327210202397,-201.63328590027928
3365.0,202.97266178948968,-201.6579785785298
3365.5,203.47204894393784,-201.68272321921418
3366.0,203.97143280384887,-201.70753550492395
3366.5,204.4708135635045,-201.73241149800617
3367.0,204.97019083905843,-201.75735807467407
3367.5,205.46956515620016,-201.7823638386122
3368.0,205.9689357529828,-201.80744338193986
3368.5,206.46830333135358,-201.83258209089973
3369.0,206.96766769222106,-201.85778321887017
3369.5,207.46702929479545,-201.8830365643346
3370.0,207.96638868356956,-201.90833165469652
3370.5,208.46574638156795,-201.93365987040568
3371.0,208.96510244659584,-201.95902111693198
3371.5,209.46445683318055,-201.98441819251383
3372.0,209.96380925168916,-202.0098564270657
3372.5,210.46315954927624,-202.03533725530949
3373.0,210.96250771919193,-202.0608598550119
3373.5,211.46185383126067,-202.08642253251867
3374.0,211.96119748291193,-202.1120331341006
3374.5,212.46053855233689,-202.13769360692038
3375.0,212.95987604740316,-202.16342248184736
3375.5,213.45921058978234,-202.1892090616919
3376.0,213.95854220735652,-202.2150526891708
3376.5,214.45787092122765,-202.24095261515046
3377.0,214.95719575541852,-202.26692730493977
3377.5,215.45651670622294,-202.29297638070034
3378.0,215.9558331523545,-202.3191117322945
3378.5,216.45514500111338,-202.34533514000148
3379.0,216.95445318074835,-202.37162713559974
3379.5,217.45375696690314,-202.39799999758753
3380.0,217.95305704032896,-202.4244425083152
3380.5,218.45235314200445,-202.4509611932489
3381.0,218.95164522070704,-202.47755651529445
3381.5,219.4509337919159,-202.50421847847326
3382.0,219.95021891330268,-202.5309451859787
3382.5,220.44950074150938,-202.5577331640704
3383.0,220.94877897025884,-202.5845874734947
3383.5,221.44805286400728,-202.61152131401823
3384.0,221.94732292928447,-202.63852547199394
3384.5,222.4465896892777,-202.6655916148988
3385.0,222.94585324594428,-202.69271843892275
3385.5,223.44511343757196,-202.71990770036237
3386.0,223.9443699340251,-202.74716472001452
3386.5,224.44362253227047,-202.77449298802816
3387.0,224.94287167699048,-202.8018842753508
3387.5,225.442117816825,-202.8293293239826
3388.0,225.94136156943713,-202.85681602119942
3388.5,226.44060326516657,-202.8843380454643
3389.0,226.93984322569767,-202.9118918539414
3389.5,227.43908133903494,-202.9394802918144
3390.0,227.93831766910242,-202.96710127008524
3390.5,228.43755276416528,-202.99474522411734
3391.0,228.93678694984663,-203.0224058821386
3391.5,229.4360205952834,-203.05007662795717
3392.0,229.9352539398976,-203.07775381005823
3392.5,230.43448709746207,-203.10543481031817
3393.0,230.93372003416613,-203.13311995982605
3393.5,231.43295315312386,-203.16080163231297
3394.0,231.9321873039811,-203.18846330105882
3394.5,232.43142298520578,-203.216095355539
3395.0,232.93066055893908,-203.24369214888117
3395.5,233.42990007295285,-203.27125447218862
3396.0,233.92914147158987,-203.2987847197927
3396.5,234.42838489447752,-203.3262797478195
3397.0,234.92763095338532,-203.35372735006194
3397.5,235.4268800731749,-203.38111913212393
3398.0,235.92613207052426,-203.40845828228439
3398.5,236.42538643783058,-203.43575233454703
3399.0,236.92464317114224,-203.46299861175558
3399.5,237.42390247032665,-203.4901933710325
3400.0,237.92316448284578,-203.51733886048152
3400.5,238.4224290717405,-203.54444066582238
3401.0,238.9216954930533,-203.57151138926324
3401.5,239.42096372657898,-203.59854987466855
3402.0,239.92023435896945,-203.62554475071573
3402.5,240.4195074069008,-203.65249395375324
3403.0,240.9187827878147,-203.67939909413877
3403.5,241.41806110549092,-203.70625002274951
3404.0,241.9173426267453,-203.73304286847144
3404.5,242.41662756095945,-203.75977330096805
3405.0,242.91591643441006,-203.7864304964258
3405.5,243.4152098593805,-203.81300135378396
3406.0,243.9145088830869,-203.83946696822483
3406.5,244.41381537984904,-203.86579208879832
3407.0,244.9131300504259,-203.8919617885907
3407.5,245.41245410690016,-203.91795045156712
3408.0,245.91178918967879,-203.94372556980275
3408.5,246.41113683309476,-203.96925671040262
3409.0,246.91049891595367,-203.99450475087912
3409.5,247.40987795771332,-204.0194154916092
3410.0,247.90927614623504,-204.04393958672816
3410.5,248.40869559435262,-204.06802676739463
3411.0,248.90813867516897,-204.09161882539064
3411.5,249.40760775422282,-204.11465335505946
3412.0,249.90710478558032,-204.13707259106286
3412.5,250.40663057975942,-204.1588416657047
3413.0,250.90618641464442,-204.1799106774726
3413.5,251.4057735917341,-204.20022297003675
3414.0,251.90539247030523,-204.21973959740285
3414.5,252.40504332100983,-204.23841934598613
3415.0,252.90472532837657,-204.25624631065543
3415.5,253.40443653062593,-204.27323452134823
3416.0,253.9041754240894,-204.28938388851802
3416.5,254.4039416075464,-204.30466161147012
3417.0,254.90373456332375,-204.31903381182713
3417.5,255.40355392256524,-204.33245677406558
3418.0,255.90339869888433,-204.3448974204225
3418.5,256.40326735010814,-204.3563289472435
3419.0,256.90315810561884,-204.36673088327254
3419.5,257.40307023280167,-204.37604085753551
3420.0,257.90300312860893,-204.38417220260257
3420.5,258.40295530413147,-204.39105111448416
3421.0,258.9029237358162,-204.39664707711705
3421.5,259.40290502260797,-204.40095151281545
3422.0,259.90289579470675,-204.40396169963154
3422.5,260.40289284689885,-204.40563403588013
3423.0,260.90289260782356,-204.4058790761793
3423.5,261.40289091161907,-204.40467289796123
3424.0,261.90288322146023,-204.40196499956312
3424.5,262.4028641036833,-204.39764090985943
3425.0,262.90282699226015,-204.39158244339308
3425.5,263.402764938448,-204.383728917279
3426.0,263.90267203949406,-204.37410755255635
3426.5,264.4025412738984,-204.36268528231616
3427.0,264.902363880394,-204.34938946002754
3427.5,265.4021289000264,-204.33409700270116
3428.0,265.90182331048334,-204.31665170617387
3428.5,266.4014356603417,-204.29699230906502
3429.0,266.9009535185434,-204.27505934773805
3429.5,267.40036231229215,-204.25076540422924
3430.0,267.8996462116573,-204.2240248652681
3430.5,268.3987850815462,-204.19470305813846
3431.0,268.8977659804578,-204.1628075755925
3431.5,269.3965820893352,-204.12843090199652
3432.0,269.8952138020563,-204.09147810751318
3432.5,270.39362998459865,-204.0517257180582
3433.0,270.89178732475796,-204.00884969027555
3433.5,271.389644315497,-203.96261934437325
3434.0,271.88718973270807,-203.91315641503394
3434.5,272.38442034391454,-203.8606232268415
3435.0,272.8813168816647,-203.8050157519181
3435.5,273.3778292825106,-203.74607578240867
3436.0,273.8738731251724,-203.68331879366423
3436.5,274.3693943594723,-203.6165682963371
3437.0,274.86438369664734,-203.54598961526003
3437.5,275.3588350590104,-203.47173443396727
3438.0,275.852735902041,-203.39389417408748
3438.5,276.3460263707977,-203.31226912915554
3439.0,276.83858706053735,-203.22635054842783
3439.5,277.330361528388,-203.1360443674972
3440.0,277.82127174277264,-203.04115636529045
3440.5,278.3112486396087,-202.9415651029977
3441.0,278.8002462917686,-202.83727468363975
3441.5,279.288169360055,-202.72807216833917
3442.0,279.77499010665144,-202.61406026179682
3442.5,280.26065848277574,-202.4952355219821
3443.0,280.7451014643531,-202.37150835566487
3443.5,281.2281904381481,-202.24259840986898
3444.0,281.70983130583136,-202.1083874650086
3444.5,282.1900145890489,-201.96905864252625
3445.0,282.668707681093,-201.824696719795
3445.5,283.1458786371233,-201.67537863043515
3446.0,283.6214485298269,-201.521034416008
3446.5,284.09539584095154,-201.36177570628828
3447.0,284.5676375848697,-201.19752555556119
3447.5,285.03806093893996,-201.02813502100128
3448.0,285.50653333062616,-200.85341968148754
3448.5,285.9730754007328,-200.67361244450314
3449.0,286.4375688989939,-200.4885773456658
3449.5,286.8997980814354,-200.2979587498947
3450.0,287.3595642443981,-200.10148077162745
3450.5,287.8168409169013,-199.89928730179201
3451.0,288.27163539040595,-199.69157785587637
3451.5,288.72391700843974,-199.4784542275607
3452.0,289.1737469224141,-199.26020239561564
3452.5,289.62106948935326,-199.0368554109864
3453.0,290.0656676255067,-198.8081365585907
3453.5,290.5072875001506,-198.5737286613212
3454.0,290.9460792032767,-198.33407906575246
3454.5,291.3821352210759,-198.08949153769058
3455.0,291.8154549303483,-197.8400841588109
3455.5,292.24610391683495,-197.58608696980508
3456.0,292.67393897052386,-197.3273741700637
3456.5,293.0986400092187,-197.06354894125636
3457.0,293.5200997416918,-196.79458021224653
3457.5,293.938319966646,-196.52060470504628
3458.0,294.3531479470851,-196.24152182208195
3458.5,294.7646623994661,-195.95757801207824
3459.0,295.17279938117065,-195.66880283645725
3459.5,295.5773118976846,-195.37497227962098
3460.0,295.9781767321598,-195.0761835772914
3460.5,296.37554383801984,-194.7727589286182
3461.0,296.76919182982067,-194.46452671441244
3461.5,297.15875451091017,-194.15115282750716
3462.0,297.5445805987661,-193.8331929347541
3462.5,297.92672498137847,-193.51081675675277
3463.0,298.30505209618127,-193.18396865889227
3463.5,298.6795690891194,-192.85276136186678
3464.0,299.0502589490074,-192.51727644765361
3464.5,299.4170699453677,-192.17755308918242
3465.0,299.7798199106418,-191.83349466700187
3465.5,300.13864450145076,-191.4853424636641
3466.0,300.49338042884,-191.13302523120916
3466.5,300.8437031365035,-190.77632185331183
3467.0,301.1895492492594,-190.4152796548074
3467.5,301.5309981432539,-190.05007753709035
3468.0,301.86800843774796,-189.68077577756173
3468.5,302.2003097526708,-189.30723046836468
3469.0,302.5279519095969,-188.92959212375894
3469.5,302.8508523176632,-188.54789162494
3470.0,303.16889797115266,-188.16213669081995
3470.5,303.48173442957176,-187.7721477683047
3471.0,303.789449949605,-187.37811096033923
3471.5,304.0918953705347,-186.98002007535152
3472.0,304.3889860173518,-186.57792148684365
3472.5,304.6804931379769,-186.1717603619989
3473.0,304.966591939424,-185.76177483331736
3473.5,305.24721274527917,-185.34802145306745
3474.0,305.52213584117396,-184.93046254192404
3474.5,305.79096629716764,-184.50895932145974
3475.0,306.0538179011912,-184.08370690089083
3475.5,306.3106372630929,-183.65478689999821
3476.0,306.56134357569124,-183.2222644821462
3476.5,306.80575460259007,-182.7861515661139
3477.0,307.0440184368955,-182.34665032409083
3477.5,307.2761411093222,-181.90387120582878
3478.0,307.5020706492547,-181.45789411889785
3478.5,307.72147315833274,-181.00866508099458
3479.0,307.93416839425805,-180.55622277123442
3479.5,308.1397613872796,-180.10051113406846
3480.0,308.33810047414016,-179.64159724229793
3480.5,308.5292945026917,-179.1796590000044
3481.0,308.7138508138983,-178.7150224588164
3481.5,308.8917756753897,-178.24779823120542
3482.0,309.06221948121026,-177.7777916570067
3482.5,309.2247029293074,-177.30497949617308
3483.0,309.37933927309524,-176.82954783102502
3483.5,309.5263345667058,-176.3517009831068
3484.0,309.66559849106227,-175.87154529961023
3484.5,309.7979512943291,-175.38943697790282
3485.0,309.9234752209765,-174.90550141219188
3485.5,310.04192962418983,-174.41978426096279
3486.0,310.15346478006506,-173.93242923035962
3486.5,310.2585011185945,-173.44363111467592
3487.0,310.35727824016215,-172.9535296192133
3487.5,310.450005235943,-172.4622473457705
3488.0,310.5375749289825,-171.9700181386041
3488.5,310.6205319828922,-171.4769874740116
3489.0,310.6992162568431,-170.98325372686344
3489.5,310.7739520453739,-170.48890518701862
3490.0,310.845247340429,-169.9940490404871
3490.5,310.9135493286406,-169.4987709496441
3491.0,310.97918237634894,-169.00313262027618
3491.5,311.0426040389345,-168.50720608277894
3492.0,311.1040867931625,-168.01103483131448
3492.5,311.16371209493064,-167.51463790695314
3493.0,311.22143851474925,-167.01801946031276
3493.5,311.2774318592497,-166.52120413011235
3494.0,311.3316893489826,-166.02419674047417
3494.5,311.384116208946,-165.52699342513125
3495.0,311.434616304619,-165.02958967141888
3495.5,311.48319644665435,-164.53199213903218
3496.0,311.5297243734459,-164.0341976985428
3496.5,311.5740303330171,-163.5362004798754
3497.0,311.6159320487311,-163.03799563916058
3497.5,311.6553278804961,-162.5395893120285
3498.0,311.69213886822183,-162.04098897631474
3498.5,311.72642104163725,-161.54220882602283
3499.0,311.75819818416977,-161.04326199561316
3499.5,311.7876641224032,-160.54416915412492
3500.0,311.81486279755694,-160.04494276674214
3500.5,311.8397309788081,-159.54559256497043
3501.0,311.8621098579718,-159.0461263788922
3501.5,311.88218369586156,-158.5465646645773
3502.0,311.90004930774444,-158.0469206357173
3502.5,311.9158125059337,-157.54720424913657
3503.0,311.9294060138533,-157.04742214494843
3503.5,311.94082302774456,-156.54758510363317
3504.0,311.9501059527785,-156.04770402559458
3504.5,311.9572680306744,-155.54778990192204
3505.0,311.9624042641661,-155.04785272989122
3505.5,311.9655415745137,-154.5479007215437
3506.0,311.96685784017296,-154.0479421332192
3506.5,311.9664588609528,-153.5479831614759
3507.0,311.964472841348,-153.0480272434811
3507.5,311.9609694303936,-152.54807751660874
3508.0,311.95585319502214,-152.04814182544578
3508.5,311.9490836065559,-151.54822978111483
3509.0,311.94062217285204,-151.04834895206687
3509.5,311.9304602894171,-150.54850264021232
3510.0,311.9186284040664,-150.04869238148683
3510.5,311.9051300392855,-149.54891793170296
3511.0,311.8898767329546,-149.04918807366408
3511.5,311.87270422074596,-148.54951924706546
3512.0,311.8534875808218,-148.04992734334866
3512.5,311.8322301332662,-147.5504210427993
3513.0,311.8089688704756,-147.05100649193665
3513.5,311.783791764439,-146.55168430052677
3514.0,311.75686097306385,-146.05244901501902
3514.5,311.72817401400164,-145.55330761642517
3515.0,311.69761439177734,-145.05427803806086
3515.5,311.66518727625026,-144.55536929787516
3516.0,311.63095049835067,-144.0565852854851
3516.5,311.5949925315742,-143.55792542882924
3517.0,311.5573785418861,-143.05938802341828
3517.5,311.518260867619,-142.56096291675246
3518.0,311.47760785190144,-142.06266024823455
3518.5,311.4354081962418,-141.5644890611379
3519.0,311.39171836269963,-141.06644968891584
3519.5,311.3465988214705,-140.56854053719414
3520.0,311.3001057073709,-140.07075994378485
3520.5,311.252324955722,-139.5731001033048
3521.0,311.20328232627986,-139.07555998745548
3521.5,311.15299770076666,-138.5781408324544
3522.0,311.10146412588676,-138.0808470440865
3522.5,311.0486442546384,-137.58368795717936
3523.0,310.9944919066186,-137.08667450290864
3523.5,310.9390012060213,-136.58981183261812
3524.0,310.8821650954874,-136.09310378909456
3524.5,310.8239709035664,-135.59655438805981
3525.0,310.76440742485283,-135.10016724272486
3525.5,310.7034469491444,-134.6039493483863
3526.0,310.6410711107082,-134.10790605869877
3526.5,310.57722479948535,-133.61204900963008
3527.0,310.5117870201147,-133.1164004318
3527.5,310.4446863213131,-132.62097798301795
3528.0,310.3758801721874,-132.12579489654863
3528.5,310.30540284606826,-131.6308519905709
3529.0,310.2333360525765,-131.13613862996598
3529.5,310.1597253549194,-130.641650039493
3530.0,310.08457709881276,-130.14738929002468
3530.5,310.0078467068117,-129.65336870534233
3531.0,309.92940595552227,-129.1596194851314
3531.5,309.8491902418123,-128.66616168532
3532.0,309.7672395189945,-128.17299456414648
3532.5,309.68360230803216,-127.68011402384303
3533.0,309.59835119622073,-127.18750954520826
3533.5,309.5115359855855,-126.69517420654658
3534.0,309.4231068738097,-126.20312505950754
3534.5,309.33299262892336,-125.71138519258324
3535.0,309.2412180546552,-125.21995749125311
3535.5,309.14788654862423,-124.72882518539093
3536.0,309.0530757996376,-124.23797579110395
3536.5,308.9568154911228,-123.74740673556764
3537.0,308.8591407923129,-123.25711377811506
3537.5,308.7600247156522,-122.76710850556962
3538.0,308.65943603587476,-122.2774041256658
3538.5,308.5573940401651,-121.78800092878102
3539.0,308.45392391581277,-121.29889716108363
3539.5,308.34899831781235,-120.81010445671734
3540.0,308.2425820193116,-120.321636315706
3540.5,308.13467804247387,-119.83349683041898
3541.0,308.02528866865845,-119.34568965264928
3541.5,307.91442142626573,-118.8582174948941
3542.0,307.8021272601308,-118.37107042169187
3542.5,307.6884229014751,-117.88424716958923
3543.0,307.5732569916435,-117.39776671952264
3543.5,307.45659580122816,-116.91164313413816
3544.0,307.33838134199607,-116.4258974033471
3544.5,307.21856900943334,-115.94054851682749
3545.0,307.0971566957481,-115.45560413824992
3545.5,306.9741791968397,-114.97106031717883
3546.0,306.8496933831965,-114.48690585782307
3546.5,306.72373364749285,-114.003135089796
3547.0,306.59633649203516,-113.51974307818624
3547.5,306.46751891928454,-113.03672964021482
3548.0,306.3372692446168,-112.55410579176899
3548.5,306.2055925320951,-112.07187828999643
3549.0,306.0725315036939,-111.59003779661312
3549.5,305.9381201419567,-111.10857768160237
3550.0,305.80241929822427,-110.62747985829228
3550.5,305.66545828441286,-110.1467352084617
3551.0,305.5272157375943,-109.66635193816522
3551.5,305.38762676634536,-109.18635547234479
3552.0,305.2467123508901,-108.70674089588809
3552.5,305.10440155120796,-108.22753824177921
3553.0,304.9606474841223,-107.74876816720689
3553.5,304.8154307931623,-107.27044311735956
3554.0,304.6687576383783,-106.79256523924256
3554.5,304.52066075820494,-106.31512729209804
3555.0,304.3711323278321,-105.83813603717375
3555.5,304.2201070702292,-105.36162076915448
3556.0,304.0674888928267,-104.88562298128502
3556.5,303.91327201812896,-104.41015423713714
3557.0,303.75754250868437,-103.93518794185543
3557.5,303.60040313699267,-103.46068723495127
3558.0,303.4419113030186,-102.9866318521494
3558.5,303.2820608355241,-102.51302702277367
3559.0,303.1208569170359,-102.03987477994366
3559.5,302.95825435583754,-101.56719730367026
3560.0,302.7941154745655,-101.09505119111908
3560.5,302.6284206008012,-100.62345110737718
3561.0,302.46117659085456,-100.1523988409075
3561.5,302.2923755934666,-99.68190079617641
3562.0,302.1219816494173,-99.21197471476583
3562.5,301.94990845384353,-98.74265899659785
3563.0,301.7760120341857,-98.27401791376634
3563.5,301.600147174657,-97.80611932178982
3564.0,301.4224004254627,-97.33893842113294
3564.5,301.24276550426237,-96.8724860796637
3565.0,301.06121033161025,-96.40678475140695
3565.5,300.8777160343883,-95.9418521261312
3566.0,300.6922770200212,-95.4776999855335
3566.5,300.50486048191425,-95.01434927018946
3567.0,300.31556045106686,-94.55176629874654
3567.5,300.1243665982186,-94.0899637509335
3568.0,299.9312845386255,-93.62894545868099
3568.5,299.73629479129437,-93.16872738387397
3569.0,299.5393015323933,-92.70936124246593
3569.5,299.3403075175875,-92.25085261033855
3570.0,299.1393248898022,-91.79320748526467
3570.5,298.9362830217678,-91.33647026518794
3571.0,298.73114077222436,-90.88067195474152
3571.5,298.5238310660382,-90.42585662431055
3572.0,298.314250253385,-89.97208781734572
3572.5,298.102525790062,-89.51931709561893
3573.0,297.88866708815107,-89.06755096886867
3573.5,297.672619357399,-88.61682934417973
3574.0,297.45431248706365,-88.16720374431883
3574.5,297.23365403088235,-87.71873494357942
3575.0,297.0108043998569,-87.27135783127889
3575.5,296.7858150173722,-86.82505834602571
3576.0,296.5587262283387,-86.37982866269753
3576.5,296.3295420892854,-85.9356795245505
3577.0,296.098199075361,-85.49266054800101
3577.5,295.8649006282864,-85.05067403351256
3578.0,295.6297179848801,-84.60968998553253
3578.5,295.3927000304263,-84.16969043749982
3579.0,295.1538752761959,-83.73066651366025
3579.5,294.9132697580281,-83.29261060566144
3580.0,294.67099610946326,-82.85546694135809
3580.5,294.4270808489139,-82.41922681362364
3581.0,294.181488371565,-81.98392026818063
3581.5,293.93407418279514,-81.54964358331944
3582.0,293.68489396298656,-81.11637950208022
3582.5,293.43404546709377,-80.68407925665457
3583.0,293.1815542871708,-80.25273674191115
3583.5,292.9274339154646,-79.82235011027487
3584.0,292.6715738588455,-79.39299529865546
3584.5,292.41403000742775,-78.96465335234916
3585.0,292.1547996210086,-78.53733927369407
3585.5,291.8939216759042,-78.11103995595343
3586.0,291.63139649045524,-77.68575993537252
3586.5,291.36723389367484,-77.26150156321556
3587.0,291.1014658590961,-76.83825027994617
3587.5,290.8340331778266,-76.41605297696356
3588.0,290.5648931949582,-75.9949442463037
3588.5,290.2940032832741,-75.5749587101491
3589.0,290.021511757721,-75.15600295147549
3589.5,289.7473923712393,-74.7381006447768
3590.0,289.4716387645618,-74.32126522144165
3590.5,289.19402311666255,-73.90566222717976
3591.0,288.9145961860434,-73.49127634049215
3591.5,288.6333097097022,-73.07815598571536
3592.0,288.3501545935987,-72.66632087058758
3592.5,288.06500100507236,-72.25587750266459
3593.0,287.7780157853219,-71.84672014441301
3593.5,287.4893014148914,-71.43878305746318
3594.0,287.1989008482114,-71.0320442323829
3594.5,286.906749223877,-70.62656171073374
3595.0,286.6129298190061,-70.2222884315149
3595.5,286.31746439390184,-69.81922585089654
3596.0,286.0203920515246,-69.41735862304385
3596.5,285.7217207878666,-69.01668729779557
3597.0,285.4215583568926,-68.61713820380797
3597.5,285.11998993747443,-68.218650275468
3598.0,284.8170558134605,-67.821195219638
3598.5,284.51266575198895,-67.42484924392595
3599.0,284.206854708013,-67.02959645370203
3599.5,283.899704716166,-66.63538061204912
3600.0,283.5912340238868,-66.24219461676118
3600.5,283.28134821219226,-65.85012057330812
3601.0,282.9701016625775,-65.45912545989339
3601.5,282.65752776502626,-65.06918877257107
3602.0,282.34362815685853,-64.6803166497398
3602.5,282.02829894152586,-64.29260175761308
3603.0,281.7116809433958,-63.905935325010894
3603.5,281.3938340209894,-63.520269922999475
3604.0,281.0747342625366,-63.135634249645044
3604.5,280.75430954975394,-62.75210395576894
3605.0,280.43266075822663,-62.369611554917796
3605.5,280.10980924587204,-61.98815474188224
3606.0,279.7857627583511,-61.60773997804259
3606.5,279.4606104604801,-61.22828858005494
3607.0,279.134472069967,-60.849690335468786
3607.5,278.80737972627645,-60.4719159412865
3608.0,278.4792593595449,-60.09503458886428
3608.5,278.15014696911334,-59.71901929067725
3609.0,277.82005442790626,-59.34386536723274
3609.5,277.48896556845494,-58.96958795787117
3610.0,277.15677460269507,-58.5962829128706
3610.5,276.8234790513196,-58.22396211972686
3611.0,276.4890379130786,-57.85266783671582
3611.5,276.1533676875575,-57.48247934790556
3612.0,275.81649740307114,-57.11337024398451
3612.5,275.4784495903769,-56.745323912876316
3613.0,275.1391578296028,-56.37841003276087
3613.5,274.7983996147395,-56.01285098466819
3614.0,274.45620157670777,-55.64864545535413
3614.5,274.1125064613694,-55.28586479183621
3615.0,273.7672414138474,-54.924589654730376
3615.5,273.4204684662384,-54.56476688622709
3616.0,273.07223959404513,-54.206357666421454
3616.5,272.7225028861691,-53.849423671031225
3617.0,272.37117394761185,-53.49406166389623
3617.5,272.018382864389,-53.14015586987714
3618.0,271.6641586889184,-52.78768573013717
3618.5,271.30839244059297,-52.43676963486681
3619.0,270.9512058384189,-52.08729797080107
3619.5,270.5925970571286,-51.73928775037622
3620.0,270.23249382349655,-51.39282498545799
3620.5,269.8709775849281,-51.04783715471322
3621.0,269.50817228441787,-50.704199014099366
3621.5,269.14406495668163,-50.36193255277671
3622.0,268.7786415295758,-50.021065307957414
3622.5,268.4119946899917,-49.681511829549095
3623.0,268.04410637133884,-49.34330388262948
3623.5,267.67490072592136,-49.00653949256744
3624.0,267.30453349151884,-48.67105377427553
3624.5,266.933044836213,-48.33680534012705
3625.0,266.56034012705175,-48.003904900112076
3625.5,266.1865603911782,-47.672203695316654
3626.0,265.81169383200523,-47.341723843944564
3626.5,265.4355850550259,-47.012660599537355
3627.0,265.0583271705066,-46.684925494979716
3627.5,264.6799740583478,-46.35846195374112
3628.0,264.3004525141469,-46.033360156776574
3628.5,263.91987877396616,-45.70948951378706
3629.0,263.53829361706124,-45.386802249977485
3629.5,263.1555847345856,-45.065438070204195
3630.0,262.7717631016186,-44.74540281221311
3630.5,262.38681832803,-44.426721126193826
3631.0,262.0006163063112,-44.10956796354917
3631.5,261.6132277803032,-43.79386821165904
3632.0,261.22467020861774,-43.47960965103259
3632.5,260.8348178431366,-43.16695795810274
3633.0,260.4437332869202,-42.855849569764516
3633.5,260.0514220768465,-42.54629160150927
3634.0,259.65774263743384,-42.238478739554544
3634.5,259.26280162307967,-41.93228952311061
3635.0,258.86660782834593,-41.62772870960838
3635.5,258.46901593887026,-41.325003448977334
3636.0,258.0701795133615,-41.02392616753874
3636.5,257.6701202718564,-40.72447971486795
3637.0,257.26871360608675,-40.42684255330754
3637.5,256.86612487697835,-40.13080807483621
3638.0,256.46233907667636,-39.836408817352144
3638.5,256.05724842986143,-39.543812698204334
3639.0,255.6510089235294,-39.25281863040247
3639.5,255.24361354422885,-38.963447606773364
3640.0,254.83507748098407,-38.67568357723174
3640.5,254.42554040515927,-38.38933783685132
3641.0,254.01495313554435,-38.10448705754501
3641.5,253.60331044886792,-37.82115720742951
3642.0,253.19068723746952,-37.53925064876739
3642.5,252.77698328223207,-37.25892961302104
3643.0,252.36226557883512,-36.98010593055349
3643.5,251.9465910083326,-36.702703551498914
3644.0,251.529814770318,-36.4269546587944
3644.5,251.11203371761306,-36.15273540875219
3645.0,250.69326247383572,-35.88003142097394
3645.5,250.27343494934968,-35.60895749685783
3646.0,249.85269582797147,-35.339299596377394
3646.5,249.43103201229215,-35.071082812945356
3647.0,249.00840764067382,-34.804380200188085
3647.5,248.58487195455666,-34.53913808738526
3648.0,248.16031792834772,-34.275549658627774
3648.5,247.7348336516151,-34.01348824157852
3649.0,247.3084901659928,-33.75284141670232
3649.5,246.88123582347248,-33.49368704360496
3650.0,246.45319353035083,-33.23583025518524
3650.5,246.02429143449777,-32.979406935251056
3651.0,245.59450575057,-32.72447412793656
3651.5,245.16393987897402,-32.47086836544307
3652.0,244.73252564452503,-32.21871063566452
3652.5,244.3003583708737,-31.96784321002531
3653.0,243.8674290596825,-31.71829171915188
3653.5,243.43367536768042,-31.470177498703425
3654.0,242.99920622439947,-31.22331880486365
3654.5,242.56396414094152,-30.977819357285792
3655.0,242.12800651257885,-30.733583166543248
3655.5,241.69135564045968,-30.490577206873322
3656.0,241.25391612798705,-30.24898769760186
3656.5,240.81576897315526,-30.008686541850693
3657.0,240.37681932710004,-29.769863975369734
3657.5,239.93713974016336,-29.53240452954969
3658.0,239.49674007710107,-29.29630299707514
3658.5,239.05563338393867,-29.06154236707564
3659.0,238.61391582384698,-28.82794379149502
3659.5,238.1715021545427,-28.59568023527531
3660.0,237.72852893609786,-28.36448978303716
3660.5,237.28494291032197,-28.134474149396272
3661.0,236.84080924503428,-27.905508683047096
3661.5,236.3961195982469,-27.677612750402577
3662.0,235.9508856906481,-27.450769340726897
3662.5,235.50512639819365,-27.224950344032543
3663.0,235.05880391089798,-27.00024001947187
3663.5,234.61197913452762,-26.77652739794238
3664.0,234.1645621472917,-26.554004324600985
3664.5,233.71662905414274,-26.33253060047038
3665.0,233.26805019012076,-26.112378003797684
3665.5,232.81895045368304,-25.893296821967276
3666.0,232.3692225759529,-25.6755181012402
3666.5,231.91897251874093,-25.458835843157225
3667.0,231.4681398865707,-25.243390653170685
3667.5,231.01686123176202,-25.028892850462288
3668.0,230.56511156353793,-24.81539258612188
3668.5,230.1130046458465,-24.60264116306103
3669.0,229.66050446385586,-24.390714006520692
3669.5,229.20768816158247,-24.17945355224631
3670.0,228.75448808323202,-23.96901453006323
3670.5,228.3009880345869,-23.759220112080413
3671.0,227.8471242180163,-23.55020488669334
3671.5,227.39295744452212,-23.341831069884268
3672.0,226.93842609561295,-23.13423440955276
3672.5,226.4835359458341,-22.927415609764257
3673.0,226.02821151459088,-22.721558305967903
3673.5,225.5724195085712,-22.516750880829584
3674.0,225.1161576302821,-22.313008112197704
3674.5,224.65939288612716,-22.11040236643819
3675.0,224.202210526673,-21.90874097734417
3675.5,223.7445393768876,-21.708197739516084
3676.0,223.28648677601723,-21.508531068942773
3676.5,222.82804073468066,-21.309771207837564
3677.0,222.36922599865068,-21.111863154556428
3677.5,221.91009133594576,-20.9146938099407
3678.0,221.45058617333362,-20.718379201278324
3678.5,220.99076967414382,-20.52279260975801
3679.0,220.530607887656,-20.328023864956997
3679.5,220.07010524620114,-20.1340641953688
3680.0,219.60928117372163,-19.9408758684263
3680.5,219.1480536483839,-19.74866105295248
3681.0,218.6864666477861,-19.557316752771314
3681.5,218.22449092966178,-19.366917429547488
3682.0,217.76205250775575,-19.17765856270618
3682.5,217.2992415046496,-18.98932912434123
3683.0,216.83607133653618,-18.801893390443777
3683.5,216.37257954487907,-18.615256639788292
3684.0,215.90886491951295,-18.42916814860032
3684.5,215.4449542028251,-18.243551707870953
3685.0,214.9808742352632,-18.05834077805177
3685.5,214.51667063971638,-17.873426696453933
3686.0,214.05236647620717,-17.68874870241987
3686.5,213.5879833670963,-17.50424674637376
3687.0,213.12354784806615,-17.31985803636546
3687.5,212.6590723551002,-17.13554680814977
3688.0,212.1945710475259,-16.95127827255517
3688.5,211.7300646050461,-16.767010072552676
3689.0,211.26557028533938,-16.58270834779324
3689.5,210.80111712668597,-16.398308793866835
3690.0,210.336721167421,-16.21377665905339
3690.5,209.87239734497655,-16.02907207261544
3691.0,209.40817245920073,-15.844130289752313
3691.5,208.9440609014575,-15.658913842857165
3692.0,208.48006941074655,-15.473408069140238
3692.5,208.01621416511617,-15.287576494787183
3693.0,207.5525330430554,-15.10132964534307
3693.5,207.0890062465282,-14.914713532730124
3694.0,206.62563077240034,-14.727729140231643
3694.5,206.16241092043327,-14.540361367130437
3695.0,205.69935636488452,-14.352584857379368
3695.5,205.23644652333303,-14.164451138989874
3696.0,204.773676070486,-13.975971759588631
3696.5,204.3110493272843,-13.787135712448741
3697.0,203.84857309151616,-13.597922955106458
3697.5,203.38623269210157,-13.408370909076703
3698.0,202.92402996642497,-13.21847586107133
3698.5,202.4619707666674,-13.028226343303134
3699.0,202.00006466389158,-12.837600486465854
3699.5,201.5382917546507,-12.646647722300298
3700.0,201.07665078004183,-12.45537252073742
3700.5,200.61514498299283,-12.263772376596325
3701.0,200.15379650018284,-12.07180128971388
3701.5,199.69258437533995,-11.879514341109559
3702.0,199.23150449249812,-11.686922475885668
3702.5,198.77055062333935,-11.494039598971911
3703.0,198.30973558644973,-11.300834006506305
3703.5,197.84904518468352,-11.107339819450976
3704.0,197.38848010197103,-10.913561304264741
3704.5,196.92804145511204,-10.719499390453105
3705.0,196.46773898968772,-10.525129442643422
3705.5,196.0075577749231,-10.330476494079527
3706.0,195.54748621279714,-10.135559958414198
3706.5,195.0875196640247,-9.94038245213878
3707.0,194.62766803586177,-9.74491801846615
3707.5,194.16793230439757,-9.549162661900224
3708.0,193.70830664330228,-9.353132164847985
3708.5,193.2487945148712,-9.156820858133427
3709.0,192.78940924862044,-8.96019840201682
3709.5,192.33014489130605,-8.763272858794044
3710.0,191.8709888574736,-8.566072145083055
3710.5,191.4119445873337,-8.368589249259095
3711.0,190.95302721546187,-8.170793564214282
3711.5,190.49424562659377,-7.972671084542313
3712.0,190.0355981576282,-7.774233982577528
3712.5,189.5770896283746,-7.575475933624691
3713.0,189.11873118742653,-7.37637059517233
3713.5,188.66052079270113,-7.176927505979707
3714.0,188.2024483235018,-6.977175321008627
3714.5,187.7445111668583,-6.7771240066711025
3715.0,187.28671774238904,-6.576753666859187
3715.5,186.8290577656353,-6.376089907105126
3716.0,186.3715167228202,-6.175162348580018
3716.5,185.91408719712288,-5.973982241245814
3717.0,185.45678121745044,-5.772518592289996
3717.5,184.99958223834574,-5.570804343350057
3718.0,184.54248539082565,-5.368849271374124
3718.5,184.08549228249245,-5.1666490099442965
3719.0,183.62862372606122,-4.964159734980211
3719.5,183.1718629969292,-4.761419682040728
3720.0,182.7152100241328,-4.558428538675723
3720.5,182.25867646420113,-4.355165073887915
3721.0,181.8022796261981,-4.151599581525492
3721.5,181.34600726178252,-3.9477632315193976
3722.0,180.8898580728192,-3.7436593076303466
3722.5,180.43384517253972,-3.539258765148189
3723.0,179.9779559515443,-3.3345867511479734
3723.5,179.52217710597137,-3.129669214345308
3724.0,179.06650468739306,-2.924510630254456
3724.5,178.61095203330495,-2.71907613201459
3725.0,178.155496044282,-2.5134115598051987
3725.5,177.7001406333815,-2.3075120318627262
3726.0,177.2449010463464,-2.101348246873958
3726.5,176.78977869725716,-1.8949152854594058
3727.0,176.33475818115642,-1.6882443810587056
3727.5,175.87983958362193,-1.4813364342754145
3728.0,175.42504564179546,-1.2741401938169823
3728.5,174.97037356344953,-1.0666733265655952
3729.0,174.5158387392132,-0.8589148614493413
3729.5,174.06146032784042,-0.6508327063921051
3730.0,173.60723701357264,-0.4424301266953297
3730.5,173.15315037553822,-0.23374895550582203
3731.0,172.69919462656998,-0.024800550122855314
3731.5,172.24538500576026,0.18444860826221365
3732.0,171.79169542252797,0.3939450811778835
3732.5,171.33812375088232,0.6036850445956492
3733.0,170.88467452667794,0.8136861721635709
3733.5,170.43133594468424,1.0239340280564426
3734.0,169.9780982002603,1.2344132220875874
3734.5,169.52496758268614,1.4451411395498763
3735.0,169.07196073049104,1.6561528656157072
3735.5,168.61906541447175,1.867421744271418
3736.0,168.16629417457025,2.0789674199019035
3736.5,167.7136800951638,2.290856927626791
3737.0,167.26121372676582,2.5030663506941924
3737.5,166.80890205886817,2.715606132554258
3738.0,166.35677642986744,2.9285348347424027
3738.5,165.9048394409799,3.141853838896322
3739.0,165.4530876787102,3.355553137957113
3739.5,165.00153623087004,3.569663239946545
3740.0,164.55020228117394,3.784219678732243
3740.5,164.09906685147934,3.9991850079580615
3741.0,163.64814391029032,4.214589499197021
3741.5,163.19746854773376,4.430506962340054
3742.0,162.7470074833709,4.646877154104838
3742.5,162.29675959067944,4.863705273959489
3743.0,161.8467729759068,5.081099455212162
3743.5,161.39702313488797,5.299006672995243
3744.0,160.94753727138814,5.5174766029888
3744.5,160.49840167338743,5.736678701136028
3745.0,160.0496089529224,5.956590033857108
3745.5,159.60117395864498,6.177234738281941
3746.0,159.1531696093841,6.398756820094698
3746.5,158.70558610896515,6.621134206983985
3747.0,158.25844612206862,6.844399049748073
3747.5,157.81185317109905,7.068745291711362
3748.0,157.36580448039027,7.294154482855581
3748.5,156.92028145825793,7.52058446313117
3749.0,156.4753681623763,7.748187513414339
3749.5,156.03104003479518,7.97691059495047
3750.0,155.58726883489564,8.206691684529114
3750.5,155.14412886900567,8.43766720933791
3751.0,154.701584332972,8.669765040978845
3751.5,154.25957286381598,8.902869982641139
3752.0,153.81817141894163,9.137128957038122
3752.5,153.37735112545334,9.372479209074788
3753.0,152.9370803168218,9.608857664496691
3753.5,152.49743927398953,9.846412617359542
3754.0,152.0583784010495,10.08504587105962
3754.5,151.6198560066458,10.32467859970803
3755.0,151.1819696777715,10.565490565860651
3755.5,150.74465774181687,10.807356662922313
3756.0,150.30794040439176,11.050300979724426
3756.5,149.87198747788517,11.294613192570484
3757.0,149.43668329296972,11.540074982000416
3757.5,149.00205479796392,11.786727679664654
3758.0,148.5682148414275,12.034758687175705
3758.5,148.1350670158654,12.283992847826514
3759.0,147.7027122640711,12.534595334268653
3759.5,147.27125478767968,12.786722918881402
3760.0,146.84060051739968,13.040199230331238
3760.5,146.41082436654142,13.295139066042834
3761.0,145.98187683835255,13.551448065706943
3761.5,145.55367027014466,13.808975824204166
3762.0,145.1263137401428,14.067896844663695
3762.5,144.6996914099396,14.328019278676722
3763.0,144.27379577052145,14.589324503251014
3763.5,143.84872941733735,14.851979438491606
3764.0,143.42435662007708,15.115761923676436
3764.5,143.00075763846795,15.380798685687202
3765.0,142.5779759431057,15.647151530953066
3765.5,142.15595791246167,15.91472590350684
3766.0,141.73491792197416,16.18384350033623
3766.5,141.31485267381962,16.454475029510522
3767.0,140.89577779063995,16.726628097616842
3767.5,140.4778615041531,17.000548524172807
3768.0,140.06094693822808,17.275981432953476
3768.5,139.64516164775287,17.553104700249975
3769.0,139.23050839845146,17.831907663210764
3769.5,138.81690429323916,18.112252013692995
3770.0,138.40456624626157,18.394435776101574
3770.5,137.993260720784,18.67811171715437
3771.0,137.58302403284134,18.963327933658547
3771.5,137.17388905481408,19.25012114894089
3772.0,136.76568073312856,19.538239056513536
3772.5,136.35855964724092,19.82790953885774
3773.0,135.95242028184737,20.11897118493147
3773.5,135.54731931902776,20.41149154311627
3774.0,135.14334982078773,20.705591587558857
3774.5,134.74039388168873,21.001094156097277
3775.0,134.33867652411737,21.29829461573763
3775.5,133.93809843960622,21.597040537541105
3776.0,133.5387864476452,21.89748322670734
3776.5,133.14085631713934,22.19975702818664
3777.0,132.74418521181238,22.50368227034629
3777.5,132.34905349904017,22.809604969981866
3778.0,131.95522265123753,23.11720127463345
3778.5,131.56285309566374,23.42665568237654
3779.0,131.17199764726604,23.73800826561928
3779.5,130.782524427089,24.05107491105943
3780.0,130.3946593777728,24.366114555630595
3780.5,130.0080738589109,24.682711320485907
3781.0,129.62288571695603,25.001002757883082
3781.5,129.23894314252345,25.320796213542597
3782.0,128.8562523491001,25.642088059821123
3782.5,128.47486814539639,25.96493342628253
3783.0,128.09460618785621,26.28910508985308
3783.5,127.71568224516898,26.614847179918566
3784.0,127.33781231642926,26.941819067383783
3784.5,126.9611577760774,27.270198051099957
3785.0,126.58564290736167,27.59988510280546
3785.5,126.21126328733887,27.930868028314595
3786.0,125.8380963032146,28.26322599884323
3786.5,125.46603315871998,28.596825227807486
3787.0,125.09534959315627,28.931959234191247
3787.5,124.72585075266355,29.268399875978716
3788.0,124.35782364117289,29.60644725844026
3788.5,123.99115071428054,29.945958467874775
3789.0,123.62596350150497,30.287055917829566
3789.5,123.26225149277393,30.629715475540642
3790.0,122.89992719769478,30.97383025396228
3790.5,122.53912290620238,31.31952627911281
3791.0,122.17960425610163,31.6665495673446
3791.5,121.82162297691386,32.015150765352224
3792.0,121.46489526956134,32.36502870835202
3792.5,121.10967616383046,32.71643294819077
3793.0,120.75572042282371,33.06911180981934
3793.5,120.40311018596083,33.423146702211575
3794.0,120.05179187646601,33.77847758652829
3794.5,119.70178832420461,34.135117117254836
3795.0,119.3531841131136,34.493138983078616
3795.5,119.00597366270159,34.852517943431
3796.0,118.660365556301,35.213440293875024
3796.5,118.31613676292939,35.575681998917084
3797.0,117.97357070604927,35.93950192992387
3797.5,117.63240189232693,36.30463669919237
3798.0,117.29307319896755,36.6714803592833
3798.5,116.95532730084614,37.039776701083845
3799.0,116.61956084069149,37.4098662101602
3799.5,116.28556298424205,37.781538317452245
3800.0,115.95353764309296,38.15495540098727
3800.5,115.62319886166279,38.52985577859628
3801.0,115.29456870518462,38.90624751422864
3801.5,114.96757749384633,39.284059256879395
3802.0,114.64216791215128,39.6632289285882
3802.5,114.31828146795678,40.04370314327343
3803.0,113.99576205572988,40.425343713532406
3803.5,113.67459809843834,40.80814153322997
3804.0,113.35458559678072,41.19192490464284
3804.5,113.03599232098539,41.57690977607402
3805.0,112.71866633881378,41.9629514274833
3805.5,112.40289533452862,42.35028143414524
3806.0,112.08845199161755,42.73870115225639
3806.5,111.77567355113669,43.12847248202819
3807.0,111.46438283715516,43.51943800584796
3807.5,111.1549341791736,43.91186272358318
3808.0,110.84726163298065,44.30567508834806
3808.5,110.54156572189943,44.701010432304805
3809.0,110.23779955373999,45.09781245823186
3809.5,109.93589150430368,45.496008934252934
3810.0,109.63578114558761,45.89554397859855
3810.5,109.3372564456575,46.296249288530674
3811.0,109.04035066546409,46.69814716034036
3811.5,108.74479852690658,47.10103698439513
3812.0,108.45084023484473,47.505086843952874
3812.5,108.15817422829383,47.91007170035289
3813.0,107.86703063908949,48.3161581511433
3813.5,107.57710844491749,48.723127184355235
3814.0,107.2885772357524,49.13109967138589
3814.5,107.00127323841014,49.539955607943945
3815.0,106.71539433778757,49.9498269170455
3815.5,106.43097932339718,50.360724993430026
3816.0,106.14811241222,50.77269662456129
3816.5,105.86688081127673,51.18579130994692
3817.0,105.58722508647045,51.59995681296
3817.5,105.30935394094315,52.01532221054858
3818.0,105.03303887776676,52.43172434075861
3818.5,104.75862709386332,52.84938211239015
3819.0,104.48569977862208,53.268012868751434
3819.5,104.21458144257019,53.68782146390807
3820.0,103.94503953871558,54.10864264511091
3820.5,103.67734904350259,54.530636801368765
3821.0,103.4113704976935,54.95370442096308
3821.5,103.14716343484858,55.37787171925018
3822.0,102.88463238786059,55.80307455253562
3822.5,102.62364775748773,56.22923116748675
3823.0,102.36437542258206,56.65643554124547
3823.5,102.10660861123436,57.08455291496177
3824.0,101.85065690093795,57.51376113715456
3824.5,101.59619496088672,57.943855784403986
3825.0,101.34349468704363,58.37499055374551
3825.5,101.09224647366446,58.806976824168366
3826.0,100.84257238353418,59.239880293700764
3826.5,100.59437691869103,59.67363847209602
3827.0,100.34770604895766,60.1082698952241
3827.5,100.10266616198179,60.54382591384963
3828.0,99.85915568322315,60.980240728371434
3828.5,99.61740933142308,61.41763711970086
3829.0,99.37714593424732,61.85585293162859
3829.5,99.13878950914204,62.295110577695226
3830.0,98.90210684956357,62.73527116293576
3830.5,98.66743928617198,63.17650279117001
3831.0,98.43465510180809,63.61872254424184
3831.5,98.20377473269949,64.06192948716843
3832.0,97.97472997145383,64.50608282024453
3832.5,97.74731619417012,64.9510710775765
3833.0,97.52174582922663,65.39699554117246
3833.5,97.29769594854831,65.84368629020862
3834.0,97.07544525368566,66.29128038297128
3834.5,96.85468415225945,66.73961725521694
3835.0,96.63565013411086,67.1888090744747
3835.5,96.41822160288342,67.63879034992911
3836.0,96.2024765514569,68.08959317793399
3836.5,95.98851789916759,68.5412566072966
3837.0,95.77621709838462,68.99371221594119
3837.5,95.56595112057498,69.44712675715051
3838.0,95.35753081987855,69.90139672309228
3838.5,95.15149311130921,70.3567519382731
3839.0,94.94755041110913,70.813047469376
3839.5,94.74605091918315,71.27041999081517
3840.0,94.54691646198162,71.72881845060849
3840.5,94.35009135709751,72.18820395143477
3841.0,94.15572754788448,72.64862726918193
3841.5,93.96350006173505,73.10993794669679
3842.0,93.77382273514972,73.5722930834309
3842.5,93.58618741596923,74.03547362102516
3843.0,93.40082876295415,74.4995645431102
3843.5,93.21741682070702,74.96442934002881
3844.0,93.03590770987174,75.43004506060001
3844.5,92.85634381985855,75.89642304255825
3845.0,92.67850923225407,76.36347217317258
3845.5,92.50267912675633,76.83129231949474
3846.0,92.3285029995838,77.299742331386
3846.5,92.15637333179937,77.76896048236036
3847.0,91.98611068032082,78.23886796990048
3847.5,91.81792106151161,78.70952974407861
3848.0,91.65181094891156,79.18093686389255
3848.5,91.48773555599031,79.65306200805766
3849.0,91.32608953006051,80.12602725822012
3849.5,91.16663173451325,80.59973447024018
3850.0,91.00995602513942,81.07436339264164
3850.5,90.85561510792364,81.54975125041251
3851.0,90.7037982421189,82.02594690884506
3851.5,90.5542768262048,82.50286666254293
3852.0,90.40696086104411,82.98047137779587
3852.5,90.26210301840777,83.45882302798694
3853.0,90.11937580802869,83.93780816208667
3853.5,89.97916802131917,84.41753017936095
3854.0,89.84084159069519,84.89779834346034
3854.5,89.70449521661789,85.37864003316392
3855.0,89.56989913031002,85.85998663417443
3855.5,89.43714224396932,86.3418555997593
3856.0,89.30642212466046,86.82428969389575
3856.5,89.17752999457592,87.30722129158647
3857.0,89.0508948774457,87.79075513818358
3857.5,88.92610393632218,88.27477313038797
3858.0,88.80348058219654,88.75935028490667
3858.5,88.6828646721884,89.2444353248052
3859.0,88.56442094886984,89.73005654186277
3859.5,88.44838584353907,90.21625604989376
3860.0,88.33454444875548,90.70296944259663
3860.5,88.22327603299932,91.19027307317403
3861.0,88.1140768464479,91.67804182957866
3861.5,88.0072578185546,92.16633307268387
3862.0,87.90256426734933,92.65508071651243
3862.5,87.80005247517377,93.14428378037299
3863.0,87.69967753268931,93.63392573105314
3863.5,87.60110996121888,94.12393382789782
3864.0,87.50461957397904,94.61435761867564
3864.5,87.40982721985225,95.10511535095793
3865.0,87.31700340070995,95.59625365981134
3865.5,87.22594911174495,96.08772880712031
3866.0,87.13671344495471,96.57954265693036
3866.5,87.04936175033093,97.07170300817681
3867.0,86.96372495847399,97.56417158728267
3867.5,86.88025263595546,98.05701677752236
3868.0,86.7986629809713,98.55017816969664
3868.5,86.71938109735378,99.04371512423104
3869.0,86.64226202102971,99.53759000893074
3869.5,86.56731628602027,100.0317959006062
3870.0,86.49467487004546,100.52634052998029
3870.5,86.42406621148616,101.02117443850312
3871.0,86.35593680247648,101.51634803339523
3871.5,86.28979800058349,102.01178552446713
3872.0,86.22587297078984,102.50750635778218
3872.5,86.16386840295955,103.00346822728395
3873.0,86.10366555751962,103.49965176682869
3873.5,86.04534600271514,103.99606338158046
3874.0,85.98861743121338,104.492662168664
3874.5,85.93381033000013,104.9894809840513
3875.0,85.8805735648705,105.48647556984474
3875.5,85.82903322057271,105.9836575274358
3876.0,85.77906201668175,106.48101121169051
3876.5,85.73067830028127,106.97853274902481
3877.0,85.68424827373639,107.47624779767693
3877.5,85.63954408896792,107.97412523135678
3878.0,85.5969920440694,108.4721948635549
3878.5,85.55633344528944,108.9704252129483
3879.0,85.5177611402585,109.46882256684871
3879.5,85.48135423605694,109.96738278004885
3880.0,85.44699093849002,110.46608467910096
3880.5,85.41492119566391,110.96493586854483
3881.0,85.38461276028599,111.46389711012672
3881.5,85.35630524062117,111.96297659026264
3882.0,85.32982115150105,112.46215559122597
3882.5,85.30520701731551,112.9614291888395
3883.0,85.28260409093562,113.46079481695438
3883.5,85.26172365283587,113.96023262505825
3884.0,85.24280709542592,114.4597496440229
3884.5,85.22550671935694,114.95932804426667
3885.0,85.21006000794753,115.4589702682262
3885.5,85.19642747417349,115.958667562708
3886.0,85.18457896359324,116.45841170449143
3886.5,85.17474799249115,116.95819946324778
3887.0,85.16653711133237,117.45801788536357
3887.5,85.1602477746109,117.95786517458659
3888.0,85.15570926353188,118.45772945674416
3888.5,85.15296331132889,118.95760491356859
3889.0,85.15202960178271,119.45748598717198
3889.5,85.15263189635418,119.95736756370202
3890.0,85.15503328619344,120.45724673503143
3890.5,85.15893620342305,120.95711888208999
3891.0,85.16460409723327,121.4569746480771
3891.5,85.17197174849696,121.95680850046621
3892.0,85.1809400352348,122.45661656550196
3892.5,85.19168988173213,122.95639017984631
3893.0,85.20395604186793,123.45612932171618
3893.5,85.21804419723793,123.95581825541173
3894.0,85.233753968344,124.45545693898154
3894.5,85.25109514223715,124.955040377354
3895.0,85.27012318043585,125.45456303241566
3895.5,85.2906119263354,125.95402899004937
3896.0,85.31288333768376,126.45342112252541
3896.5,85.33665855341084,126.95274495528409
3897.0,85.36208068094794,127.45199042966838
3897.5,85.38915941010674,127.95115105072951
3898.0,85.41777390798823,128.45022809462913
3898.5,85.44823812762785,128.94919684648957
3899.0,85.48026291881365,129.44806882728693
3899.5,85.51410028026459,129.94682064118598
3900.0,85.54965844949248,130.44545304671183
3900.5,85.58689871948334,130.94396165167217
3901.0,85.62604072632591,131.44232400998644
3901.5,85.66673980134716,131.9405618795359
3902.0,85.70921374186436,132.4386534899461
3902.5,85.7532749762939,132.93660905568686
3903.0,85.79891909691491,133.43442476406
3903.5,85.84630142753147,133.93208031574557
3904.0,85.89522434410189,134.4295876666788
3904.5,85.94597176834955,134.92691326957703
3905.0,85.99829373455883,135.4240773343134
3905.5,86.05223996529858,135.92107037199756
3906.0,86.10789184106407,136.41787906492607
3906.5,86.16505440550424,136.91451995331911
3907.0,86.22411410365979,137.41094143050637
3907.5,86.28484804408596,137.9071615728128
3908.0,86.34739816210084,138.4031555442214
3908.5,86.41183763978262,138.89890633024692
3909.0,86.47795683315975,139.39443379910148
3909.5,86.54610738213556,139.88968375775255
3910.0,86.61595472557245,140.38469501115023
3910.5,86.68764958672098,140.8794394737398
3911.0,86.76122656776563,141.3739052610862
3911.5,86.83647176332319,141.86811855355066
3912.0,86.91374659308194,142.3620179292162
3912.5,86.99269135289867,142.85565270110115
3913.0,87.07347420859057,143.34898992846124
3913.5,87.1561075676229,143.8420207670311
3914.0,87.24039157786883,144.33477301058593
3914.5,87.32671112904804,144.82717405914804
3915.0,87.41465217832975,145.3192903838964
3915.5,87.50440109768532,145.81108393510024
3916.0,87.59598555785762,146.30254229824288
3916.5,87.68925199540425,146.7936874914904
3917.0,87.78465280945471,147.2844253539874
3917.5,87.88188043002381,147.77480521058843
3918.0,87.98113169475863,148.26478030103428
3918.5,88.08236127706095,148.75435295410355
3919.0,88.18536147252951,149.24355866250565
3919.5,88.2905597220153,149.73229875351294
3920.0,88.39761106413303,150.22063717896603
3920.5,88.50675682424108,150.70851113989383
3921.0,88.61800003761276,151.19591011961305
3921.5,88.73110673947977,151.68287851131828
3922.0,88.84643367722883,152.16932492433963
3922.5,88.9635409542127,152.65534558030134
3923.0,89.08260505195527,153.14089008686122
3923.5,89.2036259226711,153.62595105808856
3924.0,89.32636759696942,154.1105804401631
3924.5,89.45116487536266,154.59468596472865
3925.0,89.57766627128187,155.07835054391893
3925.5,89.70602306033838,155.56152758988745
3926.0,89.83632920498941,156.04418351350688
3926.5,89.96838220134482,156.5263648173603
3927.0,90.10252970492776,157.0079684421575
3927.5,90.23846667769502,157.48907047330334
3928.0,90.37629619800397,157.9696346919043
3928.5,90.51613521066504,158.44961893517532
3929.0,90.65779358277234,158.92906907991923
3929.5,90.80162464749066,159.40787094641863
3930.0,90.94736111833213,159.88609496844145
3930.5,91.09506586865832,160.36371220101242
3931.0,91.24482818890965,160.84068617671014
3931.5,91.39629661436963,161.31712073235823
3932.0,91.54967020131217,161.7929462666896
3932.5,91.70470471732948,162.26823515622036
3933.0,91.86139124710479,162.74298406309302
3933.5,92.01991104863524,163.2171255626965
3934.0,92.17998252585222,163.69074664575106
3934.5,92.34177543342281,164.16378492304582
3935.0,92.50515176982022,164.63628123562316
3935.5,92.67007559946356,165.10824149421316
3936.0,92.83676620509605,165.57958331716983
3936.5,93.00492785692585,166.05040444476833
3937.0,93.17473650911313,166.5206364437159
3937.5,93.34613672757418,166.99029299970016
3938.0,93.51903431323971,167.45940136460945
3938.5,93.69376578930961,167.92782948500943
3939.0,93.86998007132946,168.39570116357172
3939.5,94.0477740953418,168.86297431940338
3940.0,94.2271276566377,169.32965046213064
3940.5,94.40786199730405,169.79579198869973
3941.0,94.59021250179134,170.26130061309476
3941.5,94.77388448351262,170.7262866702265
3942.0,94.95886569297403,171.19075135080962
3942.5,95.1451405203701,171.6546982045877
3943.0,95.33247091475211,172.11822072525317
3943.5,95.52101077248392,172.58125329092368
3944.0,95.71063178266095,173.04384375121666
3944.5,95.90127886283511,173.5060115635506
3945.0,96.09303542089518,173.9677210000134
3945.5,96.28567401056728,174.42906458572668
3946.0,96.4792521686295,174.89001857210857
3946.5,96.67373388555693,175.35059653350993
3947.0,96.86905338116739,175.81082319572963
3947.5,97.06540737673699,176.27061261348274
3948.0,97.26262257901965,176.73003555783038
3948.5,97.46077505087489,177.18905717327212
3949.0,97.65991096953377,177.64765497184004
3949.5,97.85990835392715,178.105879565723
3950.0,98.06092783730129,178.56365842362268
3950.5,98.26288833599166,179.0210233224441
3951.0,98.46580849879919,179.47796305568204
3951.5,98.6698696308545,179.93439260018167
3952.0,98.87492263310706,180.39037417005414
3952.5,99.08105998649516,180.84586314122274
3953.0,99.28823004604857,181.3008810747376
3953.5,99.49633046763735,181.75547208743052
3954.0,99.70551204672253,182.20956483418848
3954.5,99.91558373023646,182.66324481249427
3955.0,100.12656839347565,183.1164986553631
3955.5,100.33845280436108,183.56933148753515
3956.0,100.55104126216162,184.02183578683358
3956.5,100.76438841281825,184.47398666228352
3957.0,100.97842554571235,184.92581521638388
3957.5,101.19310595169034,185.37734220959896
3958.0,101.40854806057212,185.8285110203068
3958.5,101.62460042067781,186.27939200232439
3959.0,101.84129794352383,186.72996814894861
3959.5,102.05866871354047,187.18022427271708
3960.0,102.27665883077879,187.6301840525333
3960.5,102.49540076008398,188.07978100067157
3961.0,102.71485049792291,188.52903445640965
3961.5,102.93500789385325,188.97794162259808
3962.0,103.15600703912585,189.42643298167584
3962.5,103.377674385463,189.87459118379277
3963.0,103.59998988568127,190.32242433888933
3963.5,103.82288569601992,190.76996515072966
3964.0,104.04620857844623,191.21729128288348
3964.5,104.26995365503124,191.66440585649107
3965.0,104.4940331786874,192.1113528307454
3965.5,104.71839284597033,192.55815954622392
3966.0,104.94303020667653,193.00482815404186
3966.5,105.16786281924546,193.45140013910495
3967.0,105.39287653106389,193.89788311091368
3967.5,105.61805469674273,194.34428579517098
3968.0,105.84335345242866,194.79062974553833
3968.5,106.06876462823121,195.23691915037654
3969.0,106.2942569088787,195.68317022022853
3969.5,106.51981135724344,196.12939239406614
3970.0,106.74543551587384,196.57558179221382
3970.5,106.97111905063505,197.02174204799644
3971.0,107.19686603729667,197.4678697915048
3971.5,107.42268537131173,197.91395949318724
3972.0,107.64856191578043,198.3600189031219
3972.5,107.87448199667345,198.80605558354895
3973.0,108.10043577823508,199.2520750040732
3973.5,108.32642813847728,199.69807504579745
3974.0,108.55247885750431,200.1440450369151
3974.5,108.7785859698557,200.58998590453942
3975.0,109.00474709038352,201.03589878711878
3975.5,109.230962477926,201.48178366414254
3976.0,109.45721172135154,201.9276511637999
3976.5,109.68348862869478,202.37350500341384
3977.0,109.90978729322511,202.8193479477032
3977.5,110.13609843604144,203.26518479029014
3978.0,110.36241549143223,203.71101931487598
3978.5,110.58873491098848,204.15685358386884
3979.0,110.81505554917828,204.60268833183775
3979.5,111.04137254395538,205.04852667018602
3980.0,111.26768270119808,205.49436991227805
3980.5,111.49398743865781,205.94021668885142
3981.0,111.72028320670336,206.38606823573298
3981.5,111.9465623212583,206.8319278758226
3982.0,112.17282372999767,207.27779616147842
3982.5,112.39907307204726,207.7236702692927
3983.0,112.62531334018641,208.16954912924217
3983.5,112.85154359154832,208.61543316185222
3984.0,113.07776243128417,209.06132286242496
3984.5,113.30397736433721,209.50721446236344
3985.0,113.53019290043588,209.95310580149132
3985.5,113.7564161092895,210.39899344959326
3986.0,113.98264588372668,210.8448780497647
3986.5,114.20888019502817,211.29076085089795
3987.0,114.43512910165678,211.7366367267794
3987.5,114.6614027960343,212.18250051963662
3988.0,114.88770389814218,212.62835100680334
3988.5,115.11404104646508,213.07418385350647
3989.0,115.34042310218315,213.51999417524294
3989.5,115.56686440160371,213.96577452180279
3990.0,115.79338179745876,214.41151620429025
3990.5,116.019971859366,214.8572207796834
3991.0,116.24663736460542,215.30288685233754
3991.5,116.47339010617883,215.7485081564628
3992.0,116.70022234354904,216.19408855360535
3992.5,116.92713836120464,216.6396257147666
3993.0,117.15414647257774,217.085115477299
3993.5,117.3812226561864,217.53057016443967
3994.0,117.60835337309732,217.9759974358289
3994.5,117.8355330456233,218.42140061166546
3995.0,118.06274549824892,218.86678797784623
3995.5,118.28998514242319,219.31216251406136
3996.0,118.51724575631452,219.75752742136783
3996.5,118.74452136093979,220.20288529099096
3997.0,118.9718133416849,220.64823538279217
3997.5,119.1991273915381,221.09357480377636
3998.0,119.42645827187147,221.53890600205432
3998.5,119.65380444194246,221.98422957139906
3999.0,119.8811628442747,222.42954703241662
3999.5,120.1085291506976,222.87486037136995
4000.0,120.33590217122347,223.32017006133523
4000.5,120.56328933274601,223.7654720848546
4001.0,120.79068269341963,224.21077041874486
4001.5,121.01807825764526,224.65606682703438
4002.0,121.24549283185485,225.10135257533315
4002.5,121.47291813527674,225.5466321095607
4003.0,121.70035513529807,225.99190500956306
4003.5,121.92781894527063,226.43716369966432
4004.0,122.15530360699998,226.88241203782027
4004.5,122.38280372634141,227.32765314488014
4005.0,122.61031434230192,227.77288992295507
4005.5,122.83783168666865,228.2181243824397
4006.0,123.06535271028444,228.66335809413363
4006.5,123.29287476624795,229.10859193348935
4007.0,123.52039789957047,229.55382558865884
4007.5,123.74792481258883,229.99905751774256
4008.0,123.97546547803876,230.44428244970507
4008.5,124.20302707141207,230.88949664155106
4009.0,124.43061511613755,231.33469718196582
4009.5,124.65823396281692,231.7798818618213
4010.0,124.8858952816299,232.22504472679537
4010.5,125.1136017848387,232.67018453604362
4011.0,125.3413672161815,233.11529434452027
4011.5,125.56921197320062,233.56036370575433
4012.0,125.7971345312443,234.0053932450398
4012.5,126.02515603140466,234.45037199495982
4013.0,126.25326696096083,234.89530476492453
4013.5,126.48147721869803,235.34018639063652
4014.0,126.70978279088506,235.78501891972175
4014.5,126.9381774015812,236.22980562120802
4015.0,127.16666624555536,236.6745439309098
4015.5,127.3952320221048,237.11924288282063
4016.0,127.62388086905304,237.56389938701648
4016.5,127.85259398451237,238.00852297263847
4017.0,128.08138370408622,238.45310728744937
4017.5,128.31023214766012,238.89766142724218
4018.0,128.53913921134392,239.34218531836868
4018.5,128.76809121027472,239.7866858613217
4019.0,128.99709305606456,240.2311602659622
4019.5,129.22613768104574,240.6756119686607
4020.0,129.4552385325369,241.12003400793293
4020.5,129.68439261416853,241.56442826474168
4021.0,129.9136108211781,242.00878963949484
4021.5,130.1428840653215,242.45312305732048
4022.0,130.3722227010345,242.89742341554918
4022.5,130.6016173932513,243.34169513372646
4023.0,130.8310819943027,243.78593094434274
4023.5,131.0606078126387,244.23013528420157
4024.0,131.2902121801953,244.67429916532706
4024.5,131.51988889139403,245.11842567082758
4025.0,131.7496423706106,245.5625123960048
4025.5,131.97947801183446,246.00655639615786
4026.0,132.20939909767878,246.4505558130364
4026.5,132.43942458934313,246.89450048541102
4027.0,132.66954257080863,247.338396433936
4027.5,132.89976347020567,247.78223776600404
4028.0,133.13008455639152,248.2260255592372
4028.5,133.3605159288968,248.66975463556633
4029.0,133.59107464373358,249.1134167332005
4029.5,133.82175056910262,249.55701790591138
4030.0,134.0525633075402,250.00054847517575
4030.5,134.28352955571873,250.44400039633376
4031.0,134.51465818326662,250.8873690503058
4031.5,134.74599171817064,251.3306326368701
4032.0,134.97753722833255,251.77378676248685
4032.5,135.2093039833269,252.21682599182432
4033.0,135.44133228040147,252.65972860110577
4033.5,135.6736063371487,253.10250244306766
4034.0,135.9061395267088,253.54514026389407
4034.5,136.13898329297712,253.98761475306566
4035.0,136.37212599009771,254.42993161758926
4035.5,136.60559233578059,254.8720773584618
4036.0,136.83945690556374,255.31401200266612
4036.5,137.07372225285226,255.7557336424113
4037.0,137.30842918520912,256.1972202449037
4037.5,137.54366043706142,256.6384269631959
4038.0,137.77941542564105,257.0793529771649
4038.5,138.01572541069447,257.51998050956234
4039.0,138.25266574880408,257.96026824937206
4039.5,138.49030088829,258.4001804249889
4040.0,138.72864513593362,258.83970839148816
4040.5,138.96773423548638,259.2788315445759
4041.0,139.2076680139419,259.71749389477776
4041.5,139.44841942434658,260.1557080981563
4042.0,139.69001131186658,260.59345963414086
4042.5,139.9324840855718,261.0307242971858
4043.0,140.1759376466777,261.467443953238
4043.5,140.42031982109975,261.90364462122403
4044.0,140.66564355071708,262.3393159749296
4044.5,140.91193913757996,262.77443788973557
4045.0,141.15932873524937,263.20893772521543
4045.5,141.40781268434392,263.6428122671139
4046.0,141.65742049724182,264.07604071954455
4046.5,141.90820074801448,264.5085915686196
4047.0,142.16020321655296,264.9404313942638
4047.5,142.41341696445176,265.3715607113078
4048.0,142.66783419459048,265.80197944649836
4048.5,142.92351739270637,266.23164663277663
4049.0,143.18051965732215,266.66052613364093
4049.5,143.43891822425906,267.08856657309383
4050.0,143.69871413181679,267.5157614318034
4050.5,143.9598258900342,267.9421533931798
4051.0,144.22220975972775,268.36776271805223
4051.5,144.4858646569234,268.79258440822207
4052.0,144.75081804469818,269.21659634286345
4052.5,145.01717835671633,269.63972591825956
4053.0,145.28488074112488,270.0620081564409
4053.5,145.5538675172066,270.48347329995977
4054.0,145.82405596738298,270.9041666770066
4054.5,146.09541657330806,271.3241007634002
4055.0,146.36798910023688,271.74324479193837
4055.5,146.6419392784729,272.16148803517285
4056.0,146.9173285291099,272.57878700412664
4056.5,147.1941672876953,272.9951294765206
4057.0,147.47239741772356,273.4105459102638
4057.5,147.7519620706838,273.8250661904199
4058.0,148.0328562534798,274.2386866556751
4058.5,148.31513334863243,274.6513647720485
4059.0,148.59888589066168,275.0630313458032
4059.5,148.8840969611131,275.47369144101555
4060.0,149.17075104952445,275.8833482400224
4060.5,149.45882349973812,276.2920106981695
4061.0,149.74830588662462,276.6996768192605
4061.5,150.03918428486352,277.10634848213374
4062.0,150.33150031773374,277.51198810135406
4062.5,150.62528220416857,277.9165665928639
4063.0,150.92047147169592,278.3201173028257
4063.5,151.21709729657306,278.72261037697217
4064.0,151.51522779257738,279.1239876661037
4064.5,151.81492928478534,279.524191647088
4065.0,152.11626386395508,279.9231668370415
4065.5,152.41926370583943,280.3208791802752
4066.0,152.72394836246423,280.71730228703797
4066.5,153.03032071052363,281.1124219725602
4067.0,153.3383417841362,281.50625604106415
4067.5,153.64809672058436,281.898728245839
4068.0,153.959622876521,282.289797750746
4068.5,154.2729019316432,282.6794664806111
4069.0,154.5878918550701,283.067754799714
4069.5,154.90454783381185,283.4546867107988
4070.0,155.2227895939907,283.8403142125624
4070.5,155.54264133208562,284.2246060438921
4071.0,155.8641466673164,284.6075150838254
4071.5,156.18726471197817,284.98906320594097
4072.0,156.51199119762092,285.36924236108325
4072.5,156.8383486139695,285.74802199211166
4073.0,157.1663597145626,286.1253703750487
4073.5,157.496006115324,286.5012905222774
4074.0,157.82726744269183,286.87578652031624
4074.5,158.16014844991898,287.24884087131295
4075.0,158.49468533225294,287.62040839171266
4075.5,158.830953793658,287.9904083436738
4076.0,159.1690818778895,288.3587106444767
4076.5,159.50904611457727,288.7253211293877
4077.0,159.85077850937992,289.0902845774893
4077.5,160.19427628784555,289.45358753350115
4078.0,160.53952326548568,289.81522883116196
4078.5,160.8864959970935,290.1752138379669
4079.0,161.2351978983395,290.533523096778
4079.5,161.585646544774,290.890124086149
4080.0,161.93782396695283,291.2450174607677
4080.5,162.2917373157869,291.5981798374778
4081.0,162.64740381973837,291.9495778282615
4081.5,163.00474462830022,292.2992716997258
4082.0,163.3637253444325,292.6472793240023
4082.5,163.7243658982976,292.99356383888374
4083.0,164.08676008974598,293.3380125132332
4083.5,164.45093367633197,293.68058192748765
4084.0,164.81684496373882,294.0212970133208
4084.5,165.18439376858572,294.3602445386175
4085.0,165.55350753566114,294.69748420597006
4085.5,165.92416893813524,295.033018141302
4086.0,166.29643095507396,295.3667712389422
4086.5,166.67037127167143,295.6986424455503
4087.0,167.0460268451436,296.0285724508316
4087.5,167.42336426295446,296.35657900966976
4088.0,167.802356844249,296.6826718288971
4088.5,168.18301211305155,297.00682237848764
4089.0,168.56531925386497,297.32902115620897
4089.5,168.94928722755222,297.64923584685016
4090.0,169.33496362667785,297.96738831974335
4090.5,169.72235878729848,298.28344316650225
4091.0,170.11145403281054,298.59740009179717
4091.5,170.50226611454542,298.90921512192153
4092.0,170.89484527519804,299.2188024313398
4092.5,171.28923986876643,299.52607491629215
4093.0,171.6854493496194,299.83100485868147
4093.5,172.0834135571585,300.13363939050066
4094.0,172.4830825963416,300.43401320216026
4094.5,172.88444352155227,300.73211413913856
4095.0,173.28756030631882,301.0278290776505
4095.5,173.6925361492092,301.3209914255775
4096.0,174.0995176313729,301.61136882154767
4096.5,174.50840458004416,301.89906293238397
4097.0,174.91906959267314,302.1842138776334
4097.5,175.33142669753582,302.4669075223518
4098.0,175.74548820633208,302.7470913888294
4098.5,176.1613453774449,303.0245970468292
4099.0,176.5790171084664,303.29936411930294
4099.5,176.99854050467067,303.5713032935123
4100.0,177.41988512337264,303.8404174781108
4100.5,177.84296026551073,304.1068037719949
4101.0,178.26770031893787,304.37052671397066
4101.5,178.69411543863978,304.6315302390555
4102.0,179.122242261148,304.8897117315177
4102.5,179.55205300627188,305.1450794505969
4103.0,179.98355417135565,305.39757975868895
4103.5,180.4167694692497,305.6471268195713
4104.0,180.85158747248838,305.8938670248165
4104.5,181.28807557120857,306.1376362438079
4105.0,181.72622301294817,306.3784064758753
4105.5,182.16596314982147,306.6162496069767
4106.0,182.60740350479188,306.8509139851452
4106.5,183.05046309629412,307.0825034246668
4107.0,183.4952277047498,307.3107999642881
4107.5,183.94167220750833,307.5357940130776
4108.0,184.38979331537317,307.75743297826807
4108.5,184.83956156884597,307.9757077381949
4109.0,185.29089914864932,308.19071396183796
4109.5,185.74389024164586,308.4022109916686
4110.0,186.19844582741112,308.6103223521144
4110.5,186.6546347856806,308.8148252293184
4111.0,187.11229136969243,309.0160143910832
4111.5,187.57154021312746,309.2135368275881
4112.0,188.0322946928035,309.4075256086755
4112.5,188.4946670403889,309.59763420379085
4113.0,188.9584664537817,309.78422869097574
4113.5,189.42378362118006,309.96699071689824
4114.0,189.89049634003553,310.14613443918194
4114.5,190.35877663365727,310.3211156364764
4115.0,190.82859091460503,310.49193201175115
4115.5,191.30009098581743,310.6580576055121
4116.0,191.77310866045323,310.81982492756043
4116.5,192.2477041055363,310.97691497658235
4117.0,192.7237433579651,311.12957339989657
4117.5,193.20124094160963,311.2775960590844
4118.0,193.6801262224596,311.4210446103455
4118.5,194.16044375405798,311.55961223640287
4119.0,194.64215532997733,311.69324492080074
4119.5,195.12521879435855,311.8219024395285
4120.0,195.60965030781432,311.94532013739354
4120.5,196.0953216492305,312.06377122171125
4121.0,196.5822338751445,312.1770063924337
4121.5,197.07025242886903,312.2853543549051
4122.0,197.55938810303496,312.3885143352549
4122.5,198.04959457341062,312.4864316278487
4123.0,198.54088620721367,312.5787547321444
4123.5,199.03319662702592,312.6654656244777
4124.0,199.5263928878186,312.7469272839235
4124.5,200.02050173807467,312.8225872166232
4125.0,200.51547979170002,312.89231437194246
4125.5,201.01131062943472,312.9557141522053
4126.0,201.50794779686416,313.01251484462887
4126.5,202.00525725773937,313.0631235870291
4127.0,202.50314417986905,313.1075747819551
4127.5,203.00153794641705,313.1457983269158
4128.0,203.50037550530985,313.1775933127837
4128.5,203.99959068416845,313.20261195022454
4129.0,204.49910714020706,313.22071779451556
4129.5,204.99884513017184,313.23152446686765
4130.0,205.49869923400755,313.23499330734336
4130.5,205.9985620349026,313.2314388936419
4131.0,206.49832751082053,313.22084410316893
4131.5,206.99789517255863,313.2033476830004
4132.0,207.49717106684372,313.1790374304239
4132.5,207.99603055931468,313.14737939203894
4133.0,208.49434680715717,313.1079830075678
4133.5,208.9920326447147,313.0612020123108
4134.0,209.48897995089004,313.0071386060132
4134.5,209.98506112914183,312.9455935461572
4135.0,210.48020895587683,312.8769404691409
4135.5,210.97431979259193,312.8012198776857
4136.0,211.46723667283518,312.71811175557156
4136.5,211.95884932373863,312.6276138983609
4137.0,212.44902452536155,312.5296112718064
4137.5,212.93756102214317,312.42370768241335
4138.0,213.42440905831134,312.31028261339713
4138.5,213.90953339768194,312.1897100310275
4139.0,214.39286132109387,312.0621563165136
4139.5,214.8741998404473,311.92731599719514
4140.0,215.3534138354092,311.78510812708436
4140.5,215.83036055825644,311.63543701914335
4141.0,216.3049772458417,311.4785015222883
4141.5,216.77718689583014,311.31444939999903
4142.0,217.24704387483794,311.1437808457535
4142.5,217.7145545918606,310.96681385684786
4143.0,218.17963937172993,310.78359721453023
4143.5,218.64216660818383,310.59403432997584
4144.0,219.10206242671242,310.3981735522673
4144.5,219.55926244624348,310.1960693253618
4145.0,220.013825902463,309.9880604796285
4145.5,220.4659451345866,309.7747772810868
4146.0,220.9157758811831,309.5567146524393
4146.5,221.36333719464454,309.33404725320753
4147.0,221.8084968906182,309.1066307918248
4147.5,222.25123684405273,308.87454514461643
4148.0,222.69144920852435,308.6376837189175
4148.5,223.1290652260938,308.39603577701934
4149.0,223.5641361160585,308.1498168809444
4149.5,223.99680677614117,307.89940158054367
4150.0,224.42709603563463,307.64492773327095
4150.5,224.8549136271987,307.38634103112213
4151.0,225.28015938693898,307.12355325855657
4151.5,225.70263761344822,306.856325694555
4152.0,226.12227959733377,306.58463939915595
4152.5,226.53937390054736,306.30904028586394
4153.0,226.95413837541366,306.0299508347447
4153.5,227.3666355129472,305.74754544948183
4154.0,227.77683184821703,305.46182834902373
4154.5,228.18454139129346,305.1725783658836
4155.0,228.5898044441285,304.87990721742716
4155.5,228.99276002358812,304.5840632331308
4156.0,229.3933806154894,304.2850633617329
4156.5,229.79184644586778,303.9832093958354
4157.0,230.18815037040963,303.67853708999684
4157.5,230.58217177420423,303.3709268216413
4158.0,230.97408876665574,303.06065084331584
4158.5,231.36383614703377,302.7476654809738
4159.0,231.75146018902996,302.43205569296055
4159.5,232.13700208329826,302.1139015105057
4160.0,232.52047185869847,301.79324335217535
4160.5,232.90202130265865,301.4702910826642
4161.0,233.28167382381878,301.14510756828514
4161.5,233.65963867419592,300.8179691996195
4162.0,234.03587904668746,300.48886536444405
4162.5,234.4104642809859,300.157896877725
4163.0,234.78321315562587,299.8248655026329
4163.5,235.15412797352354,299.4897831724966
4164.0,235.5231242206938,299.15257073716134
4164.5,235.89036646839264,298.81343622612894
4165.0,236.2559046869441,298.47246610957086
4165.5,236.6198700335765,298.12982793044097
4166.0,236.9820760340081,297.78534005601284
4166.5,237.34259138614092,297.43908915557455
4167.0,237.70122585229893,297.09088306375503
4167.5,238.0580381384415,296.74079770644187
4168.0,238.4131078902448,296.38893694005526
4168.5,238.76644222437486,296.035329600492
4169.0,239.11820670821967,295.6801640133097
4169.5,239.46838252474313,295.32344218181976
4170.0,239.81695180210411,294.9651617782879
4170.5,240.1639329924104,294.60535351265855
4171.0,240.50918978687014,294.24389495545586
4171.5,240.85266633584632,293.88073773040287
4172.0,241.19440969948297,293.51594104444297
4172.5,241.53441806634322,293.1495210255282
4173.0,241.87270815588883,292.78151266405615
4173.5,242.2093757661534,292.41202268715324
4174.0,242.54446156249105,292.0411077235834
4174.5,242.87782737321837,291.6686530132097
4175.0,243.2094672888298,291.2946622646072
4175.5,243.53937170662326,290.91913417907574
4176.0,243.86752634029972,290.54206487539614
4176.5,244.19394356605028,290.1634780007521
4177.0,244.5186964576761,289.7834581308444
4177.5,244.84191142490343,289.402132647187
4178.0,245.1636049006081,289.01952830388706
4178.5,245.48378266700348,288.63566139769307
4179.0,245.80240199407015,288.25050345268994
4179.5,246.11942770268598,287.8640314445083
4180.0,246.43482044972927,287.476221824477
4180.5,246.74863312110134,287.08712679258895
4181.0,247.0609094039427,286.6967941898791
4181.5,247.37168809312107,286.30526783243124
4182.0,247.6809576382266,285.91254748112306
4182.5,247.9887297741377,285.5186523138249
4183.0,248.29499522010263,285.1235847811885
4183.5,248.59970828842327,284.72731534074654
4184.0,248.90290590287483,284.3298846321735
4184.5,249.20459389995335,283.9313075518644
4185.0,249.50473528926707,283.5315613203601
4185.5,249.8033643200064,283.13068025235356
4186.0,250.1005504469147,282.72872702306995
4186.5,250.39633460582448,282.32574014757824
4187.0,250.6907746842792,281.92177137034867
4187.5,250.9838934037862,281.51684324265767
4188.0,251.27566030061934,281.1109382509348
4188.5,251.5660558430007,280.7040512234031
4189.0,251.85509490094609,280.2962018048163
4189.5,252.14277730452693,279.8873979295608
4190.0,252.42911429293602,279.4776545010633
4190.5,252.71401917098814,279.06691330875367
4191.0,252.9974558181433,278.6551526189653
4191.5,253.27943593389972,278.24239010855877
4192.0,253.559910800164,277.8286006324261
4192.5,253.83885337202346,277.4137753065659
4193.0,254.11628012104856,276.9979348405484
4193.5,254.3920288408535,276.58097908336
4194.0,254.6660781089967,276.16289911687034
4194.5,254.93846619141502,275.7437292026997
4195.0,255.20926718969142,275.3235270731494
4195.5,255.47844493648216,274.9022779537278
4196.0,255.746094380639,274.4800550535262
4196.5,256.0123382368293,274.0569447147782
4197.0,256.27716282751703,273.6329450393338
4197.5,256.5404959368565,273.20801671595456
4198.0,256.8024218392813,272.78221896820554
4198.5,257.0630042558074,272.3555948792053
4199.0,257.32231103607705,271.9281917131293
4199.5,257.58041146784507,271.50005780469604
4200.0,257.83750697336393,271.07131940535174
4200.5,258.0936520310722,270.6420119800083
4201.0,258.3488516956587,270.2121434152068
4201.5,258.60324733412654,269.7818000073098
4202.0,258.85685587752437,269.3509953858759
4202.5,259.109680243111,268.9197339806267
4203.0,259.3617905864318,268.48805564619687
4203.5,259.613119006992,268.05591901072756
4204.0,259.86373485209333,267.6233652316722
4204.5,260.1137520529091,267.19046292828233
4205.0,260.36316813189177,266.7572135142857
4205.5,260.612129440913,266.3237036608108
4206.0,260.8606206983926,265.8899251885379
4206.5,261.108659218744,265.4558877869397
4207.0,261.35627199367514,265.0216063568057
4207.5,261.6034478041651,264.58707565127895
4208.0,261.8502617684678,264.1523384906814
4208.5,262.0966539834654,263.71735950743425
4209.0,262.34271796452435,263.2821925714148
4209.5,262.58840727103575,262.8468115843414
4210.0,262.83376736493193,262.411243862661
4210.5,263.07876855129393,261.97547356035847
4211.0,263.32344978188104,261.5395228019628
4211.5,263.56778596022934,261.10337710175406
4212.0,263.8118138751576,260.66705800457834
4212.5,264.05553389375734,260.23056471404476
4213.0,264.29900157959713,259.79393060107094
4213.5,264.5421913307981,259.35714212494645
4214.0,264.7851353975482,258.92021775972563
4214.5,265.0278282942435,258.48315457854216
4215.0,265.27033761197686,258.04599025288167
4215.5,265.5126563378076,257.6087201039558
4216.0,265.7548464383901,257.17137884715925
4216.5,265.99690733010766,256.7339664754446
4217.0,266.23886914024047,256.2964988180006
4217.5,266.4807099669014,255.85896398757401
4218.0,266.72245602018353,255.4213767882462
4218.5,266.96410504830067,254.98373540114378
4219.0,267.2056677916496,254.5460448642959
4219.5,267.44716266761014,254.10831599476919
4220.0,267.68859553773217,253.67055091715397
4220.5,267.92998184368156,253.23275702093932
4221.0,268.171319826051,252.79493375117386
4221.5,268.41261868479586,252.35708681006267
4222.0,268.6538795006249,251.91921460177866
4222.5,268.8951117127222,251.48132363698525
4223.0,269.13632057796485,251.04341814619386
4223.5,269.3775069788156,250.60549730593874
4224.0,269.61867504404034,250.16756494743817
4224.5,269.8598150820595,249.7296162238079
4225.0,270.10092530931314,249.29165038442684
4225.5,270.3420077331725,248.85366884027616
4226.0,270.58305669636235,248.4156699131716
4226.5,270.82408474166573,247.9776597404795
4227.0,271.0651006902604,247.53964268037743
4227.5,271.30610566920546,247.1016198599529
4228.0,271.5471055240529,246.66359534056014
4228.5,271.78810167036147,246.22556998026673
4229.0,272.02909673330106,245.78754603138864
4229.5,272.2700936709542,245.3495249271634
4230.0,272.5110898306367,244.91150325845916
4230.5,272.75207822396703,244.47347653650652
4231.0,272.99305854065176,244.03544404768326
4231.5,273.23403072779064,243.59740606808978
4232.0,273.4749855926651,243.15935748217962
4232.5,273.715918980375,242.7212961241602
4233.0,273.9568290188731,242.28322038623088
4233.5,274.1977056280694,241.84512308740528
4234.0,274.43855213355505,241.4070062519212
4234.5,274.67936960958616,240.96887156648742
4235.0,274.9201518519315,240.5307167372282
4235.5,275.1608941803517,240.09253936809455
4236.0,275.4015988647483,239.65434110118113
4236.5,275.6422609905682,239.21611915645846
4237.0,275.8828775447273,238.7778723460982
4237.5,276.1234540428657,238.3396050716587
4238.0,276.3639911825017,237.9013176672184
4238.5,276.6044829934562,237.46300686048943
4239.0,276.84491697328906,237.02466484160504
4239.5,277.08529756683737,236.586293822639
4240.0,277.32562717759055,236.14789495627238
4240.5,277.5659090285034,235.70946965492948
4241.0,277.80613202498284,235.27101179664635
4241.5,278.0462958215131,234.83252065866154
4242.0,278.2864015804716,234.3939959675561
4242.5,278.5264522565714,233.9554384860573
4243.0,278.76644061312163,233.51684379779041
4243.5,279.00636845690707,233.07821277851778
4244.0,279.24623858980965,232.6395484462498
4244.5,279.4860568108809,232.20085520052626
4245.0,279.725822487758,231.76213347380389
4245.5,279.9655353595722,231.3233832166099
4246.0,280.20520030442975,230.88460764705155
4246.5,280.44481513256386,230.44580560227095
4247.0,280.6843759336438,230.00697477796416
4247.5,280.92388023164546,229.56811417523423
4248.0,281.1633374706979,229.12922944106518
4248.5,281.4027479213383,228.69032111571667
4249.0,281.6421123976686,228.25138956234616
4249.5,281.88142469491777,227.81243110475097
4250.0,282.12068181058316,227.37344234912064
4250.5,282.3598819823625,226.93442139975264
4251.0,282.59902462904336,226.49536789218953
4251.5,282.8381075538179,226.05628000569655
4252.0,283.0771233719088,225.61715278177175
4252.5,283.3160711265353,225.17798458832425
4253.0,283.5549596824004,224.73878003486806
4253.5,283.79379373857455,224.29954217500762
4254.0,284.03257703544426,223.86027403591962
4254.5,284.27131285754933,223.42097791978392
4255.0,284.5100094852427,222.98165893684114
4255.5,284.7486746917905,222.54232206167666
4256.0,284.9873079889129,222.10296681147645
4256.5,285.2259107012009,221.66359465042513
4257.0,285.4644878213788,221.22420882395443
4257.5,285.70304043406645,220.78481015626528
4258.0,285.94156863415384,220.34539866202246
4258.5,286.1800726028024,219.9059749341687
4259.0,286.4185508591544,219.46653837437805
4259.5,286.65699969372605,219.0270866298811
4260.0,286.8954161859776,218.58761853780246
4260.5,287.1337994842775,218.14813367352156
4261.0,287.3721458199448,217.70862961899576
4261.5,287.610456467626,217.26910655725288
4262.0,287.8487325897885,216.82956485376843
4262.5,288.08697772785473,216.39000594478784
4263.0,288.32519566111415,215.95043164445036
4263.5,288.56338763035944,215.51084251375238
4264.0,288.80155176077943,215.0712374539135
4264.5,289.0396827514619,214.63161307365692
4265.0,289.2777866300091,214.19197231524234
4265.5,289.51586962473834,213.7523186250724
4266.0,289.75393086648984,213.31265192052388
4266.5,289.99196827412993,212.8729714472454
4267.0,290.2299851960708,212.43327932011766
4267.5,290.467984677298,211.9935770466373
4268.0,290.7059680705603,211.55386501899721
4268.5,290.9439365161963,211.11414393840428
4269.0,291.18189182165185,210.67441472231786
4269.5,291.4198382710734,210.23468046369476
4270.0,291.65778117518965,209.7949445732886
4270.5,291.89572810811205,209.35521155719678
4271.0,292.13368719191254,208.91548563666265
4271.5,292.3716613347321,208.47576834366245
4272.0,292.6096518891319,208.03605984503793
4272.5,292.8476612187422,207.5963614943277
4273.0,293.0856950618419,207.15667611577737
4273.5,293.3237521242411,206.71700337207835
4274.0,293.56183135333987,206.27734272960754
4274.5,293.79993430172397,205.83769464900374
4275.0,294.03806122265684,205.39805898532447
4275.5,294.27621178756334,204.95843527806937
4276.0,294.5143847936577,204.51882267707703
4276.5,294.7525757245129,204.07921883396102
4277.0,294.9907810239533,203.63962214466582
4277.5,295.22899761545057,203.20003074497407
4278.0,295.4672232347006,202.7604434112198
4278.5,295.7054551284902,202.32085896160845
4279.0,295.94368628164585,201.88127355770177
4279.5,296.18190925026477,201.4416831019819
4280.0,296.420123219066,201.00208757945532
4280.5,296.65832831909876,200.5624871685646
4281.0,296.896524113673,200.12288177663194
4281.5,297.1347097934266,199.68327125784367
4282.0,297.37288460194105,199.24365546858664
4282.5,297.6110458903408,198.80403270500267
4283.0,297.84919154380367,198.3644015013832
4283.5,298.08732277205814,197.92476277144328
4284.0,298.32543903050595,197.4851160315568
4284.5,298.56353813514596,197.04545988728415
4285.0,298.8016200421511,196.60579438693523
4285.5,299.0396884493395,196.1661213759257
4286.0,299.2777441768437,195.72644078812314
4286.5,299.5157834891776,195.28675067730416
4287.0,299.7538043279358,194.84705009495866
4287.5,299.9918062933718,194.4073384355233
4288.0,300.22979388344726,193.96761828725116
4288.5,300.4677683481346,193.52789029194483
4289.0,300.7057307969982,193.08815514060143
4289.5,300.9436806318471,192.64841251812092
4290.0,301.1816179381685,192.2086626249266
4290.5,301.4195439077407,191.76890611703706
4291.0,301.6574603350313,191.32914396446517
4291.5,301.8953669029329,190.88937611356044
4292.0,302.13326335293135,190.44960242611376
4292.5,302.3711527288359,190.00982461279602
4293.0,302.60903602605055,189.57004346502248
4293.5,302.8469098706749,189.13025726813262
4294.0,303.08477290797737,188.69046516700115
4294.5,303.3226284784456,188.25066877125033
4295.0,303.5604787382243,187.8108691996314
4295.5,303.7983219235883,187.37106547807656
4296.0,304.0361566800902,186.93125696080037
4296.5,304.2739875507673,186.4914463847825
4297.0,304.5118198576905,186.05163672759292
4297.5,304.7496536559647,185.6118278408177
4298.0,304.9874888489231,185.17201964891777
4298.5,305.2253304880067,184.7322150526708
4299.0,305.4631845363166,184.2924171944202
4299.5,305.70105462023054,183.85262792645582
4300.0,305.93894386851593,183.41284886834885
4300.5,306.17685684330564,182.97308256128042
4301.0,306.41479687393723,182.5333307441902
4301.5,306.6527680576526,182.09359574931267
4302.0,306.89077356476247,181.65387942923832
4302.5,307.12881280211224,181.2141812156996
4303.0,307.366886997459,180.77450158358897
4303.5,307.6049972490521,180.33484120231896
4304.0,307.84314337120804,179.89520002562958
4304.5,308.0813273750767,179.45557913588405
4305.0,308.3195503328936,179.01597920490272
4305.5,308.55781162543207,178.57639989498577
4306.0,308.796110260392,178.13684059652533
4306.5,309.0344463394492,177.69730141520242
4307.0,309.2728187753843,177.2577818665717
4307.5,309.511227750708,176.8182820507574
4308.0,309.7496705754418,176.37880048609912
4308.5,309.9881443566109,175.93933566885946
4309.0,310.22664893066724,175.49988764854822
4309.5,310.4651827297292,175.0604555705394
4310.0,310.7037449378146,174.62103896672474
4310.5,310.9423347198034,174.18163731223007
4311.0,311.18094962640396,173.74224920913878
4311.5,311.4195874961623,173.3028734716796
4312.0,311.6582451993666,172.8635084652829
4312.5,311.8969198903395,172.42415264787616
4313.0,312.1356097190158,171.98480491700337
4313.5,312.3743151370125,171.54546548314835
4314.0,312.61303667565625,171.1061346582313
4314.5,312.8517738388287,170.66681222347282
4315.0,313.09052439514915,170.22749695439208
4315.5,313.3292885889041,169.78818898223017
4316.0,313.5680688545647,169.34888965787152
4316.5,313.8068647954574,168.90959878871072
4317.0,314.045674594059,168.4703154282332
4317.5,314.2844978661338,168.03103938993067
4318.0,314.52333494013016,167.59177085405105
4318.5,314.7621860763869,167.15250996017897
4319.0,315.00105082147417,166.71325646563173
4319.5,315.23992799771133,166.27400973024265
4320.0,315.47881845288543,165.83477021691172
4320.5,315.71772082381693,165.39553718459848
4321.0,315.95663305719654,164.95630951649446
4321.5,316.1955558289345,164.51708758239374
4322.0,316.4344908594441,164.0778723223319
4322.5,316.6734370857595,163.63866315307746
4323.0,316.9123938170989,163.1994597034158
4323.5,317.1513591691623,162.76026094669595
4324.0,317.3903309106447,162.32106565547815
4324.5,317.629309750873,161.8818742241177
4325.0,317.8682946190907,161.44268608159368
4325.5,318.10728072468714,161.00349864422645
4326.0,318.34626889180475,160.56431236866274
4326.5,318.58526077813497,160.1251281787756
4327.0,318.82425880586874,159.68594743318468
4327.5,319.063262809671,159.24677006725236
4328.0,319.3022717610263,158.80759551031107
4328.5,319.5412845537705,158.36842316088615
4329.0,319.78030004268334,157.9292523939502
4329.5,320.0193182838595,157.49008323359473
4330.0,320.2583393553956,157.05091573788488
4330.5,320.4973617279639,156.61174904782425
4331.0,320.73638328235927,156.17258189652142
4331.5,320.9754016313578,155.73341292624465
4332.0,321.2144136587554,155.2942404949046
4332.5,321.4534163290814,154.8550629539459
4333.0,321.69240830800254,154.41587963226056
4333.5,321.9313855163013,153.9766884126326
4334.0,322.17034701166415,153.53748871726083
4334.5,322.4092898166416,153.09827891219723
4335.0,322.64821288949594,152.65905845954245
4335.5,322.88711674563433,152.21982760519205
4336.0,323.1260005467134,151.78058601852055
4336.5,323.3648673141479,151.3413354425943
4337.0,323.60371847398636,150.90207673619145
4337.5,323.84255248772814,150.46280909282694
4338.0,324.08136802982744,150.02353170661235
4338.5,324.32016581676135,149.58424482703876
4339.0,324.5589483353378,149.144949788148
4339.5,324.79771837353667,148.70564825433732
4340.0,325.0364753223168,148.26633993805208
4340.5,325.2752197387706,147.8270250253075
4341.0,325.5139536975107,147.38770456727116
4341.5,325.7526797917614,146.94838008570107
4342.0,325.9913962296198,146.5090506303133
4342.5,326.2301021755968,146.06971587110309
4343.0,326.46879700538955,145.63037534449944
4343.5,326.70748130577476,145.19102911495867
4344.0,326.94615698592906,144.75167821423096
4344.5,327.1848277554091,144.31232486762917
4345.0,327.42349703256554,143.8729711171707
4345.5,327.66216705165414,143.43361820573696
4346.0,327.9008421381848,142.9942683699411
4346.5,328.13952746295644,142.5549242105393
4347.0,328.3782234274626,142.1155857804613
4347.5,328.61693109698194,141.67625365376696
4348.0,328.85565168802265,141.23692845097662
4348.5,329.0943874600224,140.79761139135366
4349.0,329.3331413863325,140.3583039977274
4349.5,329.5719124919882,139.91900581571252
4350.0,329.81069880866977,139.47971581786214
4350.5,330.04949898179194,139.04043328484764
4351.0,330.2883126279091,138.6011580511559
4351.5,330.5271410630668,138.16189078604575
4352.0,330.76598659353846,137.7226325609231
4352.5,331.0048505461064,137.28338411329744
4353.0,331.24372828259106,136.844143177375
4353.5,331.48261542791226,136.4049073835185
4354.0,331.72150856916284,135.9656749217096
4354.5,331.9604087987558,135.5264462638982
4355.0,332.19931500942624,135.0872206715463
4355.5,332.438223517466,134.6479960965926
4356.0,332.67712973378707,134.20877002677935
4356.5,332.91603057518006,133.76954068565323
4357.0,333.1549284422494,133.3303092414623
4357.5,333.39382880890827,132.89107856469766
4358.0,333.6327354198306,132.4518507752154
4358.5,333.8716444839405,132.01262414580017
4359.0,334.11055366517445,131.57339750983778
4359.5,334.3494623809791,131.1341705389385
4360.0,334.5883707359194,130.69494324248512
4360.5,334.82727792122427,130.25571516229166
4361.0,335.0661823947883,129.81648549069578
4361.5,335.3050841286187,129.37725429774997
4362.0,335.5439850534554,128.9380229560429
4362.5,335.78288923601554,128.4987938129924
4363.0,336.02179695032453,128.0595668415686
4363.5,336.260708848892,127.6203424742332
4364.0,336.4996277793954,127.18112225185088
4364.5,336.7385570144258,126.74190788364055
4365.0,336.97749804976576,126.3027001012697
4365.5,337.21645073058903,125.86349872718655
4366.0,337.45541662152135,125.42430444196432
4366.5,337.69440217096997,124.9851205886355
4367.0,337.9334127367071,124.54595009219716
4367.5,338.17245018003183,124.10679393409215
4368.0,338.41151764626113,123.66765376234878
4368.5,338.65061854950727,123.22853139092007
4369.0,338.88975663841416,122.78942883341699
4369.5,339.1289359058657,122.35034826381322
4370.0,339.3681602416681,121.91129185337438
4370.5,339.60743606479105,121.47226321915828
4371.0,339.8467666045975,121.03326423677939
4371.5,340.08614879906224,120.59429328762991
4372.0,340.3255858223258,120.15535216473802
4372.5,340.56507865965057,119.71644141206593
4373.0,340.8046275629892,119.27756115818653
4373.5,341.04423282327303,118.83871158649238
4374.0,341.2838942143674,118.39989265458992
4374.5,341.52361785442355,117.96110773125194
4375.0,341.7633977857415,117.52235351319246
4375.5,342.0032280827662,117.08362674473929
4376.0,342.24310821519924,116.6449271188474
4376.5,342.4830372155172,116.20625412589227
4377.0,342.72301356408343,115.7676069741849
4377.5,342.96303570802115,115.32898485321542
4378.0,343.2031042081082,114.89038811208347
4378.5,343.4432263721058,114.45182083736317
4379.0,343.6833955030339,114.01327937709064
4379.5,343.92361156022713,113.5747637601241
4380.0,344.1638746396864,113.13627408142081
4380.5,344.4041849877223,112.6978104862271
4381.0,344.64454298070694,112.2593731619873
4381.5,344.88494909663,111.820962353192
4382.0,345.1254128755679,111.38258313162017
4382.5,345.36592601656946,110.94423089257651
4383.0,345.60648611491945,110.50590431430733
4383.5,345.8470902301526,110.0676017513084
4384.0,346.0877355566148,109.62932168081592
4384.5,346.3284197725854,109.1910628807148
4385.0,346.5691413298883,108.75282448441246
4385.5,346.8099042181202,108.31460871534729
4386.0,347.0507011718555,107.87641164142369
4386.5,347.2915296806769,107.43823189088822
4387.0,347.53238883923075,107.00006898222917
4387.5,347.7732773768232,106.56192223329815
4388.0,348.0141932620084,106.1237905367532
4388.5,348.2551379520623,105.6856746880837
4389.0,348.4961154276642,105.2475769807966
4389.5,348.7371209164169,104.80949480125317
4390.0,348.978155277106,104.37142866082115
4390.5,349.21921904906293,103.9333789040538
4391.0,349.46031155347896,103.49534516549039
4391.5,349.70143055388354,103.05732615091327
4392.0,349.9425812472607,102.61932481660016
4392.5,350.18376007088085,102.18133921197618
4393.0,350.42496669876743,101.7433691303018
4393.5,350.66620417204547,101.30541632084056
4394.0,350.9074755597673,100.86748254683032
4394.5,351.14878315810904,100.4295691213833
4395.0,351.39013204820475,99.99167896030964
4395.5,351.6315270767765,99.55381490352703
4396.0,351.87296497785576,99.11597514846159
4396.5,352.11444749251325,98.67816072608379
4397.0,352.3559759866595,98.2403725009459
4397.5,352.5975520608638,97.80261146036877
4398.0,352.8391807854786,97.36488044216826
4398.5,353.08087212721296,96.92718491066765
4399.0,353.3226193617436,96.48952076919855
4399.5,353.5644233172526,96.05188817083891
4400.0,353.80628575023593,95.61428795003279
4400.5,354.048208424596,95.17672097171992
4401.0,354.2901928911097,94.73918779405452
4401.5,354.5322511169262,94.30169439879658
4402.0,354.77437098563774,93.86423423593527
4402.5,355.01655050930685,93.42680613580406
4403.0,355.2587890954246,92.98940995789542
4403.5,355.5010861634494,92.55204561790215
4404.0,355.74344088463823,92.11471266128753
4404.5,355.9858636130133,91.677416752917
4405.0,356.2283434966378,91.24015220329703
4405.5,356.4708823567673,90.80292018535516
4406.0,356.7134787619508,90.36572014071679
4406.5,356.9561286016259,89.92855004110474
4407.0,357.198828953743,89.49140848389908
4407.5,357.441585021626,89.05429858666618
4408.0,357.6843880235644,88.61721544121801
4408.5,357.9272365294397,88.18015819386494
4409.0,358.1701273913413,87.74312504479722
4409.5,358.4130562367878,87.30611354882586
4410.0,358.65602342642325,86.869124074609
4410.5,358.89903090615456,86.43215843186627
4411.0,359.1420811482718,85.99521770411988
4411.5,359.3851787421103,85.55830420398178
4412.0,359.62832526557895,85.12141856253982
4412.5,359.8715185445895,84.68455935575409
4413.0,360.11476491926265,84.2477296929206
4413.5,360.35805961634946,83.81092785698183
4414.0,360.601405956215,83.37415590500147
4414.5,360.8448041118049,82.9374139347976
4415.0,361.08825230591225,82.50070090583142
4415.5,361.33175333824704,82.06401861885277
4416.0,361.57531109381085,81.62736875709096
4416.5,361.81891706470185,81.19074656664944
4417.0,362.06257100321665,80.75415188513783
4417.5,362.30627106296544,80.31758348670188
4418.0,362.5500138857458,79.88103921391316
4418.5,362.7938021018097,79.44452094109157
4419.0,363.0376225577392,79.0080210257989
4419.5,363.2814692073833,78.57153582957037
4420.0,363.5253386104664,78.13506310253337
4420.5,363.7692263457551,77.69860000155708
4421.0,364.0131262124189,77.26214259592687
4421.5,364.2570292296696,76.82568563147449
4422.0,364.5009277804909,76.3892250630206
4422.5,364.74481963061174,75.95275970552537
4423.0,364.98870504517095,75.51628980675741
4423.5,365.2325864226224,75.07981684101938
4424.0,365.47646619837656,74.64334232379586
4424.5,365.7203441697806,74.20686649856749
4425.0,365.9642232124892,73.7703911649269
4425.5,366.2081039587918,73.33391688449443
4426.0,366.4519862981813,72.89744385717803
4426.5,366.69587131003937,72.46097322642538
4427.0,366.939761593999,72.02450716753431
4427.5,367.18365724076705,71.58804582121736
4428.0,367.42755923006445,71.15159009084458
4428.5,367.6714687042968,70.71514093621248
4429.0,367.9153875794568,70.27869981633746
4429.5,368.15932129168215,69.84227093558012
4430.0,368.40327026667853,69.40585373569098
4430.5,368.64723669552046,68.96944919351024
4431.0,368.89122154316715,68.53305774210692
4431.5,369.1352244032479,68.09667922837734
4432.0,369.3792493326526,67.66031570074105
4432.5,369.6232909286284,67.22396249243583
4433.0,369.86735306627565,66.78762143989245
4433.5,370.1114371746932,66.35129285361025
4434.0,370.35554260848625,65.91497575948412
4434.5,370.5996742914476,65.47867200265614
4435.0,370.84382864221817,65.0423785716235
4435.5,371.08800488072836,64.60609514304642
4436.0,371.33220383633665,64.16982230071945
4436.5,371.57642635642395,63.73356069628548
4437.0,371.8206747976863,63.29731113902352
4437.5,372.06494342858196,62.8610714740059
4438.0,372.3092332210207,62.424842539226766
4438.5,372.5535434237362,61.98862406029988
4439.0,372.79787165631666,61.55241487279208
4439.5,373.0422204274498,61.11621704441043
4440.0,373.28658453312346,60.680027754245714
4440.5,373.5309632045645,60.243847284553894
4441.0,373.775355916723,59.80767574320425
4441.5,374.01976155139107,59.37151271615088
4442.0,374.2641803712233,58.93535840586561
4442.5,374.508612258161,58.499212755917156
4443.0,374.753055179547,58.06307454800665
4443.5,374.99750870601594,57.62694396486141
4444.0,375.24197293363824,57.190821785536926
4444.5,375.48644979396215,56.754710484064184
4445.0,375.7309340608061,56.318606310531116
4445.5,375.97542565636184,55.882509345934324
4446.0,376.2199242862379,55.44641972053201
4446.5,376.46442940961816,55.01033765103022
4447.0,376.70894229054363,54.57426565642137
4447.5,376.9534581817959,54.13819901175867
4448.0,377.19797852197155,53.70213795570624
4448.5,377.4425056968812,53.266083483590144
4449.0,377.68704494965255,52.830038811035124
4449.5,377.93159986505935,52.39400529358896
4450.0,378.1761629848314,51.95797742557164
4450.5,378.42073159278453,51.521952922204
4451.0,378.66530386804146,51.08592994376808
4451.5,378.9098811980842,50.649907761999245
4452.0,379.15446542437417,50.213886436131794
4452.5,379.39905259012613,49.777863482728165
4453.0,379.6436422095465,49.34183845250278
4453.5,379.8882346105077,48.90581158091799
4454.0,380.1328310572906,48.469783668980526
4454.5,380.37743523449444,48.033757969762306
4455.0,380.622047477491,47.597735018302984
4455.5,380.8666689646054,47.16171571401743
4456.0,381.1113022691791,46.725701719155396
4456.5,381.355948249439,46.28969403309151
4457.0,381.6006055912013,45.85369320905507
4457.5,381.84527760492125,45.41770165126422
4458.0,382.0899676813717,44.981721751840254
4458.5,382.334684573094,44.54575941729067
4459.0,382.579428376773,44.10981479010757
4459.5,382.8241955485375,43.673885434272265
4460.0,383.06898923344323,43.237973153664875
4460.5,383.31381414979063,42.802080688312245
4461.0,383.55869257892067,42.366221841422586
4461.5,383.80361129526926,41.93038817391585
4462.0,384.0485694180935,41.49457910691014
4462.5,384.29356675636836,41.05879432074872
4463.0,384.5386116563531,40.623038206544415
4463.5,384.78371012865244,40.18731352649811
4464.0,385.02885344540545,39.7516151233135
4464.5,385.2740418741604,39.31594324832395
4465.0,385.5192754757279,38.88029808659128
4465.5,385.7645646695068,38.44468645119612
4466.0,386.009894069996,38.00909934764693
4466.5,386.25526033814714,37.573534706754565
4467.0,386.5006604426954,37.13799064787701
4467.5,386.74609541010364,36.70246773302911
4468.0,386.99155900931305,36.26696249896691
4468.5,387.2370416167763,35.831469062888324
4469.0,387.4825409983996,35.39598643784116
4469.5,387.728056100568,34.960514624957675
4470.0,387.9735858877223,34.52505269978603
4470.5,388.2191214060427,34.089594255552015
4471.0,388.46466199518454,33.654138510977226
4471.5,388.71020731263457,33.21868499150369
4472.0,388.9557592417525,32.7832348781312
4472.5,389.2013141751649,32.347785992104996
4473.0,389.4468724742665,31.91233838910369
4473.5,389.69243439445137,31.476892147454773
4474.0,389.93800036049834,31.04144745949987
4474.5,390.18357003888747,30.60600408443622
4475.0,390.42914561807805,30.170564107660624
4475.5,390.6747294074578,29.73512914108112
4476.0,390.92032395491435,29.29970089005301
4476.5,391.16593762634506,28.864285142498712
4477.0,391.41156594983175,28.428879185515694
4477.5,391.6572117454074,27.9934845322251
4478.0,391.90287799389256,27.558102925435097
4478.5,392.1485785745047,27.122743929106537
4479.0,392.39430970053047,26.68740465424516
4479.5,392.6400677354236,26.252082770051498
4480.0,392.88585277212815,25.816778117370237
4480.5,393.13167165247296,25.381494177747417
4481.0,393.3775277091504,24.946232386550257
4481.5,393.6234158474868,24.51098995451295
4482.0,393.8693359021294,24.075766648743972
4482.5,394.1152898653495,23.640563243858132
4483.0,394.36128168831726,23.20538205105474
4483.5,394.60730218687087,22.770216850453
4484.0,394.85335146597515,22.335067713266763
4484.5,395.09943006982826,21.899935088036173
4485.0,395.3455481538302,21.464824871941566
4485.5,395.5916896440244,21.02972780826341
4486.0,395.83785394818165,20.594644141080103
4486.5,396.0840402394566,20.159573938769054
4487.0,396.33025012298,19.72451874734035
4487.5,396.57647595950345,19.28947422969697
4488.0,396.8227162087274,18.85443962782353
4488.5,397.0689702429652,18.419414715504338
4489.0,397.3152405851154,17.984401448115907
4489.5,397.56152198846456,17.549396270381088
4490.0,397.8078115015522,17.1143982119002
4490.5,398.0541088008296,16.67940758979809
4491.0,398.30041868669554,16.244428186612225
4491.5,398.5467441382701,15.80946106455252
4492.0,398.7930840110096,15.374504457591962
4492.5,399.0394379944588,14.939557707690561
4493.0,399.28580618032663,14.504620282563181
4493.5,399.5321916555799,14.069694804891071
4494.0,399.7785951282623,13.634780749800736
4494.5,400.0250184352501,13.199878896781671
4495.0,400.2714673631026,12.764992395808203
4495.5,400.51794507721837,12.330123078505538
4496.0,400.7644436935418,11.895265839820903
4496.5,401.0109641164886,11.460421233240835
4497.0,401.25751369219915,11.025593874903588
4497.5,401.50410187723253,10.59078879918547
4498.0,401.7507190941576,10.155999310335174
4498.5,401.9973639171149,9.721224597455553
4499.0,402.24403783736807,9.2864659718917
4499.5,402.4907448506989,8.851726193184875
4500.0,402.73747555645053,8.417000374655316
4500.5,402.9842281219761,7.982287384471236
4501.0,403.2310025579644,7.547586863131043
4501.5,403.4777992496166,7.11289793451543
4502.0,403.72461130786473,6.6782175314092544
4502.5,403.9714369601846,6.243544752786606
4503.0,404.21827502384866,5.808878877536689
4503.5,404.46512732594897,5.374220173146321
4504.0,404.711991436194,4.939568064896171
4504.5,404.9588671495212,4.504922834456524
4505.0,405.2057556454354,4.070285933459226
4505.5,405.4526550062964,3.635656694473698
4506.0,405.69956323310464,3.2010336347890913
4506.5,405.94648082525083,2.766417035782291
4507.0,406.19341111401684,2.3318090485133554
4507.5,406.44035523638377,1.8972117217068225
4508.0,406.68731127742456,1.462623495287707
4508.5,406.9342799840878,1.0280448691154578
4509.0,407.1812665166019,0.593479576556067
4509.5,407.42827349917764,0.15892945242361572
4510.0,407.6752948260527,-0.275609154825589
4510.5,407.9223291468405,-0.7101367727936816
4511.0,408.16937790769805,-1.1446511314182006
4511.5,408.4164367013217,-1.5791559954153302
4512.0,408.6635053031073,-2.013652270112444
4512.5,408.9105842893079,-2.4481398069921316
4513.0,409.15767666241607,-2.882616630765579
4513.5,409.4047755424491,-3.317086954736505
4514.0,409.6518792864906,-3.7515524425659335
4514.5,409.8989873129479,-4.186013746321709
4515.0,410.1461023648872,-4.620469556667249
4515.5,410.3932228767088,-5.054921345967821
4516.0,410.64034609169903,-5.489370886129384
4516.5,410.8874697039247,-5.923819617942367
4517.0,411.13459083741276,-6.358270222201702
4517.5,411.38171013679795,-6.792722401376422
4518.0,411.6288273414862,-7.227176362607706
4518.5,411.8759417953791,-7.661632633900857
4519.0,412.1230514860086,-8.09609073711734
4519.5,412.37015523018596,-8.530551978458448
4520.0,412.61725250442106,-8.965016723315108
4520.5,412.86434139263844,-9.39948605557567
4521.0,413.111421734059,-9.833959063772527
4521.5,413.3584956796021,-10.268434347755004
4522.0,413.6055636653248,-10.70291154042575
4522.5,413.85262571419906,-11.137390223162955
4523.0,414.09968584598175,-11.571868211614271
4523.5,414.3467445434025,-12.006344731932778
4524.0,414.5938019887755,-12.440819177195841
4524.5,414.8408592371332,-12.875288543652161
4525.0,415.087918283545,-13.309753029264202
4525.5,415.33497843381895,-13.74421347416867
4526.0,415.5820391826051,-14.178670126958433
4526.5,415.82909874595424,-14.613122031404462
4527.0,416.0761581636715,-15.047570272770388
4527.5,416.3232171498678,-15.48201526543206
4528.0,416.57027492697927,-15.91645725996915
4528.5,416.81732572022855,-16.350899421020916
4529.0,417.06436858533436,-16.78534440798192
4529.5,417.3114018255338,-17.21979369455422
4530.0,417.55841690132723,-17.65425280525029
4530.5,417.8054129722393,-18.088723421915496
4531.0,418.05239434400704,-18.523203627071787
4531.5,418.29936166122644,-18.957693432947803
4532.0,418.54630820611504,-19.392197154872
4532.5,418.79323789382056,-19.82671146492041
4533.0,419.0401514178966,-20.261235687874358
4533.5,419.287046553967,-20.695770852769634
4534.0,419.5339199421008,-21.130317010494696
4534.5,419.78078074275555,-21.56486768994634
4535.0,420.02763096595146,-21.999420940234792
4535.5,420.27447307777675,-22.43397221788538
4536.0,420.52130800546433,-22.86851979558685
4536.5,420.7681396554293,-23.303062048500657
4537.0,421.0149696384606,-23.73759754347469
4537.5,421.26180603138135,-24.172117413683473
4538.0,421.5086524590803,-24.606622620893166
4538.5,421.7555082996161,-25.04111419205103
4539.0,422.0023749165357,-25.475590312191866
4539.5,422.2492549334896,-25.910048655162086
4540.0,422.49614543144514,-26.344496065332912
4540.5,422.7430471646492,-26.778932876204042
4541.0,422.9899666387945,-27.213355602306777
4541.5,423.2369038040534,-27.647768757434655
4542.0,423.4838547962051,-28.08217577408418
4542.5,423.73081933166844,-28.51657761379179
4543.0,423.9778021171042,-28.95097483902694
4543.5,424.224795125211,-29.38537062884253
4544.0,424.47179734628145,-29.81976567047641
4544.5,424.71880917735456,-30.254161090663782
4545.0,424.96583430237445,-30.688555694187595
4545.5,425.2128646861344,-31.122951078863785
4546.0,425.4598985174782,-31.55734787637753
4546.5,425.70693295784946,-31.991748747431192
4547.0,425.9539687147709,-32.42615212488281
4547.5,426.20100375868554,-32.86055822654606
4548.0,426.4480359902192,-33.29496795119655
4548.5,426.6950607635114,-33.72938315273543
4549.0,426.94208380015993,-34.16379906000283
4549.5,427.1891049410904,-34.598215602974854
4550.0,427.43612077758604,-35.032634513313276
4550.5,427.68312791225804,-35.467058827463326
4551.0,427.9301259602329,-35.90148917719251
4551.5,428.17711314991294,-36.335926946097594
4552.0,428.42408388095373,-36.77037601993801
4552.5,428.67104601266425,-37.20482952653462
4553.0,428.9179992254032,-37.63928769807368
4553.5,429.1649394257251,-38.073753067197465
4554.0,429.41186670439134,-38.50822645673157
4554.5,429.6587869990077,-38.94270371789041
4555.0,429.90570177557606,-39.377183694658655
4555.5,430.15261280467695,-39.811663239578415
4556.0,430.39952526489714,-40.2461388138115
4556.5,430.64643930274053,-40.680610019365126
4557.0,430.89335577316467,-41.11507450603539
4557.5,431.14028030103697,-41.54952658358782
4558.0,431.38721439596236,-41.98396618518852
4558.5,431.63415979297656,-42.41839176333154
4559.0,431.8811309684459,-42.85278950003489
4559.5,432.1281221498747,-43.28716760342644
4560.0,432.37513261351046,-43.72152686133819
4560.5,432.6221681434431,-44.15586178288202
4561.0,432.86922876734627,-44.59017091458148
4561.5,433.1163080649201,-45.02446111230103
4562.0,433.36340623534727,-45.45873240665919
4562.5,433.6105358200227,-45.892977114884914
4563.0,433.85768386391175,-46.32720811913909
4563.5,434.10484795128014,-46.76142773501125
4564.0,434.35202930836635,-47.195636384129465
4564.5,434.5992211572801,-47.62983954848841
4565.0,434.8464172507321,-48.06404161863278
4565.5,435.0936160013802,-48.49824394840957
4566.0,435.3408102146995,-48.93245496036596
4566.5,435.5879953736832,-49.36667512688389
4567.0,435.8351696427654,-49.800906010059705
4567.5,436.08232369252295,-50.235156115666506
4568.0,436.32945227648077,-50.669427352498815
4568.5,436.5765593691738,-51.10371583811545
4569.0,436.8236425553043,-51.53802320362816
4569.5,437.07068711068905,-51.97235892450375
4570.0,437.3177085124658,-52.4067106374768
4570.5,437.5647076074691,-52.8410774037413
4571.0,437.81167798244985,-53.275462250898826
4571.5,438.0586264724204,-53.70985915517252
4572.0,438.30555809382867,-54.14426533876073
4572.5,438.5524710027145,-54.57868180311031
4573.0,438.7993590752212,-55.01311143208621
4573.5,439.04623267275826,-55.44754866625715
4574.0,439.29309242367617,-55.881992992968925
4574.5,439.53993394182135,-56.3164452318699
4575.0,439.7867625379091,-56.75090221461669
4575.5,440.0335802421539,-57.18536340341826
4576.0,440.2803846520487,-57.619830045429524
4576.5,440.52717691993826,-58.05430250528781
4577.0,440.77396335909134,-58.488777438979824
4577.5,441.0207448867989,-58.923254313909524
4578.0,441.2675208046451,-59.35773395055583
4578.5,441.514295104115,-59.792214768809266
4579.0,441.76106835661824,-60.226696466932296
4579.5,442.0078417023861,-60.66117860509234
4580.0,442.2546139369145,-61.09566280394132
4580.5,442.50138679474617,-61.530147981402486
4581.0,442.748161420367,-61.964633815887574
4581.5,442.9949428813053,-62.39911946839228
4582.0,443.2417281576593,-62.833605726275884
4582.5,443.4885171348549,-63.2680927399744
4583.0,443.7353114089287,-63.70258135638606
4583.5,443.9821068684118,-64.1370738449843
4584.0,444.2289020552449,-64.57157030176184
4584.5,444.475695042005,-65.00607272455545
4585.0,444.72248655284295,-65.44058172220197
4585.5,444.9692754427033,-65.87509536185556
4586.0,445.21606116798955,-66.3096136519364
4586.5,445.46284172702605,-66.74413730949887
4587.0,445.7096157888662,-67.17866611515845
4587.5,445.95638323331383,-67.61319986455149
4588.0,446.2031403393164,-68.04774040018738
4588.5,446.4498883607388,-68.48228571829301
4589.0,446.69662871047177,-68.91683420306494
4589.5,446.94335964894435,-69.35138590729701
4590.0,447.19007748741114,-69.78594084054741
4590.5,447.43679022272073,-70.22049606269086
4591.0,447.68349846766506,-70.65505134381822
4591.5,447.9301999900296,-71.0896076881105
4592.0,448.17689535786843,-71.52416444757543
4592.5,448.4235851168344,-71.95872171496924
4593.0,448.6702670504113,-72.39327996524638
4593.5,448.9169427861858,-72.8278398817335
4594.0,449.1636143790906,-73.26240239725186
4594.5,449.41028163967474,-73.69696858551558
4595.0,449.656942558691,-74.13154116094267
4595.5,449.9036004352262,-74.56611706223212
4596.0,450.15025537038974,-75.0006962685727
4596.5,450.3969057690961,-75.43528103220565
4597.0,450.643549950209,-75.8698719431288
4597.5,450.8901893015158,-76.30446840207165
4598.0,451.1368231826987,-76.73907276267484
4598.5,451.38345960810324,-77.17368087447592
4599.0,451.6300990471296,-77.60829072269397
4599.5,451.8767424418483,-78.04290195705626
4600.0,452.12338862340647,-78.47751746856102
4600.5,452.37003770207485,-78.91213459093976
4601.0,452.6166904283537,-79.3467530013969
4601.5,452.86335463773946,-79.7813714666785
4602.0,453.1100261137799,-80.21599039766532
4602.5,453.3567044306534,-80.6506094130246
4603.0,453.6033932626192,-81.08522786810532
4603.5,453.85009657123743,-81.51984253807942
4604.0,454.0968094831332,-81.95445471133229
4604.5,454.3435327834101,-82.38906419399692
4605.0,454.5902652970811,-82.82367444215477
4605.5,454.8370015626722,-83.25828517704151
4606.0,455.08374126611665,-83.69289631402557
4606.5,455.33048660508035,-84.12750668556511
4607.0,455.5772362946423,-84.5621153895465
4607.5,455.8239893101119,-84.99672292741113
4608.0,456.07074512779593,-85.43132989060176
4608.5,456.3175006986591,-85.86593728280413
4609.0,456.5642552498462,-86.30054523510445
4609.5,456.81100765261084,-86.73515413164608
4610.0,457.0577527639185,-87.16976546698716
4610.5,457.3044916306283,-87.60437964802185
4611.0,457.5512235845901,-88.038997168027
4611.5,457.79794240390413,-88.47362159688998
4612.0,458.0446499087321,-88.90825280787344
4612.5,458.2913456813647,-89.3428911497433
4613.0,458.5380202973511,-89.77754292563623
4613.5,458.7846791002277,-90.2122058206809
4614.0,459.03132422768743,-90.64687835002441
4614.5,459.2779494492371,-91.08156494231912
4615.0,459.52455514981625,-91.51626527934438
4615.5,459.77114794145103,-91.95097513172506
4616.0,460.0177261091963,-92.38569614530157
4616.5,460.26428696469077,-92.82043225553892
4617.0,460.5108378922218,-93.25517734998968
4617.5,460.7573790574392,-93.68993137195697
4618.0,461.0039071820383,-94.12469825074665
4618.5,461.2504270311797,-94.5594725629507
4619.0,461.49693918430376,-94.9942540283277
4619.5,461.7434429921504,-95.42904513703135
4620.0,461.98994497709333,-95.86384140348295
4620.5,462.2364454670929,-96.29864200029174
4621.0,462.4829439087542,-96.73344877800525
4621.5,462.72943720940935,-97.168261977839
4622.0,462.97592828495704,-97.60307861837558
4622.5,463.22241804894435,-98.03789837459595
4623.0,463.468908643756,-98.47272014842888
4623.5,463.7153995991836,-98.90754328110998
4624.0,463.9618908792639,-99.34236790034107
4624.5,464.208383028789,-99.77719285661279
4625.0,464.4548750524417,-100.2120175672476
4625.5,464.70136701459757,-100.64684185734833
4626.0,464.94786069020194,-101.08166324205655
4626.5,465.19435870466214,-101.51648109391168
4627.0,465.44086123974006,-101.95129546352086
4627.5,465.68737323967855,-102.38610326836412
4628.0,465.9338927500067,-102.82090679227476
4628.5,466.1804194072091,-103.25570610992324
4629.0,466.42695824109137,-103.69049806643825
4629.5,466.6735104705035,-104.12528210774087
4630.0,466.9200713161263,-104.56006116660919
4630.5,467.1666422390029,-104.99483449291368
4631.0,467.413225773634,-105.429600916614
4631.5,467.6598195413025,-105.86436230987243
4632.0,467.9064251044752,-106.29911804887652
4632.5,468.1530548859769,-106.7338621226789
4633.0,468.39969769178356,-107.16860015248297
4633.5,468.64635319891755,-107.60333240321265
4634.0,468.89302578954346,-108.03805894390368
4634.5,469.1397068953812,-108.47278320433782
4635.0,469.38639541224336,-108.90750562609851
4635.5,469.6330932651179,-109.34222658579101
4636.0,469.8797994913698,-109.77694528981709
4636.5,470.12651295058214,-110.2116621408287
4637.0,470.3732380893293,-110.64637621891723
4637.5,470.61996671443643,-111.0810931683141
4638.0,470.8666954170566,-111.51581364010964
4638.5,471.1134212999683,-111.95054047687606
4639.0,471.36014399616744,-112.38527336795671
4639.5,471.6068651181832,-112.82000937394884
4640.0,471.8535846893997,-113.25474853934541
4640.5,472.10029454502046,-113.68949583847179
4641.0,472.3469975225485,-114.12424844234366
4641.5,472.5936933790652,-114.55900646302617
4642.0,472.84037566998774,-114.99377570827455
4642.5,473.08704779852087,-115.42855252127946
4643.0,473.3337098157495,-115.86333679795312
4643.5,473.5803555653018,-116.29813252514805
4644.0,473.82698776594395,-116.73293594854907
4644.5,474.07360860217375,-117.16774591584807
4645.0,474.32021339092734,-117.60256539664452
4645.5,474.56680345116615,-118.03739475092802
4646.0,474.81338086494964,-118.4722325687015
4646.5,475.05993968055316,-118.90708281723089
4647.0,475.3064805827626,-119.34194414414823
4647.5,475.55300757563293,-119.77681368554256
4648.0,475.79951791883934,-120.21169289216483
4648.5,476.046003279786,-120.64658869623564
4649.0,476.29247589897386,-121.08149352708048
4649.5,476.5389362760962,-121.51640706798248
4650.0,476.78538066425176,-121.95133086378064
4650.5,477.0318145123451,-122.38626042975503
4651.0,477.2782383130482,-122.82119559652402
4651.5,477.5246460843858,-123.25614008096169
4652.0,477.7710381878202,-123.69109454908833
4652.5,478.0174200276261,-124.12605513601588
4653.0,478.2637913365773,-124.56102133528768
4653.5,478.5101556800064,-124.99599003381931
4654.0,478.7565177238826,-125.4309591797202
4654.5,479.0028783343896,-125.86592828946875
4655.0,479.2492387880036,-126.3008976542284
4655.5,479.49560021312476,-126.73586773196958
4656.0,479.7419625769783,-127.1708386980976
4656.5,479.98832587181283,-127.60581192058905
4657.0,480.23469565464023,-128.040784183014
4657.5,480.4810713731437,-128.47575515735122
4658.0,480.7274553873702,-128.91072378309485
4658.5,480.97384174140586,-129.34569503311428
4659.0,481.2202298324683,-129.78066809844083
4659.5,481.4666196751864,-130.21564300898538
4660.0,481.713009602808,-130.6506222945721
4660.5,481.95939769793114,-131.0856042770465
4661.0,482.20578229138613,-131.5205897800867
4661.5,482.4521571692569,-131.9555826292546
4662.0,482.6985193752544,-132.39058410302
4662.5,482.9448691842635,-132.82559333866604
4663.0,483.19120438745443,-133.2606114039681
4663.5,483.4375078942202,-133.69564795336848
4664.0,483.6837898884992,-134.13069710762903
4664.5,483.9300487500468,-134.56575984259482
4665.0,484.1762716972183,-135.000843733677
4665.5,484.42245639468683,-135.43595046547722
4666.0,484.66860993746457,-135.87107587102042
4666.5,484.9147313265676,-136.30622058993498
4667.0,485.16079929067496,-136.74139790941848
4667.5,485.40683547971463,-137.17659494332057
4668.0,485.6528412460939,-137.61181086892566
4668.5,485.89881167746205,-138.04704876839148
4669.0,486.14474354166487,-138.4823105758479
4669.5,486.3906481059268,-138.9175893376093
4670.0,486.6365253824,-139.35288506015291
4670.5,486.8823641918826,-139.78820472464605
4671.0,487.1281724356387,-140.2235433343819
4671.5,487.37395718158575,-140.65889616273262
4672.0,487.61971999631015,-141.09426199152293
4672.5,487.8654524044593,-141.52964488765997
4673.0,488.1111646545056,-141.96503937944752
4673.5,488.35685671796693,-142.40044560332888
4674.0,488.60252609440244,-142.83586516339696
4674.5,488.8481654515945,-143.27130179020983
4675.0,489.0937834562391,-143.70675056124526
4675.5,489.339379217524,-144.1422119679728
4676.0,489.5849474434414,-144.5776889858825
4676.5,489.8304857514974,-145.01318367973974
4677.0,490.0760002768336,-145.44869238452216
4677.5,490.32149095562295,-145.88421505116992
4678.0,490.56695395298124,-146.31975371251932
4678.5,490.8123905234741,-146.7553082129506
4679.0,491.0578051717295,-147.19087536486884
4679.5,491.303197637966,-147.62645517623847
4680.0,491.5485642336938,-148.06204966238275
4680.5,491.7939089915924,-148.4976569810849
4681.0,492.0392376214939,-148.93327383983666
4681.5,492.2845508568994,-149.36889972967725
4682.0,492.5298478353333,-149.80453493254154
4682.5,492.77512882169333,-150.2401785070254
4683.0,493.02039925713717,-150.67582752161258
4683.5,493.2656604674764,-151.11148134357674
4684.0,493.51091363079837,-151.54713948355698
4684.5,493.7561542649682,-151.9828049469374
4685.0,494.0013835343709,-152.41847708437433
4685.5,494.2466022469715,-152.8541552771197
4686.0,494.491811537835,-153.2898387127068
4686.5,494.7370101976667,-153.7255283002387
4687.0,494.98219764621746,-154.16122481080362
4687.5,495.2273726791057,-154.5969291795335
4688.0,495.47253393951246,-155.03264238879237
4688.5,495.71767686735456,-155.46836745217811
4689.0,495.96280315280205,-155.90410439592296
4689.5,496.2079162656639,-156.3398510408967
4690.0,496.4530162964003,-156.77560741565767
4690.5,496.698102621183,-157.21137398959712
4691.0,496.9431725556603,-157.64715242217306
4691.5,497.1882307975074,-158.08293919436716
4692.0,497.4332771539113,-158.51873442799408
4692.5,497.678312135253,-158.9545377627426
4693.0,497.92333690882595,-159.39034842544774
4693.5,498.16835219949456,-159.82616592689735
4694.0,498.41336209740587,-160.2619872404858
4694.5,498.6583676701752,-160.69781146894258
4695.0,498.90336950586385,-161.13363804223033
4695.5,499.1483662036823,-161.56946775135825
4696.0,499.3933593990843,-162.0052995393308
4696.5,499.6383482931919,-162.4411339320496
4697.0,499.88333126787677,-162.87697185188614
4697.5,500.12830632325984,-163.31281439700297
4698.0,500.37327222268766,-163.74866259036884
4698.5,500.6182265035134,-164.18451791691948
4699.0,500.8631686543131,-164.6203810174149
4699.5,501.1080992521895,-165.05625165386417
4700.0,501.35301983319675,-165.4921288272259
4700.5,501.5979232504515,-165.9280168104799
4701.0,501.84280830605854,-166.36391626023172
4701.5,502.0876747332294,-166.79982740133588
4702.0,502.3325227268853,-167.23575016399286
4702.5,502.5773531212715,-167.67168401063728
4703.0,502.8221626349362,-168.10763041449437
4703.5,503.06694940004303,-168.5435901558085
4704.0,503.31171290757896,-168.97956346071928
4704.5,503.5564516581807,-169.41555138782428
4705.0,503.8011643798061,-169.8515548317068
4705.5,504.04584794057905,-170.28757550303084
4706.0,504.2905008706745,-170.7236138262464
4706.5,504.5351291356061,-171.15966623494205
4707.0,504.7797315580361,-171.5957333076012
4707.5,505.0243064620609,-172.0318159779623
4708.0,505.2688517647494,-172.46791553278373
4708.5,505.5133605024986,-172.90403644743373
4709.0,505.75783303302535,-173.34017807085004
4709.5,506.0022706700932,-173.77633955129025
4710.0,506.2466734223799,-174.21252107258778
4710.5,506.4910423175316,-174.64872212370616
4711.0,506.7353783235937,-175.08494205439862
4711.5,506.9796751543454,-175.52118436930883
4712.0,507.2239292354865,-175.95745102850793
4712.5,507.468147522129,-176.39373790149708
4713.0,507.71233147056546,-176.830044314198
4713.5,507.95648210138546,-177.26636978068447
4714.0,508.2006002280425,-177.70271381849108
4714.5,508.444686454834,-178.13907600042637
4715.0,508.68873849920374,-178.57545759477244
4715.5,508.93276314904165,-179.01185450015916
4716.0,509.1767616224721,-179.44826618255144
4716.5,509.4207365628931,-179.88469108985404
4717.0,509.6646895978036,-180.3211282663909
4717.5,509.9086200810878,-180.75757815000043
4718.0,510.1525251988739,-181.1940422626281
4718.5,510.3964046828622,-181.63052082912023
4719.0,510.64026522534476,-182.0670104445463
4719.5,510.8841039537103,-182.50351280699653
4720.0,511.1279202267281,-182.9400283029145
4720.5,511.3717167319365,-183.3765554187902
4721.0,511.61549738764154,-183.81309192456737
4721.5,511.8592628533896,-184.249637395893
4722.0,512.1030105475952,-184.68619346461523
4722.5,512.3467437703706,-185.12275826993877
4723.0,512.5904616504812,-185.55933236691328
4723.5,512.8341655690549,-185.99591485382453
4724.0,513.0778567040542,-186.4325049026683
4724.5,513.3215349659852,-186.8691024925869
4725.0,513.5651986080746,-187.30570860402005
4725.5,513.8088447610082,-187.74232476868409
4726.0,514.0524730309912,-188.17895127570324
4726.5,514.2960836686012,-188.61558785229678
4727.0,514.539676489756,-189.05223444532135
4727.5,514.7832487651347,-189.48889257060628
4728.0,515.0267979569078,-189.9255636647176
4728.5,515.2703213923784,-190.36224921214793
4729.0,515.5138182138477,-190.79894965385782
4729.5,515.7572889417285,-191.2356646549718
4730.0,516.000731776493,-191.6723952150478
4730.5,516.2441440168982,-192.10914298607145
4731.0,516.4875185079385,-192.54591190973306
4731.5,516.7308519806404,-192.98270373227538
4732.0,516.9741485131091,-193.41951611850195
4732.5,517.2174112615114,-193.85634735178957
4733.0,517.460636986958,-194.29319934282393
4733.5,517.7038220065767,-194.7300741814016
4734.0,517.9469648200662,-195.16697267047607
4734.5,518.1900648174162,-195.60389511877545
4735.0,518.4331213491021,-196.04084187669437
4735.5,518.6761347553562,-196.47781271404475
4736.0,518.9191042764372,-196.91480808681771
4736.5,519.1620276560208,-197.35182928544177
4737.0,519.404905795191,-197.78887574735532
4737.5,519.6477397769302,-198.22594689598662
4738.0,519.8905320667951,-198.66304138164034
4738.5,520.1332836359865,-199.10015860830998
4739.0,520.3759938746396,-199.53729887888318
4739.5,520.618663623774,-199.97446169456137
4740.0,520.8612972617522,-200.411644598847
4740.5,521.1038989371905,-200.84884526487718
4741.0,521.3464684595749,-201.28606376836711
4741.5,521.5890036345089,-201.7233013062779
4742.0,521.8315049407488,-202.1605576069378
4742.5,522.0739752644072,-202.597831076409
4743.0,522.3164137755875,-203.0351221808191
4743.5,522.5588196410314,-203.47243137746764
4744.0,522.8011931540697,-203.90975851953655
4744.5,523.0435361181247,-204.34710261793683
4745.0,523.2858497434963,-204.78446299192584
4745.5,523.5281312537682,-205.22184116411458
4746.0,523.7703757377234,-205.65923984242795
4746.5,524.012579473765,-206.09666106986145
4747.0,524.2547441951774,-206.53410387874507
4747.5,524.496869300905,-206.97156862000324
4748.0,524.7389487556891,-207.4090586389903
4748.5,524.9809750929023,-207.8465780468387
4749.0,525.2229445277236,-208.28412889422566
4749.5,525.4648578912318,-208.72171064167702
4750.0,525.7067152791794,-209.15932315912147
4750.5,525.9485152193439,-209.5969672671145
4751.0,526.1902601093968,-210.03464169853504
4751.5,526.4319509163904,-210.47234592647283
4752.0,526.6735892965951,-210.91007900304962
4752.5,526.9151781966827,-211.34783920911818
4753.0,527.1567198435497,-211.78562535771977
4753.5,527.3982188976511,-212.2234348860339
4754.0,527.6396826030016,-212.66126389696484
4754.5,527.8811154059653,-213.09910992216558
4755.0,528.1225214491413,-213.53697060421965
4755.5,528.3639005501788,-213.97484600030444
4756.0,528.605252200102,-214.41273637177153
4756.5,528.8465781069151,-214.85064067122957
4757.0,529.0878821218389,-215.28855679134094
4757.5,529.329161384679,-215.72648612043815
4758.0,529.5704170060237,-216.16442806718754
4758.5,529.8116507903769,-216.60238156076065
4759.0,530.0528664616417,-217.04034449151658
4759.5,530.2940620291439,-217.47831785328543
4760.0,530.5352318149816,-217.9163048719224
4760.5,530.7763712630833,-218.35430802843743
4761.0,531.0174814814047,-218.7923269309992
4761.5,531.2585581093917,-219.2303638670528
4762.0,531.4996001803182,-219.6684195769651
4762.5,531.7406064843842,-220.1064947361064
4763.0,531.9815791125175,-220.54458812690294
4763.5,532.2225200318745,-220.98269888134627
4764.0,532.4634307220714,-221.4208264651749
4764.5,532.7043120061578,-221.8589703028215
4765.0,532.9451659975847,-222.2971293343331
4765.5,533.1859908238176,-222.7353046084183
4766.0,533.4267845209341,-223.17349697824176
4766.5,533.6675467614413,-223.61170667690425
4767.0,533.9082798448279,-224.04993252190718
4767.5,534.1489839176025,-224.4881743508977
4768.0,534.3896598201477,-224.92643177407317
4768.5,534.6303038494933,-225.3647067101297
4769.0,534.87091430722,-225.8030001567065
4769.5,535.1114898148838,-226.2413126832954
4770.0,535.352027565662,-226.6796456763836
4770.5,535.592524921727,-227.11800037411368
4771.0,535.8329781209103,-227.55637873108088
4771.5,536.0733870630414,-227.99478093345155
4772.0,536.3137565787899,-228.43320449143584
4772.5,536.5540870548972,-228.8716493269824
4773.0,536.7943759214344,-229.31011676138738
4773.5,537.0346245653509,-229.74860598719084
4774.0,537.2748337432372,-230.18711646003874
4774.5,537.5150069353075,-230.62564665313687
4775.0,537.7551483059547,-231.064194723569
4775.5,537.9952581421377,-231.50276063372038
4776.0,538.2353357223825,-231.9413448459525
4776.5,538.4753805489817,-232.3799474047384
4777.0,538.7153937460682,-232.81856746101994
4777.5,538.9553785781637,-233.2572032633516
4778.0,539.1953334898585,-233.69585566413633
4778.5,539.4352508217399,-234.1345288386156
4779.0,539.6751290027615,-234.5732237179357
4779.5,539.9149749456765,-235.01193634591093
4780.0,540.1547922539156,-235.45066459365717
4780.5,540.3945790556502,-235.8894093796319
4781.0,540.6343287046495,-236.32817415874865
4781.5,540.8740363440619,-236.76696140020803
4782.0,541.113704319389,-237.20576966011956
4782.5,541.3533338125324,-237.644598402813
4783.0,541.5929223394365,-238.08344891656384
4783.5,541.8324701349645,-238.52232149389621
4784.0,542.0719801640237,-238.96121470554291
4784.5,542.3114571402349,-239.40012612956485
4785.0,542.5508983652425,-239.83905725879868
4785.5,542.7903027047386,-240.2780088783613
4786.0,543.0296718316565,-240.71697996371614
4786.5,543.2690076455385,-241.1559692643655
4787.0,543.508309992557,-241.59497687264863
4787.5,543.7475779843127,-242.03400334034396
4788.0,543.9868153897604,-242.4730467052973
4788.5,544.22602514758,-242.9121054241813
4789.0,544.4652050384655,-243.3511805505532
4789.5,544.7043570895733,-243.79027068372457
4790.0,544.943480614998,-244.229376113106
4790.5,545.1825728616097,-244.66849813085574
4791.0,545.4216348853311,-245.1076361801013
4791.5,545.6606732776144,-245.54678676444274
4792.0,545.8996887008379,-245.98594940426983
4792.5,546.1386794441919,-246.42512481995504
4793.0,546.3776492257712,-246.8643112860081
4793.5,546.6165982561017,-247.3035087487444
4794.0,546.8555268743876,-247.74271727689697
4794.5,547.09443363236,-248.18193817793698
4795.0,547.3333219941122,-248.62116968182605
4795.5,547.5721955386754,-249.0604097165111
4796.0,547.8110559510442,-249.49965749804826
4796.5,548.0499034394647,-249.93891298928096
4797.0,548.2887373850466,-250.37817635437256
4797.5,548.5275630763301,-250.81744474952697
4798.0,548.766383590494,-251.2567165030401
4798.5,549.0051956209901,-251.69599316425942
4799.0,549.2439985673828,-252.1352749864118
4799.5,549.482791409272,-252.57456225632006
4800.0,549.7215777338827,-253.0138528581337
4800.5,549.9603585088694,-253.45314613908772
4801.0,550.1991331048329,-253.89244221908135
4801.5,550.4379050437398,-254.331739099096
4802.0,550.6766720227234,-254.77103776235253
4802.5,550.9154352530832,-255.21033748584202
4803.0,551.1541974929088,-255.64963675492254
4803.5,551.3929592700437,-256.0889356175421
4804.0,551.6317218412453,-256.52823397504653
4804.5,551.870487546706,-256.9675310319266
4805.0,552.1092570600346,-257.4068267418855
4805.5,552.3480271495896,-257.84612305177876
4806.0,552.5867966042013,-258.285420787929
4806.5,552.8255636889835,-258.7247208922469
4807.0,553.0643307629014,-259.1640225530656
4807.5,553.3030977972828,-259.6033255919462
4808.0,553.5418619122921,-260.04263111001353
4808.5,553.780620384385,-260.48194031883185
4809.0,554.0193678758574,-260.9212558538475
4809.5,554.2581010307713,-261.3605794288899
4810.0,554.4968209840657,-261.79991031218435
4810.5,554.7355338490884,-262.23924493650924
4811.0,554.9742394473989,-262.6785831460026
4811.5,555.2129372083214,-263.11792497481576
4812.0,555.4516226067874,-263.5572724356599
4812.5,555.6902969664333,-263.99662463413046
4813.0,555.9289641257373,-264.4359796321306
4813.5,556.1676258104756,-264.8753364670594
4814.0,556.4062834464413,-265.3146945894579
4814.5,556.6449362294298,-265.7540549994263
4815.0,556.8835873733403,-266.1934165680769
4815.5,557.1222379753052,-266.63277910879236
4816.0,557.3608909619052,-267.0721416676597
4816.5,557.5995504706246,-267.51150244298935
4817.0,557.8382191692158,-267.9508599576857
4817.5,558.0769014888007,-268.3902115143099
4818.0,558.3156004892033,-268.8295548615086
4818.5,558.5543147119723,-269.2688901266182
4819.0,558.7930409926818,-269.70821849940376
4819.5,559.0317815741404,-270.1475384471327
4820.0,559.2705422972956,-270.58684665123377
4820.5,559.5093212590422,-271.0261445525918
4821.0,559.7481241239577,-271.46542941453635
4821.5,559.9869572336466,-271.90469807006156
4822.0,560.2258251957498,-272.34394830159914
4822.5,560.4647162670141,-272.7831866644732
4823.0,560.7036271917156,-273.22241481674337
4823.5,560.9425553441126,-273.661633760426
4824.0,561.1814994373781,-274.10084365963974
4824.5,561.4204570657116,-274.5400456948346
4825.0,561.659424473157,-274.97924203069294
4825.5,561.8983985067438,-275.41843464368463
4826.0,562.1373758689004,-275.85762547151285
4826.5,562.3763574325749,-276.2968142673962
4827.0,562.6153417000245,-276.7360020462831
4827.5,562.8543277627838,-277.1751892451081
4828.0,563.0933155608767,-277.6143757111422
4828.5,563.332305021866,-278.05356135476643
4829.0,563.5712919640374,-278.4927483325214
4829.5,563.8102753524142,-278.93193710866177
4830.0,564.0492527825488,-279.371128905625
4830.5,564.2882186865414,-279.8103267675649
4831.0,564.5271687310033,-280.2495332550491
4831.5,564.7660940419461,-280.6887534137697
4832.0,565.004985391832,-281.12799231876033
4832.5,565.2438409840809,-281.56725077514324
4833.0,565.482656861111,-282.00653078248064
4833.5,565.7214374153177,-282.4458298930729
4834.0,565.9601936704893,-282.88514218973336
4834.5,566.1989225720273,-283.32446935167076
4835.0,566.4376201558343,-283.76381355425394
4835.5,566.6762947926891,-284.20317027299234
4836.0,566.9149511456619,-284.64253698216095
4836.5,567.1535928127524,-285.0819117040218
4837.0,567.392220696856,-285.52129382372016
4837.5,567.6308345799055,-285.9606832682714
4838.0,567.8694340781797,-286.4000801627944
4838.5,568.1080188309389,-286.8394846434243
4839.0,568.3465864229012,-287.278898039052
4839.5,568.5851424895725,-287.7183174142542
4840.0,568.8236897742465,-288.15774139033823
4840.5,569.062229316476,-288.59716957307387
4841.0,569.3007627592001,-289.0366011993539
4841.5,569.5392870793441,-289.4760381373326
4842.0,569.7778033398656,-289.9154799359639
4842.5,570.0163161539956,-290.35492397723084
4843.0,570.2548267838167,-290.7943695324217
4843.5,570.4933304015794,-291.23381903838566
4844.0,570.7318266701751,-291.67327256494735
4844.5,570.9703266033632,-292.1127240592418
4845.0,571.2088330414347,-292.5521718869216
4845.5,571.4473464851844,-292.99161559804855
4846.0,571.6858676783985,-293.4310547555007
4846.5,571.9244016711832,-293.87048645872324
4847.0,572.1629486382938,-294.3099106068176
4847.5,572.4015112557827,-294.74932548958793
4848.0,572.640089832923,-295.1887307841153
4848.5,572.8786824885168,-295.6281276866988
4849.0,573.1172887625961,-296.0675168665993
4849.5,573.3559093348018,-296.50689831067905
4850.0,573.5945493654908,-296.9462694788903
4850.5,573.8332091648647,-297.38563017877505
4851.0,574.0718928114416,-297.82497824996983
4851.5,574.3105967681558,-298.2643156787522
4852.0,574.5493192234371,-298.7036436761985
4852.5,574.7880629893962,-299.14296053679914
4853.0,575.026823170788,-299.58226862851006
4853.5,575.2655982080429,-300.02156862422834
4854.0,575.5043887856904,-300.4608600011791
4854.5,575.743205628928,-300.9001367267288
4855.0,575.9820397911282,-301.3394040769886
4855.5,576.2208908947765,-301.77866205049844
4856.0,576.4597595857238,-302.21790992918136
4856.5,576.6986540310095,-302.6571428607006
4857.0,576.9375714856482,-303.09636217169964
4857.5,577.176523568764,-303.53556125948427
4858.0,577.4155128606575,-303.97473953102843
4858.5,577.6545336848466,-304.41390088226154
4859.0,577.893579296929,-304.8530486719854
4859.5,578.132652881425,-305.2921812045279
4860.0,578.3717549858269,-305.7312980554197
4860.5,578.6108847735069,-306.17039929807675
4861.0,578.8500367836966,-306.60948804904353
4861.5,579.089204984269,-307.0485679879691
4862.0,579.3283771316546,-307.4876458495456
4862.5,579.5675464706478,-307.92672561624255
4863.0,579.8067117274925,-308.36580758795674
4863.5,580.0458721406258,-308.8048916800873
4864.0,580.285028356633,-309.24397737780043
4864.5,580.5241792641967,-309.68306503788835
4865.0,580.7633269852605,-310.122153684931
4865.5,581.00247328048,-310.5612428768005
4866.0,581.2416232048281,-311.00032994887886
4866.5,581.4807815727615,-311.43941235677397
4867.0,581.7199460834577,-311.8784915629461
4867.5,581.9591146723742,-312.31756861115906
4868.0,582.198294052787,-312.75663914889947
4868.5,582.4374871647727,-313.19570160350565
4869.0,582.6766976035833,-313.63475465270693
4869.5,582.9159259034877,-314.0737982925216
4870.0,583.1551629537336,-314.5128380958147
4870.5,583.3944074241208,-314.9518750510671
4871.0,583.6336587744481,-315.39090844630834
4871.5,583.8729143031521,-315.8299391644532
4872.0,584.1121734092815,-316.2689672156893
4872.5,584.3514311358493,-316.70799567703716
4873.0,584.5906804114595,-317.1470285391695
4873.5,584.8299149865979,-317.58606941683126
4874.0,585.0691288932884,-318.02512186321763
4874.5,585.3083211044524,-318.46418639425974
4875.0,585.5474894217281,-318.90326380635344
4875.5,585.7866301750216,-319.3423557128013
4876.0,586.0257459538942,-319.78145978862875
4876.5,586.2648445978464,-320.22057065509847
4877.0,586.5039283948375,-320.65968642888595
4877.5,586.7429981756031,-321.0988068545006
4878.0,586.9820577122204,-321.5379312391095
4878.5,587.2211006387372,-321.9770640650859
4879.0,587.4601265271658,-322.4162075132668
4879.5,587.6991390715812,-322.855358847328
4880.0,587.9381352223468,-323.2945196241572
4880.5,588.1771129764464,-323.7336904712112
4881.0,588.4160644424071,-324.17287566950006
4881.5,588.6549872433033,-324.6120762186672
4882.0,588.8938822673483,-325.05129240501196
4882.5,589.1327447318504,-325.49052697383433
4883.0,589.3715685623149,-325.92978345041126
4883.5,589.6103486806808,-326.3690639849426
4884.0,589.8490815956491,-326.8083691270488
4884.5,590.0877705137588,-327.24769620903265
4885.0,590.3264142826225,-327.68704452151263
4885.5,590.5650136002066,-328.1264140604267
4886.0,590.8035727675265,-328.5658031458886
4886.5,591.0420883399225,-329.00521569852043
4887.0,591.2805603071481,-329.4446503391666
4887.5,591.5189762617115,-329.88411578233087
4888.0,591.757322465863,-330.3236191864838
4888.5,591.9955716203909,-330.763175921675
4889.0,592.2337032708194,-331.20279723413273
4889.5,592.4716925632908,-331.6424973412
4890.0,592.7095154523428,-332.08228746636985
4890.5,592.947151272483,-332.5221788678499
4891.0,593.1845834211439,-332.9621804595333
4891.5,593.4218014715765,-333.40229756104833
4892.0,593.6587904278048,-333.842538639992
4892.5,593.8955383440414,-334.28291064130934
4893.0,594.1320412628492,-334.7234150920078
4893.5,594.3683008858684,-335.1640493046065
4894.0,594.6043204611665,-335.6048102023781
4894.5,594.8400983478776,-336.0456964171466
4895.0,595.0756111913344,-336.4867211300459
4895.5,595.3108238901881,-336.92790499863804
4896.0,595.545690539757,-337.36927447236184
4896.5,595.7801688150907,-337.8108515487295
4897.0,596.0142082861784,-338.2526602796711
4897.5,596.2477555491794,-338.6947255618367
4898.0,596.480721296843,-339.1370929664906
4898.5,596.7129908018883,-339.5798228086518
4899.0,596.9444096228895,-340.02299832186384
4899.5,597.1748293783821,-340.4666966874678
4900.0,597.404102995867,-340.910990952282
4900.5,597.6320905680097,-341.35594708612496
4901.0,597.858662464406,-341.80162482132295
4901.5,598.0836347964164,-342.24811004143123
4902.0,598.3068014925691,-342.69549740360713
4902.5,598.5279249166819,-343.14389402331267
4903.0,598.7467219585822,-343.593425463674
4903.5,598.962764940695,-344.04428202579567
4904.0,599.1756679702715,-344.4966291916175
4904.5,599.3850241622716,-344.9506317562583
4905.0,599.590597341667,-345.4063627307019
4905.5,599.7921976666565,-345.8638636462369
4906.0,599.9898875645295,-346.3230608894462
4906.5,600.1835238938137,-346.7839735054653
4907.0,600.3727090803715,-347.2467247628721
4907.5,600.5566597005883,-347.711580243845
4908.0,600.7351982650608,-348.17854384301756
4908.5,600.9080689756915,-348.6476410962002
4909.0,601.0749049920092,-349.118921533315
4909.5,601.2360862815107,-349.5921637353321
4910.0,601.3915491099323,-350.06731083506304
4910.5,601.5408199030178,-350.5444334282989
4911.0,601.6840831723887,-351.0233876863128
4911.5,601.8208500530845,-351.50423254057586
4912.0,601.9507877386425,-351.9869677653417
4912.5,602.0737182190065,-352.47153758101933
4913.0,602.1891109828396,-352.95796066263136
4913.5,602.2973138313364,-353.4460360774619
4914.0,602.3979101425512,-353.93573491663926
4914.5,602.4915867881289,-354.42679794362533
4915.0,602.5779298262469,-354.91919189212723
4915.5,602.6567915492241,-355.41283146303584
4916.0,602.7274483705474,-355.9077098136531
4916.5,602.7897119310857,-356.40371829379256
4917.0,602.843168852807,-356.9007608947175
4917.5,602.8880822743911,-357.39865529483603
4918.0,602.9247466477839,-357.89722396373986
4918.5,602.9534707426421,-358.39630653467793
4919.0,602.9742533509758,-358.8957716827915
4919.5,602.987199906614,-359.39548681945644
4920.0,602.9916586492028,-359.89533955631543
4920.5,602.9874460637926,-360.39519200278903
4921.0,602.9734761442515,-360.89487278286293
4921.5,602.9499192571815,-361.3942081532026
4922.0,602.9166091890703,-361.8929947948195
4922.5,602.874822961432,-362.39113465497
4923.0,602.824271389107,-362.8884475140447
4923.5,602.7652187924398,-363.3848056767801
4924.0,602.6971482719832,-363.8799937840779
4924.5,602.6191762965768,-364.3737201528184
4925.0,602.5312130299936,-364.8657765098766
4925.5,602.432665360225,-365.35583307629446
4926.0,602.3243216250077,-365.84382129342566
4926.5,602.2062102806119,-366.3295402431416
4927.0,602.0787326945554,-366.81287477375315
4927.5,601.9424039099835,-367.29378094493603
4928.0,601.7967883728305,-367.7719521746674
4928.5,601.6418499590791,-368.24718147551647
4929.0,601.4772926961012,-368.71917178507726
4929.5,601.3028424293154,-369.1876061955645
4930.0,601.1190486054124,-369.6524664210754
4930.5,600.92569290854,-370.11344024069507
4931.0,600.7235617592535,-370.5706376165794
4931.5,600.5126622049876,-371.0238612456111
4932.0,600.2934317299637,-371.47311466313045
4932.5,600.0662517261206,-371.9184033933641
4933.0,599.8309646960997,-372.3594669422496
4933.5,599.5882067551107,-372.79646876176224
4934.0,599.3378862508952,-373.2291853619999
4934.5,599.0807760497837,-373.65790483884035
4935.0,598.8164165320462,-374.082201561938
4935.5,598.545372445145,-374.502271109389
4936.0,598.267578806998,-374.9179213971863
4936.5,597.9840428549438,-375.3296778652255
4937.0,597.694924433684,-375.7375259333021
4937.5,597.4007579666935,-376.1417347915283
4938.0,597.1009767766508,-376.54178628174054
4938.5,596.7957372094387,-376.9376913234788
4939.0,596.4842646254618,-377.3287253524435
4939.5,596.1670639386898,-377.7151424646581
4940.0,595.8440196932821,-378.09670026884174
4940.5,595.5157793023081,-378.47380176530436
4941.0,595.1825015783505,-378.8464531247139
4941.5,594.8442540305177,-379.21459073157405
4942.0,594.5009310978998,-379.5779937962621
4942.5,594.1520807489907,-379.9360975279843
4943.0,593.7979238400525,-380.28896536499104
4943.5,593.4383756892078,-380.6363511074562
4944.0,593.0739101159245,-380.97858135851754
4944.5,592.7047166348443,-381.3157092813661
4945.0,592.3309127931403,-381.6477173089272
4945.5,591.952955859729,-381.97498605315263
4946.0,591.5708247242396,-382.2973643446473
4946.5,591.1847843577858,-382.61504413420636
4947.0,590.7948084096593,-382.92787707752655
4947.5,590.4006205095156,-383.2353915725926
4948.0,590.0025033433925,-383.53781171504113
4948.5,589.6006029310635,-383.8351926849368
4949.0,589.1952580103709,-384.1278614064782
4949.5,588.7868656917176,-384.4162564360519
4950.0,588.3755053062692,-384.70038958252326
4950.5,587.9613853463529,-384.9804731550427
4951.0,587.5446075745688,-385.25658164003335
4951.5,587.1252454920301,-385.52874699253886
4952.0,586.7036776217371,-385.79747935671395
4952.5,586.2801341029492,-386.06308097849364
4953.0,585.8546701460984,-386.3255853522255
4953.5,585.4275081728875,-386.5853010967441
4954.0,584.9987255260635,-386.84231682872354
4954.5,584.5683260623842,-387.09660474301074
4955.0,584.1364611728876,-387.3483858968605
4955.5,583.7032503142794,-387.59783847580803
4956.0,583.2687402007432,-387.8450246399357
4956.5,582.8330697881648,-388.09016134079894
4957.0,582.3964325014562,-388.3335663233811
4957.5,581.9589052624486,-388.57536216105103
4958.0,581.5205214227564,-388.8155935100483
4958.5,581.081291813607,-389.05427295913046
4959.0,580.6412180880858,-389.29139565492704
4959.5,580.2002968344556,-389.5269477766335
4960.0,579.7585745505853,-389.7609962456211
4960.5,579.3160442154688,-389.99351242623015
4961.0,578.8727487734196,-390.22456408438035
4961.5,578.4286881354128,-390.45413754678043
4962.0,577.9838485501307,-390.68219683230564
4962.5,577.5382286848397,-390.9087290866154
4963.0,577.0918427330623,-391.1337475111835
4963.5,576.6446915213581,-391.3572419976366
4964.0,576.1967809394154,-391.5792093840878
4964.5,575.7481388403949,-391.7996862958031
4965.0,575.2987182011317,-392.01857217753985
4965.5,574.8484933952653,-392.2358043215124
4966.0,574.3974691204114,-392.4513766526969
4966.5,573.9456402969016,-392.6652658869107
4967.0,573.4930493422488,-392.8775395724698
4967.5,573.0397402952797,-393.0882689674673
4968.0,572.5857032566958,-393.29742209208297
4968.5,572.1309409707175,-393.504993839497
4969.0,571.6754705446524,-393.71100673729075
4969.5,571.219298309354,-393.91546427721164
4970.0,570.7624674040778,-394.1184441015695
4970.5,570.3050322597044,-394.32004623773236
4971.0,569.8469978261613,-394.52026845845074
4971.5,569.3883467580897,-394.7190638261926
4972.0,568.9290769531215,-394.91641335405467
4972.5,568.4691505031058,-395.1122244826611
4973.0,568.0085613055141,-395.3064691644507
4973.5,567.5473203302861,-395.4991559276398
4974.0,567.08540676456,-395.6902235359198
4974.5,566.6227887628702,-395.8795835233482
4975.0,566.1594939169158,-396.067284781388
4975.5,565.6955142199643,-396.2532932898015
4976.0,565.2308692824934,-396.43763892175565
4976.5,564.765581220587,-396.6203573643532
4977.0,564.2996580621704,-396.80145443490545
4977.5,563.8331144693539,-396.9809481333918
4978.0,563.3659179903028,-397.1587331985576
4978.5,562.8980801881479,-397.3348212050754
4979.0,562.4296411879769,-397.5093045374151
4979.5,561.9606230941732,-397.6822204734247
4980.0,561.4910656005138,-397.8536544434221
4980.5,561.0210257866156,-398.0237454515541
4981.0,560.5504582573253,-398.19235558893683
4981.5,560.0793305687702,-398.3593819802596
4982.0,559.6076129673355,-398.52473464304217
4982.5,559.1353074686899,-398.68840894692454
4983.0,558.6624403328301,-398.85045904462066
4983.5,558.1890307071461,-399.01091196538374
4984.0,557.7151398263552,-399.1699243232623
4984.5,557.2407843897568,-399.3275247435872
4985.0,556.7659463433566,-399.4836519730762
4985.5,556.2905515290613,-399.6380693385252
4986.0,555.8146194509708,-399.7908319934223
4986.5,555.3381616080285,-399.94195744400355
4987.0,554.8611885594762,-400.09145666723214
4987.5,554.3837076745929,-400.2393278761787
4988.0,553.9057717773853,-400.38572019575116
4988.5,553.4273950151163,-400.5306563777142
4989.0,552.9485182752264,-400.67393344342435
4989.5,552.4691682477061,-400.8156237977683
4990.0,551.9893540067573,-400.9557458338103
4990.5,551.5090460856359,-401.0941824144868
4991.0,551.0282777647375,-401.23102730965826
4991.5,550.5470906364674,-401.3664025543046
4992.0,550.0654770303272,-401.5002565113149
4992.5,549.5834871411996,-401.6327413298717
4993.0,549.1011507448801,-401.7639521244908
4993.5,548.6184392159616,-401.89376175120447
4994.0,548.135383942512,-402.02227627949156
4994.5,547.651980076985,-402.1494714065122
4995.0,547.1681967201619,-402.2752147767621
4995.5,546.6840871599348,-402.39969573588024
4996.0,546.1996366670389,-402.52283966008645
4996.5,545.7148574064644,-402.6446724715264
4997.0,545.2297760505378,-402.7652856092416
4997.5,544.7443246115295,-402.8843951703104
4998.0,544.2585341408369,-403.0021250264189
4998.5,543.7723726176775,-403.1183259477592
4999.0,543.285860996404,-403.23306539711507
4999.5,542.7990280835032,-403.3464404911721
5000.0,542.3118581436091,-403.45836143223113
5000.5,541.8243994120236,-403.5690216762357
5001.0,541.3366032129702,-403.67819233804414
5001.5,540.8485386313357,-403.78615636877896
5002.0,540.3601830521368,-403.8927864005359
5002.5,539.8715602807054,-403.99818566161355
5003.0,539.3826591829949,-404.1022911573533
5003.5,538.8935028498709,-404.2051834405266
5004.0,538.4040849927659,-404.30681712233195
5004.5,537.914405261549,-404.40716820577876
5005.0,537.4244650295481,-404.50622540262725
5005.5,536.9342381251876,-404.60384901007524
5006.0,536.4437143271966,-404.6999786255191
5006.5,535.9528890075499,-404.7945561967126
5007.0,535.4617577623098,-404.88754058609055
5007.5,534.9703280608164,-404.9789334382853
5008.0,534.4786015717164,-405.0687188197235
5008.5,533.9866082377252,-405.1570271016838
5009.0,533.4943292749944,-405.2437370759602
5009.5,533.0018159708519,-405.32909840094527
5010.0,532.5090278536571,-405.412853437888
5010.5,532.0160176014136,-405.495283207939
5011.0,531.5227461771672,-405.5761233899665
5011.5,531.0292474809787,-405.6555593072306
5012.0,530.5354897208277,-405.7333756714222
5012.5,530.041483957893,-405.80960475262845
5013.0,529.5472464257745,-405.88430944649036
5013.5,529.0527267185004,-405.95713971092636
5014.0,528.5579645219467,-406.02832422059197
5014.5,528.0629322517686,-406.0976245507393
5015.0,527.5676513330162,-406.1651472927757
5015.5,527.0721363000426,-406.2309520974033
5016.0,526.5763762884909,-406.294873028536
5016.5,526.0803992924549,-406.35709646127947
5017.0,525.5841641706438,-406.41727805975216
5017.5,525.0876909697603,-406.4754964764259
5018.0,524.5910051656955,-406.53191055283156
5018.5,524.0940826105646,-406.5862332032478
5019.0,523.5969815581847,-406.63888276302856
5019.5,523.099708233626,-406.6898738112022
5020.0,522.6022413597892,-406.7389459630373
5020.5,522.104619343452,-406.7863912347091
5021.0,521.6068400274843,-406.8321410054159
5021.5,521.1088946283182,-406.87603906051584
5022.0,520.6108096221437,-406.918363606828
5022.5,520.1125910226602,-406.9591306938425
5023.0,519.6142546183218,-406.998438300492
5023.5,519.1158376465937,-407.0366625561891
5024.0,518.617340356419,-407.07380125577697
5024.5,518.1187478866809,-407.1096063481389
5025.0,517.6200630930484,-407.14412458322596
5025.5,517.1212781233211,-407.1772222010111
5026.0,516.622386145275,-407.20873026922334
5026.5,516.1234059603772,-407.2388331956963
5027.0,515.6243494794318,-407.26767684232874
5027.5,515.125230968463,-407.2954408192445
5028.0,514.6260660025936,-407.32231466590815
5028.5,514.1268666424053,-407.348504429674
5029.0,513.6276385076312,-407.37410597917415
5029.5,513.1283844993392,-407.39913402110926
5030.0,512.6291095909598,-407.42370469683016
5030.5,512.1298161615612,-407.4478630161525
5031.0,511.6305048490266,-407.47163466939446
5031.5,511.13117567756814,-407.4949916786442
5032.0,510.631830638975,-407.5180030257164
5032.5,510.1324697407031,-407.54067047068554
5033.0,509.63308965243914,-407.56299020159497
5033.5,509.1336875916984,-407.5849196002166
5034.0,508.6342657240006,-407.6065338324238
5034.5,508.1348265531555,-407.62786192032473
5035.0,507.6353709286708,-407.64892121148335
5035.5,507.13589933472343,-407.66969170274615
5036.0,506.6364144148377,-407.6902134291512
5036.5,506.1369167820771,-407.7104829065427
5037.0,505.6374065569986,-407.7304922860682
5037.5,505.13788321275877,-407.7501846785709
5038.0,504.63834764937866,-407.769588090585
5038.5,504.1388003547735,-407.7886839037527
5039.0,503.63923977061376,-407.8074503265468
5039.5,503.1396641207911,-407.8258380492896
5040.0,502.6400752612654,-407.8438566620974
5040.5,502.1404732805314,-407.86150556669395
5041.0,501.64085850191117,-407.8787808569907
5041.5,501.1412308900446,-407.8956532209558
5042.0,500.6415876414322,-407.9120671609137
5042.5,500.14192909901635,-407.9280532734842
5043.0,499.64225691656645,-407.94360233970525
5043.5,499.1425700715504,-407.95869466877605
5044.0,498.6428675638218,-407.9732796081246
5044.5,498.14315260680604,-407.987380322457
5045.0,497.6434261248952,-408.00101014933153
5045.5,497.143687761471,-408.014150727003
5046.0,496.6439385611253,-408.0267983865979
5046.5,496.1441774728651,-408.0388847238925
5047.0,495.64440189984947,-408.0503551216087
5047.5,495.1446122865655,-408.061215814963
5048.0,494.6448090517032,-408.07144433392915
5048.5,494.14499209582596,-408.081020211879
5049.0,493.64516238556257,-408.0899284528024
5049.5,493.14532018275264,-408.0981094128599
5050.0,492.6454672759357,-408.10563134207547
5050.5,492.1456034225671,-408.112482976318
5051.0,491.64572920711817,-408.1186638065011
5051.5,491.14584624611354,-408.124189318733
5052.0,490.64595656899826,-408.1290529883465
5052.5,490.1460600978767,-408.1332141205096
5053.0,489.6461587315764,-408.1367431695537
5053.5,489.1462542171213,-408.1396566623137
5054.0,488.64634712506063,-408.1419595116299
5054.5,488.14643892108603,-408.14365658206617
5055.0,487.64653044223223,-408.14475974415427
5055.5,487.1466224946357,-408.1452254455581
5056.0,486.64671477395547,-408.1450646332986
5056.5,486.1468079998578,-408.14431356186896
5057.0,485.6469036330567,-408.14298619452404
5057.5,485.1470019869924,-408.14109249970903
5058.0,484.64710323308356,-408.13863660481314
5058.5,484.1472079396753,-408.13561414758055
5059.0,483.6473156838846,-408.1319930420724
5059.5,483.1474256451962,-408.1277570171627
5060.0,482.64753922210616,-408.12296779013263
5060.5,482.1476570147702,-408.1176400438547
5061.0,481.64777930925715,-408.11179448302016
5061.5,481.14790641987304,-408.1054486113816
5062.0,480.648038259353,-408.09861589271463
5062.5,480.1481741037234,-408.0913083816461
5063.0,479.6483142960631,-408.08355214716585
5063.5,479.14845980338714,-408.0753432735486
5064.0,478.648610784263,-408.06674324826224
5064.5,478.148766985094,-408.0577708015909
5065.0,477.6489283230125,-408.0484366062872
5065.5,477.1490944918087,-408.03875600844657
5066.0,476.6492659220769,-408.02874315439067
5066.5,476.14944269742716,-408.0184134779202
5067.0,475.64962523643146,-408.0077815127447
5067.5,475.1498135191523,-407.99685665713946
5068.0,474.6500077074986,-407.98563849857794
5068.5,474.1502076504118,-407.97411592473367
5069.0,473.6504138919054,-407.9623202011481
5069.5,473.15062661505925,-407.9502615917878
5070.0,472.6508459950861,-407.93795430430634
5070.5,472.1510726673731,-407.9254025062902
5071.0,471.65130689994805,-407.91260928760113
5071.5,471.15154850169034,-407.8995681444164
5072.0,470.6517970888988,-407.88627602993483
5072.5,470.1520525898579,-407.8727302457598
5073.0,469.6523151638366,-407.85893546178295
5073.5,469.1525855498314,-407.84489347802923
5074.0,468.65286391178546,-407.8306003772039
5074.5,468.1531502010007,-407.81604848672015
5075.0,467.6534454466334,-407.80121252646927
5075.5,467.15374906703073,-407.7860993491939
5076.0,466.65406067459276,-407.7707084603049
5076.5,466.15438045450554,-407.75503655364696
5077.0,465.6547079695352,-407.73908237440395
5077.5,465.1550433446197,-407.7228486924556
5078.0,464.6553867517713,-407.7063444452085
5078.5,464.1557387413989,-407.689572793417
5079.0,463.65609917424655,-407.6725374941872
5079.5,463.1564679478738,-407.65523926862244
5080.0,462.65684504515326,-407.63768019460434
5080.5,462.1572308275749,-407.6198619251389
5081.0,461.6576251171937,-407.6017901524429
5081.5,461.15802785210803,-407.5834702397419
5082.0,460.6584385978102,-407.56490985313775
5082.5,460.1588575464037,-407.5461186913652
5083.0,459.65928487022654,-407.52711029851855
5083.5,459.15972076360754,-407.5079004742293
5084.0,458.6601650008249,-407.48849686174964
5084.5,458.160617597696,-407.46890632329405
5085.0,457.66107809479126,-407.4491318905668
5085.5,457.16154561863107,-407.42917653053837
5086.0,456.6620201420959,-407.40905249056
5086.5,456.1625013446006,-407.38876919491355
5087.0,455.66298881819404,-407.3683335268274
5087.5,455.1634822221379,-407.3477556568917
5088.0,454.6639814656551,-407.32704541129607
5088.5,454.1644859516373,-407.30621275169466
5089.0,453.664994699538,-407.2852695892123
5089.5,453.16550615938934,-407.26422973732895
5090.0,452.66601921948416,-407.2431105455081
5090.5,452.16653332137355,-407.2219314140916
5091.0,451.66704780131556,-407.2007090664088
5091.5,451.16756254690563,-407.17945832943775
5092.0,450.66807745408215,-407.1581904033736
5092.5,450.168591716724,-407.1369146845727
5093.0,449.6691045993691,-407.1156378809021
5093.5,449.16961592703393,-407.09436371181795
5094.0,448.6701256421226,-407.0730971817064
5094.5,448.1706335686076,-407.0518452086185
5095.0,447.67113972867895,-407.0306104935195
5095.5,447.17164466514265,-407.009391605707
5096.0,446.6721483623736,-406.9881907499383
5096.5,446.1726505359727,-406.96701556012044
5097.0,445.6731512321289,-406.9458688876685
5097.5,445.1736512079767,-406.92474384852824
5098.0,444.67415013502176,-406.90363619553386
5098.5,444.1746471459932,-406.8825517084878
5099.0,443.67514162607785,-406.86149772113606
5099.5,443.17563320233575,-406.8404713655356
5100.0,442.6761219005164,-406.8194676472652
5100.5,442.1766081138845,-406.7984916320055
5101.0,441.67709159561053,-406.77755209046
5101.5,441.1775720502992,-406.75665112594214
5102.0,440.6780496109082,-406.735787492746
5102.5,440.1785242707453,-406.7149603753099
5103.0,439.6789956925707,-406.694169301025
5103.5,439.17946447559035,-406.6734156309383
5104.0,438.6799308650878,-406.65270048424793
5104.5,438.1803952806517,-406.6320219279826
5105.0,437.68085880387076,-406.6113783287102
5105.5,437.18132198604667,-406.59077009389443
5106.0,436.6817851779825,-406.57019648703823
5106.5,436.182248458767,-406.54965762525
5107.0,435.68271168835463,-406.52915163625914
5107.5,435.1831745405489,-406.50868077149397
5108.0,434.6836366784409,-406.488247478836
5108.5,434.18409803922793,-406.4678518650646
5109.0,433.6845587216032,-406.44749233515535
5109.5,433.1850182488093,-406.4271703846909
5110.0,432.68547618086353,-406.4068859247146
5110.5,432.1859319246811,-406.386639134308
5111.0,431.6863845526337,-406.3664300776557
5111.5,431.1868332642795,-406.3462579966607
5112.0,430.6872781743348,-406.3261217279735
5112.5,430.1877190766659,-406.30602184122046
5113.0,429.68815604721897,-406.2859550273653
5113.5,429.18858958447305,-406.26591477115693
5114.0,428.6890204390288,-406.2458938452578
5114.5,428.1894489634603,-406.22588930664415
5115.0,427.68987568716267,-406.2059013367856
5115.5,427.1903014163525,-406.1859252710042
5116.0,426.6907266772166,-406.1659568517504
5116.5,426.1911517049666,-406.1459939391737
5117.0,425.69157703861424,-406.12603474410923
5117.5,425.19200309974156,-406.1060775490608
5118.0,424.6924300319201,-406.0861212585416
5118.5,424.1928583156702,-406.06616529470824
5119.0,423.6932885565562,-406.0462087731168
5119.5,423.1937207873715,-406.0262518835765
5120.0,422.69415467007946,-406.0062966472105
5120.5,422.1945899258697,-405.98634280640744
5121.0,421.6950263769425,-405.9663921034123
5121.5,421.19546389522026,-405.94644455524787
5122.0,420.69590294386416,-405.9264983016009
5122.5,420.19634352713365,-405.9065561171133
5123.0,419.69678498028924,-405.88661711476806
5123.5,419.1972267179043,-405.8666771608383
5124.0,418.69766890685673,-405.84673156693776
5124.5,418.1981109329832,-405.8267777320735
5125.0,417.69855242599016,-405.8068176193904
5125.5,417.19899298160317,-405.7868536807357
5126.0,416.6994322238327,-405.76688602536234
5126.5,416.1998699074803,-405.746913673506
5127.0,415.7003060488,-405.72693831934413
5127.5,415.2007404527059,-405.70696375859586
5128.0,414.7011724896967,-405.68699272974703
5128.5,414.2016017345371,-405.66702688592846
5129.0,413.70202836976557,-405.6470684648817
5129.5,413.2024525682296,-405.62711973345563
5130.0,412.7028743897863,-405.60718541586596
5130.5,412.20329452491524,-405.58726721612766
5131.0,411.70371276538543,-405.56737158745744
5131.5,411.20412909826274,-405.54750074441637
5132.0,410.70454398026504,-405.52765762438327
5132.5,410.2049575083879,-405.50784609187247
5133.0,409.70536980479886,-405.48806592456657
5133.5,409.2057815578984,-405.4683128532899
5134.0,408.70619297602,-405.4485867522547
5134.5,408.2066040028318,-405.42889089139817
5135.0,407.70701485915646,-405.4092268122212
5135.5,407.20742582676195,-405.3895922365673
5136.0,406.7078368458191,-405.3699841156255
5136.5,406.2082478005965,-405.3504046138699
5137.0,405.70865854660883,-405.33085750820135
5137.5,405.20906844207724,-405.3113461324242
5138.0,404.7094772288381,-405.2918715287366
5138.5,404.2098849965763,-405.2724323591509
5139.0,403.7102914681856,-405.25302658928337
5139.5,403.21069633329506,-405.23365300978327
5140.0,402.71109947951015,-405.21431190725906
5140.5,402.21150048483594,-405.1950041381359
5141.0,401.7118989646838,-405.17572911163205
5141.5,401.2122951082864,-405.15648461818586
5142.0,400.7126892034803,-405.13726924722664
5142.5,400.2130810049856,-405.1180827036916
5143.0,399.71347101092374,-405.0989234846798
5143.5,399.21385972265585,-405.0797877722655
5144.0,398.7142469978196,-405.0606686078131
5144.5,398.2146332204209,-405.0415582015502
5145.0,397.7150188088833,-405.0224495193587
5145.5,397.2154039800998,-405.0033394071205
5146.0,396.7157891621565,-404.98422604671424
5146.5,396.2161749573024,-404.9651058873155
5147.0,395.7165615879716,-404.9459744906911
5147.5,395.21694865110345,-404.9268308143002
5148.0,394.71733608860177,-404.9076731012874
5148.5,394.2177244467837,-404.88849877902265
5149.0,393.718113597285,-404.86930929194034
5149.5,393.2185038527476,-404.85010172863315
5150.0,392.71889526523637,-404.8308745116458
5150.5,392.21928748779123,-404.8116271865143
5151.0,391.7196802140934,-404.79235891931904
5151.5,391.2200735568238,-404.77306685248317
5152.0,390.7204678851271,-404.75374597418306
5152.5,390.22086297052397,-404.73439241552074
5153.0,389.7212586391021,-404.7150065588093
5153.5,389.221655270663,-404.69559204521596
5154.0,388.72205248979634,-404.676145723872
5154.5,388.2224504341139,-404.6566629183513
5155.0,387.72284943224594,-404.63714009017826
5155.5,387.22324955959664,-404.61757489124125
5156.0,386.723650754222,-404.597965975284
5156.5,386.2240532655621,-404.5783128530436
5157.0,385.7244575130481,-404.5586143072301
5157.5,385.2248635341964,-404.538866419817
5158.0,384.7252717596286,-404.5190708199658
5158.5,384.22568211597485,-404.4992254142384
5159.0,383.72609438963207,-404.4793315550316
5159.5,383.2265087832477,-404.45938739065514
5160.0,382.72692536365196,-404.4393918323385
5160.5,382.22734374910436,-404.41934810721716
5161.0,381.72776393131244,-404.39925893519063
5161.5,381.2281864117522,-404.3791176999597
5162.0,380.72861035205165,-404.35892920522764
5162.5,380.2290361141683,-404.3386910692124
5163.0,379.7294637131925,-404.31840088541827
5163.5,379.22989277247774,-404.2980593002112
5164.0,378.7303230525237,-404.2776668640927
5164.5,378.2307546330105,-404.2572225151851
5165.0,377.73118727206946,-404.23672719480146
5165.5,377.2316211917978,-404.21617592268234
5166.0,376.73205685016006,-404.1955731046765
5166.5,376.2324943707618,-404.17491746301107
5167.0,375.7329338074399,-404.15420759686475
5167.5,375.2333751023068,-404.13344283973265
5168.0,374.73381818109596,-404.112622467852
5168.5,374.2342631339967,-404.09174488883554
5169.0,373.7347108047836,-404.0708040330717
5169.5,373.23516230614365,-404.04979087090754
5170.0,372.7356172966955,-404.0287120608587
5170.5,372.23607576124016,-404.00756430264113
5171.0,371.73653771706427,-403.98634443787216
5171.5,371.23700323109523,-403.96504948907983
5172.0,370.73747240160117,-403.9436766461987
5172.5,370.2379454165944,-403.9222211849346
5173.0,369.73842252488157,-403.90067606904313
5173.5,369.2389033320308,-403.8790495186174
5174.0,368.7393876076154,-403.85734144883935
5174.5,368.2398752049695,-403.83555216249925
5175.0,367.7403659223153,-403.81368346739384
5175.5,367.2408594421277,-403.79173872736027
5176.0,366.74135550039483,-403.7697184462254
5176.5,366.24185455182965,-403.7476184430688
5177.0,365.74235597800833,-403.7254530225053
5177.5,365.242859465408,-403.70322452495105
5178.0,364.7433649508495,-403.68093601031825
5178.5,364.24387236630093,-403.65859225242315
5179.0,363.7443815348937,-403.6361993145745
5179.5,363.24489273667723,-403.6137563591711
5180.0,362.745406239203,-403.59126272397526
5180.5,362.24592133329395,-403.56872771283236
5181.0,361.7464379690631,-403.5461535977547
5181.5,361.2469562686183,-403.52354140649976
5182.0,360.7474763412132,-403.500890983702
5182.5,360.24799810638984,-403.4782013610461
5183.0,359.748521917041,-403.45546811801336
5183.5,359.24904730925283,-403.43270316396627
5184.0,358.7495741546863,-403.4099080166923
5184.5,358.2501024778449,-403.38708311149924
5185.0,357.7506322217173,-403.3642303718839
5185.5,357.25116316310016,-403.3413537114503
5186.0,356.75169493347204,-403.31845703386557
5186.5,356.2522275773174,-403.2955402335992
5187.0,355.75276091595885,-403.27260723407915
5187.5,355.2532948077133,-403.2496617731052
5188.0,354.7538292981015,-403.22670477454784
5188.5,354.25436461584513,-403.20373439225483
5189.0,353.75490114803074,-403.1807470159497
5189.5,353.25543884332836,-403.15774109173594
5190.0,352.7559769501608,-403.1347228877021
5190.5,352.2565153872606,-403.11169243257666
5191.0,351.75705419828967,-403.0886474894392
5191.5,351.2575935134808,-403.06558465039865
5192.0,350.7581335521148,-403.0425001041125
5192.5,350.25867419174915,-403.0193910953521
5193.0,349.7592148010352,-402.99626997011563
5193.5,349.2597550197664,-402.9731396732201
5194.0,348.76029468038644,-402.95000153440634
5194.5,348.2608337470548,-402.9268562237644
5195.0,347.76137221031325,-402.9037047640992
5195.5,347.26191023163176,-402.880545203848
5196.0,346.7624478993871,-402.8573837210552
5196.5,346.2629852137275,-402.8342230359967
5197.0,345.76352220786566,-402.81106488581213
5197.5,345.26405894396373,-402.7879099119198
5198.0,344.76459550084274,-402.76475741481715
5198.5,344.26513199739503,-402.74160610249515
5199.0,343.76566863225645,-402.718452478791
5199.5,343.2662054540306,-402.6952966156919
5200.0,342.7667425251944,-402.67213898005895
5200.5,342.26727994818674,-402.64898002634254
5201.0,341.7678180375751,-402.6258196491173
5201.5,341.26835693872306,-402.60265952696363
5202.0,340.7688966037258,-402.5794996655117
5202.5,340.2694370585621,-402.5563384558126
5203.0,339.76997831064676,-402.533174779276
5203.5,339.27052034081817,-402.51000886418325
5204.0,338.77106313739745,-402.48684435912605
5204.5,338.2716062054444,-402.4636845303892
5205.0,337.772149283912,-402.4405304356723
5205.5,337.27269186598113,-402.41738519949234
5206.0,336.77323342715187,-402.39425272591507
5206.5,336.2737736581405,-402.3711381629917
5207.0,335.77431292372626,-402.348036176536
5207.5,335.2748512562243,-402.32494267571633
5208.0,334.77538891438513,-402.30185369747295
5208.5,334.2759259918384,-402.27876626657013
5209.0,333.77646234585137,-402.2556790026976
5209.5,333.2769982447562,-402.2325891734899
5210.0,332.7775341074736,-402.2094963936089
5210.5,332.27806984805494,-402.18640117418823
5211.0,331.7786055985215,-402.16330149375005
5211.5,331.27914144427797,-402.14019655389825
5212.0,330.77967698986987,-402.1170929048531
5212.5,330.2802118064226,-402.09399834996657
5213.0,329.780746046564,-402.0709112724192
5213.5,329.28127957933805,-402.04783471628247
5214.0,328.78181222527564,-402.02477302430833
5214.5,328.2823437658613,-402.00173171124214
5215.0,327.78287306735916,-401.9787348847311
5215.5,327.28340004774054,-401.95578620098297
5216.0,326.78392481570995,-401.9328847247887
5216.5,326.2844473948239,-401.910030971516
5217.0,325.7849678431342,-401.88722441580904
5217.5,325.28548617272446,-401.86446530642843
5218.0,324.7860028492408,-401.84174275204595
5218.5,324.2865180517713,-401.81905245475
5219.0,323.78703180764865,-401.7963937165771
5219.5,323.28754417523317,-401.77376513945353
5220.0,322.7880551507365,-401.7511664283981
5220.5,322.2885646158538,-401.7286009920007
5221.0,321.78907290885775,-401.70606284597767
5221.5,321.28958013652675,-401.68355096666573
5222.0,320.7900864981629,-401.6610622766592
5222.5,320.2905923067343,-401.63859131087276
5223.0,319.79109800904325,-401.6161342684411
5223.5,319.2916037046251,-401.5936876117768
5224.0,318.79210953966316,-401.57124773488414
5224.5,318.29261577921807,-401.548808273808
5225.0,317.79312279672337,-401.52636035976815
5225.5,317.29363119204965,-401.503890679305
5226.0,316.79414038908715,-401.4814061757636
5226.5,316.294650124608,-401.458908838094
5227.0,315.7951603119213,-401.43639735686696
5227.5,315.29567097639176,-401.4138683022749
5228.0,314.79618208647736,-401.39131550776193
5228.5,314.2966933488796,-401.36874573477354
5229.0,313.7972049035716,-401.34615906584247
5229.5,313.29771677655765,-401.3235566621931
5230.0,312.79822891813035,-401.3009409279108
5230.5,312.29874140300564,-401.27831127999644
5231.0,311.7992540852408,-401.25567516420375
5231.5,311.29976688881095,-401.2330369969626
5232.0,310.8002797179601,-401.21040032206054
5232.5,310.30079245760874,-401.18776832022917
5233.0,309.80130504292777,-401.16514301090723
5233.5,309.30181761386325,-401.14252039203234
5234.0,308.80233007075697,-401.11990320267506
5234.5,308.3028423201366,-401.097293235361
5235.0,307.8033542690862,-401.0746915344799
5235.5,307.30386554943345,-401.05210438962837
5236.0,306.80437631341067,-401.0295261722177
5236.5,306.3048865891286,-401.00695556732927
5237.0,305.80539639235127,-400.98439199694866
5237.5,305.30590570841815,-400.96183595703593
5238.0,304.8064145338939,-400.9392876932714
5238.5,304.3069231643446,-400.91674193414224
5239.0,303.8074317311851,-400.8941966130968
5239.5,303.3079403088914,-400.8716509712575
5240.0,302.8084488729326,-400.84910674359605
5240.5,302.30895766099195,-400.82655969490713
5241.0,301.80946686686974,-400.80400518632433
5241.5,301.30997659505704,-400.7814412661211
5242.0,300.81048692765563,-400.7588663374572
5242.5,300.3109980868391,-400.73627532915685
5243.0,299.81151016946905,-400.7136657317115
5243.5,299.3120230443982,-400.69103889299384
5244.0,298.8125367496336,-400.66839273554695
5244.5,298.3130513384983,-400.64572487256754
5245.0,297.8135671010747,-400.62302830650594
5245.5,297.3140838548333,-400.6003074426075
5246.0,296.81460155197226,-400.57756386618576
5246.5,296.31512016026903,-400.55479873317
5247.0,295.8156396612163,-400.5320129690913
5247.5,295.31615998267057,-400.50920842780494
5248.0,294.8166807035494,-400.48639533935454
5248.5,294.3172016632826,-400.46357790501133
5249.0,293.81772270816657,-400.44076011104937
5249.5,293.31824363695955,-400.4179473581801
5250.0,292.8187643796507,-400.3951409495328
5250.5,292.3192849127885,-400.3723405507526
5251.0,291.8198051746954,-400.34954719981357
5251.5,291.3203250919434,-400.3267622348905
5252.0,290.8208443497343,-400.30399141692055
5252.5,290.3213631016588,-400.28123070593875
5253.0,289.8218813593643,-400.25848004582525
5253.5,289.3223990814872,-400.235740327606
5254.0,288.8229160024297,-400.2130167295385
5254.5,288.32343228552503,-400.1903042591335
5255.0,287.8239483323074,-400.1675953881089
5255.5,287.32446430723206,-400.14488699902574
5256.0,286.8249803466017,-400.1221765616757
5256.5,286.32549635941814,-400.09946654680357
5257.0,285.8260124248803,-400.07675534532166
5257.5,285.3265286293311,-400.05404114921527
5258.0,284.8270450165498,-400.031323077865
5258.5,284.3275615911265,-400.0086011760604
5259.0,283.8280782545859,-399.9858778575177
5259.5,283.32859493089387,-399.9631545604656
5260.0,282.8291115568742,-399.9404325500859
5260.5,282.32962806089796,-399.91771326628117
5261.0,281.8301442031707,-399.8950020159321
5261.5,281.3306599108771,-399.8723001965443
5262.0,280.83117511639176,-399.8496093734186
5262.5,280.33168975833837,-399.8269309091361
5263.0,279.83220361435366,-399.80426943036014
5263.5,279.33271669693903,-399.7816248118416
5264.0,278.83322906677967,-399.7589958052122
5264.5,278.33374068923933,-399.73638317717473
5265.0,277.83425145553656,-399.7137892784968
5265.5,277.3347612933302,-399.6912158173587
5266.0,276.83527037429036,-399.66865900523607
5266.5,276.33577874016487,-399.64611795753115
5267.0,275.83628644053607,-399.6235916251181
5267.5,275.33679317236766,-399.60108680650626
5268.0,274.8372989470766,-399.5786032146549
5268.5,274.3378037013355,-399.5561422800092
5269.0,273.8383073595168,-399.53370570012424
5269.5,273.33880960367287,-399.51130056205847
5270.0,272.83931041521515,-399.4889273870529
5270.5,272.33980986351753,-399.46658465680173
5271.0,271.8403078727507,-399.4442741131117
5271.5,271.34080419818156,-399.42200132603
5272.0,270.84129874522756,-399.39976858966
5272.5,270.34179207995237,-399.37756336002377
5273.0,269.84228421564677,-399.35538541545156
5273.5,269.3427751204464,-399.33323554324096
5274.0,268.84326447947103,-399.31112126434977
5274.5,268.34375299152987,-399.2890258893929
5275.0,267.8442407485236,-399.2669473846229
5275.5,267.3447278299466,-399.2448840279656
5276.0,266.84521403148614,-399.222840783668
5276.5,266.3456995803204,-399.20081208137015
5277.0,265.8461846330607,-399.1787943507239
5277.5,265.3466693061104,-399.15678493140217
5278.0,264.8471538191615,-399.1347787688763
5278.5,264.3476380980557,-399.1127778150676
5279.0,263.84812218858275,-399.0907811023315
5279.5,263.3486061232724,-399.06878798519057
5280.0,262.84908996902766,-399.04679720815653
5280.5,262.34957348340106,-399.02481497348424
5281.0,261.8500566758796,-399.00284121187264
5281.5,261.35053953490666,-398.98087620818563
5282.0,260.85102202085153,-398.9589208655087
5282.5,260.3515040885681,-398.93697659295873
5283.0,259.8519858074871,-398.9150407336259
5283.5,259.3524672034066,-398.8931126942875
5284.0,258.8529483019072,-398.8711921310015
5284.5,258.3534289562506,-398.8492816229407
5285.0,257.8539092530727,-398.8273781342475
5285.5,257.354389139984,-398.8054825834581
5286.0,256.85486853122313,-398.78359662961935
5286.5,256.35534715039125,-398.76172589444
5287.0,255.85582535346933,-398.7398639830822
5287.5,255.35630316883638,-398.7180104801287
5288.0,254.85678061689703,-398.69616512206164
5288.5,254.357257432398,-398.67433453196946
5289.0,253.85773365599812,-398.65251830332033
5289.5,253.35820920337463,-398.63071847116606
5290.0,252.85868399030633,-398.60893705281813
5290.5,252.3591573441459,-398.5871889032954
5291.0,251.85962956210042,-398.5654666876689
5291.5,251.3601006192109,-398.54377116986564
5292.0,250.86057048136115,-398.52210330132283
5292.5,250.3610385685939,-398.5004760107266
5293.0,249.86150536665494,-398.4788781247558
5293.5,249.3619709696608,-398.4573073479479
5294.0,248.86243543397634,-398.4357622686597
5294.5,248.36289806926712,-398.4142589755556
5295.0,247.86335954774307,-398.39278236369296
5295.5,247.36381998051968,-398.37132986422466
5296.0,246.86427944621343,-398.3498996625292
5296.5,246.36473770453108,-398.3284976758776
5297.0,245.8651952684144,-398.3071122206364
5297.5,245.36565225584863,-398.28574062078775
5298.0,244.86610876878555,-398.2643805787306
5298.5,244.36656462729013,-398.2430368201665
5299.0,243.86702006109542,-398.22170363774546
5299.5,243.3674750085586,-398.20038201653324
5300.0,242.86792938477763,-398.17907344308026
5300.5,242.3683829873075,-398.15778258737777
5301.0,241.86883613388426,-398.1365023201783
5301.5,241.36928872791844,-398.11523468921376
5302.0,240.86974059601542,-398.09398343863705
5302.5,240.3701912652748,-398.0727595403561
5303.0,239.8706410107619,-398.0515572108237
5303.5,239.37108980461326,-398.030377248594
5304.0,238.87153749089404,-398.00922350276676
5304.5,238.3719837036953,-397.98810505931647
5305.0,237.87242877402915,-397.96701422719417
5305.5,237.37287266775596,-397.9459517813942
5306.0,236.87331511151353,-397.92492413058824
5306.5,236.3737558661201,-397.9039363982232
5307.0,235.8741953716514,-397.88297811181445
5307.5,235.37463365610733,-397.8620485791226
5308.0,234.8750704811808,-397.8411533593512
5308.5,234.37550605867727,-397.82028760821566
5309.0,233.87594081210491,-397.79944146310555
5309.5,233.3763748251725,-397.7786130226646
5310.0,232.87680799278857,-397.7578049865083
5310.5,232.37724065229997,-397.7370092781025
5311.0,231.87767298008302,-397.71622166629743
5311.5,231.37810503033,-397.6954408460768
5312.0,230.8785367260134,-397.6746685120246
5312.5,230.37896822724653,-397.65390074626686
5313.0,229.87939967485238,-397.6331341832668
5313.5,229.3798311674337,-397.61236646050895
5314.0,228.88026286492618,-397.59159365237304
5314.5,228.38069474767806,-397.570816375256
5315.0,227.88112684327825,-397.5500340099288
5315.5,227.38155921378035,-397.52924512821187
5316.0,226.8819919355584,-397.50844808546947
5316.5,226.38242469730932,-397.4876502043872
5317.0,225.88285746046745,-397.4668523651594
5317.5,225.3832901919429,-397.44605528586465
5318.0,224.88372282005454,-397.42526080254106
5318.5,224.38415541098536,-397.40446703198404
5319.0,223.88458793701164,-397.38367457728026
5319.5,223.38502015191503,-397.36288936529223
5320.0,222.88545200489682,-397.3421128089631
5320.5,222.38588356297583,-397.3213434169565
5321.0,221.88631482155787,-397.300581369073
5321.5,221.3867454068885,-397.2798358085167
5322.0,220.88717537918848,-397.259105480176
5322.5,220.3876047840368,-397.2383893023642
5323.0,219.88803358194787,-397.2176883204821
5323.5,219.38846151230464,-397.1970090937425
5324.0,218.8888888026544,-397.1763457867005
5324.5,218.3893154428575,-397.15569836682107
5325.0,217.88974125268388,-397.135070532191
5325.5,217.39016628353193,-397.11446058049876
5326.0,216.89059069050754,-397.0938651920507
5326.5,216.39101444883553,-397.0732850635227
5327.0,215.89143717944347,-397.0527294011161
5327.5,215.3918590203513,-397.0321951114669
5328.0,214.89228012927006,-397.0116785668917
5328.5,214.39270051739624,-396.9911796288016
5329.0,213.89311979229703,-396.97070832058637
5329.5,213.39353847494044,-396.9502515436436
5330.0,212.89395656969307,-396.92980924355084
5330.5,212.3943739503024,-396.90938464498686
5331.0,211.89479071815268,-396.88897532328446
5331.5,211.39520708160597,-396.8685759471601
5332.0,210.89562305780393,-396.84818600087056
5332.5,210.39603852093725,-396.8278082027743
5333.0,209.8964536469931,-396.80743835128567
5333.5,209.39686855866955,-396.7870735178602
5334.0,208.89728330317052,-396.7667125617142
5334.5,208.39769766702724,-396.7463608657545
5335.0,207.89811165259997,-396.72601846496684
5335.5,207.3985252976258,-396.70568445875324
5336.0,206.898938608381,-396.6853587542945
5336.5,206.3993517012792,-396.6650384453763
5337.0,205.89976463443642,-396.6447220616191
5337.5,205.40017740904838,-396.6244095670982
5338.0,204.90058995884326,-396.6041026225558
5338.5,204.40100224471283,-396.5838023092854
5339.0,203.90141429492465,-396.56350786451776
5339.5,203.4018260819651,-396.54321992038575
5340.0,202.90223740107353,-396.52294331676643
5340.5,202.4026484202489,-396.5026740248521
5341.0,201.90305912988853,-396.4824123184652
5341.5,201.4034693827188,-396.4621619260665
5342.0,200.90387925525764,-396.44192106879666
5342.5,200.4042887774388,-396.4216889471037
5343.0,199.9046979190165,-396.4014662908447
5343.5,199.40510625680915,-396.3812635004131
5344.0,198.90551421161229,-396.3610703100134
5344.5,198.40592179451298,-396.3408863674104
5345.0,197.90632892100302,-396.32071362539915
5345.5,197.4067355866829,-396.30055218506334
5346.0,196.90714187143527,-396.2804000853727
5346.5,196.40754776513904,-396.26025758520416
5347.0,195.9079531298005,-396.2401282072611
5347.5,195.40835815780727,-396.22000715415214
5348.0,194.90876294923117,-396.19989196009476
5348.5,194.40916754912823,-396.1797815238915
5349.0,193.90957207073734,-396.15967304534325
5349.5,193.40997642204988,-396.1395688161016
5350.0,192.91038058910212,-396.1194691857785
5350.5,192.4107845511155,-396.0993746849276
5351.0,191.91118839301384,-396.0792832105591
5351.5,191.41159219240967,-396.05919288259315
5352.0,190.91199600182807,-396.0391024601306
5352.5,190.41239984706036,-396.01901148623335
5353.0,189.91280378263696,-395.99891833960794
5353.5,189.41320782753616,-395.9788224419371
5354.0,188.91361207801555,-395.95872096227964
5354.5,188.41401653331351,-395.9386140746355
5355.0,187.91442109396266,-395.91850457039953
5355.5,187.41482571860084,-395.89839369383236
5356.0,186.91523027268644,-395.8782856380703
5356.5,186.41563477320722,-395.8581803091237
5357.0,185.9160392250474,-395.83807778504877
5357.5,185.4164436329561,-395.81797918543606
5358.0,184.9168478951393,-395.7978875109942
5358.5,184.4172520276753,-395.77780162788935
5359.0,183.91765600854475,-395.7577222516768
5359.5,183.41805943665437,-395.73765936532567
5360.0,182.9184624401473,-395.7176075263037
5360.5,182.41886500589374,-395.697566612772
5361.0,181.91926691374155,-395.67754061341986
5361.5,181.4196682118965,-395.65752657555527
5362.0,180.92006895465948,-395.63752370164656
5362.5,180.4204690216913,-395.6175346206846
5363.0,179.92086815345039,-395.59756489820234
5363.5,179.42126697877848,-395.57760082696046
5364.0,178.92166561283932,-395.5576398720338
5364.5,178.42206441073273,-395.53767392995826
5365.0,177.92246333395852,-395.51770533159043
5365.5,177.42286238095616,-395.49773445717005
5366.0,176.9232615941176,-395.4777608491368
5366.5,176.42366113468748,-395.45778202476475
5367.0,175.9240608611446,-395.43780054931574
5367.5,175.42446075637847,-395.41781658650336
5368.0,174.92486081010523,-395.3978287480069
5368.5,174.42526108934007,-395.37783544387946
5369.0,173.92566163222688,-395.357835819322
5369.5,173.4260626052884,-395.3378259632363
5370.0,172.92646387121053,-395.31780748167097
5370.5,172.42686532968466,-395.2977828125244
5371.0,171.9272669813023,-395.2777518025758
5371.5,171.42766902992017,-395.25770877007415
5372.0,170.92807132964433,-395.23765919855083
5372.5,170.42847381632515,-395.21760476222096
5373.0,169.92887644449618,-395.1975466541245
5373.5,169.42927917891842,-395.1774854572834
5374.0,168.92968209102887,-395.1574191822592
5374.5,168.4300852257029,-395.1373465634464
5375.0,167.9304887635791,-395.1172624887896
5375.5,167.43089261311306,-395.0971706640544
5376.0,166.9312967834228,-395.07707096145873
5376.5,166.4317014280893,-395.05695990844947
5377.0,165.93210657309356,-395.0368373084534
5377.5,165.43251211875668,-395.0167061855484
5378.0,164.9329181114103,-394.99656602724804
5378.5,164.43332468323032,-394.9764150026838
5379.0,163.93373153726978,-394.95625764740157
5379.5,163.43413863373576,-394.9360946095354
5380.0,162.93454591409358,-394.9159264153808
5380.5,162.43495323355603,-394.89575623098204
5381.0,161.93536056586842,-394.8755849559191
5381.5,161.4357678913415,-394.8554130044031
5382.0,160.9361751157489,-394.83524123710765
5382.5,160.4365821863317,-394.81507175130076
5383.0,159.936989072147,-394.7949054040469
5383.5,159.4373955029847,-394.77474940964214
5384.0,158.9378015509702,-394.7546029780498
5384.5,158.43820722302473,-394.734466015037
5385.0,157.9386123364135,-394.7143432845186
5385.5,157.4390170691092,-394.69423046089287
5386.0,156.9394215585053,-394.674123914104
5386.5,156.43982580870394,-394.65402350489455
5387.0,155.94022947169938,-394.63393771184434
5387.5,155.44063264012908,-394.6138641212357
5388.0,154.94103530308288,-394.5938029960054
5388.5,154.4414371924455,-394.5737609396657
5389.0,153.94183842343637,-394.55373481584036
5389.5,153.44223912600984,-394.5337215730934
5390.0,152.94263919203908,-394.51372396513005
5390.5,152.44303875001262,-394.4937390206658
5391.0,151.9434380112824,-394.4737615044411
5391.5,151.4438369900143,-394.4537910782798
5392.0,150.94423554559788,-394.43383148467797
5392.5,150.44463392432777,-394.4138764230688
5393.0,149.94503213469358,-394.3939256536009
5393.5,149.445430109116,-394.3739808271926
5394.0,148.94582804186095,-394.35403757727227
5394.5,148.44622596316907,-394.33409489973405
5395.0,147.9466238889238,-394.3141523390154
5395.5,147.44702196897575,-394.29420595672707
