lap_distance,x_position,y_position
0.0,129.4142490178302,-803.4956304636884
0.5,129.71423937033063,-803.0956237591317
1.0,130.0142990278239,-802.6956686380886
1.5,130.3144206645792,-802.2957599292433
2.0,130.61460558907825,-801.8958986975892
2.5,130.9148466354456,-801.4960796015527
3.0,131.2151374718792,-801.0962979198309
3.5,131.51547584439413,-800.6965519840378
4.0,131.81585342942418,-800.2968355840903
4.5,132.11626354980064,-799.8971436451212
5.0,132.416702139807,-799.4974730083251
5.5,132.71716647098864,-799.0978216828377
6.0,133.0176524402645,-798.6981866312148
6.5,133.31815927202373,-798.2985673202478
7.0,133.61868367416687,-797.8989613324068
7.5,133.9192219615964,-797.4993658906824
8.0,134.21977313772248,-797.0997802615784
8.5,134.52033672405287,-796.7002040166074
9.0,134.82091324233042,-796.3006374179154
9.5,135.12150139877176,-795.9010795222015
10.0,135.42210178155406,-795.5015308249309
10.5,135.72271270957827,-795.1019900020976
11.0,136.02333399838193,-794.7024568812735
11.5,136.32396709926607,-794.3029325604049
12.0,136.62461450622948,-793.9034189393932
12.5,136.92527656080898,-793.5039163797838
13.0,137.22595129517114,-793.1044234211021
13.5,137.52663625981418,-792.7049382530639
14.0,137.82733326389962,-792.3054622670271
14.5,138.1280469979431,-791.905998995163
15.0,138.42877582011982,-791.5065472806193
15.5,138.7295194586814,-791.1071068530606
16.0,139.03027750059934,-790.7076773055611
16.5,139.33105346258682,-790.3082611573976
17.0,139.63184890575698,-789.90885958805
17.5,139.93266527591308,-789.5094737270714
18.0,140.23349979534115,-789.1101014872794
18.5,140.53435234666296,-788.7107427798117
19.0,140.8352258955631,-788.3113997962332
19.5,141.1361211102367,-787.9120730131134
20.0,141.43703683609084,-787.5127615766175
20.5,141.73797110596107,-787.1134640419821
21.0,142.0389237101928,-786.7141802896912
21.5,142.33989475911213,-786.3149104256861
22.0,142.6408823667005,-785.91565304051
22.5,142.9418841651162,-785.5164063534224
23.0,143.24289900171874,-785.1171694963689
23.5,143.54392546557767,-784.7179414061721
24.0,143.84496086972624,-784.318720057306
24.5,144.14600267283703,-783.919503533764
25.0,144.4470475137155,-783.5202893038863
25.5,144.74809070527652,-783.1210738474479
26.0,145.04912867958808,-782.721854503284
26.5,145.35015903969003,-782.3226295008941
27.0,145.65118031439962,-781.9233977647491
27.5,145.9521934931855,-781.5241600440756
28.0,146.25319973061679,-781.1249171594277
28.5,146.5541990611237,-780.7256691255781
29.0,146.85518829415474,-780.3264135718028
29.5,147.15616746304173,-779.9271504883266
30.0,147.45713954881097,-779.5278821584214
30.5,147.7581056269149,-779.1286093496636
31.0,148.0590640788049,-778.7293306784094
31.5,148.36001922598174,-778.330049323323
32.0,148.66097181930516,-777.9307658452954
32.5,148.96192491977374,-777.531482594068
33.0,149.26288186409246,-777.1322021553683
33.5,149.5638470133265,-776.7329278556538
34.0,149.86482714491677,-776.3336648544793
34.5,150.16582786705217,-775.9344174758417
35.0,150.46685355353353,-775.5351891379364
35.5,150.76790893249054,-775.1359834913966
36.0,151.06899949046988,-774.7368046892087
36.5,151.37013181893195,-774.3376576981199
37.0,151.6713119311501,-773.9385470938118
37.5,151.97254540333125,-773.5394770958895
38.0,152.27383691699183,-773.1404511542531
38.5,152.57519572428927,-772.7414762875246
39.0,152.87662826856308,-772.3425570253353
39.5,153.1781334007812,-771.9436924528572
40.0,153.4797141764557,-771.5448848586243
40.5,153.78137525944558,-771.1461377339409
41.0,154.08311427075347,-770.7474492558011
41.5,154.38492711375991,-770.348816424321
42.0,154.68681116548893,-769.9502372796148
42.5,154.9887646452695,-769.5517104893235
43.0,155.29078482233763,-769.153234058999
43.5,155.59286819311797,-768.7548053944971
44.0,155.89501018962994,-768.3564210603793
44.5,156.19720430536714,-767.9580761867095
45.0,156.49944500697492,-767.5597666271544
45.5,156.8017238738761,-767.16148600814
46.0,157.1040392541395,-766.7632331096015
46.5,157.40638955080507,-766.3650067504589
47.0,157.70876649827784,-765.9668006297068
47.5,158.01116882124106,-765.5686137921402
48.0,158.31359495464412,-765.170445037742
48.5,158.61604222422358,-764.772292329211
49.0,158.91850763314898,-764.3741534035918
49.5,159.22099047241443,-763.9760277242314
50.0,159.52349125707906,-763.5779156667529
50.5,159.8260094983644,-763.1798168457815
51.0,160.12854439076395,-762.7817306490056
51.5,160.43109793017206,-762.3836586043283
52.0,160.7336768617999,-761.9856058572606
52.5,161.03628611375126,-761.5875761652745
53.0,161.33892633848757,-761.1895700463422
53.5,161.64159583144527,-760.7915862010766
54.0,161.94429669026272,-760.3936262440545
54.5,162.24703214656836,-759.9956926156046
55.0,162.54980319936587,-759.5977860571554
55.5,162.85261020139222,-759.1999068470052
56.0,163.15545393683877,-758.8020555893843
56.5,163.45833475651534,-758.4042325417133
57.0,163.76125228935334,-758.0064374260551
57.5,164.06420784008006,-757.6086712473812
58.0,164.36720088557712,-757.2109336357581
58.5,164.67023269401648,-756.8132255905415
59.0,164.97330106131238,-756.4155454375327
59.5,165.27640368813903,-756.0178914527197
60.0,165.57954184876934,-755.6202646429768
60.5,165.88271699786947,-755.2226661127571
61.0,166.18592879078773,-754.8250955837941
61.5,166.48917525289724,-754.4275515321244
62.0,166.79245410088095,-754.0300321705454
62.5,167.09576398837086,-753.6325364068589
63.0,167.39910720478534,-753.2350660610413
63.5,167.70248075453298,-752.8376187891282
64.0,168.0058772555387,-752.4401889334033
64.5,168.30929344600938,-752.0427740520316
65.0,168.61272743144377,-751.6453727340016
65.5,168.9161781134094,-751.2479841858011
66.0,169.21964497569886,-750.8506080625067
66.5,169.52312717971492,-750.4532437862342
67.0,169.82662290881902,-750.0558900511687
67.5,170.13013343601833,-749.6585477990155
68.0,170.43366257030112,-749.261219970108
68.5,170.7372092642835,-748.8639056785532
69.0,171.04077874602342,-748.4666088842889
69.5,171.34437005514027,-748.0693289391455
70.0,171.64798337919626,-747.6720659261229
70.5,171.95161927189898,-747.2748201455504
71.0,172.2552773213917,-746.8775911965121
71.5,172.55895794581585,-746.4803793046123
72.0,172.86266280168405,-746.0831856974893
72.5,173.16638853637343,-745.6860078898144
73.0,173.47013483204105,-745.2888456605358
73.5,173.77389554625125,-744.8916943502072
74.0,174.07766630062227,-744.4945506173772
74.5,174.38144491617035,-744.0974127899981
75.0,174.6852301612022,-743.7002799433119
75.5,174.9890204093544,-743.3031508918648
76.0,175.2928135316088,-742.9060240543043
76.5,175.5966066209737,-742.5088972256797
77.0,175.90039660701396,-742.1117680354422
77.5,176.20418178027177,-741.714635177126
78.0,176.50796162054402,-741.3174982514164
78.5,176.81173425799602,-740.9203558149284
79.0,177.11549637044394,-740.5232053065307
79.5,177.41924521886327,-740.1260446199052
80.0,177.722980805853,-739.7288737792923
80.5,178.0267066546527,-739.3316954915622
81.0,178.3304208033611,-738.9345082499218
81.5,178.63412081424087,-738.5373101949458
82.0,178.9378043786556,-738.1400995602382
82.5,179.24147169053347,-737.7428764961104
83.0,179.54512622196904,-737.3456436638447
83.5,179.84877253794,-736.948404548462
84.0,180.15241202153678,-736.5511602233671
84.5,180.45604898417716,-736.1539140142872
85.0,180.7596849548348,-735.7566670807746
85.5,181.06332095726086,-735.3594201797823
86.0,181.3669577633121,-734.9621738981181
86.5,181.67059715241308,-734.5649296273338
87.0,181.97424356716488,-734.1676908194737
87.5,182.27790047509743,-733.7704602348571
88.0,182.5815685628906,-733.3732384088565
88.5,182.88524959949177,-732.976026636384
89.0,183.1889426925658,-732.5788242189005
89.5,183.49264686854247,-732.1816304208309
90.0,183.7963620863795,-731.7844452367925
90.5,184.10008915394974,-731.3872693170598
91.0,184.40383100993134,-730.9901048740492
91.5,184.70758402509088,-730.5929489149473
92.0,185.0113462277406,-730.1957998220624
92.5,185.3151178322659,-729.7986577505052
93.0,185.61890041143008,-729.401523925194
93.5,185.92269573647786,-729.0043996896203
94.0,186.2265041337261,-728.6072851466616
94.5,186.5303282006584,-728.2101822163045
95.0,186.8341677114379,-727.813090922645
95.5,187.13802248451427,-727.4160112635898
96.0,187.44189220589777,-727.0189431106292
96.5,187.74577646118942,-726.6218862497593
97.0,188.04967478953847,-726.2248404374642
97.5,188.35359008003712,-725.8278080586159
98.0,188.65752578664848,-725.43079175106
98.5,188.9614843806723,-725.0337933900557
99.0,189.26546793618502,-724.6368145305227
99.5,189.56947659018292,-724.2398552697297
100.0,189.87350966431313,-723.8429150961
100.5,190.17757153300485,-723.4459973053883
101.0,190.48166983517262,-723.0491076705358
101.5,190.7857983193085,-722.6522413070644
102.0,191.08995711323547,-722.2553983447009
102.5,191.39414650344793,-721.8585789830174
103.0,191.69836631778878,-721.4617830002098
103.5,192.00261592849515,-721.0650097439077
104.0,192.30689761182083,-720.6682607924482
104.5,192.61120459119326,-720.2715309242362
105.0,192.91553618626,-719.8748196018448
105.5,193.21989100567833,-719.4781256943982
106.0,193.52426690492825,-719.0814474667867
106.5,193.8286611423906,-718.6847827205467
107.0,194.13307740479655,-718.2881341811016
107.5,194.43751160068445,-717.891498996055
108.0,194.74196194700377,-717.4948759459254
108.5,195.04642765542334,-717.098264556716
109.0,195.3509084339268,-716.7016647387309
109.5,195.6554042353075,-716.3050766297548
110.0,195.95992248902058,-715.9085061697463
110.5,196.26446129043202,-715.5119518778766
111.0,196.56901974032485,-715.1154130201938
111.5,196.87359826145365,-714.7188898828105
112.0,197.17819814480183,-714.3223834110256
112.5,197.48282243097432,-713.9258958629255
113.0,197.78747525584902,-713.5294301800177
113.5,198.09215375865827,-713.1329840408997
114.0,198.39686036134884,-712.7365592709731
114.5,198.70159649566358,-712.3401569399344
115.0,199.00636200239887,-711.9437768983593
115.5,199.31115665730266,-711.5474189319681
116.0,199.6159814885988,-711.1510839088982
116.5,199.9208342740408,-710.7547701666351
117.0,200.22571350935084,-710.3584766163681
117.5,200.53061808306015,-709.9622024829351
118.0,200.83554839673366,-709.5659481511095
118.5,201.14051518011175,-709.1697219812127
119.0,201.44551063603603,-708.7735180010158
119.5,201.75053358927838,-708.3773353491202
120.0,202.0555849062915,-707.9811747473647
120.5,202.36066615297887,-707.585037442221
121.0,202.66578210040547,-707.1889271066482
121.5,202.970934216113,-706.792844930812
122.0,203.27611663117574,-706.3967862946761
122.5,203.58132974894363,-706.000751380938
123.0,203.886573402459,-705.604739958464
123.5,204.1918464162213,-705.2087510752871
124.0,204.4971546024236,-704.8127891335432
124.5,204.80248665520807,-704.4168454137285
125.0,205.10784244596687,-704.0209197495241
125.5,205.41322154131876,-703.625011763217
126.0,205.7186229782211,-703.2291207032977
126.5,206.02404819478255,-702.8332477391796
127.0,206.3294945197407,-702.4373910486506
127.5,206.63495529796944,-702.0415456674075
128.0,206.94042999327485,-701.6457113772275
128.5,207.24591843899472,-701.2498882794249
129.0,207.5514197142949,-700.8540760438415
129.5,207.85693762201052,-700.4582781221781
130.0,208.16247012368697,-700.0624927515588
130.5,208.46801684341918,-699.666719448533
131.0,208.77357694284015,-699.2709573730955
131.5,209.07914933812447,-698.8752055531721
132.0,209.38473985896186,-698.4794684436196
132.5,209.69034822670525,-698.0837452804468
133.0,209.9959753073381,-697.688036343994
133.5,210.3016206529803,-697.2923409367639
134.0,210.60728274843785,-696.8966575871451
134.5,210.91296619552696,-696.5009894587034
135.0,211.2186694202925,-696.1053356178786
135.5,211.52439177705745,-695.7096955820246
136.0,211.83013201791576,-695.314068373639
136.5,212.13588804171263,-694.9184523831228
137.0,212.4416611718275,-694.522848690938
137.5,212.74744929310287,-694.1272561619191
138.0,213.05325064764227,-693.731673694615
138.5,213.3590650221958,-693.3361012669512
139.0,213.66489222984953,-692.9405388450685
139.5,213.97073328027548,-692.544987418844
140.0,214.2765875258548,-692.149446631022
140.5,214.58245427068798,-691.7539158468281
141.0,214.8883336222109,-691.3583950790055
141.5,215.19422552723077,-690.9628842138372
142.0,215.500132857088,-690.5673854663877
142.5,215.8060538028871,-690.1718973490201
143.0,216.1119874359509,-689.7764190690401
143.5,216.41793530924778,-689.380951710432
144.0,216.72389947002182,-688.9854967249116
144.5,217.029886472973,-688.590059047784
145.0,217.33589284861418,-688.1946360981711
145.5,217.6419164956187,-687.7992263017901
146.0,217.94795803114377,-687.4038301605308
146.5,218.25401842738054,-687.0084484462448
147.0,218.56010326407076,-686.6130853995302
147.5,218.86620872502536,-686.2177382160212
148.0,219.17233559211937,-685.8224075620888
148.5,219.47848426176267,-685.42709377468
149.0,219.78465390262318,-685.0317962277742
149.5,220.09084668486585,-684.6365166053947
150.0,220.3970592262999,-684.2412522903257
150.5,220.7032907821521,-683.8460027067201
151.0,221.00954008776677,-683.4507668760615
151.5,221.3158048085024,-683.0555429911204
152.0,221.62208674454502,-682.6603324681699
152.5,221.92837738735213,-682.2651287502428
153.0,222.23467365294394,-681.8699294689977
153.5,222.54097374611678,-681.4747332335475
154.0,222.84727786180898,-681.0795401679337
154.5,223.15358436502908,-680.6843490453167
155.0,223.4598882742069,-680.2891560140876
155.5,223.76618775420982,-679.8939596537095
156.0,224.07248192629433,-679.4987592789585
156.5,224.3787711399744,-679.1035551607146
157.0,224.6850580754325,-678.7083492483875
157.5,224.9913414943866,-678.3131405700761
158.0,225.2976205189222,-677.9179284649636
158.5,225.60389436259365,-677.5227123479291
159.0,225.9101598426901,-677.1274897316958
159.5,226.21642052825658,-676.7322633125696
160.0,226.52267884066137,-676.3370349724241
160.5,226.82893482485252,-675.9418047563071
161.0,227.1351871995488,-675.5465716904023
161.5,227.44143185845076,-675.1513326604326
162.0,227.74767290067874,-674.7560908060328
162.5,228.05391092747587,-674.3608465589082
163.0,228.36014580019085,-673.9655997967842
163.5,228.66637520500927,-673.5703487409357
164.0,228.97259645448392,-673.1750913256377
164.5,229.27881185015983,-672.7798293450212
165.0,229.5850225679049,-672.3845637066504
165.5,229.89122985831716,-671.9892953753872
166.0,230.19743395271203,-671.5940245233664
166.5,230.5036328174703,-671.1987496217297
167.0,230.8098257890929,-670.803470188378
167.5,231.11601327582412,-670.4081865701334
168.0,231.422196826334,-670.0129000091515
168.5,231.72837852901557,-669.617612310203
169.0,232.03455720230596,-669.2223225423822
169.5,232.34073320077889,-668.8270309821696
170.0,232.6469074758797,-668.4317383666638
170.5,232.95308338274407,-668.036447371052
171.0,233.25926334902215,-667.6411597160113
171.5,233.56544976011833,-667.2458772239983
172.0,233.87164421052813,-666.8506010834973
172.5,234.17784812875388,-666.4553323222157
173.0,234.48406589087443,-666.0600740332619
173.5,234.79029634695598,-665.6648253435061
174.0,235.09654129656,-665.2695876130764
174.5,235.40280234499528,-664.8743620602086
175.0,235.70908510376404,-664.4791529571559
175.5,236.01539033968749,-664.0839609579959
176.0,236.32171498081826,-663.6887837584225
176.5,236.62805831946153,-663.2936208793762
177.0,236.93441971936863,-662.8984719300313
177.5,237.2408028569265,-662.5033398858965
178.0,237.54720096378767,-662.1082195507919
178.5,237.85361434523273,-661.7131111684398
179.0,238.16004272465568,-661.3180145328862
179.5,238.46648571909918,-660.9229294164179
180.0,238.7729414130251,-660.5278542068329
180.5,239.07940798535105,-660.1327874295547
181.0,239.3858857752636,-659.7377293078629
181.5,239.69237659030247,-659.3426811962338
182.0,239.99888644485017,-658.9476476760494
182.5,240.305412576099,-658.5526266847609
183.0,240.6119556491437,-658.1576187608401
183.5,240.9185161801555,-657.7626243262075
184.0,241.22510009018131,-657.3676479922188
184.5,241.53170229281272,-656.9726858791505
185.0,241.83832341431525,-656.5777385189513
185.5,242.14496540540262,-656.1828074510009
186.0,242.4516338203294,-655.7878970107525
186.5,242.75833041988244,-655.3930085497329
187.0,243.06504786561212,-654.9981363551589
187.5,243.37178715645413,-654.6032812120064
188.0,243.67854980779936,-654.2084443050569
188.5,243.9853466476939,-653.8136339633788
189.0,244.29216512551494,-653.4188403781795
189.5,244.59900301611214,-653.0240618189817
190.0,244.9058592346548,-652.6292974397729
190.5,245.21273815051708,-652.2345506145789
191.0,245.5196384775632,-651.8398203469666
191.5,245.82655481215727,-651.4451024379881
192.0,246.13348412052193,-651.0503945337142
192.5,246.4404224419549,-650.6556935653632
193.0,246.74737005936606,-650.2609998115918
193.5,247.05432254735285,-649.866309853687
194.0,247.36127861033634,-649.4716226969833
194.5,247.66823700560104,-649.076937388278
195.0,247.97519698146442,-648.6822533964687
195.5,248.28215493515088,-648.2875679135454
196.0,248.5891082750011,-647.8928789169362
196.5,248.8960547597578,-647.4981846469772
197.0,249.2029893136113,-647.1034810804592
197.5,249.50991002946185,-646.7087667349252
198.0,249.81681786754675,-646.3140423731852
198.5,250.1237117095392,-645.9193071286908
199.0,250.43058691550016,-645.5245573869537
199.5,250.73744359633048,-645.1297932163296
200.0,251.04428730668033,-644.7350189097667
200.5,251.35111929537072,-644.3402354373098
201.0,251.65794035924242,-643.9454434243291
201.5,251.96474642790184,-643.5506397173551
202.0,252.27154235996133,-643.1558281031595
202.5,252.5783293723073,-642.7610095319452
203.0,252.88510879076932,-642.3661850393145
203.5,253.1918807430912,-641.9713547349422
204.0,253.49865129696155,-641.5765233536624
204.5,253.80542139413302,-641.1816916328352
205.0,254.1121919192985,-640.7868602635475
205.5,254.41896512670448,-640.3920309937308
206.0,254.72574089862425,-639.9972037184078
206.5,255.03251916171973,-639.6023783763354
207.0,255.3392999716262,-639.2075550075422
207.5,255.6460838724912,-638.8127340276446
208.0,255.95286696970058,-638.4179124010944
208.5,256.25964817624975,-638.0230892939832
209.0,256.5664264762994,-637.6282639229607
209.5,256.87319901647976,-637.2334340812083
210.0,257.1799607577898,-636.8385958713741
210.5,257.4867104365581,-636.4437483400613
211.0,257.79344691036647,-636.0488906096364
211.5,258.10016722691984,-635.6540203963078
212.0,258.4068731501051,-635.2591390223774
212.5,258.7135681818576,-634.8642491914876
213.0,259.0202529597202,-634.4693513891409
213.5,259.32692705876104,-634.0744452671026
214.0,259.6335891958279,-633.6795298537281
214.5,259.9402439463971,-633.2846086974498
215.0,260.2468929474671,-632.8896830721258
215.5,260.55353818547513,-632.4947545281954
216.0,260.86018226108934,-632.099825100341
216.5,261.16682555565296,-631.7048950621119
217.0,261.4734684673718,-631.3099647275708
217.5,261.7801117412962,-630.9150346923682
218.0,262.0867606363312,-630.5201090666177
218.5,262.3934140931563,-630.1251870270816
219.0,262.7000710882732,-629.730267785541
219.5,263.00672989955945,-629.3353500216134
220.0,263.3133929056908,-628.940435563927
220.5,263.62006137505404,-628.5455253535977
221.0,263.92673579806217,-628.1506197497922
221.5,264.2334172919703,-627.7557195827138
222.0,264.5401086078885,-627.3608269398933
222.5,264.8468089474466,-626.9659412339166
223.0,265.15351904900314,-626.5710630443804
223.5,265.4602415920424,-626.1761944527453
224.0,265.76698070439267,-625.7813386701566
224.5,266.07373217673637,-625.3864924672523
225.0,266.3804955498016,-624.9916554984892
225.5,266.6872720858305,-624.5968287582018
226.0,266.9940615904376,-624.2020121041876
226.5,267.3008598728426,-623.8072022772423
227.0,267.60766653973144,-623.4123989677443
227.5,267.9144833606519,-623.0176035385301
228.0,268.2213098956913,-622.6228156518434
228.5,268.5281387730613,-622.228029607175
229.0,268.8349676181633,-621.8332435712226
229.5,269.14179366277875,-621.4384554170404
230.0,269.4486134854102,-621.0436624900078
230.5,269.75542527917776,-620.6488633949328
231.0,270.062226917793,-620.2540564957227
231.5,270.3690087884411,-619.859234405986
232.0,270.675774745309,-619.4644000074402
232.5,270.9825287328075,-619.0695562920695
233.0,271.28927191493466,-618.6747041224073
233.5,271.5960018046482,-618.2798414852589
234.0,271.90272158514273,-617.8849709072769
234.5,272.2094333906124,-617.4900940707696
235.0,272.51613827787605,-617.095211810153
235.5,272.8228371656882,-616.700324793563
236.0,273.12953614622745,-616.3054378194747
236.5,273.43623655353906,-615.9105519511884
237.0,273.7429401528673,-615.5156685926809
237.5,274.0496496315315,-615.1207898711166
238.0,274.35636441192156,-614.7259152962731
238.5,274.66308606633595,-614.3310460893673
239.0,274.9698188515379,-613.9361855655234
239.5,275.27656977268293,-613.541339168259
240.0,275.58333459800895,-613.1465035590431
240.5,275.89011370401914,-612.7516790156635
241.0,276.1969122970903,-612.3568695541121
241.5,276.5037286322649,-611.962073815205
242.0,276.81056006412643,-611.5672897719825
242.5,277.1174074305441,-611.172518085729
243.0,277.4242814193734,-610.7777670822384
243.5,277.7311805421508,-610.3830356278306
244.0,278.0381017980856,-609.9883214029362
244.5,278.3450451737016,-609.5936244079433
245.0,278.65202450005467,-609.1989554054148
245.5,278.959027815005,-608.8043050552118
246.0,279.2660565342451,-608.4096744533884
246.5,279.5731164993121,-608.0150681342335
247.0,279.88022096976647,-607.6204964243032
247.5,280.18735520602974,-607.2259478773477
248.0,280.4945195107235,-606.8314227425954
248.5,280.8017246965701,-606.436929474962
249.0,281.1089693376019,-606.0424669969599
249.5,281.4162451101935,-605.6480288201749
250.0,281.7235522856263,-605.2536151596634
250.5,282.0309072457143,-604.8592388078081
251.0,282.33829688958264,-604.4648894922447
251.5,282.64571653761595,-604.0705635419647
252.0,282.9531669328359,-603.6762615133093
252.5,283.2606588945838,-603.2819917882973
253.0,283.5681731733426,-602.8877394232171
253.5,283.87570763154883,-602.4935027650829
254.0,284.18326296329883,-602.0992823758902
254.5,284.49083806291236,-601.7050774895012
255.0,284.7984261061325,-601.3108828026939
255.5,285.10602593993684,-600.9166974318252
256.0,285.41363814782153,-600.5225219032476
256.5,285.721254368062,-600.128349605984
257.0,286.0288715051876,-599.7341781121988
257.5,286.33648750373425,-599.3400058230635
258.0,286.6440994310932,-598.945830472217
258.5,286.95170520467013,-598.5516503760002
259.0,287.2593035963185,-598.1574645553288
259.5,287.56689017858963,-597.7632695179105
260.0,287.87446491965943,-597.3690651823005
260.5,288.1820314481989,-596.9748544135938
261.0,288.48958946115357,-596.5806369757307
261.5,288.79712961277767,-596.186405501678
262.0,289.10465817580894,-595.792164881081
262.5,289.4121760121051,-595.3979157994579
263.0,289.7196815059704,-595.0036569877242
263.5,290.02716931657284,-594.6093842343851
264.0,290.33464632891935,-594.2151029577067
264.5,290.6421130757008,-593.8208135804681
265.0,290.9495674568941,-593.4265144589336
265.5,291.2570126045895,-593.0322081670254
266.0,291.5644524776838,-592.6378978935825
266.5,291.87188823479516,-592.2435846065351
267.0,292.1793233190196,-591.8492715606349
267.5,292.48676202012786,-591.4549621583794
268.0,292.7942058243722,-591.0606576262901
268.5,293.1016590065326,-590.6663616779928
269.0,293.4091278503386,-590.2720793206903
269.5,293.7166113392544,-589.8778093477172
270.0,294.0241108966288,-589.4835528365803
270.5,294.3316387091282,-589.0893195174689
271.0,294.63919123927985,-588.6951057993108
271.5,294.9467679486877,-588.3009108404511
272.0,295.2543754068648,-587.9067392630703
272.5,295.562028095109,-587.5126011794044
273.0,295.86971216869534,-587.1184860741827
273.5,296.17742698148373,-586.7243934260065
274.0,296.48518173198505,-586.3303299545328
274.5,296.7929571936421,-585.9362817601223
275.0,297.10074441455,-585.5422428700256
275.5,297.4085394339423,-585.1482110188882
276.0,297.71633506121265,-584.7541846503316
276.5,298.02413039581967,-584.3601628251205
277.0,298.3319244472054,-583.9661448474691
277.5,298.6397125254153,-583.5721286093733
278.0,298.9474925977763,-583.1781087774159
278.5,299.25526638383866,-582.7840851530385
279.0,299.5630335241302,-582.3900567366087
279.5,299.8707925181351,-581.9960196922068
280.0,300.1785442609539,-581.6019744871917
280.5,300.4862880070926,-581.2079203360598
281.0,300.7940181740845,-580.8138513191499
281.5,301.10173770913514,-580.4197700362594
282.0,301.40945137132303,-580.0256811743309
282.5,301.71716063879273,-579.6315857779165
283.0,302.02486356990346,-579.237482141276
283.5,302.33256081734874,-578.8433731394159
284.0,302.64025246004996,-578.4492592794865
284.5,302.9479370645579,-578.0551407062482
285.0,303.2556149728008,-577.6610192650066
285.5,303.56328534359534,-577.2668942502078
286.0,303.8709457273315,-576.8727643069145
286.5,304.1785839220446,-576.4786220005595
287.0,304.48620619520085,-576.0844706798113
287.5,304.7938121126695,-575.6903098410975
288.0,305.1013929566342,-575.2961332075587
288.5,305.4089525294617,-574.9019414837319
289.0,305.71649590329775,-574.5077376335167
289.5,306.0240218665764,-574.1135200952942
290.0,306.3315297095915,-573.7192864441957
290.5,306.6390292716872,-573.3250441780515
291.0,306.94652152725007,-572.930793786747
291.5,307.25400559700324,-572.5365323677181
292.0,307.5614878251645,-572.1422653812892
292.5,307.8689703381582,-571.7479951896842
293.0,308.1764556929415,-571.3537231877367
293.5,308.4839409560998,-570.9594485740336
294.0,308.7914243385084,-570.565172877913
294.5,309.09890524281525,-570.1708963789927
295.0,309.4063805731504,-569.7766201025321
295.5,309.71385641656997,-569.3823467488082
296.0,310.02133285254433,-568.988075818697
296.5,310.32881031914695,-568.5938075159772
297.0,310.6362916164007,-568.1995427534822
297.5,310.94377643170844,-567.8052805571664
298.0,311.25126519329933,-567.4110209856054
298.5,311.5587627046584,-567.0167660464574
299.0,311.86626404928114,-566.6225126282756
299.5,312.1737695453389,-566.2282609728561
300.0,312.4812823673171,-565.8340128939283
300.5,312.7888013491847,-565.4397681376237
301.0,313.09632520249016,-565.045526169816
301.5,313.4038546966997,-564.6512875754481
302.0,313.7113915055012,-564.2570538363308
302.5,314.0189325263714,-563.8628230682431
303.0,314.32647760329814,-563.4685952130283
303.5,314.63402841174894,-563.0743716601628
304.0,314.94158445147997,-562.68015218601
304.5,315.2491446886806,-562.2859360329353
305.0,315.5567096229217,-561.891723696902
305.5,315.86427543027946,-561.4975124083695
306.0,316.1718400103954,-561.1033005942846
306.5,316.4794024471133,-560.7090876371334
307.0,316.7869572544276,-560.3148700218961
307.5,317.0945054608231,-559.9206482871587
308.0,317.40204654546443,-559.5264220852264
308.5,317.7095748218453,-559.1321877573129
309.0,318.01709171236604,-558.7379463866988
309.5,318.32459979924283,-558.3436995851514
310.0,318.6320975773428,-557.9494464425163
310.5,318.93957894892856,-557.5551821428006
311.0,319.24704784737906,-557.1609089030428
311.5,319.55450391356135,-556.7666263484247
312.0,319.86194251354397,-556.3723311115212
312.5,320.1693749714284,-555.9780313582863
313.0,320.4768022817967,-555.5837276492624
313.5,320.78422479240834,-555.1894195869271
314.0,321.09164210028257,-554.795106423012
314.5,321.39905621113047,-554.4007900600744
315.0,321.7064672911615,-554.0064705890311
315.5,322.01387642094426,-553.6121490293996
316.0,322.3212865298522,-553.2178277615244
316.5,322.62869829500437,-552.8235073011932
317.0,322.93611675109753,-552.4291915189975
317.5,323.2435404768279,-552.0348798747476
318.0,323.5509683513043,-551.6405716657389
318.5,323.85839977899843,-551.2462670432083
319.0,324.1658351426673,-550.851966636441
319.5,324.47327418608876,-550.4576703083866
320.0,324.78071822581643,-550.063379619059
320.5,325.08817180535095,-549.6690997140337
321.0,325.39562826777814,-549.2748249143029
321.5,325.70308674492,-548.8805547543421
322.0,326.01054492062036,-548.4862909175058
322.5,326.3180006034186,-548.0920301137934
323.0,326.6254533915279,-547.6977718873522
323.5,326.9329000912904,-547.3035164208848
324.0,327.2403392598172,-546.9092625056709
324.5,327.5477737289505,-546.5150107376851
325.0,327.8552036037359,-546.1207626135274
325.5,328.162629657888,-545.7265189054041
326.0,328.4700535093388,-545.3322766601918
326.5,328.7774752482207,-544.9380354563904
327.0,329.08489465662365,-544.5437945473318
327.5,329.39231379472596,-544.1495537122876
328.0,329.6997328948439,-543.7553128458246
328.5,330.00715305923796,-543.3610714200732
329.0,330.3145734435124,-542.9668280532229
329.5,330.6219927145823,-542.5725822464907
330.0,330.9294086241176,-542.1783319644992
330.5,331.236818919147,-541.7840755356339
331.0,331.5442244078531,-541.3898142540398
331.5,331.85162424019984,-540.9955474155382
332.0,332.15900681409494,-540.6012657810177
332.5,332.4663774377609,-540.2069748590351
333.0,332.7737353395992,-539.8126742883741
333.5,333.0810661681084,-539.4183547339965
334.0,333.38837534264917,-539.0240201920027
334.5,333.6956648554576,-538.6296722707099
335.0,334.002924656424,-538.2353046896127
335.5,334.31015676613754,-537.8409201218467
336.0,334.617366406586,-537.446522496542
336.5,334.9245470514913,-537.0521086014162
337.0,335.2316855131601,-536.6576716001304
337.5,335.53879917102915,-536.2632216113307
338.0,335.8458885629608,-535.8687590956363
338.5,336.15294119873437,-535.4742809073922
339.0,336.4599759060805,-535.0797970862906
339.5,336.76699296162053,-534.6853079938761
340.0,337.0739831933114,-534.2908124715243
340.5,337.38095770189324,-533.8963157203743
341.0,337.6879211359499,-533.5018190322621
341.5,337.9948728389986,-533.1073244126036
342.0,338.301819471319,-532.7128355296913
342.5,338.60876248859836,-532.3183494217535
343.0,338.91570126367037,-531.9238656953206
343.5,339.2226397051575,-531.5293872675289
344.0,339.5295829999267,-531.134914261905
344.5,339.83653225537904,-530.7404471550856
345.0,340.1434973731898,-530.3459928226284
345.5,340.45047502103597,-529.9515478092242
346.0,340.7574652094625,-529.5571121060711
346.5,341.0644774216255,-529.1626926743022
347.0,341.37150940099394,-528.7682878782531
347.5,341.67855819302434,-528.3738955189106
348.0,341.9856314772809,-527.9795212579651
348.5,342.2927305929582,-527.585167132179
349.0,342.5998479599154,-527.1908279046089
349.5,342.90698691272183,-526.7965067448126
350.0,343.21415388265837,-526.4022113471823
350.5,343.5213349805022,-526.0079305371031
351.0,343.82852952082936,-525.6136640502198
351.5,344.135743532228,-525.2194221016771
352.0,344.4429653474112,-524.8251929195941
352.5,344.75019386731526,-524.4309755917502
353.0,345.0574273789803,-524.0367732320253
353.5,345.36465966828797,-523.6425788745452
354.0,345.671889571304,-523.2483899773972
354.5,345.9791131150427,-522.8542063229839
355.0,346.28632435880866,-522.4600202099289
355.5,346.59352706272693,-522.0658313694111
356.0,346.90071945664073,-521.6716382994882
356.5,347.2079035894873,-521.277440122116
357.0,347.51508369926177,-520.8832386188193
357.5,347.82225995851024,-520.4890335784396
358.0,348.1294340571866,-520.0948216970589
358.5,348.4366105135232,-519.700607437618
359.0,348.7437899907843,-519.3063911726523
359.5,349.0509800510974,-518.912174898783
360.0,349.35818165198066,-518.5179617143391
360.5,349.66539406771864,-518.1237518678378
361.0,349.97262491301586,-517.7295491867991
361.5,350.2798748418837,-517.3353574454259
362.0,350.5871395923646,-516.9411753770692
362.5,350.8944245995167,-516.5470082490135
363.0,351.20173875617115,-516.1528648744655
363.5,351.5090743031262,-515.7587404459962
364.0,351.816436132831,-515.3646401852574
364.5,352.1238355634032,-514.970578652981
365.0,352.4312583635199,-514.5765427064416
365.5,352.7387049213132,-514.1825330980768
366.0,353.0461942717295,-513.7885730938597
366.5,353.3537045511649,-513.3946398844872
367.0,353.6612353224192,-513.0007336103505
367.5,353.9687968850267,-512.6068740553759
368.0,354.2763777576311,-512.2130488913582
368.5,354.58397542933346,-511.81925312255163
369.0,354.8915988696534,-511.4255007559119
369.5,355.19923932674936,-511.03177820641434
370.0,355.50689187201186,-510.6380756938072
370.5,355.81455964598433,-510.24439664070536
371.0,356.1222420487183,-509.85073965912153
371.5,356.4299317172028,-509.45709426583085
372.0,356.73762835669385,-509.0634605587927
372.5,357.0453268774743,-508.6698326638785
373.0,357.35302463412484,-508.27620504147467
373.5,357.66072109823114,-507.88257685507
374.0,357.96840769991957,-507.48893990490603
374.5,358.2760845257066,-507.09529320576866
375.0,358.5837511755208,-506.7016362669019
375.5,358.8913972216157,-506.3079577194211
376.0,359.1990284903785,-505.9142687087554
376.5,359.5066476459833,-505.5205704562972
377.0,359.81425282420156,-505.1268583011761
377.5,360.1218460042224,-504.73313583529057
378.0,360.42943054366964,-504.3394054707761
378.5,360.737004397469,-503.94566427653746
379.0,361.04457271617156,-503.55192030191665
379.5,361.35213861317305,-503.1581753134583
380.0,361.6597028896033,-502.76442997736734
380.5,361.96727076928255,-502.37069214750335
381.0,362.2748470267831,-501.9769652458111
381.5,362.58243578260226,-501.583253794335
382.0,362.89005597626203,-501.1895745912907
382.5,363.19769537961474,-500.79591680994145
383.0,363.5053542474831,-500.40228102291843
383.5,363.8130578080844,-500.0086944352256
384.0,364.1207864677214,-499.61513982771675
384.5,364.4285400593387,-499.2216175196565
385.0,364.7363349204851,-498.82815437338684
385.5,365.0441497038717,-498.43472703334004
386.0,365.35198042098085,-498.0413299717204
386.5,365.6598295167554,-497.6479755367558
387.0,365.9676880067688,-497.2546484564153
387.5,366.27555193411536,-496.86134113566646
388.0,366.5834196827379,-496.4680588974801
388.5,366.8912871417282,-496.0747957102567
389.0,367.19915131266913,-495.68154199406865
389.5,367.50700775282996,-495.2882963242824
390.0,367.8148510892934,-494.89505403791725
390.5,368.1226835657253,-494.50181018115256
391.0,368.43050185855077,-494.108562374239
391.5,368.73829446921434,-493.71529942686675
392.0,369.04607023682746,-493.3220242376647
392.5,369.3538279755149,-492.92873544828575
393.0,369.66155190113153,-492.5354171210898
393.5,369.96925811244313,-492.1420801933394
394.0,370.2769468890988,-491.7487244738119
394.5,370.5846091635331,-491.3553342520931
395.0,370.8922576113874,-490.9619250965225
395.5,371.1998936968089,-490.5684993305169
396.0,371.5075115382562,-490.17505087057623
396.5,371.8151168407851,-489.7815871588265
397.0,372.1227111046591,-489.3881108702503
397.5,372.4302868570161,-488.9946155010494
398.0,372.7378453308213,-488.6011045340351
398.5,373.04539058460404,-488.207583613135
399.0,373.352917367527,-487.81405119973675
399.5,373.660423391044,-487.4205081245985
400.0,373.9679170506028,-487.026960781961
400.5,374.2753968400135,-486.6334100695295
401.0,374.5828630780926,-486.2398661493401
401.5,374.89032065030347,-485.84632726657287
402.0,375.197769139941,-485.4527938208483
402.5,375.50519381847226,-485.05927081257215
403.0,375.8126062495846,-484.66575676609415
403.5,376.1200066881676,-484.272252399699
404.0,376.4273894346045,-483.8787715894723
404.5,376.73475740593767,-483.48530649172307
405.0,377.04211220013536,-483.09185548060333
405.5,377.3494466586817,-482.6984264778873
406.0,377.65676816026956,-482.30501951854626
406.5,377.9640812394042,-481.9116290003379
407.0,378.2713853698753,-481.5182598005152
407.5,378.57868608565684,-481.1249079702104
408.0,378.88598856262973,-480.7315653856411
408.5,379.1932956741311,-480.33823194243894
409.0,379.50061840356955,-479.94490846777023
409.5,379.8079493928237,-479.55158721358026
410.0,380.115288450584,-479.1582673313227
410.5,380.4226436233605,-478.764944321461
411.0,380.73001141565413,-478.37161824056426
411.5,381.0373912526445,-477.9782887013908
412.0,381.34478877126827,-477.584951317548
412.5,381.65219809667485,-477.1916090129353
413.0,381.95961710584675,-476.79826363910456
413.5,382.2670492969539,-476.4049157234363
414.0,382.57449268186315,-476.01156685836406
414.5,382.8819433784402,-475.6182203340626
415.0,383.1894020066619,-475.2248782007602
415.5,383.4968652512564,-474.831551156429
416.0,383.80432700701624,-474.43823311302725
416.5,384.1117865878065,-474.0449244551863
417.0,384.41924129569384,-473.6516364432936
417.5,384.72669171218075,-473.25836508193476
418.0,385.0341372444467,-472.86510958254473
418.5,385.3415732315445,-472.4718786257201
419.0,385.6489932489578,-472.07866988884075
419.5,385.956398852218,-471.68547859652386
420.0,386.26378578744544,-471.29230819832895
420.5,386.57114519678436,-470.8991658942683
421.0,386.87848908828977,-470.50604185750854
421.5,387.18581811741694,-470.11293600980207
422.0,387.4931278770114,-469.7198567228429
422.5,387.8004250785275,-469.32679031603647
423.0,388.10771200159877,-468.93373438785375
423.5,388.4149874697966,-468.5406899791561
424.0,388.72225507089047,-468.14765105373976
424.5,389.02951761064725,-467.75461415889987
425.0,389.3367751178553,-467.3615783011672
425.5,389.64402948598513,-466.96854429876083
426.0,389.95128227217316,-466.5755087063966
426.5,390.25853449415234,-466.182471103837
427.0,390.5657911383672,-465.78942937842095
427.5,390.8730509953194,-465.39638141181445
428.0,391.1803133160326,-465.0033285823828
428.5,391.48757835561764,-464.61027029557596
429.0,391.7948434683403,-464.2172048554457
429.5,392.1021061819543,-463.8241339100806
430.0,392.409365245069,-463.43105706936655
430.5,392.71661140041215,-463.03796896348183
431.0,393.02384212918423,-462.64486900516494
431.5,393.33105653813277,-462.2517581165294
432.0,393.63824703500535,-461.8586332151438
432.5,393.94540224082147,-461.4654920768773
433.0,394.2525283277995,-461.0723385702594
433.5,394.55962310030253,-460.6791717089328
434.0,394.8666610401146,-460.28597723266336
434.5,395.1736499318798,-459.89275707321923
435.0,395.4805921897727,-459.49951224109265
435.5,395.78747611939895,-459.1062362298923
436.0,396.09428292200994,-458.71291564268927
436.5,396.4010356090131,-458.31956292105707
437.0,396.70773354315054,-457.92617698411584
437.5,397.0143528130514,-457.53274034801814
438.0,397.32090615717146,-457.13925925421876
438.5,397.6274034640962,-456.7457405096788
439.0,397.9338426964346,-456.35218284459876
439.5,398.24019445589374,-455.9585647725388
440.0,398.5464983252967,-455.5649113505932
440.5,398.8527559398739,-455.1712237887614
441.0,399.15896118500854,-454.7774976846532
441.5,399.4651102269685,-454.3837303308619
442.0,399.77121817039585,-453.9899348332115
442.5,400.0772855006976,-453.59611243922814
443.0,400.3833019490793,-453.2022582875957
443.5,400.6892719692434,-452.80837885563824
444.0,400.99520063761094,-452.4144800605835
444.5,401.3010859500918,-452.02056267777834
445.0,401.60690851056376,-451.6266214440095
445.5,401.91268480387396,-451.2326632867002
446.0,402.21841930857397,-450.838689891123
446.5,402.52411139089116,-450.4447012448063
447.0,402.8297376918742,-450.0506934077026
447.5,403.1353135725227,-449.6566749620485
448.0,403.4408395336301,-449.26264676042314
448.5,403.746313762659,-448.86860896808093
449.0,404.05171745052945,-448.4745538850882
449.5,404.35707359345895,-448.0804833984542
450.0,404.66238540653023,-447.6863992849405
450.5,404.96765438778084,-447.29230269832556
451.0,405.27286049034825,-446.8981884004368
451.5,405.57801984759726,-446.50406305112995
452.0,405.8831360346723,-446.10992520218815
452.5,406.18821038491814,-445.7157733753372
453.0,406.4932290656148,-445.3216025929208
453.5,406.798207784996,-444.927418702694
454.0,407.10315493202705,-444.5332251465411
454.5,407.4080749555705,-444.1390232812287
455.0,407.71296981500467,-443.7448109591652
455.5,408.01784461735394,-443.3505851460248
456.0,408.3227018969622,-442.95634717267535
456.5,408.6275424594097,-442.5620978789806
457.0,408.932366794775,-442.1678387542857
457.5,409.23717833422546,-441.7735727465577
458.0,409.54198339654204,-441.3792991309798
458.5,409.84678122323544,-440.9850162977381
459.0,410.15157011842194,-440.59072273119557
459.5,410.4563424146079,-440.1964164901704
460.0,410.76110066357427,-439.8021037642858
460.5,411.0658454807411,-439.4077874346037
461.0,411.3705753905281,-439.0134697908862
461.5,411.67528171665657,-438.61915333697743
462.0,411.9799525458112,-438.2248394695826
462.5,412.28459181509464,-437.8305304357747
463.0,412.58919818409487,-437.4362266189902
463.5,412.8937702857051,-437.04192762543533
464.0,413.19829214501607,-436.6476315690429
464.5,413.50276237134693,-436.2533343235832
465.0,413.8071808581166,-435.8590336940658
465.5,414.1115452816718,-435.46472768956704
466.0,414.4158535156431,-435.0704142254556
466.5,414.7200898873862,-434.6760794588613
467.0,415.02426760685836,-434.28171960553266
467.5,415.3283827920007,-433.88732865018864
468.0,415.632432981864,-433.4929026969977
468.5,415.9364149331498,-433.0984390507172
469.0,416.24031791531195,-432.70392210716363
469.5,416.54416202440257,-432.3093587869688
470.0,416.84794661552706,-431.9147466047876
470.5,417.1516705295282,-431.5200835120783
471.0,417.4553314183057,-431.1253673003119
471.5,417.7589104535702,-430.7305815701524
472.0,418.06242879664734,-430.33574080023726
472.5,418.36588905631294,-429.94084395465075
473.0,418.66929366713936,-429.54589060097703
473.5,418.9726448814435,-429.150880942784
474.0,419.2759343626761,-428.75580431918485
474.5,419.57917398143854,-428.36067304969384
475.0,419.88237030964143,-427.9654959079243
475.5,420.18552642564356,-427.5702770240604
476.0,420.4886455770061,-427.17502025821005
476.5,420.7917293884971,-426.77972750165486
477.0,421.09477363347077,-426.3843983553048
477.5,421.397783747316,-425.989044667226
478.0,421.70075930041804,-425.5936702127192
478.5,422.0037012200437,-425.1982798207954
479.0,422.30661168337355,-424.80287964694054
479.5,422.60949070741316,-424.4074785167939
480.0,422.9123400199085,-424.0120877658269
480.5,423.2151701612756,-423.61671461201223
481.0,423.51798963099037,-423.2213668507928
481.5,423.82080732824295,-422.82605045938135
482.0,424.1236313844998,-422.43076931253165
482.5,424.42646869043233,-422.0355288766896
483.0,424.72932554966656,-421.6403381231367
483.5,425.03220685968637,-421.2451944557244
484.0,425.33511551470275,-420.85009983215946
484.5,425.63805418687906,-420.4550521985797
485.0,425.94102500888033,-420.0600474364932
485.5,426.24402905916753,-419.66508233231684
486.0,426.5470750088063,-419.27016383114284
486.5,426.850163292727,-418.8752880632026
487.0,427.15329242305444,-418.48045139749297
487.5,427.4564629799444,-418.0856523754974
488.0,427.7596763480073,-417.6908904377704
488.5,428.0629340968039,-417.2961656846072
489.0,428.36623695284453,-416.9014781367534
489.5,428.6695927842252,-416.5068331630897
490.0,428.9730023413122,-416.11223092481634
490.5,429.27646333421137,-415.71766922576955
491.0,429.57997709714147,-415.32315079819836
491.5,429.8835433096571,-414.92867811263386
492.0,430.18715877596196,-414.5342527609193
492.5,430.4908179903375,-414.13987448245376
493.0,430.79451564434635,-413.745539501665
493.5,431.0982406512402,-413.35124727802116
494.0,431.40198524018746,-412.9569940484448
494.5,431.70574078738406,-412.56277789528957
495.0,432.0094960130352,-412.16859713134454
495.5,432.3132381837341,-411.77444710925346
496.0,432.6169572669337,-411.3803227410373
496.5,432.920645519317,-410.9862180406939
497.0,433.2242937342076,-410.5921238846928
497.5,433.52789062841197,-410.1980300449235
498.0,433.8314237144051,-409.8039303477007
498.5,434.1348924766095,-409.4098124264892
499.0,434.43830001602396,-409.01567011829655
499.5,434.74164402688854,-408.6214990089475
500.0,435.04492414972424,-408.2272955116715
500.5,435.34814241334726,-407.83305854905524
501.0,435.65130291859685,-407.4387903487212
501.5,435.95441000341356,-407.04449334014254
502.0,436.25746625615113,-406.65016712873387
502.5,436.5604724996141,-406.25581057770427
503.0,436.8634288651192,-405.8614240200249
503.5,437.1663371531467,-405.4670076030936
504.0,437.46919360416075,-405.07255478703394
504.5,437.7719952939346,-404.67806804770527
505.0,438.0747377266569,-404.28354738464253
505.5,438.37742036886266,-403.8889949446218
506.0,438.68004350549853,-403.4944113995132
506.5,438.9826102204841,-403.0997973172856
507.0,439.2851245978954,-402.70515354798476
507.5,439.58758857958816,-402.31048138805033
508.0,439.8900026994145,-401.9157819926681
508.5,440.19236765947977,-401.52105815946373
509.0,440.4946835474379,-401.12631442261704
509.5,440.7969497906588,-400.7315540603889
510.0,441.0991653442251,-400.33678134131276
510.5,441.4013262998661,-399.94200247546496
511.0,441.70343048607896,-399.54722360915514
511.5,442.0054776548682,-399.1524479491518
512.0,442.30746730176463,-398.75768059009647
512.5,442.6094003539352,-398.36292439240464
513.0,442.91128322973697,-397.9681786507774
513.5,443.21311750718536,-397.57344891952596
514.0,443.51490024516653,-397.17873693965424
514.5,443.8166343454509,-396.7840411297156
515.0,444.1183222207733,-396.3893616344182
515.5,444.4199691585205,-395.99468899163696
516.0,444.7215800156233,-395.6000147823513
516.5,445.0231515262248,-395.2053345176027
517.0,445.324684386677,-394.81064279704805
517.5,445.62617682289493,-394.41593632280296
518.0,445.92761874485984,-394.0212132989377
518.5,446.2290011530237,-393.62647015752475
519.0,446.5303223681381,-393.231697896311
519.5,446.83157690068924,-392.8368932473396
520.0,447.1327564842146,-392.4420551718815
520.5,447.4338546810761,-392.04718369932675
521.0,447.7348590209169,-391.6522804581556
521.5,448.0357616240457,-391.2573490759018
522.0,448.3365645170252,-390.86238401910975
522.5,448.63726715849765,-390.46738114135553
523.0,448.9378729482314,-390.07233994866
523.5,449.23838134251463,-389.67726195817346
524.0,449.5387984276426,-389.28214737282275
524.5,449.8391353484052,-388.88699297634093
525.0,450.13940516746226,-388.4917955208893
525.5,450.43961791886886,-388.0965511873923
526.0,450.73977951115944,-387.70125654823045
526.5,451.0398989956053,-387.30591175500433
527.0,451.3399798067435,-386.9105150994461
527.5,451.64002364671154,-386.51506354451027
528.0,451.94003192412373,-386.11955763599934
528.5,452.239999790944,-385.7239966435869
529.0,452.5399187609422,-385.32838296941685
529.5,452.8397849575965,-384.93271858868786
530.0,453.13959468023984,-384.5370046403372
530.5,453.4393439045573,-384.1412463911984
531.0,453.7390327587496,-383.74544713534885
531.5,454.03865873380335,-383.3496084903457
532.0,454.3382161334091,-382.953733972548
532.5,454.6377067438359,-382.55782578042636
533.0,454.9371326928202,-382.16188495462035
533.5,455.2364940303096,-381.76591285483073
534.0,455.5357855081442,-381.36991495125557
534.5,455.8350029639769,-380.9738868470497
535.0,456.1341488644535,-380.5778224196821
535.5,456.4332285625957,-380.1817159164163
536.0,456.73224825642853,-379.7855597567604
536.5,457.03120420403883,-379.38935012595266
537.0,457.33008458809917,-378.9930862185996
537.5,457.62888445825917,-378.5967636479643
538.0,457.92760243321254,-378.20037465563905
538.5,458.2262422388078,-377.80391590463904
539.0,458.524811375388,-377.40738373710565
539.5,458.8233123921081,-377.01077416538726
540.0,459.1217389015338,-376.61408342427416
540.5,459.42008346112885,-376.217313986526
541.0,459.7183424410516,-375.8204676036929
541.5,460.0165114494751,-375.42354987400734
542.0,460.3145840821196,-375.02655371987606
542.5,460.6125688452095,-374.6294844379024
543.0,460.91045328696396,-374.2323460775862
543.5,461.2082223303925,-373.83514347342754
544.0,461.50586766979967,-373.43787877570156
544.5,461.80337882035394,-373.04055668867437
545.0,462.1007469725468,-372.6431782055465
545.5,462.3979866020261,-372.2457451262833
546.0,462.6950984857643,-371.8482626247974
546.5,462.99207778621275,-371.45073194746084
547.0,463.2889263220724,-371.0531508179806
547.5,463.58564125805657,-370.6555207719181
548.0,463.88221565595506,-370.2578377736924
548.5,464.17867442581246,-369.86010571967483
549.0,464.47502090412667,-369.462319585204
549.5,464.77126216348813,-369.06447749855715
550.0,465.0674034734022,-368.6665714567076
550.5,465.36343563673387,-368.2685946282563
551.0,465.65937937632975,-367.87055760531683
551.5,465.95523333169234,-367.47245682809955
552.0,466.2509821681913,-367.07429077434216
552.5,466.5466037372921,-366.6760514355882
553.0,466.8421105808228,-366.2777412270685
553.5,467.13751791987426,-365.87935854722446
554.0,467.4328320051284,-365.48090284899155
554.5,467.72803574924717,-365.0823636938433
555.0,468.02311086591146,-364.68374953904606
555.5,468.31804544678744,-364.2850664689198
556.0,468.6128382737379,-363.8863159780659
556.5,468.9074838660307,-363.48748415170064
557.0,469.2020108493716,-363.0885713752758
557.5,469.4964265239887,-362.6895795618089
558.0,469.79071494899955,-362.2905063436394
558.5,470.08485270241164,-361.89134511423
559.0,470.3788520769919,-361.49210674671343
559.5,470.67272052552676,-361.09279334068395
560.0,470.96645627424857,-360.6933811149036
560.5,471.2600817692447,-360.2938792587595
561.0,471.5536023092371,-359.8942922189784
561.5,471.8470017849657,-359.4946014684234
562.0,472.1402820112561,-359.0948152290922
562.5,472.4334472219939,-358.6949477631455
563.0,472.726485060191,-358.29499162991283
563.5,473.01940098099726,-357.89495377617146
564.0,473.31220810915033,-357.4948425983258
564.5,473.604901635422,-357.09463964941494
565.0,473.8974900102652,-356.6943535895953
565.5,474.1899750786486,-356.2939946838905
566.0,474.4823365629884,-355.89355716741426
566.5,474.7745969141913,-355.49305879095624
567.0,475.0667595157518,-355.092499634844
567.5,475.3588238852589,-354.6918626062577
568.0,475.65080875817887,-354.2911539149503
568.5,475.9427064196171,-353.89036940778544
569.0,476.2345328449357,-353.4895141517045
569.5,476.52629800123384,-353.0885923483277
570.0,476.8179983051211,-352.6875918598818
570.5,477.10964898645676,-352.28652178683507
571.0,477.4012461821264,-351.8853686731927
571.5,477.69279217005754,-351.48414362409034
572.0,477.9842820561126,-351.0828476605225
572.5,478.27570056046284,-350.6814919088184
573.0,478.56704298885165,-350.28008790574927
573.5,478.858292305755,-349.87864315882297
574.0,479.1494623884958,-349.47717728330065
574.5,479.44052419845605,-349.0756943053052
575.0,479.73149257476854,-348.67419313157257
575.5,480.02234250699945,-348.27266729342335
576.0,480.3130981423636,-347.87112185153876
576.5,480.60374766641314,-347.4695570887499
577.0,480.89430688360994,-347.06797924473034
577.5,481.18474889978063,-346.66638036733286
578.0,481.47508124930016,-346.26475754161885
578.5,481.7652893242694,-345.8630921849785
579.0,482.0553990611214,-345.4613924075426
579.5,482.34540108907737,-345.0596360132442
580.0,482.6353104789685,-344.65782307570555
580.5,482.925114219865,-344.25593791276077
581.0,483.2148223885077,-343.8539857256887
581.5,483.50442327741087,-343.4519582591405
582.0,483.79390501569947,-343.0498586285576
582.5,484.08327705197803,-342.64768977977303
583.0,484.37251881640304,-342.24543455360305
583.5,484.6616427499133,-341.84310204805837
584.0,484.9506414138793,-341.440679994896
584.5,485.2395274739163,-341.03816866087925
585.0,485.5283041214717,-340.63556855739785
585.5,485.81696094780096,-340.23287186173786
586.0,486.1055096394355,-339.8300827412267
586.5,486.3939422999123,-339.4271940261707
587.0,486.6822667951532,-339.02420026724405
587.5,486.97049063596825,-338.621103705537
588.0,487.2586061643893,-338.2178922298175
588.5,487.5465927770121,-337.81457222271644
589.0,487.83443060546585,-337.41114627747294
589.5,488.12208405351356,-337.00760349173316
590.0,488.4095358314445,-336.60394189942184
590.5,488.69678612992675,-336.20015208847656
591.0,488.9838275471803,-335.79621010090125
591.5,489.27064408035733,-335.39209942243696
592.0,489.55723523279005,-334.9878159096001
592.5,489.8435910902351,-334.5833503470979
593.0,490.12967998716545,-334.17868318482067
593.5,490.41552339109376,-333.77381889588077
594.0,490.70112403641747,-333.36874809442753
594.5,490.9864730114639,-332.96346184752167
595.0,491.2715473600144,-332.55793554964976
595.5,491.55634543803217,-332.1521765078923
596.0,491.8408645542124,-331.7461861248486
596.5,492.1250951798313,-331.33996358994915
597.0,492.4090408084626,-330.9335053973905
597.5,492.69267892641284,-330.5267959218059
598.0,492.9760162680396,-330.1198460210971
598.5,493.25907471672554,-329.7126556775803
599.0,493.54186509913654,-329.30521925688436
599.5,493.82439105702406,-328.8975343293111
600.0,494.10665523564006,-328.4896048543972
600.5,494.3886525797701,-328.0814242191932
601.0,494.6703416890908,-327.67299578824077
601.5,494.95173689840647,-327.2643266511192
602.0,495.2328371953217,-326.85541811015776
602.5,495.51363791355,-326.4462761119584
603.0,495.7941297920419,-326.0369033304595
603.5,496.07432118659307,-325.6272971626614
604.0,496.3542143950091,-325.2174589149457
604.5,496.63382311878854,-324.80738406037955
605.0,496.91314715673997,-324.3970720825019
605.5,497.19217324699696,-323.98652617541813
606.0,497.4708685523043,-323.5757459745323
606.5,497.749212801524,-323.1647252186502
607.0,498.0272026044677,-322.7534534670473
607.5,498.30485696882516,-322.3419173827803
608.0,498.58219071147056,-321.9300951769003
608.5,498.8591745247657,-321.51797205586774
609.0,499.1357855667001,-321.1055348483743
609.5,499.4119832695654,-320.69276623646726
610.0,499.68773268397126,-320.2796536908007
610.5,499.9629951114297,-319.8661886785463
611.0,500.2377590473842,-319.45235148162413
611.5,500.5120081130756,-319.03815411303793
612.0,500.7857687505552,-318.6235879795303
612.5,501.0590778742171,-318.2086433684244
613.0,501.3319317710218,-317.7933096219904
613.5,501.6042822070967,-317.37758042374503
614.0,501.87606025709397,-316.9614341869762
614.5,502.14726811706913,-316.54488435737153
615.0,502.41792571395547,-316.12792135947257
615.5,502.6880437246133,-315.7105312819223
616.0,502.9575840750443,-315.2926894190178
616.5,503.22650467806847,-314.87439583117896
617.0,503.4947862304974,-314.455664713878
617.5,503.76243109936166,-314.0364989959683
618.0,504.0294814633098,-313.61688222578266
618.5,504.2960122887215,-313.1968332717162
619.0,504.5619757746757,-312.77634945299565
619.5,504.82729245488105,-312.355424705924
620.0,505.092003015152,-311.93409020339726
620.5,505.35610673979755,-311.5123353767179
621.0,505.61963471518135,-311.0901643362682
621.5,505.8826457475293,-310.66758685868706
622.0,506.14508339096255,-310.244572489761
622.5,506.40691962023254,-309.82114154132495
623.0,506.6680541310036,-309.3972352552866
623.5,506.92848394925477,-308.9728517417489
624.0,507.18806644710065,-308.54791040908833
624.5,507.4467356736148,-308.12237452068007
625.0,507.7043342439199,-307.6961248846794
625.5,507.96079942534317,-307.2691171416598
626.0,508.2158078499406,-306.8411806770811
626.5,508.4691609805825,-306.4122404289932
627.0,508.72062426385094,-305.9821734578619
627.5,508.96998916597335,-305.5508783916058
628.0,509.2170919018551,-305.11827902543774
628.5,509.4615641230576,-304.6841793940464
629.0,509.7033386276089,-304.24856231593606
629.5,509.9422749374174,-303.8113492385152
630.0,510.17815893094536,-303.37241992533336
630.5,510.41077265438787,-302.9316938954531
631.0,510.63967429009625,-302.48899522544696
631.5,510.86438391268655,-302.04415839863464
632.0,511.084833764032,-301.597206369157
632.5,511.3010680356676,-301.148166934566
633.0,511.5130978128969,-300.69704105091137
633.5,511.72079383040744,-300.24382036213495
634.0,511.92403140280237,-299.7884890304287
634.5,512.1223843293801,-299.33091946680685
635.0,512.3155932353228,-298.871095698994
635.5,512.5032130148543,-298.40893773616693
636.0,512.6849743116304,-297.9444309626047
636.5,512.8606456804653,-297.47757341693443
637.0,513.0301808050338,-297.0084275117731
637.5,513.193416473085,-296.53700155455056
638.0,513.3499534213101,-296.0632485571776
638.5,513.4989477742738,-295.58702321909163
639.0,513.6398833106017,-295.10833185873895
639.5,513.7723509931636,-294.6272170648354
640.0,513.8960460423725,-294.14375841096296
640.5,514.0106429213728,-293.65804328040974
641.0,514.115879237453,-293.1701826310842
641.5,514.2120268841084,-292.6803945375373
642.0,514.2988466657702,-292.18880193735015
642.5,514.3756666689475,-291.6954931286493
643.0,514.4416819364038,-291.20058102621044
643.5,514.496215501249,-290.7042416395244
644.0,514.5389795836732,-290.2067209798697
644.5,514.569959844217,-289.70828110608693
645.0,514.5892768424101,-289.20920046846175
645.5,514.5961509871466,-288.70976307987746
646.0,514.5900081607108,-288.210296560145
646.5,514.5707879172282,-287.71114312952807
647.0,514.5380796092887,-287.21268797097673
647.5,514.4920312757009,-286.7152692299602
648.0,514.4331011010248,-286.2191706786093
648.5,514.3612238692629,-285.724741088862
649.0,514.2760429107815,-285.23239408169576
649.5,514.1770524252871,-284.74261664091154
650.0,514.0638092332224,-284.2559399968335
650.5,513.9367058816131,-283.77270375108503
651.0,513.7965977119961,-283.29306771904834
651.5,513.64412720215,-282.81719085487015
652.0,513.4794042603177,-282.3453867778603
652.5,513.30177476363,-281.8782817374422
653.0,513.1110965296039,-281.4163570211636
653.5,512.9080286268522,-280.9597351794959
654.0,512.6938342130891,-280.5081876337447
654.5,512.469637833051,-280.0614718693787
655.0,512.2345800971436,-279.6203315516138
655.5,511.98840388881763,-279.1852835041233
656.0,511.73132694281117,-278.7565988777924
656.5,511.46411424809776,-278.3341624551206
657.0,511.18751906448136,-277.91778938787394
657.5,510.90215648518154,-277.50733427406203
658.0,510.6073763502643,-277.1035650408294
658.5,510.3021401181372,-276.7076382859032
659.0,509.9865481413254,-276.3199184717659
659.5,509.66138112390973,-275.94018586361113
660.0,509.32732398850567,-275.5682336533773
660.5,508.98464847850283,-275.2041902794141
661.0,508.6327931691909,-274.8490189931203
661.5,508.271818241978,-274.5031516328205
662.0,507.9032261324669,-274.16544206599684
662.5,507.52825808423125,-273.8348188380341
663.0,507.14675649358463,-273.5117407256966
663.5,506.75817913765684,-273.1972081440788
664.0,506.36290094267054,-272.8911319116393
664.5,505.9612671038046,-272.59343332899385
665.0,505.5536921832014,-272.303900474913
665.5,505.1401563103876,-272.02292576845605
666.0,504.7206682839848,-271.75090531482147
666.5,504.29501000317083,-271.4886528778887
667.0,503.86356459879244,-271.2360438890073
667.5,503.4269463143392,-270.99249078563895
668.0,502.9856445714779,-270.75752056236433
668.5,502.53983929393587,-270.53119554209223
669.0,502.0896648838355,-270.3136767982744
669.5,501.6353188168499,-270.1050010303346
670.0,501.1768223169129,-269.905606215314
670.5,500.71421126102325,-269.71595428225527
671.0,500.24779284683973,-269.53586194968796
671.5,499.77798140202435,-269.364801023746
672.0,499.3050413946276,-269.20257416868503
672.5,498.8290650809623,-269.04947782672906
673.0,498.350148370715,-268.9058489680224
673.5,497.86836787183495,-268.7721475953094
674.0,497.3838753266085,-268.648634299876
674.5,496.8970094673946,-268.5348252134945
675.0,496.40813304086424,-268.4299751995203
675.5,495.9174838864627,-268.3337658902089
676.0,495.4252272250731,-268.2461732485886
676.5,494.9314769784117,-268.1674536094966
677.0,494.43638034901574,-268.0976999286454
677.5,493.94011258129416,-268.03681910555883
678.0,493.4428892637078,-267.98430398270597
678.5,492.94492988435087,-267.93932386806546
679.0,492.4463710172324,-267.90160845582443
679.5,491.94732304605424,-267.8711145918404
680.0,491.4478885471928,-267.8479393493397
680.5,490.9481676149101,-267.8321966406713
681.0,490.4482710041773,-267.82368337391307
681.5,489.9483079840391,-267.8220790914223
682.0,489.4483734525272,-267.8268678903444
682.5,488.94854465361897,-267.8377443234366
683.0,488.4488990468373,-267.85475097110015
683.5,487.94951771774464,-267.8781488200001
684.0,487.4504625290725,-267.90770512807904
684.5,486.95179243485177,-267.9431662905239
685.0,486.45353072244984,-267.9838520909128
685.5,485.9556957140434,-268.0292831257857
686.0,485.4583534781766,-268.0795979694136
686.5,484.96153759583626,-268.1346720883848
687.0,484.4653240704443,-268.19482255089633
687.5,483.96977715252297,-268.2601908054611
688.0,483.474903329552,-268.33043196599067
688.5,482.98075856730543,-268.4055283079028
689.0,482.4873206724591,-268.4849944788332
689.5,481.99467492347105,-268.56906710561293
690.0,481.50283932266325,-268.6576201540637
690.5,481.01189484668475,-268.75087687441913
691.0,480.52184488516957,-268.8486337598391
691.5,480.032730557123,-268.95087227271415
692.0,479.54452777416503,-269.0572651237877
692.5,479.05728934335474,-269.1678738558272
693.0,478.57101514805674,-269.2825588759375
693.5,478.085774260722,-269.4014564583624
694.0,477.60154227277684,-269.5243410136332
694.5,477.118382161781,-269.65130171860096
695.0,476.63615094542234,-269.7815980269895
695.5,476.15484572715457,-269.91503406926046
696.0,475.67445555827624,-270.0514522062309
696.5,475.1950636521621,-270.19109386606215
697.0,474.7169079986584,-270.33490408737663
697.5,474.23994720929255,-270.4827342225528
698.0,473.7641081240728,-270.6341553215035
698.5,473.2892448358979,-270.78849302533894
699.0,472.81528836080207,-270.94535440767874
699.5,472.3423550925082,-271.1050034990222
700.0,471.87049556779476,-271.26767128132104
700.5,471.3997154754119,-271.4334056312393
701.0,470.92997718716845,-271.6020281474337
701.5,470.4611835572981,-271.773227039538
702.0,469.9933013468841,-271.9468554501389
702.5,469.5263486961375,-272.122894772298
703.0,469.0602862202007,-272.3011946449228
703.5,468.5950730185114,-272.4815663156019
704.0,468.1306854438595,-272.6638784141212
704.5,467.6671570523926,-272.8481666530411
705.0,467.2044714089673,-273.0344141931519
705.5,466.74264635979125,-273.2226871476426
706.0,466.2816738275053,-273.412993830529
706.5,465.8215261737595,-273.6052625372552
707.0,465.3621182026561,-273.7992501010191
707.5,464.90335479697285,-273.99465610670296
708.0,464.4451705858828,-274.1912745784989
708.5,463.9875174970075,-274.38899503104324
709.0,463.53034245627276,-274.58770986518033
709.5,463.0735892024643,-274.78731870523296
710.0,462.61718574821543,-274.98768990161597
710.5,462.16106412828543,-275.18867492390785
711.0,461.7051776337727,-275.39015299621843
711.5,461.24949236265235,-275.5920101237245
712.0,460.7939828662927,-275.79415536129073
712.5,460.3386303058152,-275.99652230555466
713.0,459.8834181054612,-276.19907954232934
713.5,459.42832332546914,-276.40181505094455
714.0,458.9733356293797,-276.6047047906841
714.5,458.5184440992952,-276.80771176292535
715.0,458.0636385001873,-277.01080622708525
715.5,457.60890612950203,-277.21396389975587
716.0,457.1542411013156,-277.41717694053085
716.5,456.69963431980204,-277.6204419539466
717.0,456.2450897160245,-277.8237437193646
717.5,455.7906134824428,-278.0270507165994
718.0,455.3362030976539,-278.2303460249722
718.5,454.8818511897693,-278.4336268156362
719.0,454.4275481936119,-278.63689926636624
719.5,453.97327815701505,-278.8401490994546
720.0,453.5190239773381,-279.04335580902267
720.5,453.0647710622085,-279.24650290806994
721.0,452.61053013876204,-279.44957973697916
721.5,452.15631150941164,-279.65259044110763
722.0,451.70211588730365,-279.8555286896459
722.5,451.2479475479061,-280.0583820056078
723.0,450.7938009886899,-280.261144179669
723.5,450.3396583522051,-280.4638216874085
724.0,449.88551036080236,-280.6664138305229
724.5,449.43134865913714,-280.8689209462844
725.0,448.97717982764124,-281.07134106247025
725.5,448.52302000306014,-281.2736721167155
726.0,448.0688732384622,-281.475907433222
726.5,447.61472358480853,-281.67802428951615
727.0,447.1605650562866,-281.8800262655376
727.5,446.7064009974515,-282.0819136630888
728.0,446.25223365736895,-282.2836713245487
728.5,445.79806188486606,-282.4852938894142
729.0,445.3438777018247,-282.68678160945547
729.5,444.889661557681,-282.88812127371784
730.0,444.43540107603803,-283.08929696366465
730.5,443.9811018809184,-283.2903170230396
731.0,443.5267688538018,-283.49116490401667
731.5,443.0723938131676,-283.6918212262738
732.0,442.61797186398917,-283.8923118260741
732.5,442.1634869998106,-284.09261620211817
733.0,441.7089373530014,-284.29274914060994
733.5,441.25434778496725,-284.49274448942003
734.0,440.799736239516,-284.69262447209655
734.5,440.345127057573,-284.8924260813317
735.0,439.8905235522615,-285.09216969352167
735.5,439.43592496059665,-285.29187108422695
736.0,438.9813324927237,-285.4915531804247
736.5,438.5267483770118,-285.69123257803716
737.0,438.0721786210349,-285.8909238774952
737.5,437.6176254668484,-286.09062618167775
738.0,437.16309174130726,-286.29034464906283
738.5,436.7085683235302,-286.49007616425064
739.0,436.254057064935,-286.6898166712105
739.5,435.7995576148803,-286.8895609123225
740.0,435.34506363527265,-287.0893174384473
740.5,434.89057191908756,-287.2890824582855
741.0,434.4360872556923,-287.4888505991172
741.5,433.9816124699573,-287.6886284461802
742.0,433.52714365937766,-287.8884174159575
742.5,433.07268377306343,-288.0882127382182
743.0,432.6182315595487,-288.2880063728893
743.5,432.16378419096884,-288.4877939054326
744.0,431.70933563361285,-288.68757706616486
744.5,431.25488442936285,-288.887353271368
745.0,430.8004191010624,-289.08710458320286
745.5,430.3459066713946,-289.28681710129564
746.0,429.89133743315375,-289.48649149821705
746.5,429.43669668122493,-289.6860997853363
747.0,428.98199218007085,-289.88562624770327
747.5,428.5272240063805,-290.08504563775784
748.0,428.0724042855433,-290.28435328849775
748.5,427.61753531170564,-290.4835514704063
749.0,427.1626033235929,-290.6826369800691
749.5,426.707613644882,-290.88163335460536
750.0,426.25257652697644,-291.0805307639143
750.5,425.7975395185455,-291.2793476662231
751.0,425.3425188976214,-291.47807365687726
751.5,424.8875167173219,-291.6767126238305
752.0,424.43252313955077,-291.87527710741597
752.5,423.97752802452834,-292.07374035802377
753.0,423.52251887505275,-292.2721063463302
753.5,423.0675055905152,-292.47034436325555
754.0,422.61248020459243,-292.6684297239071
754.5,422.1574020605127,-292.866336112766
755.0,421.7021976594348,-293.0639667446337
755.5,421.24684334530514,-293.2612989730173
756.0,420.7913365823197,-293.4583278724764
756.5,420.33564952563603,-293.65498595722073
757.0,419.87981316207174,-293.85133294703184
757.5,419.423822424752,-294.04737818111937
758.0,418.96765003890766,-294.2430843843539
758.5,418.5113352012707,-294.4385239789652
759.0,418.0548982359816,-294.6337216878866
759.5,417.5983423797947,-294.82865240555776
760.0,417.1416817041392,-295.02334928611657
760.5,416.684922640207,-295.21783308900757
761.0,416.22805395417333,-295.41210306932516
761.5,415.77108342569716,-295.60618835546614
762.0,415.3140273897953,-295.80012253586847
762.5,414.85689552302995,-295.9939133527989
763.0,414.3996989306896,-296.1875732886521
763.5,413.94245112047787,-296.3811205003364
764.0,413.48514521615635,-296.57455642040156
764.5,413.0277607045975,-296.7678712580309
765.0,412.5703043635101,-296.9610924390002
765.5,412.1127833274771,-297.1542259155096
766.0,411.6552010649537,-297.3472699354675
766.5,411.19757212032084,-297.54022608073393
767.0,410.7399013225483,-297.73309661597915
767.5,410.28218353610833,-297.92587536211715
768.0,409.82440102507815,-298.1185482654889
768.5,409.3665598167508,-298.3111219288844
769.0,408.9086550753895,-298.5035879625101
769.5,408.4506835507087,-298.69593570960774
770.0,407.99263698140885,-298.8881410853239
770.5,407.5345202180826,-299.0801998895683
771.0,407.07632360806014,-299.27209859972294
771.5,406.61803791942515,-299.46381961386925
772.0,406.15964179438146,-299.65532730716
772.5,405.7011379463274,-299.8466383954826
773.0,405.24252665517184,-300.0377426060939
773.5,404.7838073471375,-300.2286361201933
774.0,404.32495943649,-300.4192798200305
774.5,403.86598137870953,-300.60969066990805
775.0,403.40686696360393,-300.7998678493021
775.5,402.94761877365823,-300.9898126127699
776.0,402.4882481513692,-301.17951562855757
776.5,402.0287603276331,-301.3689626947091
777.0,401.5691689429471,-301.5581705258071
777.5,401.10946417374197,-301.74712846899183
778.0,400.64963039299903,-301.93582126191274
778.5,400.18965340995743,-302.1242293717716
779.0,399.7295430961722,-302.31235174738947
779.5,399.26932293383226,-302.5002120600082
780.0,398.8090003288184,-302.6878178472267
780.5,398.3485745060865,-302.87516485423583
781.0,397.88802604006395,-303.0622387095077
781.5,397.42732705569483,-303.2490072167783
782.0,396.9665034510519,-303.43550365068285
782.5,396.5055578262487,-303.62172634304557
783.0,396.04449431023636,-303.8076752330219
783.5,395.5833221636574,-303.9933497067809
784.0,395.12202951325486,-304.17872680476245
784.5,394.6605844682652,-304.3637691022728
785.0,394.19899695253264,-304.54850271152986
785.5,393.73726835483114,-304.7329280748855
786.0,393.27540639393317,-304.9170458482642
786.5,392.8134199131091,-305.10085731512237
787.0,392.3513093605433,-305.2843567820067
787.5,391.8890515977902,-305.4675053796949
788.0,391.42663784002457,-305.65030440014635
788.5,390.96406820604426,-305.83276720765474
789.0,390.50134727686003,-306.0148939919038
789.5,390.0384788245021,-306.19668282539567
790.0,389.5754592423603,-306.3781247881073
790.5,389.11228055003585,-306.55921445151637
791.0,388.6489224056399,-306.73991531297133
791.5,388.1853984126998,-306.92025824761924
792.0,387.7217177111187,-307.1002563158025
792.5,387.2578819487891,-307.2799135979986
793.0,386.7938896186586,-307.4592337559709
793.5,386.3297451134638,-307.63822218828875
794.0,385.86544990697996,-307.8168793901382
794.5,385.40100044009495,-307.9951987170702
795.0,384.936412105986,-308.17319098790034
795.5,384.47169424226814,-308.3508653765442
796.0,384.00684229555736,-308.5282192757651
796.5,383.541852601108,-308.7052488596961
797.0,383.07671494159035,-308.88194371205685
797.5,382.61141794813125,-309.05829935999463
798.0,382.1459637021311,-309.234314643984
798.5,381.6803426145144,-309.4099589020742
799.0,381.21457470209884,-309.5852666822219
799.5,380.7486608640095,-309.7602407429844
800.0,380.28259949945397,-309.93488183610646
800.5,379.8163887103477,-310.10919490793464
801.0,379.3500282372288,-310.283181589355
801.5,378.88351614014124,-310.4568436262124
802.0,378.4168569982807,-310.6301799232979
802.5,377.9500608807065,-310.803189828813
803.0,377.48314451582996,-310.97589699143555
803.5,377.01610957557284,-311.1482990385482
804.0,376.54895442609194,-311.3203902937291
804.5,376.0816675623097,-311.4921560483105
805.0,375.61424043363246,-311.6635886241501
805.5,375.1466784957144,-311.83468664912914
806.0,374.6789813969973,-312.00543463569466
806.5,374.21114754846417,-312.1758180956247
807.0,373.74317867864005,-312.34584658173435
807.5,373.2750592854756,-312.5154949601504
808.0,372.8067736583359,-312.68474521741996
808.5,372.3383143414039,-312.853587204232
809.0,371.86967971383604,-313.0220145335162
809.5,371.400871367062,-313.19002308252624
810.0,370.93188415630914,-313.35759403521917
810.5,370.4627055587936,-313.5247018206005
811.0,369.9933377371047,-313.69135824107065
811.5,369.5237788559573,-313.85755088292717
812.0,369.0540313319804,-314.02328248014675
812.5,368.58409885011366,-314.188547923768
813.0,368.1139829187668,-314.35334227602124
813.5,367.6436833081868,-314.51765536274536
814.0,367.1731893598338,-314.68146025133444
814.5,366.70250490453924,-314.84474740351664
815.0,366.231639428099,-315.0075306090933
815.5,365.7605890690777,-315.1697985726166
816.0,365.2893494088937,-315.3315367215702
816.5,364.81791106654447,-315.49272055337207
817.0,364.34626710276257,-315.65332831882984
817.5,363.87440752791844,-315.8133372535579
818.0,363.4023001809606,-315.97265663594453
818.5,362.92995529854096,-316.13131846495736
819.0,362.45736112880127,-316.2892923404528
819.5,361.98451354158846,-316.44656171216684
820.0,361.51141350796036,-316.60311495448406
820.5,361.03805824180006,-316.75893489582387
821.0,360.5644447342216,-316.91400645872466
821.5,360.09054137526834,-317.068229928711
822.0,359.6163687074355,-317.22165523305523
822.5,359.1419269492533,-317.37427470371466
823.0,358.6672174656557,-317.5260783965747
823.5,358.19223629512777,-317.6770427086156
824.0,357.7169699589271,-317.8271296848258
824.5,357.24139899978525,-317.9762872108032
825.0,356.76546780339476,-318.1243615853223
825.5,356.2891928788079,-318.27140989178173
826.0,355.81257116992396,-318.4174071695943
826.5,355.33561273728753,-318.56235392965397
827.0,354.8583229550758,-318.7062438973923
827.5,354.38070433466095,-318.8490745336061
828.0,353.90273201240404,-318.99076717886015
828.5,353.42440964051343,-319.1313378342226
829.0,352.94577212487184,-319.27087394775066
829.5,352.46685142076467,-319.4094500042735
830.0,351.9876865044604,-319.54714115040093
830.5,351.50830687336963,-319.684000160527
831.0,351.0287261407807,-319.8200308045855
831.5,350.5489247818457,-319.9551334671009
832.0,350.06888878768865,-320.08929412511696
832.5,349.58859157279664,-320.22243840315275
833.0,349.108014913817,-320.35450245266975
833.5,348.627132072581,-320.4853996185579
834.0,348.14589928203344,-320.6149887906427
834.5,347.664229685335,-320.7429752660157
835.0,347.18210148837403,-320.86930978694505
835.5,346.69947217071814,-320.99385596960116
836.0,346.2163213148488,-321.1165365603339
836.5,345.73264707629664,-321.2373410484346
837.0,345.24843568804874,-321.35621458966926
837.5,344.76369869544044,-321.4731764413207
838.0,344.27851189749254,-321.5884627303976
838.5,343.79291348415296,-321.702176884887
839.0,343.30695465546273,-321.8144635438862
839.5,342.8206764362001,-321.9254229247868
840.0,342.33406834229027,-322.03496551304056
840.5,341.847173056276,-322.1432371951579
841.0,341.3600223724625,-322.25031930038097
841.5,340.8726168690806,-322.35620373708866
842.0,340.3849686633235,-322.46092255939385
842.5,339.89710049610903,-322.564508380412
843.0,339.4089834766001,-322.6667704343743
843.5,338.92060643113155,-322.76769791726485
844.0,338.43192650306827,-322.8671240477425
844.5,337.9429149528053,-322.9649247617137
845.0,337.4535475168371,-323.06099024198323
845.5,336.9637895086612,-323.1551419253029
846.0,336.47369161396523,-323.2475381641898
846.5,335.98325769889135,-323.3381898994794
847.0,335.4924688839353,-323.42703087555077
847.5,335.00133589841,-323.5140882136421
848.0,334.50986078323876,-323.59929711094753
848.5,334.0180710339639,-323.68274926770926
849.0,333.52600765018786,-323.76460442751363
849.5,333.0336804205521,-323.8448677023145
850.0,332.54110421290704,-323.92357276810685
850.5,332.0482765380252,-324.0006417865662
851.0,331.5551953420797,-324.0760115931903
851.5,331.06187051774396,-324.14972104473225
852.0,330.56828879545,-324.22167599739686
852.5,330.0744344953602,-324.29177026171175
853.0,329.5802846141278,-324.35981621545073
853.5,329.08582219489836,-324.4256428383683
854.0,328.59106709023996,-324.4893444375505
854.5,328.09601069157765,-324.55081502685715
855.0,327.6006481726767,-324.609986234139
855.5,327.1049645705365,-324.66668643211364
856.0,326.60896396159393,-324.7208774218021
856.5,326.1126909385106,-324.7728206325747
857.0,325.61616943653064,-324.8226040371349
857.5,325.1194234475967,-324.8703222743894
858.0,324.6224620971917,-324.91590510268685
858.5,324.1253105246345,-324.9594779800191
859.0,323.6280002000411,-325.0012294468107
859.5,323.130543092516,-325.0411734357312
860.0,322.6329488354577,-325.0793176034217
860.5,322.13521294999737,-325.11547551068
861.0,321.6373506723197,-325.1497251676882
861.5,321.1393720359197,-325.1821121284337
862.0,320.64127917256263,-325.21257173030955
862.5,320.143064972476,-325.2409632522091
863.0,319.64470942223136,-325.26687773069955
863.5,319.1462344393739,-325.2905159461574
864.0,318.64764941796267,-325.31189552210617
864.5,318.1489643300972,-325.33099586153406
865.0,317.65018347414434,-325.3476945501096
865.5,317.1513041016232,-325.3617195730327
866.0,316.65234562461677,-325.37337064061666
866.5,316.15332485866065,-325.382709631903
867.0,315.65425272898585,-325.3897890538567
867.5,315.15514282021167,-325.3945008597985
868.0,314.6560158568836,-325.39702520685586
868.5,314.1568832775868,-325.3975193327109
869.0,313.6577539480504,-325.39598698163553
869.5,313.1586365075498,-325.39238809033475
870.0,312.65954188762043,-325.38635375706986
870.5,312.16047217208165,-325.37817409976066
871.0,311.66144149090314,-325.3678837346469
871.5,311.1624585211842,-325.3555276579899
872.0,310.66353598115575,-325.3409487983734
872.5,310.16468592994767,-325.3240683240147
873.0,309.66591292832226,-325.30497925460674
873.5,309.16722244251497,-325.283657223541
874.0,308.668619991727,-325.2601347357908
874.5,308.1701243975776,-325.23415361847117
875.0,307.67173273345827,-325.20606939342144
875.5,307.1734493984654,-325.1760098306933
876.0,306.67528071817736,-325.1440629718787
876.5,306.17723892113145,-325.11020983146324
877.0,305.6793393676418,-325.07435410768045
877.5,305.18157369764094,-325.03666280429275
878.0,304.6839494260707,-324.99711400583624
878.5,304.1864720459411,-324.9556971938887
879.0,303.689160301094,-324.9122581866763
879.5,303.1920154857608,-324.86691176360273
880.0,302.6950328559595,-324.81978712728113
880.5,302.1982200287567,-324.77086822835724
881.0,301.7015839365549,-324.72011487733437
881.5,301.20515656447446,-324.6672996480473
882.0,300.7089204401929,-324.6126984375023
882.5,300.2128811780057,-324.55629247435536
883.0,299.7170428071638,-324.498080151029
883.5,299.22142241062113,-324.4379656094961
884.0,298.7260377607203,-324.3758286524605
884.5,298.2308690152718,-324.31188998989126
885.0,297.7359190363508,-324.2462304107585
885.5,297.2411957637537,-324.17885604071046
886.0,296.7467272447992,-324.1095919853879
886.5,296.25251627358017,-324.0384703826268
887.0,295.75855388024587,-323.96560560215977
887.5,295.2648430458134,-323.8910267089586
888.0,294.7713912140854,-323.8147331689869
888.5,294.2782400385133,-323.7364946331211
889.0,293.78537094675903,-323.65645617341465
889.5,293.29278628246146,-323.5746344527514
890.0,292.80049266950266,-323.4910256608393
890.5,292.30849927165116,-323.4056180086238
891.0,291.81685704155655,-323.3181641161533
891.5,291.3255388226245,-323.2288566208874
892.0,290.8345582704276,-323.13764107464146
892.5,290.34392675680607,-323.0444906377999
893.0,289.8536697813084,-322.94930690130093
893.5,289.36382263036535,-322.85194234780124
894.0,288.8743531672522,-322.75261225569955
894.5,288.385263848248,-322.6513442370012
895.0,287.8965543647998,-322.5481868971685
895.5,287.40825408619224,-322.4430456088797
896.0,286.92037455688546,-322.33589712649655
896.5,286.4328854368319,-322.2269372935518
897.0,285.94578965972084,-322.1161927374552
897.5,285.4590967904789,-322.0036533029747
898.0,284.9728455309596,-321.8891896940445
898.5,284.4870469516321,-321.7727935418548
899.0,284.00169013696785,-321.6545347175926
899.5,283.5167844041138,-321.5344063909488
900.0,283.0323413334798,-321.4123966738497
900.5,282.5484180683198,-321.28830932028364
901.0,282.06500242242856,-321.16223208447866
901.5,281.582084719097,-321.0342344350247
902.0,281.0996801861408,-320.9042837952829
902.5,280.61779884887954,-320.77237041502167
903.0,280.1365070230848,-320.6382810802379
903.5,279.6557709895381,-320.50217685624983
904.0,279.17558101982144,-320.36412319217146
904.5,278.69593211553774,-320.22417546321884
905.0,278.2168242155977,-320.0823712752932
905.5,277.73833091936075,-319.9384895476271
906.0,277.2604237963107,-319.7926537066939
906.5,276.7830907325898,-319.6449352217741
907.0,276.3063497169802,-319.4953037315568
907.5,275.83020764549013,-319.3437608145558
908.0,275.35474520880194,-319.19009192642795
908.5,274.8799118853261,-319.0344844186876
909.0,274.405715190124,-318.8769376207901
909.5,273.93217021911045,-318.71742829727515
910.0,273.45928913346347,-318.5559486630217
910.5,272.98715804667154,-318.3922751896189
911.0,272.51571215665587,-318.2266313818758
911.5,272.0449508577155,-318.05904518322257
912.0,271.574903946688,-317.88945326295476
912.5,271.10559930383835,-317.71779450873385
913.0,270.6371354041699,-317.5438315854459
913.5,270.16943792440725,-317.36780253301396
914.0,269.70248317674435,-317.1898000882688
914.5,269.2362785522297,-317.00983464411155
915.0,268.77084107831286,-316.8278858744462
915.5,268.30628840142856,-316.64367499619897
916.0,267.84257725095904,-316.4573429234161
916.5,267.37970327400376,-316.2689239884627
917.0,266.9176680906944,-316.07844041379525
917.5,266.4564667437956,-315.88593048290045
918.0,265.9961883643969,-315.6912107075213
918.5,265.5367733824184,-315.49445144833345
919.0,265.0782021498644,-315.295725139707
919.5,264.62048547319256,-315.0950277817981
920.0,264.16363084081945,-314.8923659196661
920.5,263.70772407825785,-314.68757410732775
921.0,263.25275847146116,-314.4806907088159
921.5,262.7987208507002,-314.2717644372432
922.0,262.3456126640728,-314.06081634010314
922.5,261.89343727769153,-313.84786549628404
923.0,261.4422871544429,-313.63273682854657
923.5,260.9921561623932,-313.4154725207372
924.0,260.54300745746235,-313.1961731555988
924.5,260.09484270349765,-312.9748575832493
925.0,259.6476506680638,-312.75157349146525
925.5,259.2015228457274,-312.5261621284646
926.0,258.756483364052,-312.2985971485776
926.5,258.31245410982905,-312.069058461263
927.0,257.8694311680028,-311.8375753964967
927.5,257.42740405099966,-311.60418938652543
928.0,256.9864142054929,-311.3688457734613
928.5,256.54654421579613,-311.131411075599
929.0,256.1077343412542,-310.89201640107615
929.5,255.6699938200763,-310.65066570528916
930.0,255.23331977337008,-310.40738646382516
930.5,254.797739826896,-310.1621516923831
931.0,254.36336080754478,-309.91479355522387
931.5,253.93008218474338,-309.6655091483139
932.0,253.49790659777872,-309.41431465610015
932.5,253.0668845073345,-309.1611430512294
933.0,252.63706681360813,-308.90592368428395
933.5,252.20860501214028,-308.64842669016673
934.0,251.7813619165714,-308.3889065465925
934.5,251.35533039328692,-308.12739426970137
935.0,250.93048275775746,-307.8639590619918
935.5,250.50683109360597,-307.59860224856396
936.0,250.08458566720316,-307.3310091643826
936.5,249.6636301047721,-307.061385448942
937.0,249.2439813951063,-306.7897270237011
937.5,248.82565921078262,-306.5160237480709
938.0,248.40867155058396,-306.24028487943485
938.5,247.99315822782083,-305.9623235222343
939.0,247.57903580477898,-305.6822894240535
939.5,247.16627089962543,-305.4002536814893
940.0,246.75489657349996,-305.11618788112736
940.5,246.34492839152156,-304.8300900673479
941.0,245.936452208019,-304.54186141201416
941.5,245.52941841737686,-304.2515971036418
942.0,245.12374272106814,-303.95943577102935
942.5,244.71942870130636,-303.6653912595702
943.0,244.3165229426156,-303.36941655311136
943.5,243.91511473211668,-303.0714085446321
944.0,243.51526953629264,-302.7713026324283
944.5,243.11681704604317,-302.46934788803065
945.0,242.7197635931929,-302.16555421145057
945.5,242.3241235346299,-301.85991983672733
946.0,241.92998383076508,-301.55234883298533
946.5,241.5375481409484,-301.24259982969556
947.0,241.14663518068025,-300.93092668732936
947.5,240.75723715132727,-300.61735805271223
948.0,240.3693393756132,-300.3019308644588
948.5,239.98292443007932,-299.98468476442343
949.0,239.59817133052655,-299.66542063409895
949.5,239.21496648121234,-299.3442948134141
950.0,238.83325775574,-299.02138741512675
950.5,238.4530288478851,-298.69673462426346
951.0,238.0742500542772,-298.37038726431445
951.5,237.69698840241182,-298.04228427053687
952.0,237.3212283129435,-297.7124602270738
952.5,236.94688415037578,-297.3810279318964
953.0,236.573946525473,-297.0480116058395
953.5,236.20240367957683,-296.713437876505
954.0,235.83227269392887,-296.37730120768845
954.5,235.4636943914263,-296.03946157565326
955.0,235.09651656221192,-295.7000992575939
955.5,234.73074711671828,-295.3592182315568
956.0,234.36638272640585,-295.0168344136527
956.5,234.00342334996148,-294.67296001661225
957.0,233.6420063348222,-294.32746357880586
957.5,233.2820564109468,-293.98043808527075
958.0,232.92352779904908,-293.63194334253944
958.5,232.56642428163872,-293.2819873683164
959.0,232.21073892090763,-292.9305891265278
959.5,231.85649201105852,-292.57773992993987
960.0,231.50380277401797,-292.2233334592465
960.5,231.15252628137404,-291.8675267575744
961.0,230.80269128549205,-291.510302310729
961.5,230.4543145416915,-291.15165488523127
962.0,230.10741211650858,-290.7915804496537
962.5,229.7621001669898,-290.4299797109514
963.0,229.41831974972345,-290.06692231270824
963.5,229.07593108575838,-289.7025525201785
964.0,228.7349522682613,-289.33686342380923
964.5,228.3954148178702,-288.96983568985826
965.0,228.05737870084835,-288.60142417849613
965.5,227.721061485367,-288.2314420760876
966.0,227.38635611305733,-287.86000062933994
966.5,227.05317591995703,-287.4871902732631
967.0,226.72152922089333,-287.113014983929
967.5,226.39143236430627,-286.737471285088
968.0,226.06290430774058,-286.360553742104
968.5,225.7362023840537,-285.98205180725296
969.0,225.41119607841344,-285.60209264386424
969.5,225.08789697310178,-285.2206793902741
970.0,224.7662983406001,-284.8378307998339
970.5,224.4463879786,-284.45356982375654
971.0,224.12813912272335,-284.0679311167028
971.5,223.81173685536004,-283.68077594068785
972.0,223.4969644964575,-283.2922949530884
972.5,223.18377975517183,-282.90253336596777
973.0,222.8721285505448,-282.51154473058165
973.5,222.5619628192572,-282.1193767301755
974.0,222.25325555778184,-281.72605958962174
974.5,221.94616161281422,-281.33148188960007
975.0,221.64057010034318,-280.93574008631737
975.5,221.33640750216978,-280.5388995329249
976.0,221.03362519768177,-280.14100503296135
976.5,220.73219472945595,-279.74208545800894
977.0,220.4320973621778,-279.3421618847449
977.5,220.1333949355438,-278.9411952867869
978.0,219.83611924938862,-278.5391700909062
978.5,219.54021081506014,-278.13613815192997
979.0,219.24565107692237,-277.7321201440321
979.5,218.95242399518548,-277.3271345494372
980.0,218.66051207872778,-276.9212007002358
980.5,218.3698786938344,-276.51435122207823
981.0,218.08061473937005,-276.10652775443475
981.5,217.792585354282,-275.69783271032566
982.0,217.5057805339126,-275.2882790931113
982.5,217.22016979652963,-274.87789362774566
983.0,216.9357048951758,-274.4667146831681
983.5,216.65233211713075,-274.05478374823866
984.0,216.3700024761799,-273.642138389472
984.5,216.08875576625698,-273.2287552513885
985.0,215.80847992369337,-272.81471451506474
985.5,215.5291423947639,-272.4000417061085
986.0,215.2507152278731,-271.98475847817804
986.5,214.9731520101712,-271.56889836199696
987.0,214.6963914820154,-271.15250374339877
987.5,214.42039766831869,-270.73559994212746
988.0,214.14521662947206,-270.3181583953548
988.5,213.87079941396,-269.90021381648603
989.0,213.59715649197963,-269.4817620860918
989.5,213.32428665924735,-269.0628067363462
990.0,213.05215697692825,-268.64337041760325
990.5,212.78072606101045,-268.2234809713381
991.0,212.50997948219776,-267.8031491085397
991.5,212.23993339483874,-267.38236642630045
992.0,211.9706733859737,-266.9610809206221
992.5,211.70215011693776,-266.53932672790785
993.0,211.43434178945176,-266.11711962289127
993.5,211.1672151745198,-265.69448169064566
994.0,210.90075282394153,-265.27142515322214
994.5,210.63495541838807,-264.84795166130624
995.0,210.3698197920943,-264.42406516620173
995.5,210.10533321877196,-263.9997753329747
996.0,209.84146788806416,-263.5751008315337
996.5,209.578249413568,-263.15002671649825
997.0,209.3156079599494,-262.72459772513514
997.5,209.05351911631283,-262.29882992629194
998.0,208.79193690159062,-261.87275160423854
998.5,208.5308192016686,-261.446388335211
999.0,208.2701393584284,-261.0197563853637
999.5,208.00987387812,-260.5928700698179
1000.0,207.75001193592718,-260.165736849363
1000.5,207.490550811742,-259.7383595657715
1001.0,207.23147264347702,-259.3107498045956
1001.5,206.972771442077,-258.88291101072406
1002.0,206.71443607659754,-258.4548507635396
1002.5,206.45643300474532,-258.0265893927306
1003.0,206.19875753170794,-257.5981300966381
1003.5,205.94142036469637,-257.1694681520452
1004.0,205.68442836979423,-256.74060127701125
1004.5,205.42778657111148,-256.31152831201433
1005.0,205.17148678991512,-255.8822565616094
1005.5,204.9154999878444,-255.45280425168937
1006.0,204.65979582845455,-255.0231900308861
1006.5,204.40434789648313,-254.5934312954255
1007.0,204.14912475198372,-254.16354747857935
1007.5,203.89409840132365,-253.7335558605493
1008.0,203.63924239591316,-253.30347296849902
1008.5,203.38453493357326,-252.873311776053
1009.0,203.12994690325232,-252.44308807425952
1009.5,202.8754558511313,-252.01281385738503
1010.0,202.62104191275253,-251.58249944261556
1010.5,202.36669178206975,-251.1521523171512
1011.0,202.1123931622032,-250.721778998806
1011.5,201.85813436283877,-250.29138534484517
1012.0,201.6039064174835,-249.86097652895234
1012.5,201.3497014142271,-249.43055576272332
1013.0,201.09551319836788,-249.00012550948887
1013.5,200.84133999315284,-248.56968772581604
1014.0,200.58717985154854,-248.13924375220262
1014.5,200.33303027516195,-247.70879482115876
1015.0,200.07889024459942,-247.27834291396493
1015.5,199.82475782329337,-246.84788962915192
1016.0,199.5706308900207,-246.41743570698503
1016.5,199.3165061816357,-245.9869831366408
1017.0,199.06238016550003,-245.55653444890314
1017.5,198.8082497081037,-245.12609237331077
1018.0,198.5541133416654,-244.69565878941867
1018.5,198.29996992731478,-244.2652350268285
1019.0,198.0458187568319,-243.8348216096216
1019.5,197.79165705733715,-243.40441854319988
1020.0,197.5374826613437,-242.97402600029685
1020.5,197.28329694133328,-242.54364476143866
1021.0,197.02910047383065,-242.11327553286787
1021.5,196.77489650753103,-241.6829157658637
1022.0,196.52068665538522,-241.2525636758147
1022.5,196.26646664114995,-240.82222045536074
1023.0,196.01223447256965,-240.39188586203107
1023.5,195.75799203390596,-239.96155929688024
1024.0,195.50374119659537,-239.5312424295224
1024.5,195.24947849041456,-239.10093703916903
1025.0,194.99519982345166,-238.6706435274217
1025.5,194.74090204507118,-238.2403613192127
1026.0,194.48658009058155,-237.81009272526128
1026.5,194.23223002750262,-237.37984094765923
1027.0,193.97785226247368,-236.94960912206412
1027.5,193.723445655363,-236.5193981021928
1028.0,193.4689999790657,-236.08921113736923
1028.5,193.2145134257774,-235.65904894892546
1029.0,192.95998587792724,-235.2289123806731
1029.5,192.70541422580354,-234.79880467153524
1030.0,192.45080077161208,-234.36872633470492
1030.5,192.19614806122198,-233.93867558195856
1031.0,191.9414528048108,-233.50865163027493
1031.5,191.68671452546582,-233.07865302905347
1032.0,191.43192952433884,-232.6486810226229
1032.5,191.17709707156362,-232.21873732226078
1033.0,190.9222182374506,-231.788821993706
1033.5,190.6672893888267,-231.35893638725213
1034.0,190.41230291170083,-230.92908501138234
1034.5,190.157260578364,-230.4992667941151
1035.0,189.90216267800426,-230.0694792007331
1035.5,189.64700676615206,-229.63972495873563
1036.0,189.3917897004985,-229.21000772745262
1036.5,189.13650775542484,-228.78032921738546
1037.0,188.881156892841,-228.3506906400004
1037.5,188.62573632529978,-227.9210936954781
1038.0,188.37024423521154,-227.49153956082623
1038.5,188.11467982540884,-227.06203061158521
1039.0,187.85904303736638,-226.63256864679184
1039.5,187.60333414168818,-226.2031532458069
1040.0,187.3475532055705,-225.773782436783
1040.5,187.09170201925627,-225.34445315265296
1041.0,186.8357762081188,-224.91516727170873
1041.5,186.579770280439,-224.48592930379633
1042.0,186.32367061211232,-224.0567470425763
1042.5,186.0674793247743,-223.62762327864462
1043.0,185.81121090621244,-223.1985512191326
1043.5,185.55486821052068,-222.76952689898462
1044.0,185.29845059687847,-222.3405482576069
1044.5,185.0419584142383,-221.9116117253479
1045.0,184.78538955152737,-221.48271394321412
1045.5,184.5287475100199,-221.05385622200342
1046.0,184.27203385189958,-220.62504089395134
1046.5,184.01525059241695,-220.19626631174754
1047.0,183.75840495834768,-219.7675280195463
1047.5,183.5015018640897,-219.3388197764687
1048.0,183.2445417439305,-218.91013713039993
1048.5,182.98752233194816,-218.48148068788066
1049.0,182.73044251271529,-218.05285186107653
1049.5,182.47329974473587,-217.62425292599963
1050.0,182.2160925674907,-217.19568589528888
1050.5,181.95881485405852,-216.76715523278995
1051.0,181.70146131108936,-216.33866614545008
1051.5,181.4440284999044,-215.91022186415063
1052.0,181.18651080249057,-215.48182650381236
1052.5,180.92890478878792,-215.05348299520492
1053.0,180.67120990818074,-214.62519189195868
1053.5,180.4134246053608,-214.1969546915079
1054.0,180.15554734170325,-213.7687730833747
1054.5,179.89757896208198,-213.34064722644467
1055.0,179.63952009028915,-212.91257669042707
1055.5,179.38136997924553,-212.48456169351104
1056.0,179.12312451743085,-212.05660370966882
1056.5,178.8647786522267,-211.62870572580889
1057.0,178.60633002837633,-211.20087006527882
1057.5,178.34777942217002,-210.77309645098717
1058.0,178.0891264929447,-210.3453841105167
1058.5,177.83037172960664,-209.9177314072863
1059.0,177.57151274407812,-209.49013769896192
1059.5,177.312545685938,-209.06260446656316
1060.0,177.05346666273962,-208.6351343343291
1060.5,176.79427205243437,-208.20773038444972
1061.0,176.53496031588395,-207.78039398873375
1061.5,176.27553253626934,-207.35312434100402
1062.0,176.01598827395867,-206.92592141384407
1062.5,175.75632352601238,-206.49878809478062
1063.0,175.4965344086464,-206.0717274271815
1063.5,175.23661693883818,-205.6447426495593
1064.0,174.97656782068117,-205.21783749088078
1064.5,174.71638709843205,-204.79101314792385
1065.0,174.4560707476359,-204.36427262653356
1065.5,174.19561046217132,-203.93762188606496
1066.0,173.93500330026222,-203.51106354699488
1066.5,173.6742478989993,-203.08459953708322
1067.0,173.4133438909787,-202.65823159392247
1067.5,173.15229278314143,-202.23195915546586
1068.0,172.8910940767252,-201.80578289518516
1068.5,172.62974731470445,-201.379703343059
1069.0,172.36825176567228,-200.95372065074753
1069.5,172.10660710388936,-200.52783612364715
1070.0,171.8448147919939,-200.10204920120168
1070.5,171.582877959001,-199.67635728815097
1071.0,171.32080014004856,-199.25075596613289
1071.5,171.058585179068,-198.82524175288503
1072.0,170.79623133142002,-198.39981308925746
1072.5,170.53373154344638,-197.97447466669342
1073.0,170.2710829376425,-197.54922848760563
1073.5,170.0082971526447,-197.12406626082029
1074.0,169.74538235949043,-196.69898111284448
1074.5,169.4823399676519,-196.27396903785692
1075.0,169.21917411594293,-195.84902448484746
1075.5,168.95588628351496,-195.4241444661341
1076.0,168.69247568333034,-194.99932944703355
1076.5,168.42894190927137,-194.57457945390024
1077.0,168.16528910099305,-194.14989135712236
1077.5,167.90152193100315,-193.72526132856132
1078.0,167.63764719901639,-193.30068417422706
1078.5,167.37367022706823,-192.87615571428995
1079.0,167.10959340886433,-192.45167447624218
1079.5,166.84541449317058,-192.02724315575907
1080.0,166.58113014100118,-191.6028664572183
1080.5,166.31673554857545,-191.1785493250573
1081.0,166.05222973206716,-190.75429420344838
1081.5,165.7876184643688,-190.33009890535018
1082.0,165.5229050162788,-189.90596276467258
1082.5,165.25808392334994,-189.48189076785135
1083.0,164.9931447863695,-189.05789164422046
1083.5,164.72808665850806,-188.6339684212022
1084.0,164.4629060146467,-188.21012546639477
1084.5,164.19760568022718,-187.78636281297446
1085.0,163.93219486920657,-187.36267539457526
1085.5,163.6666874196232,-186.9390554321046
1086.0,163.4011000743257,-186.515492909756
1086.5,163.13544734483395,-186.0919789480578
1087.0,162.86974066727603,-185.6685066381703
1087.5,162.6039877636085,-185.24507007827765
1088.0,162.33819280591408,-184.8216640774584
1088.5,162.07236095228575,-184.39828262873107
1089.0,161.80649931114755,-183.97491912973015
1089.5,161.5406130818051,-183.5515685745317
1090.0,161.27470538036758,-183.12822756903867
1090.5,161.0087792026456,-182.70489365182286
1091.0,160.74283845891952,-182.2815636398301
1091.5,160.47688431929183,-181.85823627198425
1092.0,160.2109166131443,-181.43491127914953
1092.5,159.94493582398187,-181.01158864288428
1093.0,159.6789444405511,-180.5882673752002
1093.5,159.41294367104817,-180.16494785711845
1094.0,159.14693036245342,-179.74163362158345
1094.5,158.8808994605513,-179.31832936250123
1095.0,158.61484888241682,-178.89503767955316
1095.5,158.3487795482105,-178.47175872100286
1096.0,158.08269224381118,-178.0484921671075
1096.5,157.8165894136692,-177.62523664162777
1097.0,157.55047484237008,-177.2019897904031
1097.5,157.28434958339736,-176.77875100200424
1098.0,157.01821543414366,-176.35551948704747
1098.5,156.75207418989243,-175.93229385485384
1099.0,156.4859246792676,-175.50907399535959
1099.5,156.21976274075837,-175.08586200652434
1100.0,155.95358496809587,-174.66265972239333
1100.5,155.6873855662899,-174.23947017663735
1101.0,155.42115731437607,-173.81629753624023
1101.5,155.15489456329777,-173.393145118132
1102.0,154.88859063150986,-172.97001659487847
1102.5,154.6222410358903,-172.5469142643304
1103.0,154.35584371325987,-172.12383942346776
1103.5,154.08939716385345,-171.70079277844687
1104.0,153.82290033087602,-171.27777483449205
1104.5,153.55635348705187,-170.85478539187076
1105.0,153.2897578715982,-170.4318232771135
1105.5,153.0231208133183,-170.00888309271437
1106.0,152.75644938879924,-169.58596017426942
1106.5,152.48975082778955,-169.16304942244648
1107.0,152.22303420155518,-168.74014464024285
1107.5,151.95630681502755,-168.31724152183781
1108.0,151.6895736839822,-167.8943381014681
1108.5,151.42283849458127,-167.47143350492644
1109.0,151.15610766674735,-167.04852465231085
1109.5,150.88938531208544,-166.62560962519296
1110.0,150.6226703146648,-166.20268943106655
1110.5,150.35596245052085,-165.77976436592144
1111.0,150.08926412992454,-165.3568331790865
1111.5,149.8225822365709,-164.93389190745162
1112.0,149.55592532679955,-164.51093573051472
1112.5,149.28930089717056,-164.08796059926954
1113.0,149.02271659695816,-163.66496301853135
1113.5,148.7561710983169,-163.24194484791326
1114.0,148.48966513039272,-162.818906016035
1114.5,148.22320288040672,-162.39584360041155
1115.0,147.9567896813784,-161.97275372944836
1115.5,147.69042779809166,-161.54963376263495
1116.0,147.42411535073867,-161.12648390370668
1116.5,147.15785174629323,-160.7033036406951
1117.0,146.89163291143205,-160.2800943438668
1117.5,146.62545625091857,-159.85685672916847
1118.0,146.35932046890795,-159.4335909400022
1118.5,146.09322392297793,-159.01029747546957
1119.0,145.8271660528921,-158.58697650521776
1119.5,145.56114810029277,-158.1636275633651
1120.0,145.29517461060613,-157.7402481968014
1120.5,145.02923993634096,-157.31684282931477
1121.0,144.76333802175876,-156.89341565799091
1121.5,144.497465520285,-156.46996901464186
1122.0,144.23162184196687,-156.04650341958472
1122.5,143.96580512026767,-155.62302010181483
1123.0,143.700007917572,-155.1995240651417
1123.5,143.4342190740557,-154.77602258324004
1124.0,143.16842998044274,-154.35252125912592
1124.5,142.9026328642249,-153.92902513618228
1125.0,142.63682015070643,-153.50553893689144
1125.5,142.3709850282404,-153.08206673486973
1126.0,142.10512143093675,-152.65861218392766
1126.5,141.83921819849212,-152.23518211184495
1127.0,141.5732704489029,-151.8117794286573
1127.5,141.30726950369703,-151.38840967577462
1128.0,141.04120584989096,-150.96507891769136
1128.5,140.77506702121582,-150.54179510625684
1129.0,140.50883772926363,-150.11856795203843
1129.5,140.24248833000405,-149.69541622418294
1130.0,139.97600628787183,-149.27234786229786
1130.5,139.70937328118552,-148.84937451905733
1131.0,139.4425685007059,-148.42650943795024
1131.5,139.17556813711192,-148.00376775807064
1132.0,138.90834265295493,-147.58116831885033
1132.5,138.64082607200874,-147.15875312403625
1133.0,138.37299948212,-146.73653447249674
1133.5,138.10482330459777,-146.31453787498413
1134.0,137.83625940434308,-145.89278799759254
1134.5,137.56727424551897,-145.47130662915802
1135.0,137.29781710166966,-145.0501267505442
1135.5,137.02779055369828,-144.62931163288349
1136.0,136.75719854983572,-144.20885984655808
1136.5,136.4859868639541,-143.78880748085513
1137.0,136.2140920551004,-143.3691969411527
1137.5,135.94144786172194,-142.95007287676358
1138.0,135.66792943437937,-142.5315187969998
1138.5,135.39347430826615,-142.11357837764365
1139.0,135.11806941186512,-141.69626329333497
1139.5,134.84164546566282,-141.2796225589883
1140.0,134.5641283280912,-140.86370916605918
1140.5,134.2854200349938,-140.4485929758462
1141.0,134.00532422601998,-140.03441179995013
1141.5,133.72395120638606,-139.62109743567032
1142.0,133.44127529200372,-139.208673136801
1142.5,133.15728019420578,-138.79715604166682
1143.0,132.87194677575707,-138.3865655813326
1143.5,132.58510099531773,-137.97703026566057
1144.0,132.29684194994448,-137.56848870718136
1144.5,132.0071754973284,-137.16094416496853
1145.0,131.71607071787184,-136.75442607388115
1145.5,131.4235216563337,-136.34894641293235
1146.0,131.1293709751843,-135.94462798438713
1146.5,130.8336310384938,-135.54147174659795
1147.0,130.5363344883843,-135.1394633497877
1147.5,130.23743115590278,-134.738649520805
1148.0,129.93685903365187,-134.33908670742326
1148.5,129.63444108257102,-133.94092029984932
1149.0,129.33018598422746,-133.54415772429414
1149.5,129.02415682191338,-133.1487635976768
1150.0,128.71630419545667,-132.75478882733285
1150.5,128.40659566705054,-132.3622722339186
1151.0,128.09479686674965,-131.97141501310776
1151.5,127.78097751434822,-131.58217904939417
1152.0,127.46524616455532,-131.19449339635875
1152.5,127.14764813846212,-130.80833662776632
1153.0,126.8281832498118,-130.42372403700136
1153.5,126.50662134513954,-130.04086487666035
1154.0,126.18316104919785,-129.65961014845078
1154.5,125.85781521142833,-129.27996492362865
1155.0,125.53057351146822,-128.901953782095
1155.5,125.20141379748082,-128.52561265403992
1156.0,124.87017342472504,-128.15110411426232
1156.5,124.53707786767966,-127.77824730769801
1157.0,124.2020788763918,-127.40710142015965
1157.5,123.86513056986176,-127.03772490615138
1158.0,123.52602322429235,-126.67032976244687
1158.5,123.18478162410207,-126.30491623709133
1159.0,122.84158104196912,-125.94134274032068
1159.5,122.49640275901018,-125.57964631295823
1160.0,122.14920179436322,-125.21988992228741
1160.5,121.79968195435701,-124.86238504027367
1161.0,121.44813087189736,-124.5068765024162
1161.5,121.09459261363477,-124.15334270719259
1162.0,120.73908833051601,-123.80178462445652
1162.5,120.38141519472636,-123.45243232332562
1163.0,120.02170410419805,-123.10517782496329
1163.5,119.66005725777941,-122.75993960093912
1164.0,119.2964519253093,-122.41676292485137
1164.5,118.93073803399604,-122.07583146273241
1165.0,118.56277134813186,-121.73732938570164
1165.5,118.19281368015409,-121.40100204214852
1166.0,117.82095139865831,-121.06677941307778
1166.5,117.44723887982177,-120.73462537329955
1167.0,117.0715092183423,-120.404753879435
1167.5,116.69403302911913,-120.07688252726844
1168.0,116.3148517956749,-119.75098418360808
1168.5,115.93405015965214,-119.42698035980536
1169.0,115.55159911299691,-119.10492670645004
1169.5,115.1678740961136,-118.78439636761284
1170.0,114.7830904851625,-118.46514449369079
1170.5,114.39738993912825,-118.14701188360324
1171.0,114.01078207810333,-117.83000023738154
1171.5,113.62339493953958,-117.51396269419864
1172.0,113.235249695255,-117.19888062767792
1172.5,112.84627119627284,-116.88485151627249
1173.0,112.45614722957262,-116.57227102236833
1173.5,112.06479019904464,-116.2612554584643
1174.0,111.67215551643525,-115.95186942372794
1174.5,111.2781400363158,-115.64425430415622
1175.0,110.88241901215767,-115.33884160314106
1175.5,110.48491495309538,-115.03574964636711
1176.0,110.08552138279875,-114.73513939580863
1176.5,109.68404842627676,-114.43729382910426
1177.0,109.28013461279765,-114.1427403547425
1177.5,108.87397813599075,-113.85126122671457
1178.0,108.46571728315737,-113.56271435880797
1178.5,108.05547353336877,-113.27697324755077
1179.0,107.64318027764827,-112.99418028404287
1179.5,107.22929002672477,-112.71372056181391
1180.0,106.81401492435424,-112.43530921619953
1180.5,106.39749463626411,-112.15876164707437
1181.0,105.97971824678591,-111.88411779318331
1181.5,105.56096892345418,-111.61096694931649
1182.0,105.14132116986038,-111.33920807627837
1182.5,104.72078632668182,-111.06883580397889
1183.0,104.2993018081014,-110.79996235559568
1183.5,103.87693555880603,-110.53249153700197
1184.0,103.4536315348129,-110.2665200887277
1184.5,103.02925137397649,-110.00228036832299
1185.0,102.60375181987213,-109.73985496819103
1185.5,102.17718823948235,-109.4791677518008
1186.0,101.74955843296486,-109.22023522910519
1186.5,101.3207070757814,-108.96332950825709
1187.0,100.89073358963397,-108.70830121620064
1187.5,100.45969480959448,-108.45506934102211
1188.0,100.02761732732831,-108.20360336753164
1188.5,99.59441174991085,-107.95407564612448
1189.0,99.1602910959193,-107.70613521141229
1189.5,98.72530288641879,-107.45971243273922
1190.0,98.28945705860096,-107.21480455232343
1190.5,97.85275731386265,-106.97142068147336
1191.0,97.41532344847239,-106.72935749857768
1191.5,96.97718047678288,-106.48857918914206
1192.0,96.53828597796395,-106.24917370767943
1192.5,96.09868082706609,-106.01107687982986
1193.0,95.65843766279824,-105.77416383989839
1193.5,95.2175698594979,-105.53841724485504
1194.0,94.7759983997948,-105.30399314943922
1194.5,94.33377930387745,-105.07079324307779
1195.0,93.89094628737811,-104.83876157045195
1195.5,93.44750796569357,-104.60788942161163
1196.0,93.00337115580898,-104.37836435112504
1196.5,92.55862924032893,-104.15001393703668
1197.0,92.11327950909342,-103.92284892125525
1197.5,91.66730893649427,-103.6969019835433
1198.0,91.22066222786982,-103.47229059623481
1198.5,90.77344508845103,-103.24881669057535
1199.0,90.32567135206469,-103.02645949784483
1199.5,89.87732693671705,-102.80525586305117
1200.0,89.42836528635888,-102.5853071171923
1200.5,88.97885704388605,-102.36647776133991
1201.0,88.52880534533163,-102.14876783833357
1201.5,88.0781878825995,-101.93223138403494
1202.0,87.62696332156489,-101.71696153590217
1202.5,87.17520220331832,-101.5028188107316
1203.0,86.72291627966426,-101.28978677414908
1203.5,86.27007881246341,-101.07792871026263
1204.0,85.81666310492193,-100.86730884698191
1204.5,85.36273928425403,-100.65778495013886
1205.0,84.90832023854487,-100.44933539884
1205.5,84.45339885659355,-100.2419847310979
1206.0,83.99797013344606,-100.03575208133694
1206.5,83.54209549628004,-99.83050917502426
1207.0,83.08578643327158,-99.62623615280039
1207.5,82.62902499656627,-99.42297983442629
1208.0,82.17180294774593,-99.22076551573224
1208.5,81.7141795782603,-99.01946539796792
1209.0,81.2561588145032,-98.81907653136533
1209.5,80.79771786097199,-98.61965598304408
1210.0,80.33885669537308,-98.4212094390505
1210.5,79.87961315787021,-98.22365239919328
1211.0,79.41999049854037,-98.02698006898993
1211.5,78.95996512244587,-97.8312505030077
1212.0,78.49956241368953,-97.63640799408002
1212.5,78.03882756135096,-97.44234813149522
1213.0,77.57778207108873,-97.24902027923852
1213.5,77.11642239389879,-97.0564332291237
1214.0,76.65480592211378,-96.86445252736334
1214.5,76.19298226984017,-96.67296274628859
1215.0,75.73098815386875,-96.48187915524525
1215.5,75.26884281948986,-96.29115965062111
1216.0,74.806593541687,-96.10069261130529
1216.5,74.34426604734607,-95.91041776116212
1217.0,73.88188260498961,-95.72028324764244
1217.5,73.4194598355815,-95.53025229665788
1218.0,72.95701926718662,-95.34027229331139
1218.5,72.49457132353709,-95.15031965381235
1219.0,72.03212503887858,-94.96037379286662
1219.5,71.56968947868822,-94.7704142455447
1220.0,71.10727197545603,-94.58042201851949
1220.5,70.64488047451162,-94.39037675928043
1221.0,70.18252840461955,-94.20024324331081
1221.5,69.72022599631573,-94.00998960080238
1222.0,69.25797995393897,-93.81959219656761
1222.5,68.79580054272414,-93.62902332468879
1223.0,68.33371111603286,-93.43822405215553
1223.5,67.87171038670454,-93.2472003316756
1224.0,67.40981076124996,-93.05592517458233
1224.5,66.94803050657224,-92.86435595048287
1225.0,66.48639125132276,-92.67244175983286
1225.5,66.02489417674693,-92.48018432239546
1226.0,65.56355172065864,-92.28755518398623
1226.5,65.10240095225925,-92.09447031276889
1227.0,64.64144509033979,-91.90092480270134
1227.5,64.1806877700115,-91.70691293408183
1228.0,63.72014594017881,-91.51239772922057
1228.5,63.259871423808896,-91.31726165224131
1229.0,62.799851451329815,-91.12153300843613
1229.5,62.34011253432925,-90.9251498463813
1230.0,61.88071499394627,-90.72797100897264
1230.5,61.421679419903015,-90.52995060772399
1231.0,60.9630074362732,-90.33108689838674
1231.5,60.50472769707792,-90.13131632494293
1232.0,60.046944554867025,-89.93040300405461
1232.5,59.58961281220297,-89.72845531260678
1233.0,59.13275283396767,-89.5254329353226
1233.5,58.67642428258108,-89.32120919576485
1234.0,58.22064037557168,-89.1157655838995
1234.5,57.76537413917031,-88.90917111792224
1235.0,57.31064631760236,-88.70138974707787
1235.5,56.85655361441145,-88.49221945736544
1236.0,56.40301656030987,-88.2818455382626
1236.5,55.950047840045464,-88.07024891006738
1237.0,55.49772942978374,-87.85726504529143
1237.5,55.04605259403898,-87.64292297540288
1238.0,54.59498659379221,-87.42729843151852
1238.5,54.14456982343761,-87.21032191415772
1239.0,53.69489996216475,-86.99180180115872
1239.5,53.245906060897646,-86.77189727302826
1240.0,52.79760481443426,-86.55058490094721
1240.5,52.35013596364139,-86.3275955121255
1241.0,51.903434348776315,-86.10307430537071
1241.5,51.457499705318305,-85.87703531237023
1242.0,51.012436713888846,-85.64928582943784
1242.5,50.56828317387141,-85.41976831453971
1243.0,50.1249799522767,-85.18861425520741
1243.5,49.68258177570828,-84.95573385167584
1244.0,49.24123376407071,-84.72087055164774
1244.5,48.80081259535905,-84.48427653014983
1245.0,48.36133796570159,-84.24593160931691
1245.5,47.92300181121269,-84.00550298399239
1246.0,47.485705108251594,-83.76319238846547
1246.5,47.049479205626945,-83.51896091606807
1247.0,46.61449916215288,-83.27251714367888
1247.5,46.180770656534975,-83.02387693429324
1248.0,45.748240558153896,-82.77315652172511
1248.5,45.31702701691408,-82.52017704198019
1249.0,44.88720986619324,-82.26483185912056
1249.5,44.458691283502496,-82.00731278948511
1250.0,44.031564631685576,-81.74748905441953
1250.5,43.60605716050549,-81.48501849945896
1251.0,43.181985448033174,-81.22023168281032
1251.5,42.75939225488981,-80.95308660356511
1252.0,42.33856658093195,-80.68316159414347
1252.5,41.91922392943782,-80.41093690330878
1253.0,41.50137203570022,-80.13642676378738
1253.5,41.085280647221055,-79.85925419176786
1254.0,40.67074038350294,-79.57976716044895
1254.5,40.25770378023536,-79.29806266849833
1255.0,39.84639715988531,-79.01383944356749
1255.5,39.436645522383316,-78.72738230980562
1256.0,39.02835705801543,-78.43884703743059
1256.5,38.62171142801877,-78.1480070523136
1257.0,38.21659083858151,-77.85505340199884
1257.5,37.81290021557912,-77.56013992637055
1258.0,37.41083522454797,-77.2630238481652
1258.5,37.01033902880218,-76.96380476237464
1259.0,36.61139308583164,-76.66252800658843
1259.5,36.214281818301075,-76.35884249894094
1260.0,35.818972131021845,-76.05281946215575
1260.5,35.42541378684961,-75.7445496214834
1261.0,35.03392350451077,-75.43365841285583
1261.5,34.644421913694316,-75.12027719107621
1262.0,34.25691315746987,-74.80443059083984
1262.5,33.871841625037334,-74.48560932375109
1263.0,33.48905717435226,-74.16403735434459
1263.5,33.108475323527585,-73.83985246683257
1264.0,32.73043136342862,-73.51270369635837
1264.5,32.354608850686084,-73.18300137456326
1265.0,31.980893940636278,-72.85090854544696
1265.5,31.609629063358863,-72.51607722578541
1266.0,31.240378715690607,-72.17902639973369
1266.5,30.873136457915155,-71.8397901284662
1267.0,30.508097732783813,-71.49818804990882
1267.5,30.144868191971383,-71.15466904410114
1268.0,29.783651521914532,-70.80904027164887
1268.5,29.42465236495111,-70.46111392893627
1269.0,29.067631729911472,-70.11116212468872
1269.5,28.71288569534875,-69.75890940411146
1270.0,28.360454345172187,-69.40434241526636
1270.5,28.01018581847386,-69.04763847772566
1271.0,27.66258225242341,-68.6883359649767
1271.5,27.317468249302774,-68.32663804837772
1272.0,26.97477254849739,-67.96264361104164
1272.5,26.63493460275611,-67.59597603953357
1273.0,26.29748554913182,-67.22710660378196
1273.5,25.962619167133315,-66.85588955379342
1274.0,25.630430168160053,-66.48227236757899
1274.5,25.300569658513204,-66.10659752162194
1275.0,24.973389013267546,-65.72858680972347
1275.5,24.648687140945817,-65.34844527239606
1276.0,24.326333016639154,-64.96631110406466
1276.5,24.00675248395484,-64.58185507123558
1277.0,23.689520917209418,-64.19546023321283
1277.5,23.374828886887997,-63.80699661928587
1278.0,23.06273545614501,-63.41644433590252
1278.5,22.753023118271237,-63.024002085743206
1279.0,22.44625765933596,-62.629252313926386
1279.5,22.142102218724133,-62.232487222923154
1280.0,21.840657626028648,-61.833657474386804
1280.5,21.542172371507263,-61.43260556611881
1281.0,21.246277246532614,-61.02963690634418
1281.5,20.95340082370558,-60.624467526811046
1282.0,20.663277912636655,-60.217320456657866
1282.5,20.37602306091283,-59.80814189847137
1283.0,20.092183167694124,-59.39658016370804
1283.5,19.811444231053702,-58.98288919099263
1284.0,19.534449210619805,-58.566672248785316
1284.5,19.26088914079085,-58.14818040885029
1285.0,18.990755716852803,-57.727461159184685
1285.5,18.724342263241013,-57.30436900386406
1286.0,18.46109998351056,-56.879291819060924
1286.5,18.201574872184604,-56.451931025258176
1287.0,17.945188046441682,-56.02267755587712
1287.5,17.69192608038102,-55.5915716296097
1288.0,17.441672581518475,-55.158711081483695
1288.5,17.193796508709035,-54.72448467007592
1289.0,16.948449809390812,-54.288825901525804
1289.5,16.70494910203609,-53.852135897996305
1290.0,16.463502824523868,-53.41431179238196
1290.5,16.22413039923284,-52.975356641531825
1291.0,15.986828475403826,-52.53528535444614
1291.5,15.751955759324053,-52.093919798861826
1292.0,15.519266229568963,-51.65140461417568
1292.5,15.28935707426596,-51.207443027252914
1293.0,15.06205708613595,-50.76214112385779
1293.5,14.83788067307499,-50.31525802070041
1294.0,14.616959077044331,-49.86675320147662
1294.5,14.39911965392847,-49.416739392443645
1295.0,14.184775187983231,-48.96504555519102
1295.5,13.97330111681664,-48.51199655758315
1296.0,13.765033463942183,-48.057460392802824
1296.5,13.55931997090179,-47.60176047356924
1297.0,13.3561663748689,-47.14491217111036
1297.5,13.15525209400078,-46.687074083711586
1298.0,12.956317798964776,-46.22837308066112
1298.5,12.759397570607863,-45.768805229653196
1299.0,12.56403969734104,-45.30857282486345
1299.5,12.370411499270322,-44.84761349049349
1300.0,12.178073379804575,-44.38611759799174
1300.5,11.987123651906488,-43.9240493538925
1301.0,11.797308927501614,-43.46151654111765
1301.5,11.608528968707411,-42.99856400156622
1302.0,11.420644506903896,-42.53525025281685
1302.5,11.233436966124716,-42.071664875568736
1303.0,11.046807436737414,-41.60784892153213
1303.5,10.860529398239366,-41.14389395963719
1304.0,10.674541703961312,-40.67982498379609
1304.5,10.488681192375031,-40.21570800411484
1305.0,10.302851978568842,-39.75158267154517
1305.5,10.116954146185172,-39.28748814874931
1306.0,9.930870699311834,-38.82347099721787
1306.5,9.744514238741996,-38.35956659503262
1307.0,9.557797319269206,-37.89581066927617
1307.5,9.370626387966697,-37.432242800841315
1308.0,9.182981021622762,-36.96887207025162
1308.5,8.994741489864602,-36.5057499430122
1309.0,8.805947675681267,-36.04286077976434
1309.5,8.616407119334834,-35.58028654330411
1310.0,8.426184579436852,-35.11799881955959
1310.5,8.235001539448081,-34.65611183605415
1311.0,8.042888186153514,-34.194609359984845
1311.5,7.849616676048363,-33.73358407077148
1312.0,7.655227233178372,-33.27301918851938
1312.5,7.459530159028901,-32.81299399938983
1313.0,7.26243942678127,-32.353548479668994
1313.5,7.063839417171033,-31.894737500410464
1314.0,6.8636427710482995,-31.436605070683008
1314.5,6.661949463006204,-30.979116029296666
1315.0,6.458726057823789,-30.522292078748595
1315.5,6.254195428225298,-30.066044440263724
1316.0,6.048250680259798,-29.610428884434288
1316.5,5.841171940542857,-29.155326586753244
1317.0,5.632837354848417,-28.700797840113875
1317.5,5.423524791527455,-28.246718718018453
1318.0,5.213068566860179,-27.79316833198543
1318.5,5.001721100467179,-27.340032531324972
1319.0,4.789288229667183,-26.887405526131072
1319.5,4.575921385641764,-26.43522010220613
1320.0,4.361352346672298,-25.983607954870685
1320.5,4.145669187151844,-25.53253123748722
1321.0,3.9285686788143566,-25.08214085997207
1321.5,3.71008890185377,-24.632422994997036
1322.0,3.4898591356292545,-24.183564478426756
1322.5,3.2678313541725736,-23.73559495730808
1323.0,3.043599731419593,-23.28872381495149
1323.5,2.817236448490765,-22.842925704317746
1324.0,2.5885583994599006,-22.398306714919897
1324.5,2.357749585183884,-21.954786102243638
1325.0,2.1247908665973463,-21.512388248062994
1325.5,1.8898990312599593,-21.071012191842446
1326.0,1.6530214985831784,-20.630697956667355
1326.5,1.41429821028721,-20.19138165050929
1327.0,1.1736506983387052,-19.753116986243846
1327.5,0.9311312726307797,-19.315885615873544
1328.0,0.6866667468596134,-18.879739947200246
1328.5,0.4403688394746657,-18.444628695128934
1329.0,0.19206529234827055,-18.010661158602236
1329.5,-0.05819368022392185,-17.577819920366785
1330.0,-0.3106558618900006,-17.146261551216302
1330.5,-0.5653577995712654,-16.716019935458885
1331.0,-0.822531156242081,-16.287249089565815
1331.5,-1.0820140427827485,-15.859869300369256
1332.0,-1.3440518378432773,-15.434048279527923
1332.5,-1.6083846027250195,-15.009644800342391
1333.0,-1.8752212711726033,-14.58680897099522
1333.5,-2.144287873258753,-14.165386290702413
1334.0,-2.4158615368353193,-13.745573078885334
1334.5,-2.6895670881482894,-13.327145250154604
1335.0,-2.9657862905494055,-12.910371328390047
1335.5,-3.2440854630575306,-12.494982425126183
1336.0,-3.5248585905649183,-12.081261123321706
1336.5,-3.8076282836029574,-11.668901672208044
1337.0,-4.092802635466723,-11.258201290418626
1337.5,-4.380012521124432,-10.848921987359102
1338.0,-4.669621548481785,-10.441336652055393
1338.5,-4.9613770373743025,-10.035285456652238
1339.0,-5.2555541517815065,-9.630985151254757
1339.5,-5.552028269972114,-9.22836711312369
1340.0,-5.850950314540493,-8.827563497513278
1340.5,-6.152283730874438,-8.428571044132566
1341.0,-6.455998083790396,-8.031388492781518
1341.5,-6.76218160899768,-7.636107689209089
1342.0,-7.070641515365296,-7.242600824000471
1342.5,-7.381696780523505,-6.85114361451903
1343.0,-7.695041007165892,-6.461516702321885
1343.5,-8.011087506759177,-6.07407929427
1344.0,-8.329403680181215,-5.688505138566154
1344.5,-8.650446214109017,-5.305198833295963
1345.0,-8.973884887176297,-4.923913395202914
1345.5,-9.299943091519973,-4.5448656997349905
1346.0,-9.62851034939954,-4.167991870328816
1346.5,-9.959566204336447,-3.793301529485421
1347.0,-10.293203946070811,-3.4209083983907127
1347.5,-10.62924054256467,-3.0506775315171883
1348.0,-10.968025838386733,-2.6829604406948047
1348.5,-11.309143313032449,-2.3174052502974014
1349.0,-11.652987878276157,-1.9544131898130206
1349.5,-11.9991992618227,-1.5936776849414294
1350.0,-12.348041927942642,-1.2354848181370666
1350.5,-12.699555888105767,-0.8799143145043975
1351.0,-13.05373778119257,-0.5270012273263921
1351.5,-13.410774477191563,-0.17697795974326758
1352.0,-13.770321949764103,0.17046562053928419
1352.5,-14.132770209419286,0.5148820906564955
1353.0,-14.497695276512266,0.8566721776661013
1353.5,-14.865422725270282,1.195445460358428
1354.0,-15.235877243227277,1.5312318596732142
1354.5,-15.608910305928779,1.8641511377984128
1355.0,-15.984663670281277,2.1939958800937633
1355.5,-16.362695297853026,2.521227351206935
1356.0,-16.743220746470282,2.8455571548298995
1356.5,-17.12589735346328,3.1673461662093216
1357.0,-17.51086605563419,3.4863911605862405
1357.5,-17.898237321860513,3.802514166823964
1358.0,-18.287811944244673,4.115918931113697
1358.5,-18.67981521016824,4.426281051101677
1359.0,-19.073839702299015,4.734073144350324
1359.5,-19.470144131187833,5.0389249633360595
1360.0,-19.868563360348162,5.341006752813505
1360.5,-20.26914006208014,5.640222296887925
1361.0,-20.671987471086137,5.936371551401023
1361.5,-21.076826929007346,6.229791277561361
1362.0,-21.48396570230942,6.520009938409865
1362.5,-21.892971984533514,6.807588458381484
1363.0,-22.303975757189498,7.092304490266179
1363.5,-22.7167857743478,7.3743945378427895
1364.0,-23.13134019415148,7.653916206488802
1364.5,-23.547766656058585,7.930640172937064
1365.0,-23.965863316233023,8.204833946786893
1365.5,-24.385904859387033,8.476038023086138
1366.0,-24.80754342495551,8.744751242675552
1366.5,-25.23094765322486,9.010674245639574
1367.0,-25.655980095888186,9.273986211524955
1367.5,-26.08266123276152,9.5346185940598
1368.0,-26.511063759706875,9.792409612240023
1368.5,-26.941016465407916,10.047605722504994
1369.0,-27.372766178894828,10.299745991524892
1369.5,-27.80602931642257,10.54927300165582
1370.0,-28.241006681594982,10.795795807872405
1370.5,-28.677472625538847,11.039669641073505
1371.0,-29.11545002042703,11.280817909635088
1371.5,-29.5548888320951,11.519291986982143
1372.0,-29.995735689672372,11.75515310997036
1372.5,-30.43807080832762,11.988210745411546
1373.0,-30.881685182630655,12.21882549484735
1373.5,-31.326805403084286,12.446521126961217
1374.0,-31.77310631095693,12.671895758599618
1374.5,-32.22072314910671,12.894650285970876
1375.0,-32.66949362549069,13.115074670561249
1375.5,-33.119471738035344,13.333028738012402
1376.0,-33.57060958083487,13.548576945596045
1376.5,-34.022889669176536,13.76172430467909
1377.0,-34.47638675649107,13.972274074344435
1377.5,-34.93100940803971,14.18038662093181
1378.0,-35.386944834562335,14.385609614774214
1378.5,-35.8440120068818,14.5883013828236
1379.0,-36.30246600773457,14.787837605562169
1379.5,-36.76211226201926,14.984611129034565
1380.0,-37.22311995216973,15.178174051249732
1380.5,-37.685356082438524,15.368783130110588
1381.0,-38.148857658652446,15.556295166410894
1381.5,-38.61353145682596,15.740882957063654
1382.0,-39.07930960873147,15.922668825104067
1382.5,-39.54619083519519,16.101604009932473
1383.0,-40.01406965931082,16.27791757645082
1383.5,-40.48300231629474,16.45141108957856
1384.0,-40.95283920282801,16.62244310288143
1384.5,-41.42376648657738,16.79045008509111
1385.0,-41.89561165688497,16.95586199685917
1385.5,-42.36855203180247,17.118116028918568
1386.0,-42.84240769474656,17.277674917131147
1386.5,-43.317316385143286,17.434069898670003
1387.0,-43.79317021145123,17.58756048844445
1387.5,-44.27008523896154,17.737718900059253
1388.0,-44.748004181377915,17.88464549923116
1388.5,-45.226961845277586,18.028148682435177
1389.0,-45.7069383612437,18.168202018738537
1389.5,-46.187891080628766,18.304866246347565
1390.0,-46.669835538767416,18.43798759305396
1390.5,-47.15265134654336,18.56791197947117
1391.0,-47.63635942960544,18.694466307971087
1391.5,-48.120841436945604,18.818017895583093
1392.0,-48.60621748897819,18.93799847116533
1392.5,-49.092337619105756,19.054922866658252
1393.0,-49.57935791105049,19.168031536648797
1393.5,-50.06711258790301,19.277924966231105
1394.0,-50.55570148924097,19.38404439931171
1394.5,-51.04495187952172,19.487060665811587
1395.0,-51.53489593838598,19.58671345710087
1395.5,-52.025432123146956,19.68338544934324
1396.0,-52.51656306045681,19.776955824858696
1396.5,-53.0082436134481,19.867549677300282
1397.0,-53.50043093162158,19.955302480659373
1397.5,-53.99309908147743,20.040245875571618
1398.0,-54.48617632473567,20.12271061743075
1398.5,-54.9796992208826,20.202376808049756
1399.0,-55.47363065066329,20.279401238077988
1399.5,-55.96808755643764,20.35291639647654
1400.0,-56.46298051866068,20.423397301392413
1400.5,-56.95836468347869,20.490309470692264
1401.0,-57.454208450684426,20.553717735228954
1401.5,-57.95056078998304,20.61305223419767
1402.0,-58.44743531924315,20.667921736666415
1402.5,-58.94478306804238,20.718466785852854
1403.0,-59.44258413198704,20.764516763661142
1403.5,-59.94069919921532,20.8071875652099
1404.0,-60.43909431509864,20.846602727807188
1404.5,-60.93766225226429,20.883853145122064
1405.0,-61.43637323425035,20.91920843154173
1405.5,-61.93518544762558,20.953150912041913
1406.0,-62.43407689933904,20.985942052851517
1406.5,-62.9330334141153,21.017751883307138
1407.0,-63.43203643140682,21.04883872177982
1407.5,-63.93108319001088,21.079242754097894
1408.0,-64.43015687600507,21.109227185856867
1408.5,-64.9292528939206,21.13888806564107
1409.0,-65.42836194518493,21.16839428981723
1409.5,-65.92747638911516,21.19788502750869
1410.0,-66.42658805632306,21.2275007020686
1410.5,-66.92569141465619,21.257309433684934
1411.0,-67.4247798322391,21.28739916550992
1411.5,-67.92385188848961,21.317763628076747
1412.0,-68.42290390828141,21.348444952596186
1412.5,-68.92193386717422,21.379454579823804
1413.0,-69.4209416293011,21.410776711759667
1413.5,-69.91992189698794,21.44245302503878
1414.0,-70.41887561748295,21.474434436546346
1414.5,-70.91779497381388,21.5067662220804
1415.0,-71.41667645947646,21.539457586534503
1415.5,-71.91551397986655,21.57255458815578
1416.0,-72.41429795264887,21.60614295902578
1416.5,-72.91302840480508,21.640253737053033
1417.0,-73.41169027802054,21.675087854720182
1417.5,-73.91028300927913,21.710728886262405
1418.0,-74.4087973571275,21.7473650951573
1418.5,-74.90722135945154,21.7852093903513
1419.0,-75.4055562758893,21.82425512244117
1419.5,-75.90377966326737,21.86478629266626
1420.0,-76.40189375185138,21.906721339314714
1420.5,-76.89988295939025,21.950205582220217
1421.0,-77.39772723020863,21.995424890270908
1421.5,-77.89542762720114,22.042302030423855
1422.0,-78.39294892928424,22.09116012702482
1422.5,-78.89029754570458,22.141847412667715
1423.0,-79.387462899437,22.194394996537003
1423.5,-79.88442673412169,22.248894691476554
1424.0,-80.38120514449504,22.305119143614178
1424.5,-80.87777052827599,22.363245623474217
1425.0,-81.37413071902635,22.423126843496608
1425.5,-81.8702815011694,22.484745699903907
1426.0,-82.36618748314996,22.548328412394188
1426.5,-82.86186991020854,22.613641882080806
1427.0,-83.35730489039757,22.68081088928334
1427.5,-83.85248845542985,22.749796874482904
1428.0,-84.34742669455042,22.820505673143796
1428.5,-84.84206213707935,22.893282227495387
1429.0,-85.33640282256304,22.96802467305087
1429.5,-85.83041572315211,23.04490513018213
1430.0,-86.32404880750379,23.124197527145043
1430.5,-86.81732375642238,23.20570095271356
1431.0,-87.3101946966273,23.289626632916587
1431.5,-87.80265254647406,23.37595250257475
1432.0,-88.29470606431835,23.464564120820178
1432.5,-88.78628217627362,23.55579693735243
1433.0,-89.27739923438511,23.64947896488985
1433.5,-89.76803791733317,23.745648773368394
1434.0,-90.25813119957584,23.844570761159634
1434.5,-90.74772799979338,23.94592568793219
1435.0,-91.23679221996213,24.049823415303756
1435.5,-91.72529014846664,24.156347617035326
1436.0,-92.21323694620544,24.265366333462882
1436.5,-92.70054641504115,24.377202994254052
1437.0,-93.18719336194265,24.491891979981975
1437.5,-93.67319062291904,24.60931094304025
1438.0,-94.1584476461362,24.729762132033816
1438.5,-94.64299911027278,24.85302526306893
1439.0,-95.12686930762713,24.978940635974528
1439.5,-95.60996985506536,25.107777876120654
1440.0,-96.09234617897347,25.239298667266798
1440.5,-96.57398869505046,25.37348294794404
1441.0,-97.05476574462386,25.51073644483344
1441.5,-97.53474196450242,25.650764833523482
1442.0,-98.0139106172257,25.793535229584144
1442.5,-98.49217793990876,25.93929454170837
1443.0,-98.96961435898275,26.087749910488142
1443.5,-99.44617767856865,26.238987020595324
1444.0,-99.92173536806463,26.393358372610624
1444.5,-100.39636012653379,26.550576328094806
1445.0,-100.87004278693736,26.710614207291226
1445.5,-101.3426814501378,26.873710251859062
1446.0,-101.81438416625214,27.03949239551439
1446.5,-102.28515515273966,27.207903871021657
1447.0,-102.75483854162509,27.379324544355352
1447.5,-103.22352976505856,27.553439079386774
1448.0,-103.69122423943469,27.73021540739594
1448.5,-104.1577957492962,27.909935194502328
1449.0,-104.62335825209956,28.092252899224782
1449.5,-105.08791317756729,28.277124063759185
1450.0,-105.55133669053325,28.46481298603495
1450.5,-106.01372099901201,28.65504734966128
1451.0,-106.47503219330758,28.847871911960873
1451.5,-106.93514911335264,29.043530824935036
1452.0,-107.3941848732422,29.241714094277558
1452.5,-107.85211094964703,29.442451297740856
1453.0,-108.30882275056123,29.645938297138116
1453.5,-108.76444429971156,29.851855923720027
1454.0,-109.21894639679672,30.060235473060473
1454.5,-109.67226176299404,30.271185053716682
1455.0,-110.12450641980186,30.4844202866903
1455.5,-110.57561587773323,30.70004816941921
1456.0,-111.02552272788314,30.918174516202853
1456.5,-111.4743295077242,31.138556009609797
1457.0,-111.92198842655759,31.361260816186245
1457.5,-112.36848108313805,31.5862943030162
1458.0,-112.81390374681293,31.813438056568984
1458.5,-113.25815313607436,32.04286776517598
1459.0,-113.70120180219857,32.274607283510896
1459.5,-114.14307167505461,32.50858810359755
1460.0,-114.58363193744826,32.745027034828134
1460.5,-115.02296343681579,32.98374157460368
1461.0,-115.46110696647693,33.224631050033594
1461.5,-115.89793094454959,33.46790524030409
1462.0,-116.33357522341807,33.713284707303664
1462.5,-116.76799872510387,33.96081973368429
1463.0,-117.20107963513618,34.210696352875935
1463.5,-117.63296400318174,34.46263540106798
1464.0,-118.0635694142521,34.71675530117271
1464.5,-118.49285333575389,34.97310170407656
1465.0,-118.92094819485985,35.231429388538494
1465.5,-119.34775064658162,35.49188748095644
1466.0,-119.77331510486417,35.75436304882733
1466.5,-120.1976811431682,36.018772505365625
1467.0,-120.62065732416572,36.28539999307581
1467.5,-121.04238114282174,36.554003691896696
1468.0,-121.46284204808457,36.82458087792489
1468.5,-121.88198646093485,37.09719288511983
1469.0,-122.29998151982083,37.37156384314869
1469.5,-122.71674320073777,37.64780501235401
1470.0,-123.13230365286778,37.92584961259935
1470.5,-123.54673342042479,38.205576971958656
1471.0,-123.95986501535974,38.48721822345312
1471.5,-124.37184701242228,38.77053798262588
1472.0,-124.78265684977913,39.0555550245719
1472.5,-125.19222336893738,39.342355374834035
1473.0,-125.60066956989225,39.63074843873913
1473.5,-126.00784899999411,39.92092681734145
1474.0,-126.413745037193,40.21289693770099
1474.5,-126.8183692743935,40.50662742818677
1475.0,-127.22150631383545,40.802396064896705
1475.5,-127.6233495789363,41.099920014087665
1476.0,-128.02378667681,41.39933465521012
1476.5,-128.4228142259078,41.70062518856622
1477.0,-128.82054865034033,42.003621261181216
1477.5,-129.21680020236622,42.30855427888019
1478.0,-129.6117473449621,42.61517460736102
1478.5,-130.00534805677202,42.923521832722436
1479.0,-130.39755534031514,43.23363929608843
1479.5,-130.78852362196048,43.545317503778676
1480.0,-131.17808942281354,43.858747051182135
1480.5,-131.56639645024393,44.17373436197596
1481.0,-131.95337490651286,44.490352769747865
1481.5,-132.33892576093268,44.8087078023109
1482.0,-132.7231949224951,45.128608898005645
1482.5,-133.1060106575653,45.450247962956794
1483.0,-133.48750157842113,45.77345685728726
1483.5,-133.86756705805095,46.098341028446654
1484.0,-134.2461174737688,46.424988812018825
1484.5,-134.62326970572872,46.75324987481798
1485.0,-134.99880811759738,47.08335545290171
1485.5,-135.37297505679052,47.41501392615516
1486.0,-135.7456748469396,47.74832010617553
1486.5,-136.11687611442653,48.08329319428459
1487.0,-136.48664225983504,48.419848867523214
1487.5,-136.8547276599317,48.758239255797925
1488.0,-137.22134576034114,49.098215320595
1488.5,-137.5863112827286,49.43995994606868
1489.0,-137.9497306340429,49.78334206243503
1489.5,-138.31162397000597,50.12832568887078
1490.0,-138.67190941041548,50.47498055672405
1490.5,-139.0307937519171,50.82307965576359
1491.0,-139.38810921811907,51.17278242083795
1491.5,-139.74412051424721,51.523808412066515
1492.0,-140.09874638517573,51.87623079640503
1492.5,-140.4520870684965,52.22993971838151
1493.0,-140.8042704885844,52.58480225253305
1493.5,-141.15524419894817,52.940865197171306
1494.0,-141.5052092978132,53.297925310307185
1494.5,-141.8540418942556,53.65610103797969
1495.0,-142.20190841497293,54.015223661880775
1495.5,-142.5487013886161,54.37539183275286
1496.0,-142.8944255060376,54.73659298437486
1496.5,-143.23911255508554,55.09878956043988
1497.0,-143.5826530752627,55.46207769972411
1497.5,-143.92515225491613,55.82634942537538
1498.0,-144.2663462382823,56.19184352281515
1498.5,-144.60631203384497,56.55847834910739
1499.0,-144.9447209333594,56.926548894633136
1499.5,-145.28148269546236,57.29612606625354
1500.0,-145.6164929851831,57.66729219001806
1500.5,-145.94966271504722,58.04011176545216
1501.0,-146.28110016696243,58.41447358619638
1501.5,-146.61052003617078,58.79061299450758
1502.0,-146.9381526628859,59.168310935789776
1502.5,-147.263600445833,59.547893622842416
1503.0,-147.58721791425793,59.929037300828774
1503.5,-147.9089233533306,60.31179511016746
1504.0,-148.22899865757225,60.69591449085409
1504.5,-148.54750829723528,61.08133000666528
1505.0,-148.86456521784643,61.46793785709117
1505.5,-149.18032351572873,61.85560470679131
1506.0,-149.494771511578,62.244333560767714
1506.5,-149.8080924312305,62.63397125634776
1507.0,-150.12013332244254,63.02463558931227
1507.5,-150.43110621888795,63.41615189225679
1508.0,-150.74075709984427,63.80871619981671
1508.5,-151.04927371686364,64.20217354634104
1509.0,-151.35643874113947,64.59668838061077
1509.5,-151.66233773059383,64.99218598234678
1510.0,-151.96672814009293,65.38884511486103
1510.5,-152.26964435175094,65.78662918474053
1511.0,-152.57097467519333,66.18561332794769
1511.5,-152.87077269871673,66.58574638538273
1512.0,-153.16905574731254,66.98700662408007
1512.5,-153.46588844688017,67.38933815351153
1513.0,-153.76134339542241,67.79268069100318
1513.5,-154.05537159451816,68.19706240489437
1514.0,-154.34805348843273,68.60241821790967
1514.5,-154.63931367357657,69.00879611088874
1515.0,-154.92926027776107,69.41611219080826
1515.5,-155.21776301444143,69.82445296406623
1516.0,-155.50494036767304,70.23372823486271
1516.5,-155.79059394704913,70.64407001856134
1517.0,-156.07484734502924,71.05538419688556
1517.5,-156.35740832468085,71.46786243340392
1518.0,-156.63841778190914,71.88139818178836
1518.5,-156.917579936592,72.29618096579833
1519.0,-157.195111511591,72.71205422366681
1519.5,-157.47071532799225,73.12920407864254
1520.0,-157.74468043646894,73.54742908529497
1520.5,-158.0166845141775,73.96692779439176
1521.0,-158.28703953134686,74.38748654567112
1521.5,-158.55545299617427,74.80928161966314
1522.0,-158.82228359384803,75.2320755107466
1522.5,-159.0872563275988,75.65603238271939
1523.0,-159.35075635845956,76.08090431414053
1523.5,-159.61251410584393,76.50685163348547
1524.0,-159.87285996200413,76.93366416575188
1524.5,-160.13143874393037,77.36154985715055
1525.0,-160.38856526258604,77.79030969826003
1525.5,-160.64390419705785,78.22013686516576
1526.0,-160.8977870750692,78.65082600394116
1526.5,-161.14980685856574,79.08260689297433
1527.0,-161.40030644646052,79.51527075744569
1527.5,-161.6488676088541,79.9490489505523
1528.0,-161.89583789248928,80.38373200461336
1528.5,-162.1408896445839,80.81949747814897
1529.0,-162.38446039415754,81.25609261433259
1529.5,-162.62621330020497,81.69369716695684
1530.0,-162.86648593996415,82.13211649599688
1530.5,-163.1049545174131,82.57152024402905
1531.0,-163.34195860196084,83.01171614380392
1531.5,-163.57715523864076,83.45288056888364
1532.0,-163.810913043458,83.89481046214595
1532.5,-164.0429104300975,84.33766963598471
1533.0,-164.27344052157315,84.781296704464
1533.5,-164.50211250752312,85.22588537938121
1534.0,-164.7291997844501,85.67128545527235
1534.5,-164.9542687178813,86.11770668582857
1535.0,-165.177660686865,86.56496693886106
1535.5,-165.3990097390211,87.0132381991547
1536.0,-165.6187018724769,87.46232122593966
1536.5,-165.8363673941745,87.91238636772823
1537.0,-166.0523662469749,88.36324975866523
1537.5,-166.26635926400985,88.81506346494443
1538.0,-166.47869593105634,89.26765270566223
1538.5,-166.689061187343,89.72115458197166
1539.0,-166.8978523411987,90.17537860565118
1539.5,-167.10484036343996,90.63042445478678
1540.0,-167.31040103747736,91.08611712675564
1540.5,-167.51425640279106,91.54257609916314
1541.0,-167.71668276249588,91.99967159871878
1541.5,-167.9173613699405,92.457536978069
1542.0,-168.11660543202416,92.91602931302943
1542.5,-168.31414686385205,93.375259440729
1543.0,-168.51028974511928,93.83509099699111
1543.5,-168.7047655503879,94.29563459533573
1544.0,-168.8978344054187,94.75677364774572
1544.5,-169.08915169685088,95.2186444645627
1545.0,-169.27897974171626,95.68113091503648
1545.5,-169.4669884848145,96.14436091090674
1546.0,-169.65344526461809,96.60821751099702
1546.5,-169.83804585606947,97.07281623375033
1547.0,-170.0210823439135,97.53803397967548
1547.5,-170.2021730751948,98.00401188068548
1548.0,-170.38157538294465,98.47064076068615
1548.5,-170.5588866003746,98.93806443351784
1549.0,-170.7344395696436,99.40614754604589
1549.5,-170.90789494197887,99.87500741181785
1550.0,-171.07961210375422,100.34450283921775
1550.5,-171.2492523297973,100.81474884877007
1551.0,-171.4171627717498,101.28561246591735
1551.5,-171.58291899133567,101.75723350699383
1552.0,-171.74686314985976,102.22948291527904
1552.5,-171.90863180783057,102.70247822850595
1553.0,-172.06856885151,103.17609365800551
1553.5,-172.22622545444565,103.6504702663094
1554.0,-172.38197762564613,104.12547470734462
1554.5,-172.53533861906513,104.60125546486026
1555.0,-172.686701186247,105.0776739597212
1555.5,-172.83554779315494,105.55488407350542
1556.0,-172.98232681379702,106.03273480959685
1556.5,-173.12650607782936,106.51137638371975
1557.0,-173.2684865149827,106.99067486964763
1557.5,-173.40778926008298,107.47075878683206
1558.0,-173.54475380619206,107.95151433428124
1558.5,-173.6789000664724,108.43306244853669
1559.0,-173.81048992536816,108.91531295246672
1559.5,-173.93920419928418,109.39833794947408
1560.0,-174.06522648649528,109.8820713226324
1560.5,-174.1882545713825,110.36657271423479
1561.0,-174.30831055388157,110.8518158410169
1561.5,-174.42516129053502,111.33783530933255
1562.0,-174.53870410444446,111.82463002439364
1562.5,-174.64907056236424,112.31214833900951
1563.0,-174.75614652730386,112.80039498563848
1563.5,-174.86020703245174,113.28929060898885
1564.0,-174.96087249911483,113.77889295866959
1564.5,-175.05858632646166,114.26908883223365
1565.0,-175.15273845265475,114.75997656555607
1565.5,-175.24399614741307,115.25140773946576
1566.0,-175.33190047937697,115.74344912437738
1566.5,-175.41688768187234,116.23600442045912
1567.0,-175.49863980123928,116.72911053347993
1567.5,-175.57722956278008,117.22273190658136
1568.0,-175.65253527962892,117.71686583901659
1568.5,-175.72438839651807,118.21151364306063
1569.0,-175.7929611625556,118.7066261882997
1569.5,-175.8577217075641,119.20224837680696
1570.0,-175.91921108799565,119.69828471398311
1570.5,-175.9768197705724,120.19478435613496
1571.0,-176.03101510999528,120.69166452989269
1571.5,-176.08147749253033,121.18893512825126
1572.0,-176.12834199288562,121.6865535208276
1572.5,-176.17164550391956,122.18449134606075
1573.0,-176.21120341981384,122.68273821143046
1573.5,-176.2474921002372,123.18123338606794
1574.0,-176.27987186332635,123.679996485084
1574.5,-176.30888034991082,124.17896472000584
1575.0,-176.33408962482932,124.67813658106925
1575.5,-176.35557925804173,125.17747798445609
1576.0,-176.3733677164347,125.67696083448995
1576.5,-176.38682000605257,126.17656670700457
1577.0,-176.39621823063825,126.67624685084121
1577.5,-176.4008828176891,127.1759658633217
1578.0,-176.4013395177274,127.675677826022
1578.5,-176.39771339534374,128.1753545284046
1579.0,-176.3902133940339,128.67497477569293
1579.5,-176.37937124481718,129.1745302634106
1580.0,-176.36480715259924,129.67399240372654
1580.5,-176.347220041435,130.1733615925259
1581.0,-176.32683770112237,130.67263493455738
1581.5,-176.3039635311144,131.17181999432563
1582.0,-176.27904790432427,131.67093198521562
1582.5,-176.2518519093426,132.16995420860025
1583.0,-176.22250162120847,132.6688824573015
1583.5,-176.1909395702649,133.1677050714951
1584.0,-176.15702547074645,133.66640115965163
1584.5,-176.12093003118343,134.16496730672574
1585.0,-176.08215116014816,134.66335363387134
1585.5,-176.04051552302073,135.16152247487915
1586.0,-175.99578300315662,135.65942981400593
1586.5,-175.94699291211393,136.1569565358685
1587.0,-175.894264643444,136.6540754289067
1587.5,-175.8371204132192,137.15069752335717
1588.0,-175.7756860350093,137.64679567212465
1588.5,-175.71042119285596,138.14239471082607
1589.0,-175.64093474921765,138.6374067881075
1589.5,-175.56780500959675,139.1318814021337
1590.0,-175.49111967530771,139.62580823925592
1590.5,-175.41095006552538,140.1191753637429
1591.0,-175.3277950345386,140.61204504695286
1591.5,-175.24144610470864,141.10436357577973
1592.0,-175.15219611899707,141.59616234036818
1592.5,-175.0601972927633,142.08745237283918
1593.0,-174.9652554857529,142.57818008785293
1593.5,-174.86789242638272,143.06843269342417
1594.0,-174.76799164659604,143.55817417123353
1594.5,-174.66564604328636,144.0474091376224
1595.0,-174.5611314483507,144.53618724771022
1595.5,-174.45422188373223,145.0244496098333
1596.0,-174.34526984247438,145.51226432474223
1596.5,-174.23424701134053,145.99961851139827
1597.0,-174.12108976409894,146.48648836768857
1597.5,-174.00599583895604,146.97290957471864
1598.0,-173.88871083022417,147.4588127196793
1598.5,-173.7694015309148,147.94422642645242
1599.0,-173.6480598508149,148.4291396271777
1599.5,-173.5244830987056,148.91349015178494
1600.0,-173.3988778658084,149.39731796486436
1600.5,-173.2709905139723,149.88054448159704
1601.0,-173.14093710174433,150.3631880578571
1601.5,-173.00886219107264,150.84527899125465
1602.0,-172.87457119186388,151.32675645439863
1602.5,-172.73833917125256,151.80768552205635
1603.0,-172.59998839599555,152.2880072214348
1603.5,-172.45961051338088,152.76773886113804
1604.0,-172.31738254530543,153.2469256333571
1604.5,-172.17308473741264,153.7254959249907
1605.0,-172.02701915028183,154.20353395680465
1605.5,-171.8789674159607,154.68096202761907
1606.0,-171.72888109376026,155.1577531386021
1606.5,-171.57691726225863,155.63394839809246
1607.0,-171.42286942397595,156.10947605386812
1607.5,-171.2671072706141,156.58445013117526
1608.0,-171.10951523801052,157.05882812760504
1608.5,-170.95005568960485,157.53258843103208
1609.0,-170.78879642052007,158.00574366095861
1609.5,-170.62535241610365,158.47814948854995
1610.0,-170.46004801600455,158.94990790528465
1610.5,-170.29275826241198,159.42096682986815
1611.0,-170.12355221839144,159.89134258261112
1611.5,-169.95259462347414,160.3610874403881
1612.0,-169.77962054773295,160.8300962867039
1612.5,-169.60488302261192,161.29845147405055
1613.0,-169.4282200522016,161.76608342306986
1613.5,-169.24971548720336,162.23301404976124
1614.0,-169.0695059402184,162.69928696838187
1614.5,-168.88746906286292,163.1648476502297
1615.0,-168.70390984742298,163.62980860105066
1615.5,-168.5186935720079,164.09410911628493
1616.0,-168.33194868263013,164.55779249512779
1616.5,-168.14377065185957,165.0208935390402
1617.0,-167.9540938638207,165.48338104937324
1617.5,-167.76316435228654,165.94535285353984
1618.0,-167.5708574248901,166.4067537699467
1618.5,-167.37729415714344,166.86762774441272
1619.0,-167.18247313665353,167.32796852948712
1619.5,-166.9863892025657,167.78777095511222
1620.0,-166.78923223866946,168.24711453229395
1620.5,-166.59089219634936,168.70595081384118
1621.0,-166.39155007482182,169.16435575287554
1621.5,-166.1911489301828,169.62230208420942
1622.0,-165.98970937460692,170.07979611755664
1622.5,-165.78731358455582,170.5368712240335
1623.0,-165.58384040555384,170.99347083948177
1623.5,-165.37945155377943,171.44966366950067
1624.0,-165.17405450287959,171.90540640974123
1624.5,-164.96774068526682,172.36073771902818
1625.0,-164.7605242496109,172.81566309627271
1625.5,-164.55235132781365,173.27015535755945
1626.0,-164.34331942849826,173.72425566113196
1626.5,-164.13328322957685,174.17789422885537
1627.0,-163.92239390955254,174.63113827203995
1627.5,-163.71058820159996,175.08395691565664
1628.0,-163.49791500771462,175.53637087771585
1628.5,-163.28442506350314,175.9884029940835
1629.0,-163.07005448697683,176.44002120652044
1629.5,-162.85492627454147,176.89128165764737
1630.0,-162.63892245662055,177.3421254648667
1630.5,-162.4221608720486,177.79260564666217
1631.0,-162.20462189310535,178.24271132415984
1631.5,-161.98636032265165,178.69246892689634
1632.0,-161.7674484312618,179.14191260832874
1632.5,-161.54785002856858,179.59102409928025
1633.0,-161.32767483500575,180.03985475254186
1633.5,-161.10685880894474,180.48837064661785
1634.0,-160.88551609111227,180.9366265712589
1634.5,-160.66365184580795,181.38462455640544
1635.0,-160.4413184617104,181.8323904716977
1635.5,-160.21857398511563,182.27995318369838
1636.0,-159.99541133898694,182.72730811954114
1636.5,-159.77191178376182,183.17449543056287
1637.0,-159.5480583104435,183.62150561918125
1637.5,-159.32393318549364,184.06837990016047
1638.0,-159.09954353296564,184.51512169764416
1638.5,-158.8749362611142,184.96175635494635
1639.0,-158.65014500696697,185.40829996569832
1639.5,-158.4251925186616,185.8547642420338
1640.0,-158.20012282515293,186.30117142925712
1640.5,-157.97493618475013,186.74752226713417
1641.0,-157.7496640705613,187.19383237717787
1641.5,-157.5243027413628,187.64009994343203
1642.0,-157.29886674065293,188.08633200431925
1642.5,-157.07336297986834,188.5325309522808
1643.0,-156.84780596104252,188.97870333525532
1643.5,-156.62221070465296,189.42485648282224
1644.0,-156.39657783702435,189.87099280621598
1644.5,-156.17091799118487,190.31711811558247
1645.0,-155.94523897963145,190.7632367851692
1645.5,-155.71954833047548,191.20935092038343
1646.0,-155.49385440672015,191.65546398896387
1646.5,-155.26817160174352,192.10158346227064
1647.0,-155.042507248397,192.54771406880909
1647.5,-154.8168643555448,192.99385883996888
1648.0,-154.59124527625713,193.44001849194422
1648.5,-154.36565481238657,193.88619511554342
1649.0,-154.14009271918238,194.33238841200682
1649.5,-153.9145618942319,194.77860002406766
1650.0,-153.68905994826878,195.2248277021894
1650.5,-153.4635970957305,195.67107621065577
1651.0,-153.2381611086968,196.11733902981078
1651.5,-153.01274798560536,196.5636133814874
1652.0,-152.78735664231127,197.0098983113875
1652.5,-152.56199108197944,197.4561950438609
1653.0,-152.3366572072923,197.90250627469175
1653.5,-152.11134680727406,198.34882868436307
1654.0,-151.88606219766305,198.79516405755234
1654.5,-151.6608121233401,199.24151606323983
1655.0,-151.4355973163466,199.68788589463287
1655.5,-151.21040242817668,200.13426697335902
1656.0,-150.9852349935368,200.58066370635765
1656.5,-150.7600993864479,201.02707905952334
1657.0,-150.53500622541029,201.47351781970443
1657.5,-150.30996098998523,201.91998176652834
1658.0,-150.08496890346734,202.36647369224806
1658.5,-149.860031641066,202.81299572981922
1659.0,-149.63514495384763,203.25954581100106
1659.5,-149.41032620294519,203.70613292712162
1660.0,-149.18557016827629,204.15275300591742
1660.5,-148.96089355322334,204.59941476686572
1661.0,-148.73629763051989,205.04611818197628
1661.5,-148.51179645028864,205.49287050887273
1662.0,-148.28738928728308,205.93967094973826
1662.5,-148.06308393483744,206.38652303652654
1663.0,-147.83889444480187,206.83343385769
1663.5,-147.61481200012662,207.28039867493007
1664.0,-147.390850626444,207.72742514938207
1664.5,-147.16699319570372,208.1745052821774
1665.0,-146.94327496055564,208.6216565268166
1665.5,-146.71969185015416,209.06887636561677
1666.0,-146.4962469773606,209.51616618244964
1666.5,-146.27295750633053,209.96353394654525
1667.0,-146.049809262028,210.4109725023168
1667.5,-145.8268258569208,210.85849409553913
1668.0,-145.60398783447147,211.30608874959293
1668.5,-145.38132056448103,211.7537688191717
1669.0,-145.15882355821904,212.20153375174328
1669.5,-144.9365025267138,212.64938588021306
1670.0,-144.71436841058232,213.09733035549658
1670.5,-144.49239965322468,213.54535643773434
1671.0,-144.27062055223547,213.99347593634593
1671.5,-144.04899709457283,214.44167235545711
1672.0,-143.82753639728583,214.88994916692994
1672.5,-143.60623291231815,215.3383035031708
1673.0,-143.38507458484145,215.78672954447435
1673.5,-143.16407860000538,216.23523580561212
1674.0,-142.94322367318958,216.68381178998777
1674.5,-142.72252652957067,217.13246598922876
1675.0,-142.50198051786717,217.5811950760262
1675.5,-142.2815912696157,218.03000150093322
1676.0,-142.06138773076924,218.47889946114037
1676.5,-141.84136627089558,218.9278868509243
1677.0,-141.62156966648428,219.37698454693415
1677.5,-141.4019963912224,219.8261916501509
1678.0,-141.18266642145713,220.27551780756454
1678.5,-140.96363126895957,220.72498791157588
1679.0,-140.74488858771028,221.17460054876844
1679.5,-140.52651477213217,221.62439253352693
1680.0,-140.3085132427034,222.07436508773475
1680.5,-140.0909179402178,222.52453420855028
1681.0,-139.87381059055906,222.97493876332973
1681.5,-139.65718238130546,223.42557389240432
1682.0,-139.441125790844,223.87648328363522
1682.5,-139.22564526991945,224.32766808353284
1683.0,-139.01074538842778,224.77912951709757
1683.5,-138.79652838006817,225.23091502032952
1684.0,-138.58293140711703,225.68299346370904
1684.5,-138.37005198001137,226.1354099074687
1685.0,-138.1579235881185,226.58817876251467
1685.5,-137.94651077784187,227.04128210391875
1686.0,-137.73590775129136,227.49476189907023
1686.5,-137.52605138061668,227.9485873561935
1687.0,-137.31697504221614,228.40277235489597
1687.5,-137.10875996216305,228.8573524888929
1688.0,-136.9013152571992,229.31228425259016
1688.5,-136.6947136434752,229.76759868690178
1689.0,-136.48892972964777,230.22328190460826
1689.5,-136.28393709046898,230.67932012362138
1690.0,-136.07987570347913,231.13577430371893
1690.5,-135.8766869011835,231.59261651444507
1691.0,-135.67440096169403,232.04985871988384
1691.5,-135.47310492024317,232.50753665366182
1692.0,-135.272713222623,232.96561061179506
1692.5,-135.0732887005707,233.4241054604568
1693.0,-134.8748719991241,233.8830360675609
1693.5,-134.67742240489423,234.34238275396862
1694.0,-134.48105738410283,234.80219293362973
1694.5,-134.28576395238,235.2624578575424
1695.0,-134.09153164940656,235.72317065518934
1695.5,-133.89851035185825,236.18439016780044
1696.0,-133.70664223456293,236.64608888953887
1696.5,-133.51595791797223,237.10827672902738
1697.0,-133.3266387013802,237.5710234383875
1697.5,-133.13859996453053,238.03429087058632
1698.0,-132.95193996197858,238.49811553829022
1698.5,-132.76679896365945,238.96254792542857
1699.0,-132.583074740545,239.42754186052508
1699.5,-132.4008780690867,239.8931360000797
1700.0,-132.22033620835282,240.3593733711961
1700.5,-132.04135630960158,240.82621177621272
1701.0,-131.86405295511204,241.29368859478998
1701.5,-131.68849880013346,241.76182380656655
1702.0,-131.51459302077646,242.23057211551225
1702.5,-131.34249599912675,242.69998613309536
1703.0,-131.17233787428682,243.17010615827448
1703.5,-131.00402796031875,243.64089081858597
1704.0,-130.83766797529532,244.11236649357838
1704.5,-130.6732966492299,244.58453644355416
1705.0,-130.51082366467483,245.0573596976943
1705.5,-130.35039129229096,245.53087463291786
1706.0,-130.19211455569837,246.00510931152544
1706.5,-130.03596805772892,246.48004505775128
1707.0,-129.88207982439422,246.95571176792214
1707.5,-129.73056641839142,247.43213244716367
1708.0,-129.58138685735824,247.90928244443785
1708.5,-129.43479174035465,248.38722679868235
1709.0,-129.29112495395597,248.86605490276938
1709.5,-129.15040051431023,249.3457539902111
1710.0,-129.01287236301508,249.82638091542253
1710.5,-128.87888679761855,250.30800790806887
1711.0,-128.7482188690348,250.7905461152153
1711.5,-128.62095998526786,251.27399449520834
1712.0,-128.49763570480212,251.75846214050762
1712.5,-128.37798436936458,252.2438495344067
1713.0,-128.26213371896478,252.7301604493155
1713.5,-128.15051818079084,253.21746556409943
1714.0,-128.04306165875406,253.70570852044887
1714.5,-127.93970702770763,254.19483997013486
1715.0,-127.84070670946059,254.68487609633294
1715.5,-127.74610007693265,255.1757801426987
1716.0,-127.6556801971204,255.66747174369263
1716.5,-127.56964207548609,256.1599512483818
1717.0,-127.4885845127756,256.6532763812946
1717.5,-127.41202823414153,257.1473194375192
1718.0,-127.33988983047784,257.64202633767775
1718.5,-127.27237959731653,258.1373826023287
1719.0,-127.20946933318184,258.6333383316817
1719.5,-127.15120999978991,259.1298596585665
1720.0,-127.09785606600035,259.6269350186672
1720.5,-127.04997363397078,260.12456976740094
1721.0,-127.00705547242426,260.62265676114066
1721.5,-126.96909255157597,261.1211453853657
1722.0,-126.93625705692334,261.61999656852777
1722.5,-126.90882571210538,262.1191707491145
1723.0,-126.88671827769755,262.6186086111263
1723.5,-126.87020853923232,263.1182655539021
1724.0,-126.85961889351935,263.6180874576833
1724.5,-126.85505706280856,264.118004218201
1725.0,-126.85611826731721,264.61794206824464
1725.5,-126.86277126423299,265.1178391972533
1726.0,-126.8752986987077,265.6176261091172
1726.5,-126.89376999860345,266.11722894704843
1727.0,-126.91800792398318,266.616586188308
1727.5,-126.9480680596461,267.11562912370505
1728.0,-126.98410747040667,267.61427872368523
1728.5,-127.02632915935708,268.1124443808761
1729.0,-127.07446873252916,268.61007271825787
1729.5,-127.12871286116611,269.1070754930406
1730.0,-127.18922100970458,269.6033606869288
1730.5,-127.25623666141011,270.09881365348394
1731.0,-127.32951934370418,270.5933792739644
1731.5,-127.4089461192614,271.0869969516801
1732.0,-127.49455594552349,271.5795823145785
1732.5,-127.58637732695335,272.0710515507871
1733.0,-127.68465500118273,272.5612728643147
1733.5,-127.78891500292426,273.0502565852432
1734.0,-127.89887548383703,273.53798889859763
1734.5,-128.01440845368847,274.0244304467633
1735.0,-128.13535441204817,274.50955285859607
1735.5,-128.26200629148832,274.99321493684863
1736.0,-128.3943012192595,275.47536108419644
1736.5,-128.53227186713352,275.95591112317226
1737.0,-128.6758605466659,276.43481120062455
1737.5,-128.82508772646577,276.91198293384593
1738.0,-128.97989545352235,277.38737211279033
1738.5,-129.14036962997162,277.86087562611357
1739.0,-129.30637339660626,278.33246419617353
1739.5,-129.4779527449915,278.80204744061103
1740.0,-129.65516429916727,279.26953116788843
1740.5,-129.83812876058897,279.73479150126724
1741.0,-130.0269628010775,280.1977029444279
1741.5,-130.22172268610285,280.6581565907138
1742.0,-130.42249263469725,281.1160234017698
1742.5,-130.62888800415635,281.57138031865856
1743.0,-130.8406203869479,282.0242772528168
1743.5,-131.05749456963758,282.47472984425326
1744.0,-131.27945144252652,282.9226956999985
1744.5,-131.50670257258184,283.36799661352234
1745.0,-131.73926736908888,283.8105458213483
1745.5,-131.97716263756482,284.2502526232868
1746.0,-132.22025970527105,284.6871042914373
1746.5,-132.46835079685837,285.1211390209515
1747.0,-132.7213809735983,285.55231431288433
1747.5,-132.97933418855243,285.98056658391664
1748.0,-133.24194606061502,286.40598420992137
1748.5,-133.50883701215545,286.8287348225077
1749.0,-133.77973747303184,287.2489305251313
1749.5,-134.05441438589696,287.6666686805839
1750.0,-134.33242711010845,288.08219468453325
1750.5,-134.61347820935686,288.49567220281267
1751.0,-134.89729479155645,288.9072572857047
1751.5,-135.1836475933611,289.31708357070715
1752.0,-135.47237059388686,289.72524549292956
1752.5,-135.7634087097656,290.1317620143747
1753.0,-136.0565926664248,290.5367363555056
1753.5,-136.35184134685696,290.9402105163834
1754.0,-136.64911876500207,291.3421954991148
1754.5,-136.94839046600651,291.7427010119439
1755.0,-137.24969042098112,292.14168467657726
1755.5,-137.55284562745754,292.53926086620555
1756.0,-137.8578288440988,292.93543718490287
1756.5,-138.16465143415758,293.33019233151066
1757.0,-138.47348209277865,293.72338271095356
1757.5,-138.78424822373933,294.1150493036484
1758.0,-139.0968599949717,294.50524796583124
1758.5,-139.4112537539628,294.8940157552008
1759.0,-139.72740896439504,295.281353635439
1759.5,-140.0451941738966,295.66735484625053
1760.0,-140.36456357182738,296.05204663055895
1760.5,-140.68550305490643,296.4354303059777
1761.0,-141.00814536974968,296.81738310750745
1761.5,-141.33232467164586,297.19803365041224
1762.0,-141.6580035467665,297.5774037804101
1762.5,-141.985219914374,297.9554501915073
1763.0,-142.31386803364722,298.33225338266436
1763.5,-142.6438620711737,298.7078794039495
1764.0,-142.97525777130616,299.0822703505682
1764.5,-143.30802357546906,299.4554448671952
1765.0,-143.64204363121976,299.82749789205684
1765.5,-143.97735935396733,300.1983848227266
1766.0,-144.31390053849276,300.5681611734086
1766.5,-144.65154673275015,300.93692996795556
1767.0,-144.99036562045416,301.3046228771905
1767.5,-145.33024756861633,301.6713344257666
1768.0,-145.6711325038202,302.0371150280927
1768.5,-146.01309049788028,302.4018937049965
1769.0,-146.35594101399988,302.7658341523459
1769.5,-146.699694774979,303.128922141775
1770.0,-147.04428663939123,303.4912149683934
1770.5,-147.38961634820322,303.852804847742
1771.0,-147.73573041691085,304.21364407942957
1771.5,-148.08246992469273,304.5738821594205
1772.0,-148.42985445181384,304.93349775550166
1772.5,-148.77778176216816,305.2925872483906
1773.0,-149.1262025068046,305.65119698109766
1773.5,-149.47508993345951,306.00935143252553
1774.0,-149.82437047459044,306.3671219144872
1774.5,-150.17407847625458,306.72447394591956
1775.0,-150.5241487799975,307.0814700764201
1775.5,-150.87465105907515,307.4380408350151
1776.0,-151.22549408337727,307.7942754892233
1776.5,-151.5767505948206,308.1501017194563
1777.0,-151.92835416269443,308.5055845051974
1777.5,-152.28038074855297,308.86064793062457
1778.0,-152.63278101387624,309.21533956390726
1778.5,-152.985640645354,309.5695730451329
1779.0,-153.33887707636362,309.92343045196304
1779.5,-153.69258904734215,310.2768128097024
1780.0,-154.04672439275353,310.62977022507494
1780.5,-154.40141384667865,310.98216898734984
1781.0,-154.75659415992664,311.33407084059405
1781.5,-155.1123473687809,311.6853910025736
1782.0,-155.46862583675664,312.03617709195265
1782.5,-155.8254633229899,312.3863929150406
1783.0,-156.18290150235168,312.73599313788606
1783.5,-156.54090000297802,313.0850163058586
1784.0,-156.89956632125615,313.43334857210067
1784.5,-157.2587798062522,313.7811123294493
1785.0,-157.61861728846313,314.1282265082709
1785.5,-157.97903818237458,314.47472994231896
1786.0,-158.3400142582961,314.82065055031484
1786.5,-158.7016096132351,315.16591942186494
1787.0,-159.0637415894852,315.51062114451713
1787.5,-159.42648486457298,315.85467365346216
1788.0,-159.7898140920832,316.1981028316807
1788.5,-160.1536853671017,316.5409528128611
1789.0,-160.51819379880286,316.88312014434285
1789.5,-160.88323992715877,317.22470991179426
1790.0,-161.24882846046492,317.5657142999334
1790.5,-161.61505487214322,317.9060271468546
1791.0,-161.98182532168178,318.2457471363728
1791.5,-162.34916382099914,318.584845964033
1792.0,-162.71713777168267,318.9232466922315
1792.5,-163.08566254117406,319.26104021981683
1793.0,-163.45476322235638,319.59819624923773
1793.5,-163.82450903123282,319.9346366493372
1794.0,-164.19482624330746,320.27043952543454
1794.5,-164.56572877267425,320.60558505523585
1795.0,-164.93730751264738,320.93996800405876
1795.5,-165.3094526276532,321.27370943669564
1796.0,-165.68215027709945,321.60682356506516
1796.5,-166.0554621667558,321.93923946199897
1797.0,-166.4293315900236,322.2710187164552
1797.5,-166.8037304468029,322.6021911476767
1798.0,-167.1786796344511,322.9327304819334
1798.5,-167.55420368848618,323.2626070027763
1799.0,-167.93022625585508,323.5919075898765
1799.5,-168.30673499063406,323.92064700912715
1800.0,-168.68378635902516,324.2487595701775
1800.5,-169.06133407867807,324.5762973714595
1801.0,-169.43936284570984,324.9032752306663
1801.5,-169.81787442280663,325.22968758190177
1802.0,-170.1969493544091,325.5554362840078
1802.5,-170.57651469872218,325.8806028211768
1803.0,-170.95655294966468,326.2052070582458
1803.5,-171.33705097165455,326.52926342243734
1804.0,-171.71806880223514,326.8526984916835
1804.5,-172.09954128105764,327.1755858355336
1805.0,-172.48146116480572,327.4979323642752
1805.5,-172.86382574229202,327.8197383265506
1806.0,-173.2466702418315,328.1409557832818
1806.5,-173.62994620635322,328.46164371171454
1807.0,-174.01361018091498,328.7818541126613
1807.5,-174.39764460575714,329.10160925161426
1808.0,-174.78204702107314,329.4209082765674
1808.5,-175.1668352053894,329.73972614520574
1809.0,-175.5519505219403,330.05813203516345
1809.5,-175.93737645265995,330.37614593483625
1810.0,-176.32309544400138,330.69378895032844
1810.5,-176.70911048348873,331.0110561767392
1811.0,-177.0954108185394,331.32795992781035
1811.5,-177.48195907591813,331.64454393320307
1812.0,-177.86874194413144,331.96082305938825
1812.5,-178.25574223139904,332.27681672586334
1813.0,-178.6429592542458,332.5925251304295
1813.5,-179.0303683503835,332.90798006822854
1814.0,-179.4179388897939,333.22322156317506
1814.5,-179.80565564191429,333.5382708641861
1815.0,-180.19350450761038,333.8531454842728
1815.5,-180.5814856245563,334.1678423903336
1816.0,-180.96957108012984,334.48239628380264
1816.5,-181.35774746217652,334.79682506549614
1817.0,-181.74600536418222,335.111142971438
1817.5,-182.13434030349387,335.4253537692895
1818.0,-182.5227452481144,335.73946327223695
1818.5,-182.9112038721526,336.0534903925349
1819.0,-183.2997079509526,336.3674413911358
1819.5,-183.68824725968565,336.6813248527617
1820.0,-184.07681569827741,336.99514188269114
1820.5,-184.46539953188207,337.3089092099727
1821.0,-184.8539916284218,337.6226339301648
1821.5,-185.24258923856289,337.9363250849039
1822.0,-185.63119037380378,338.2499835814106
1822.5,-186.01978978894243,338.5636216428171
1823.0,-186.4083875892227,338.87724401435315
1823.5,-186.79698026133408,339.19085735601794
1824.0,-187.18556725924384,339.50446249884146
1824.5,-187.57415330337528,339.8180613325487
1825.0,-187.96273469769807,340.1316595089252
1825.5,-188.35130861735107,340.44526105819915
1826.0,-188.73987659326127,340.75887458223315
1826.5,-189.12843189632042,341.07250865261614
1827.0,-189.51697082213875,341.3861674953103
1827.5,-189.90548243062096,341.6998616575904
1828.0,-190.29395749719987,342.01359949420237
1828.5,-190.68238817533864,342.32738843471753
1829.0,-191.07076162680045,342.64124796434834
1829.5,-191.45905170231393,342.9552065431884
1830.0,-191.84725291102,343.26926827943515
1830.5,-192.235355284173,343.5834411443585
1831.0,-192.62333273252176,343.897756459399
1831.5,-193.01119287415997,344.2122030675812
1832.0,-193.3989264790308,344.5267917810426
1832.5,-193.7865034530839,344.84155703879316
1833.0,-194.1739392876431,345.15648691795127
1833.5,-194.56123124009653,345.4715857278208
1834.0,-194.94835173971705,345.78689223204475
1834.5,-195.3353240386495,346.1023795030283
1835.0,-195.7221317187497,346.41806463021305
1835.5,-196.1087260263538,346.73399874815817
1836.0,-196.49513857892723,347.05014810440343
1836.5,-196.88135869488625,347.36653091314525
1837.0,-197.26738243388849,347.6831576031789
1837.5,-197.65322609470743,348.0000106463909
1838.0,-198.03884036890247,348.3171521475055
1838.5,-198.42423961887874,348.6345579992598
1839.0,-198.8093942917331,348.95226496854355
1839.5,-199.19430022360592,349.2702815848334
1840.0,-199.5789776223211,349.5885883707193
1840.5,-199.96338357917995,349.90724135656137
1841.0,-200.34755532700822,350.22619405099056
1841.5,-200.73142062279751,350.54553863055014
1842.0,-201.11499618931433,350.865246596929
1842.5,-201.49815150231777,351.18546756426974
1843.0,-201.88088706026275,351.5061947848506
1843.5,-202.26310646174994,351.8275454594311
1844.0,-202.6448507423275,352.1494701071403
1844.5,-203.02600052909662,352.4721103765374
1845.0,-203.40656913057197,352.7954405948276
1845.5,-203.78634720319948,353.11969667987927
1846.0,-204.16538520267613,353.4448079452327
1846.5,-204.54350761920273,353.77097473566806
1847.0,-204.9207812874882,354.09811902916255
1847.5,-205.2970408466763,354.426419607744
1848.0,-205.6722058288917,354.7559572931106
1848.5,-206.04627950369184,355.0867257575677
1849.0,-206.4190851049031,355.418919376822
1849.5,-206.79072919254926,355.7524169003564
1850.0,-207.16100492072528,356.08743862700356
1850.5,-207.52977338635378,356.42411406187097
1851.0,-207.89699519236314,356.7624648663218
1851.5,-208.26245439899404,357.10271961602655
1852.0,-208.62630791340416,357.44469580272056
1852.5,-208.98849977621245,357.788442135806
1853.0,-209.34870039474816,358.13427921497146
1853.5,-209.7069106196048,358.48216681925743
1854.0,-210.06298577162647,358.83222186124664
1854.5,-210.41671326669183,359.184637545929
1855.0,-210.76833876231422,359.53914914720366
1855.5,-211.11781865138448,359.89578197761057
1856.0,-211.4648598817464,360.25479657658605
1856.5,-211.80943552890218,360.6161760494941
1857.0,-212.15142497929028,360.9799936343338
1857.5,-212.4907169258427,361.34632259531196
1858.0,-212.82726541078927,361.71516967314983
1858.5,-213.16121833165684,362.0863678039877
1859.0,-213.49254151624277,362.45991627530026
1859.5,-213.8209566292333,362.83602071487155
1860.0,-214.14646781092898,363.21462702864346
1860.5,-214.46917629120293,363.59562062048
1861.0,-214.7890696135936,363.97898223637674
1861.5,-215.10586508342962,364.36490596315434
1862.0,-215.41970153671323,364.75324228846307
1862.5,-215.7305256230539,365.14399695460133
1863.0,-216.03826043352504,365.53719035822854
1863.5,-216.3427042482421,365.93293600210313
1864.0,-216.64383776035046,366.33120301323845
1864.5,-216.94160325301777,366.7319782269514
1865.0,-217.23604178755195,367.13519203565835
1865.5,-217.52712998930463,367.5408213828843
1866.0,-217.8147178990527,367.9489312321753
1866.5,-218.09902974620346,368.35932685888355
1867.0,-218.38001837086483,368.772003231538
1867.5,-218.65765240399267,369.18694386685564
1868.0,-218.93184454707898,369.604171640898
1868.5,-219.2025251207256,370.0236895444914
1869.0,-219.46978190599083,370.44540314851184
1869.5,-219.73354955966187,370.8693141112467
1870.0,-219.99366501451252,371.2954757361245
1870.5,-220.24993561376883,371.7239561505028
1871.0,-220.50223760130726,372.15478093196486
1871.5,-220.7507609205889,372.5877984892666
1872.0,-220.9954854221544,373.02297968392713
1872.5,-221.23630746766185,373.46033774975564
1873.0,-221.47313980024668,373.8998715189289
1873.5,-221.70577417243678,374.34164607135796
1874.0,-221.93428614269627,374.78556923327506
1874.5,-222.15872071954112,375.23157298787123
1875.0,-222.37910627982282,375.67959975814273
1875.5,-222.59539184189347,376.1296294051888
1876.0,-222.8074214684649,376.5816826382581
1876.5,-223.01497944437352,377.035807368254
1877.0,-223.2180210418215,377.49196567826135
1877.5,-223.41651090434152,377.950117781184
1878.0,-223.6104573631018,378.410210095078
1878.5,-223.7999607200024,378.8721565860205
1879.0,-223.98494049776966,379.33594231281455
1879.5,-224.1652563560051,379.8015642877695
1880.0,-224.3406557370729,380.26905520226217
1880.5,-224.51111509049036,380.73835695730384
1881.0,-224.67677117357417,381.20935896811955
1881.5,-224.8377325222263,381.6819776528236
1882.0,-224.9941396507814,382.1561259397965
1882.5,-225.14600825983428,382.6317533807612
1883.0,-225.29331670162387,383.1088183126842
1883.5,-225.43603586022402,383.58728125605353
1884.0,-225.57410688085025,384.0671043828026
1884.5,-225.7076054258216,384.54821836801904
1885.0,-225.8365466197272,385.0305753249144
1885.5,-225.96099713051296,385.51411251320803
1886.0,-226.08093723359087,385.998788036103
1886.5,-226.1963886666147,386.48454814331103
1887.0,-226.30744940992048,386.97133250334167
1887.5,-226.41402612581078,387.4591166813322
1888.0,-226.51635090570616,387.94781182655646
1888.5,-226.6144906842426,388.4373645435909
1889.0,-226.70848151724002,388.927730811445
1889.5,-226.79831798690788,389.41887105050165
1890.0,-226.88419784928908,389.9107220765225
1890.5,-226.96630598821255,390.40322542136926
1891.0,-227.0444511803229,390.89638555325797
1891.5,-227.11861246092155,391.3901596447705
1892.0,-227.18870110734747,391.88452412467393
1892.5,-227.2546467723208,392.37944703444236
1893.0,-227.31656361185694,392.8748841966358
1893.5,-227.3747054540916,393.370784925997
1894.0,-227.42896667027773,393.8671384508606
1894.5,-227.47916500751677,394.3639190062501
1895.0,-227.52526539879835,394.8610907246036
1895.5,-227.56725250734098,395.3586168862259
1896.0,-227.60510783814854,395.85645887521605
1896.5,-227.638980350596,396.35457603473867
1897.0,-227.66897567793086,396.8529458613165
1897.5,-227.6952902594522,397.3515298585979
1898.0,-227.71776407683765,397.8503036797276
1898.5,-227.73634097252454,398.34923833694006
1899.0,-227.75100954883558,398.848305948237
1899.5,-227.76159079816904,399.34747619293773
1900.0,-227.7682860131398,399.8467212445219
1900.5,-227.77097305524617,400.34600671575515
1901.0,-227.76941383627033,400.8452938645535
1901.5,-227.76339479534852,401.34453720510356
1902.0,-227.7528427348873,401.8437015699078
1902.5,-227.73807787489667,402.34277055664825
1903.0,-227.71913643413149,402.841714108391
1903.5,-227.69589699579848,403.3404857209527
1904.0,-227.66841289327678,403.83905087343885
1904.5,-227.6363992477594,404.33735639373776
1905.0,-227.59983330659384,404.8353487936406
1905.5,-227.55884950587023,405.3330042909017
1906.0,-227.51317596492308,405.8302532937131
1906.5,-227.46266850080931,406.3270281747361
1907.0,-227.40728044045346,406.82328330668525
1907.5,-227.34721494428638,407.31899951295384
1908.0,-227.282424471784,407.81412361426584
1908.5,-227.212886923202,408.3086086033511
1909.0,-227.1384387080911,408.802378183506
1909.5,-227.0586477230374,409.29530070369435
1910.0,-226.9736110445504,409.7873250445973
1910.5,-226.8835519815527,410.2784390273116
1911.0,-226.78862465753474,410.76862654833013
1911.5,-226.68890269956842,411.2578562280419
1912.0,-226.5843224627431,411.7460741955064
1912.5,-226.47496923802655,412.2332488336334
1913.0,-226.36080284253126,412.719315555071
1913.5,-226.2417604252192,413.20420403307276
1914.0,-226.11781630831098,413.6878528626874
1914.5,-225.98887316859475,414.17018522142996
1915.0,-225.85523816549002,414.6512365041549
1915.5,-225.71723498718745,415.1310614771472
1916.0,-225.57485939496536,415.60961866400106
1916.5,-225.42805301981176,416.08684857816735
1917.0,-225.27656828218957,416.56261881879203
1917.5,-225.1204388957552,417.0368866477155
1918.0,-224.9595953787702,417.50956897270294
1918.5,-224.79400363884045,417.9806000345439
1919.0,-224.62365370663557,418.44992565601103
1919.5,-224.44823810336183,418.9173745385632
1920.0,-224.26796850435645,419.3829655791303
1920.5,-224.0828380987853,419.8466372721819
1921.0,-223.89283855619954,420.3083238218635
1921.5,-223.6979823783319,420.76797138779733
1922.0,-223.498231230662,421.22550476039885
1922.5,-223.29397353848003,421.6810425421904
1923.0,-223.08543334665984,422.1346398989847
1923.5,-222.87263870870927,422.58625926294815
1924.0,-222.65556443045045,423.0358386617529
1924.5,-222.43410012723865,423.4832835728762
1925.0,-222.20862446310338,423.9287344489747
1925.5,-221.97921428988664,424.37219636851927
1926.0,-221.74597720220308,424.81368971401366
1926.5,-221.5088654435546,425.2531443796275
1927.0,-221.26731217662166,425.69018731701016
1927.5,-221.02149452607412,426.1248516774729
1928.0,-220.771257797368,426.55698568996036
1928.5,-220.51659884811414,426.98652145659645
1929.0,-220.25755074864702,427.4134183871679
1929.5,-219.99401846990196,427.8375653447346
1930.0,-219.7263314186586,428.25910008182007
1930.5,-219.4545113439163,428.6779821211887
1931.0,-219.17854192093662,429.0941420674306
1931.5,-218.89828992149825,429.50742085844087
1932.0,-218.61379148791423,429.9177802319119
1932.5,-218.32520941484293,430.32526732394734
1933.0,-218.0325759904899,430.72984242207184
1933.5,-217.73599592023245,431.13152644227046
1934.0,-217.43540939892773,431.53021569965557
1934.5,-217.13093538422623,431.92594166019023
1935.0,-216.8227451145012,432.31877677252925
1935.5,-216.51085263047642,432.7086749282185
1936.0,-216.1952712639313,433.0955788176522
1936.5,-215.87587704209105,433.4793197012611
1937.0,-215.55292935206458,433.86005936688747
1937.5,-215.22665685765207,434.23794764427373
1938.0,-214.8971942849101,434.61306372319063
1938.5,-214.56459406358226,434.9854164049897
1939.0,-214.22852940050123,435.3546509325797
1939.5,-213.88908280112136,435.7207702490241
1940.0,-213.54627640095097,436.08373632265364
1940.5,-213.2001759080816,436.44355492363263
1941.0,-212.8507617271998,436.8001466326898
1941.5,-212.4979245686264,437.15334090510896
1942.0,-212.1418581507046,437.50326832316875
1942.5,-211.78259000059214,437.84989752377004
1943.0,-211.420186353843,438.1932348726998
1943.5,-211.05469336721444,438.5332768692342
1944.0,-210.68598272755034,438.8698206408814
1944.5,-210.31428731419376,439.2030563918361
1945.0,-209.93962789502405,439.53294535326836
1945.5,-209.56206226433602,439.8594978004361
1946.0,-209.18163026064485,440.1826991111766
1946.5,-208.7984190412047,440.50260593163136
1947.0,-208.41252581358867,440.8192895500317
1947.5,-208.02413275794342,441.1329169981495
1948.0,-207.6333952844584,441.4436458178952
1948.5,-207.2403262021547,441.75144180242904
1949.0,-206.84487635325596,442.0561696532857
1949.5,-206.44701301734364,442.35770094533916
1950.0,-206.0468656993641,442.6561698528427
1950.5,-205.64473536883222,442.9519661307632
1951.0,-205.24083394968804,443.2453762958589
1951.5,-204.83512645393884,443.5363266443152
1952.0,-204.42750625270727,443.82461587277277
1952.5,-204.01786301814838,444.1100022593051
1953.0,-203.60632001559068,444.39259040869354
1953.5,-203.19309689533935,444.67265892063807
1954.0,-202.77842594640356,444.9505129987095
1954.5,-202.36250618212722,445.22644682784056
1955.0,-201.94551751533538,445.50075947278725
1955.5,-201.52756200279595,445.77362952511646
1956.0,-201.10869433079748,446.04513650751187
1956.5,-200.68895736421624,446.3153270366443
1957.0,-200.26840502128047,446.5842458562045
1957.5,-199.84714341343877,446.8520351670824
1958.0,-199.4253349118017,447.11896102557637
1958.5,-199.003098525665,447.38521898418975
1959.0,-198.58053178082474,447.6509711553414
1959.5,-198.1577279835701,447.91635837145867
1960.0,-197.73478903205475,448.181535250902
1960.5,-197.31182445771998,448.44666728307226
1961.0,-196.8889691151527,448.7119614245646
1961.5,-196.46636152361998,448.97763084908337
1962.0,-196.04412997821063,449.24388116084714
1962.5,-195.6224126941556,449.5109307645675
1963.0,-195.20129096633457,449.7789176593782
1963.5,-194.780830336468,450.04796482802453
1964.0,-194.36116305419856,450.31827528945774
1964.5,-193.94247837097217,450.59011261105206
1965.0,-193.5249799351776,450.86376159006466
1965.5,-193.10884656934883,451.1394675097604
1966.0,-192.69420103215953,451.41740671183766
1966.5,-192.28111626884888,451.69769380615736
1967.0,-191.8697564121324,451.9805525407367
1967.5,-191.46036516046962,452.2662890010792
1968.0,-191.0532046037013,452.55521612560176
1968.5,-190.64843700648152,452.84750604067074
1969.0,-190.24613925600897,453.14321638615047
1969.5,-189.84639940781724,453.4424239717769
1970.0,-189.4493893571454,453.7452900839041
1970.5,-189.05533085810333,454.0520317771486
1971.0,-188.664418258972,454.36281330273715
1971.5,-188.27691610102627,454.6778683399655
1972.0,-187.89295468698631,454.9972587632355
1972.5,-187.51265424374768,455.3210369722537
1973.0,-187.13607324885277,455.6491752621748
1973.5,-186.76333252045882,455.981712555147
1974.0,-186.3946352163482,456.31876798809805
1974.5,-186.03031726026114,456.6605752107574
1975.0,-185.67079882891818,457.0074369756006
1975.5,-185.3164922515542,457.35961405784445
1976.0,-184.96751196630154,457.7170631667525
1976.5,-184.62400297112373,458.0797703109336
1977.0,-184.28607065482777,458.44767386004355
1977.5,-183.9540302416556,458.82089269292794
1978.0,-183.62813141315576,459.199470737473
1978.5,-183.30873896281554,459.5835271575133
1979.0,-182.99606020874128,459.97303688600135
1979.5,-182.6899398436587,460.36769824042
1980.0,-182.39026023378176,460.7672627904046
1980.5,-182.09704012576483,461.17159027542283
1981.0,-181.8101999363689,461.58046893318027
1981.5,-181.52996050007937,461.99389983858845
1982.0,-181.25643134419366,462.41179088953
1982.5,-180.98985232927265,462.8341382018055
1983.0,-180.73020781322313,463.2607700906184
1983.5,-180.47734380151604,463.6914546323604
1984.0,-180.23111047418396,464.12597371466626
1984.5,-179.9913133100661,464.5641006915404
1985.0,-179.7579234357785,465.0057010262103
1985.5,-179.53121666724098,465.450793916811
1986.0,-179.31136676884924,465.89931971260347
1986.5,-179.0988292526726,466.35135344884395
1987.0,-178.89385276781013,466.806857677512
1987.5,-178.69645188609394,467.2656857044731
1988.0,-178.50659731930142,467.7276769140331
1988.5,-178.32450262368945,468.1927652636088
1989.0,-178.14994760262937,468.66071695089465
1989.5,-177.98260080201175,469.1312762257439
1990.0,-177.82213465697592,469.60420851814854
1990.5,-177.66827751574553,470.0793204784201
1991.0,-177.52097794283645,470.5564894721354
1991.5,-177.38037030262933,471.03564830725685
1992.0,-177.24637681619373,471.51667300404614
1992.5,-177.1183282471618,471.99929166660996
1993.0,-176.99565654118243,472.4832825428874
1993.5,-176.87798743843155,472.96849787138564
1994.0,-176.76512083284786,473.4548439029258
1994.5,-176.65696112295444,473.9422668097671
1995.0,-176.5532605167117,474.4306860958887
1995.5,-176.45393731738434,474.9200532546994
1996.0,-176.35906223519373,475.4103489515519
1996.5,-176.26899040313668,475.90159219044494
1997.0,-176.18428467560804,476.3938111843862
1997.5,-176.1054738996511,476.8870189459342
1998.0,-176.03271669664923,477.3811634748062
1998.5,-175.96604157840366,477.8761739035706
1999.0,-175.90553088772467,478.3719859666583
1999.5,-175.85140999805134,478.868541097253
2000.0,-175.80389426456316,479.3657698826601
2000.5,-175.76299317262655,479.8635828869076
2001.0,-175.7285845329495,480.3618901615348
2001.5,-175.7004666628806,480.8606021790624
2002.0,-175.67870529560525,481.35964272342187
2002.5,-175.66345164393243,481.85892915029217
2003.0,-175.65483284888427,482.3583777625974
2003.5,-175.65280124717242,482.8579022584882
2004.0,-175.6570348148522,483.357428997907
2004.5,-175.66723916463775,483.8568967161687
2005.0,-175.6835528064949,484.35623350535514
2005.5,-175.7060228959393,484.8553499320553
2006.0,-175.73508751882952,485.35413261157277
2006.5,-175.77097199993204,485.8524701675573
2007.0,-175.8133646257927,486.3502982062723
2007.5,-175.86190913524533,486.84757445047984
2008.0,-175.91638200920028,487.3442573279946
2008.5,-175.97644523064602,487.84031687431883
2009.0,-176.04222342366765,488.335667075987
2009.5,-176.11374463166416,488.83023221045664
2010.0,-176.19055933223896,489.3240123937325
2010.5,-176.27220995500613,489.8170268638486
2011.0,-176.3582871645867,490.30930056688055
2011.5,-176.44851428080375,490.8008406991551
2012.0,-176.54265081508714,491.2916547929582
2012.5,-176.6402831728916,491.78179635319947
2013.0,-176.74107043144883,492.27131109588004
2013.5,-176.84473092984499,492.76023609736995
2014.0,-176.95100293764537,493.24861043703976
2014.5,-177.05964929899923,493.7364742718338
2015.0,-177.1704630867019,494.2238636376262
2015.5,-177.2832274164004,494.7108186892202
2016.0,-177.39773285144034,495.1973819281493
2016.5,-177.51392387067983,495.6835528898259
2017.0,-177.63166668723568,496.16935364742756
2017.5,-177.75074918554856,496.65483116492845
2018.0,-177.87096688518758,497.14003419509646
2018.5,-177.99217407017088,497.6249932672508
2019.0,-178.11420866351074,498.109749678054
2019.5,-178.23696026249527,498.5943319787655
2020.0,-178.36034047855335,499.0787606462501
2020.5,-178.48424381434856,499.5630617002925
2021.0,-178.60858654863114,500.04725444001485
2021.5,-178.73331913012973,500.53134547652706
2022.0,-178.85839444782368,501.0153453041095
2022.5,-178.98376767565082,501.49926621917837
2023.0,-179.10940073645858,501.983118578094
2023.5,-179.23526670499808,502.46691053030844
2024.0,-179.3613302501878,502.95065161811664
2024.5,-179.4875711009694,503.4343457044958
2025.0,-179.61396205299695,503.91800115546334
2025.5,-179.74047956037532,504.40162423511475
2026.0,-179.86710033515203,504.8852210345746
2026.5,-179.99381230370824,505.36879484929364
2027.0,-180.12061020905637,505.85234333216073
2027.5,-180.24749567418573,506.3358647364434
2028.0,-180.37447021149225,506.8193583012656
2028.5,-180.50151422435528,507.3028285590088
2029.0,-180.62861048761536,507.7862836734569
2029.5,-180.75576502495318,508.2697256026744
2030.0,-180.88297819376962,508.75315622117984
2030.5,-181.01025799167274,509.23657460699485
2031.0,-181.13761027842966,509.71998016408776
2031.5,-181.26503753432402,510.2033683975931
2032.0,-181.3925359823603,510.6867401815116
2032.5,-181.52009787284678,511.17009532936254
2033.0,-181.647710332252,511.65343760843615
2033.5,-181.77537564179758,512.1367664333291
2034.0,-181.9031152927782,512.6200725429903
2034.5,-182.0309408533333,513.1033592191089
2035.0,-182.1588868540787,513.5866219124791
2035.5,-182.28694080480142,514.0698666116006
2036.0,-182.41510475203432,514.553093471505
2036.5,-182.54341375074182,515.0362930430512
2037.0,-182.6718726762041,515.5194529178528
2037.5,-182.80047101786775,516.0025777992656
2038.0,-182.92919304211748,516.4856725474727
2038.5,-183.0579991003037,516.9687500527122
2039.0,-183.18690578331245,517.4518085795404
2039.5,-183.31591917810812,517.9348456372867
2040.0,-183.44504737918362,518.4178557111661
2040.5,-183.57430126000452,518.9008331376854
2041.0,-183.70366808360015,519.3837785752295
2041.5,-183.8331847706561,519.8666790456525
2042.0,-183.96285907540192,520.3495315998957
2042.5,-184.0926951319275,520.8323356171437
2043.0,-184.22269591641583,521.315091718793
2043.5,-184.35281705070312,521.7978138036451
2044.0,-184.48306714918886,522.2804998581981
2044.5,-184.6134215637135,522.7631561421297
2045.0,-184.74389094450925,523.2457803223461
2045.5,-184.87445724391677,523.7283795492477
2046.0,-185.00513177014926,524.2109526196401
2046.5,-185.1358849810166,524.6935074579405
2047.0,-185.26671881573904,525.1760432608367
2047.5,-185.3976044650195,525.6585666188296
2048.0,-185.52851727770755,526.1410844088231
2048.5,-185.6594403222423,526.6236008307645
2049.0,-185.79037204719594,527.1061160922168
2049.5,-185.92130306667642,527.5886325745653
2050.0,-186.05224383464972,528.071147233862
2050.5,-186.18319879916848,528.5536585156559
2051.0,-186.3141642505586,529.0361675142155
2051.5,-186.44513839999132,529.5186733338143
2052.0,-186.57610878743694,530.0011774226241
2052.5,-186.7070535649055,530.483685401585
2053.0,-186.8379555057869,530.9662018445723
2053.5,-186.96878532582295,531.4487341208538
2054.0,-187.09954797650158,531.9312825955891
2054.5,-187.23022910873615,532.4138516339285
2055.0,-187.36082905101182,532.8964415364608
2055.5,-187.49135385690968,533.379051846955
2056.0,-187.62179894191806,533.8616853043943
2056.5,-187.75217718685943,534.3443386436527
2057.0,-187.8824821735881,534.8270143184525
2057.5,-188.0127154334392,535.3097125295609
2058.0,-188.14288174834869,535.7924318688404
2058.5,-188.27297324169848,536.2751752125843
2059.0,-188.40300632111004,536.7579372968278
2059.5,-188.53298170112873,537.2407181195929
2060.0,-188.66288908085826,537.7235206165691
2060.5,-188.79273496104588,538.2063426517278
2061.0,-188.92251437954815,538.6891862249829
2061.5,-189.05222274104312,539.1720524689389
2062.0,-189.18187095102985,539.6549375087742
2062.5,-189.31145362283706,540.1378427310441
2063.0,-189.4409573449972,540.620771845528
2063.5,-189.5703826256372,541.1037234964416
2064.0,-189.69972298449215,541.5866993254343
2064.5,-189.82895932960068,542.0697045117508
2065.0,-189.9580913608707,542.5527385543047
2065.5,-190.08710244020372,543.0358056715419
2066.0,-190.2159569607052,543.5189152335155
2066.5,-190.34466317774053,544.0020645644959
2067.0,-190.47321471542944,544.4852551979978
2067.5,-190.60159299629044,544.9684920752311
2068.0,-190.72978711052258,545.4517780883438
2068.5,-190.85780846146307,545.9351100896421
2069.0,-190.98565742254894,546.4184879047782
2069.5,-191.11331117626654,546.901917465205
2070.0,-191.2407934053906,547.3853923952473
2070.5,-191.3681062797594,547.8689120125856
2071.0,-191.49524704344182,548.3524769992769
2071.5,-191.62220476183688,548.836090163792
2072.0,-191.7490054667638,549.319744554586
2072.5,-191.8756470386668,549.8034406097505
2073.0,-192.00211769037304,550.2871812331618
2073.5,-192.1283984742734,550.7709712342903
2074.0,-192.2545000189513,551.2548077014325
2074.5,-192.38041477197189,551.73869249779
2075.0,-192.50613321742813,552.2226281057909
2075.5,-192.63163047566366,552.7066207545743
2076.0,-192.75693740083295,553.190662352482
2076.5,-192.8820536880932,553.6747528402307
2077.0,-193.00698275231827,554.1588910528753
2077.5,-193.13170763698903,554.6430811449967
2078.0,-193.25623065487062,555.1273224972184
2078.5,-193.38055820321424,555.6116132538187
2079.0,-193.5046823645705,556.0959554653015
2079.5,-193.62859962782827,556.5803501250904
2080.0,-193.7522845373854,557.0648033103388
2080.5,-193.87577028357273,557.5493065479827
2081.0,-193.99905647558867,558.0338599184574
2081.5,-194.12214439574822,558.5184631225382
2082.0,-194.24503193625296,559.0031168541177
2082.5,-194.36769469008397,559.4878272753735
2083.0,-194.49016838547772,559.9725847115016
2083.5,-194.61246045890786,560.4573868361528
2084.0,-194.73456903974937,560.9422338830676
2084.5,-194.85648856207746,561.4271271511494
2085.0,-194.97820513410477,561.9120700561431
2085.5,-195.09972330863678,562.3970613812484
2086.0,-195.22105373502606,562.8820983397262
2086.5,-195.3421968523276,563.3671804063974
2087.0,-195.4631538029436,563.8523065416399
2087.5,-195.58392174685156,564.337477055164
2088.0,-195.7044759553813,564.8226977148894
2088.5,-195.82482394790242,565.3079669132753
2089.0,-195.9449507687896,565.7932891452858
2089.5,-196.06483716257748,566.2786698226519
2090.0,-196.1844787865727,566.7641103710675
2090.5,-196.3038790250895,567.2496094679627
2091.0,-196.42302780831542,567.7351694436592
2091.5,-196.54193174109525,568.2207889261844
2092.0,-196.6606050146965,568.7064648986085
2092.5,-196.77905234870104,569.1921967001279
2093.0,-196.8972826986473,569.677982629014
2093.5,-197.01531203505547,570.1638184372312
2094.0,-197.1331588057078,570.6496984116606
2094.5,-197.25082425169055,571.1356214174086
2095.0,-197.36832564335273,571.6215825064291
2095.5,-197.4856754066709,572.1075782080815
2096.0,-197.6028777972259,572.5936073012507
2096.5,-197.71993084257633,573.0796699923948
2097.0,-197.83683667661782,573.5657652342461
2097.5,-197.95360503077725,574.0518908441411
2098.0,-198.0702369546546,574.5380454708753
2098.5,-198.18674232222514,575.024225838104
2099.0,-198.30312891317877,575.5104294523857
2099.5,-198.41939427425552,575.9966564700584
2100.0,-198.53553262778846,576.4829094610684
2100.5,-198.65154163435778,576.9691902276398
2101.0,-198.7674212552688,577.4554991662187
2101.5,-198.88317507632954,577.9418358136692
2102.0,-198.9987979078574,578.4282012675071
2102.5,-199.1143000937383,578.9145930325503
2103.0,-199.22969359156,579.4010091186598
2103.5,-199.34498932932493,579.8874466834325
2104.0,-199.4601942861458,580.3739043787118
2104.5,-199.5753135039289,580.8603816750973
2105.0,-199.6903511778177,581.346877322581
2105.5,-199.8053124095868,581.8333890108252
2106.0,-199.92020442788143,582.3199137948114
2106.5,-200.035031699798,582.806448737244
2107.0,-200.1497990978488,583.2929907150373
2107.5,-200.2645144490348,583.7795379722669
2108.0,-200.37918203263177,584.2660879893815
2108.5,-200.49380245252368,584.7526404197688
2109.0,-200.60837584008928,585.2391953903735
2109.5,-200.7229026753716,585.7257517019505
2110.0,-200.83738293608505,586.2123088776689
2110.5,-200.95181776746938,586.6988675980217
2111.0,-201.06620886259165,587.1854275830593
2111.5,-201.18055315789383,587.6719911234833
2112.0,-201.29484537145447,588.1585622630406
2112.5,-201.4090734473941,588.6451450097279
2113.0,-201.5232307194832,589.1317442887189
2113.5,-201.6373065388291,589.618365878486
2114.0,-201.7513042251673,590.1050117653004
2114.5,-201.86523118335228,590.5916807612823
2115.0,-201.9790965225546,591.0783711921545
2115.5,-202.09291148463467,591.5650799949639
2116.0,-202.20668592653755,592.0518040122766
2116.5,-202.32042483271488,592.5385411159942
2117.0,-202.4341288524318,593.0252899482543
2117.5,-202.54779959441885,593.5120486735308
2118.0,-202.66144397376937,593.998814376783
2118.5,-202.7750689192046,594.4855838496512
2119.0,-202.8886758274466,594.9723558750367
2119.5,-203.0022628755602,595.4591301463738
2120.0,-203.11583447299657,595.9459046848455
2120.5,-203.2294006422571,596.432677240966
2121.0,-203.34297172279298,596.9194469502089
2121.5,-203.456555485099,597.4062111334273
2122.0,-203.5701535157831,597.8929680926047
2122.5,-203.68377193076617,598.3797168290339
2123.0,-203.7974160613735,598.8664559344838
2123.5,-203.91108975621,599.3531843316947
2124.0,-204.02480181530967,599.8399022807225
2124.5,-204.13856402474096,600.3266095573431
2125.0,-204.25238205822097,600.8133048091013
2125.5,-204.36625915883573,601.2999875472884
2126.0,-204.48020896301742,601.7866564060148
2126.5,-204.5942435129104,602.2733065020319
2127.0,-204.70836031805118,602.7599332467997
2127.5,-204.82255993626623,603.2465363167889
2128.0,-204.93684993868996,603.7331133940031
2128.5,-205.0512366268838,604.2196628800766
2129.0,-205.16573103785365,604.7061850064334
2129.5,-205.2803308222935,605.1926813881414
2130.0,-205.39503250214372,605.6791476036808
2130.5,-205.50984000080862,606.165581034594
2131.0,-205.6247566919421,606.6519790578088
2131.5,-205.73978567840678,607.1383403547085
2132.0,-205.8549300884658,607.6246641056362
2132.5,-205.9701978391781,608.1109484271585
2133.0,-206.08559880728558,608.5971918330204
2133.5,-206.20114058346869,609.083393682615
2134.0,-206.3168283543728,609.5695523704901
2134.5,-206.4326655954272,610.0556665859826
2135.0,-206.54866118285585,610.5417347511363
2135.5,-206.66482137147526,611.0277572836569
2136.0,-206.78115445847968,611.5137329976211
2136.5,-206.8976725736295,611.999660103695
2137.0,-207.01437096887915,612.4855397983808
2137.5,-207.13125089266708,612.9713723180565
2138.0,-207.24831544282532,613.4571573972373
2138.5,-207.36557243198686,613.9428953624924
2139.0,-207.48302536819057,614.4285861752439
2139.5,-207.60067275829184,614.9142299283608
2140.0,-207.71851404896088,615.3998257187936
2140.5,-207.8365480660686,615.8853727751218
2141.0,-207.95477072748758,616.3708713843797
2141.5,-208.0731827207019,616.8563214139359
2142.0,-208.19178704931466,617.3417224706395
2142.5,-208.31058642835563,617.8270747023472
2143.0,-208.4295816001951,618.3123774172716
2143.5,-208.54877325679948,618.7976282446587
2144.0,-208.6681570414323,619.2828271548592
2144.5,-208.78773733390025,619.7679698994871
2145.0,-208.9075301043495,620.2530540862527
2145.5,-209.02754953254788,620.7380762032486
2146.0,-209.14780510998264,621.223035949865
2146.5,-209.268303806227,621.7079319646155
2147.0,-209.38905047843753,622.1927607432439
2147.5,-209.51004795201658,622.6775198348774
2148.0,-209.63130691680212,623.1622058825357
2148.5,-209.75284458594277,623.6468149080179
2149.0,-209.8746749126052,624.1313435507819
2149.5,-209.99680875490716,624.615788692754
2150.0,-210.1192596288494,625.1001452466168
2150.5,-210.24204169002422,625.5844096784708
2151.0,-210.3651701282272,626.0685774717967
2151.5,-210.4886608939365,626.552643596548
2152.0,-210.61252179177362,627.0366052440265
2152.5,-210.7367631806285,627.5204580203562
2153.0,-210.86140707760975,628.0041957465382
2153.5,-210.9864835110849,628.4878127465347
2154.0,-211.1120326190844,628.9713007986162
2154.5,-211.23808495287247,629.4546524008332
2155.0,-211.3646569620922,629.9378647751907
2155.5,-211.4917692781601,630.4209334442937
2156.0,-211.619442122247,630.9038529250249
2156.5,-211.74769193133912,631.3866192046692
2157.0,-211.8765342913882,631.8692283101057
2157.5,-212.00596824286765,632.351679015536
2158.0,-212.13599459396704,632.8339686389827
2158.5,-212.2666188687049,633.3160957296581
2159.0,-212.39784277399843,633.7980590948005
2159.5,-212.52966440016974,634.279856188812
2160.0,-212.66207614098548,634.7614863922154
2160.5,-212.79506931318073,635.2429486893903
2161.0,-212.92864652660583,635.7242381705255
2161.5,-213.0628354135036,636.2053442936183
2162.0,-213.19766245894115,636.6862593424374
2162.5,-213.33316678255485,637.1669701584846
2163.0,-213.4693955109135,637.6474616893157
2163.5,-213.606425019137,638.1277116524728
2164.0,-213.74429052193315,638.6077074813992
2164.5,-213.88306749424402,639.0874266106296
2165.0,-214.0228469725766,639.5668450729374
2165.5,-214.16372101541475,640.0459367558005
2166.0,-214.3057741407702,640.5246756749302
2166.5,-214.44908811068822,641.0030368888848
2167.0,-214.59372039174642,641.4810014237102
2167.5,-214.73971990547057,641.958550516415
2168.0,-214.8871222576371,642.4356701144109
2168.5,-215.03591340150686,642.9123600355522
2169.0,-215.1860435338409,643.3886286063657
2169.5,-215.3374863283388,643.8644762348036
2170.0,-215.4902256254195,644.3399011589779
2170.5,-215.64420118923684,644.8149142010699
2171.0,-215.79935950777787,645.2895250639641
2171.5,-215.9556527031834,645.7637423929739
2172.0,-216.11301145267385,646.237580741607
2172.5,-216.27140912341295,646.7110403129067
2173.0,-216.4308846643853,647.1841007389355
2173.5,-216.59145526819157,647.656750370344
2174.0,-216.7531684338998,648.1289705762919
2174.5,-216.9161749962599,648.6007111030198
2175.0,-217.08062923709556,649.0719212019816
2175.5,-217.24670351846808,649.542542323359
2176.0,-217.41462749701128,650.0124928856405
2176.5,-217.58461185187704,650.4816982807802
2177.0,-217.75685061272168,650.9500862768182
2177.5,-217.93151625800783,651.417588064488
2178.0,-218.10872408243694,651.8841528753467
2178.5,-218.28852901895596,652.349748480687
2179.0,-218.4709440763957,652.8143549735413
2179.5,-218.65593654917015,653.2779678948939
2180.0,-218.84344658061568,653.7405912948344
2180.5,-219.0333691411591,654.2022476109497
2181.0,-219.225531701527,654.6629893438148
2181.5,-219.4197072038731,655.1228909842456
2182.0,-219.61568903472065,655.5820193465795
2182.5,-219.813309502318,656.0404260403674
2183.0,-220.01243575681045,656.4981507154383
2183.5,-220.2129789645814,656.9552222755107
2184.0,-220.41484318274456,657.4116777776662
2184.5,-220.61796530847897,657.867535573851
2185.0,-220.82240413105797,658.3227604026646
2185.5,-221.0282552996043,658.7773100783115
2186.0,-221.23565899874802,659.2311208594384
2186.5,-221.4448064672949,659.6841052979964
2187.0,-221.6558753595923,660.1361844565006
2187.5,-221.86899109608513,660.5872955378155
2188.0,-222.08429685478038,661.037367208572
2188.5,-222.30199275098713,661.4863004361853
2189.0,-222.522256058199,661.9340030684033
2189.5,-222.7452010331418,662.3804080594139
2190.0,-222.97085972639135,662.8254842319255
2190.5,-223.1992158939826,663.269221081022
2191.0,-223.43020459093674,663.7116282989505
2191.5,-223.66383168591116,664.1526788351388
2192.0,-223.8999805075296,664.5924086737007
2192.5,-224.13852207044928,665.0308643190835
2193.0,-224.3793541532522,665.4680810284157
2193.5,-224.62236417728013,665.9041004699275
2194.0,-224.867412020675,666.3389811127821
2194.5,-225.11437703527344,666.7727731477687
2195.0,-225.36314507793836,667.2055243302564
2195.5,-225.6136175346027,667.6372757673736
2196.0,-225.8657351732101,668.0680482576361
2196.5,-226.11943296573114,668.4978691257699
2197.0,-226.37466893517166,668.9267524720244
2197.5,-226.63145041160257,669.354684114568
2198.0,-226.88977941691948,669.7816557441074
2198.5,-227.14968127932326,670.207645367083
2199.0,-227.41122112814656,670.6326078205667
2199.5,-227.6745805420203,671.0564272450304
2200.0,-227.939838913056,671.4790514622262
2200.5,-228.20712679094217,671.9003913781078
2201.0,-228.47659964388836,672.3203457401281
2201.5,-228.74834669236694,672.7388483997663
2202.0,-229.02242211659376,673.1558499770746
2202.5,-229.29888132530937,673.5713005241237
2203.0,-229.5777620728001,673.9851596374261
2203.5,-229.85904880388756,674.3974181565858
2204.0,-230.14269073824923,674.8080898782954
2204.5,-230.42858806454063,675.2172203716807
2205.0,-230.71661062217893,675.6248745675003
2205.5,-231.00661360612474,676.0311320106312
2206.0,-231.29843903952133,676.4360837048873
2206.5,-231.59200569534914,676.8397676613204
2207.0,-231.88722732683027,677.242226795745
2207.5,-232.1839868619672,677.6435317622249
2208.0,-232.4822357666502,678.0437058467562
2208.5,-232.7819348433795,678.4427667004301
2209.0,-233.08306968845756,678.8407144721575
2209.5,-233.38563803613974,679.2375423442091
2210.0,-233.68961400320083,679.633261031138
2210.5,-233.99501912725813,680.0278449250482
2211.0,-234.30191349861494,680.421241830884
2211.5,-234.61032960494902,680.8134190991824
2212.0,-234.92030795971604,681.2043379162291
2212.5,-235.23189865939824,681.5939551789467
2213.0,-235.54517464076508,681.9822023054938
2213.5,-235.86019055903057,682.3690231035366
2214.0,-236.1769186899592,682.7544307405306
2214.5,-236.49537697010396,683.1384012964509
2215.0,-236.81560245760895,683.5208930564844
2215.5,-237.13761837197885,683.9018753045173
2216.0,-237.4614041343997,684.2813529210889
2216.5,-237.78695543872496,684.6593149014407
2217.0,-238.11428583677198,685.0357370992996
2217.5,-238.44335560142846,685.410638660578
2218.0,-238.77413637038313,685.784026400732
2218.5,-239.10661378709958,686.1559009337238
2219.0,-239.4408045018551,686.5262297370962
2219.5,-239.77669151591311,686.8950092569413
2220.0,-240.11420766746494,687.26228649047
2220.5,-240.45334787987548,687.6280545731742
2221.0,-240.7940822025324,687.9923261345641
2221.5,-241.1363871120803,688.3551106285486
2222.0,-241.48025388591913,688.7164044212107
2222.5,-241.82567545134688,689.0761998538428
2223.0,-242.17265846177511,689.4344769057869
2223.5,-242.52122392568359,689.7912040459589
2224.0,-242.87140542053118,690.146340326211
2224.5,-243.22325998127272,690.4998181051785
2225.0,-243.57689985391855,690.8515110068439
2225.5,-243.93217943018462,691.2015478115625
2226.0,-244.2890993850615,691.5499157440944
2226.5,-244.6476638903255,691.8965983006588
2227.0,-245.00783006459324,692.2416210414939
2227.5,-245.36959598494974,692.584970322221
2228.0,-245.73292517810967,692.9266722765105
2228.5,-246.0977702937446,693.2667553543656
2229.0,-246.46410511122804,693.6052362652031
2229.5,-246.831960398003,693.9420667597999
2230.0,-247.20131591083748,694.2772570559064
2230.5,-247.57227671241174,694.6106795699734
2231.0,-247.94471518897265,694.9424579154179
2231.5,-248.31858317034707,695.2726274284583
2232.0,-248.69386805219958,695.6011896811235
2232.5,-249.07051131814626,695.928197404512
2233.0,-249.4485765230244,696.2535645551901
2233.5,-249.82804488216865,696.5773116239319
2234.0,-250.20886401311884,696.8994772759263
2234.5,-250.5909746034883,697.2201146033312
2235.0,-250.97437521836133,697.5392138422593
2235.5,-251.35896577678264,697.8568807370606
2236.0,-251.74478363494993,698.17305387406
2236.5,-252.13181688710094,698.4877435432667
2237.0,-252.5200876835894,698.8009165654805
2237.5,-252.90956659049905,699.112604113408
2238.0,-253.30018391427,699.4228859379928
2238.5,-253.6919130999184,699.731775777176
2239.0,-254.08468255758703,700.0393568955743
2239.5,-254.47847309209695,700.345641516813
2240.0,-254.8732477915577,700.6506712509176
2240.5,-255.26898186858858,700.9544725860512
2241.0,-255.66562202242045,701.2571056982074
2241.5,-256.0631172574119,701.5586319659835
2242.0,-256.4614011458439,701.8591294650739
2242.5,-256.86040219237657,702.1586859829805
2243.0,-257.26007614150996,702.4573488458916
2243.5,-257.66033831547384,702.7552231528862
2244.0,-258.0612147979241,703.0522643938789
2244.5,-258.4626536115229,703.3485464015765
2245.0,-258.86462675023114,703.6441062776777
2245.5,-259.26709975971,703.9389784494272
2246.0,-259.67004108580954,704.2331990093064
2246.5,-260.07345404530264,704.5267643164221
2247.0,-260.47733613533177,704.8196803179585
2247.5,-260.88169804890344,705.111936505791
2248.0,-261.28654131060574,705.4035352927764
2248.5,-261.69185017548796,705.6944950669637
2249.0,-262.09761287681874,705.9848266061068
2249.5,-262.50381744561184,706.2745457621077
2250.0,-262.9104581109337,706.5636580279169
2250.5,-263.31753780649365,706.8521596632362
2251.0,-263.7250584588649,707.1400503313051
2251.5,-264.1330132429995,707.4273376198871
2252.0,-264.5413853093818,707.7140397613207
2252.5,-264.9501602952056,708.0001719815465
2253.0,-265.3593314890419,708.2857424725296
2253.5,-265.76890158781475,708.5707469850715
2254.0,-266.17887113096674,708.8551842889935
2254.5,-266.58924508396694,709.1390505794067
2255.0,-266.99999241748094,709.4223831399563
2255.5,-267.41108785859166,709.7052105120005
2256.0,-267.82251966523,709.9875446925874
2256.5,-268.23428716393516,710.2693902071061
2257.0,-268.64638754315155,710.5507562880048
2257.5,-269.0588144629535,710.8316529766226
2258.0,-269.47154997706497,711.1121086099796
2258.5,-269.8845735752085,711.3921484719998
2259.0,-270.2978656280334,711.6717999637899
2259.5,-270.7114079251781,711.9510905953242
2260.0,-271.1251870609056,712.2300436483849
2260.5,-271.53918696408016,712.5086863081413
2261.0,-271.95338491693934,712.7870522293283
2261.5,-272.3677554795484,713.0651736965957
2262.0,-272.78227756902504,713.3430763970764
2262.5,-273.19693597155384,713.6207836595904
2263.0,-273.61171572669144,713.898319440134
2263.5,-274.0265977357131,714.1757138970619
2264.0,-274.44156000304383,714.4529975653013
2264.5,-274.8565822893945,714.7301944181054
2265.0,-275.2716469166164,715.0073263656667
2265.5,-275.6867389393105,715.2844193500462
2266.0,-276.10184432399114,715.5614992859752
2266.5,-276.5169501982648,715.8385883044904
2267.0,-276.9320420860684,716.1157094357629
2267.5,-277.34710381883934,716.3928885443248
2268.0,-277.76211986843686,716.6701515398527
2268.5,-278.1770774825642,716.9475257202572
2269.0,-278.59196361758313,717.2250357220946
2269.5,-279.006765271638,717.5027034373635
2270.0,-279.4214710388199,717.7805521466818
2270.5,-279.83607268126735,718.058602591246
2271.0,-280.2505611474881,718.3368682351363
2271.5,-280.6649271229122,718.6153600339584
2272.0,-281.0791679765109,718.8940764459422
2272.5,-281.49327383579333,719.173018030401
2273.0,-281.90723785567695,719.452191343376
2273.5,-282.32105323030254,719.7316058220472
2274.0,-282.73471169522855,720.0112689493963
2274.5,-283.14820072159455,720.2911916225548
2275.0,-283.56151648337993,720.5713744118415
2275.5,-283.974642979873,720.8518311744751
2276.0,-284.38756489296395,721.1325826994688
2276.5,-284.8002702397006,721.4136453557646
2277.0,-285.21274678003385,721.6950373808719
2277.5,-285.62496973870446,721.9767976126163
2278.0,-286.0369286272909,722.2589452076697
2278.5,-286.4486031546356,722.5415111436768
2279.0,-286.85997545846163,722.8245306578381
2279.5,-287.27103383615236,723.1080245766112
2280.0,-287.6817684600099,723.3920089417173
2280.5,-288.09217013058907,723.676502527773
2281.0,-288.5022490893579,723.9614953730663
2281.5,-288.91201547950567,724.246968183165
2282.0,-289.3214835939697,724.5328993744854
2282.5,-289.7306697758987,724.8192650555129
2283.0,-290.1395953292485,725.1060295579204
2283.5,-290.5482799197456,725.3931587523998
2284.0,-290.95674547850916,725.6806175362602
2284.5,-291.3650147211299,725.9683672308892
2285.0,-291.773104819724,726.2563763554532
2285.5,-292.1810308159151,726.5446210480305
2286.0,-292.5888072042443,726.8330782027124
2286.5,-292.9964448936151,727.1217265492068
2287.0,-293.4039538491962,727.4105480363162
2287.5,-293.8113409930166,727.6995305984498
2288.0,-294.2186122872914,727.9886626869842
2288.5,-294.6257683976789,728.27794087113
2289.0,-295.03280781050296,728.5673674565884
2289.5,-295.4397298042693,728.8569429036821
2290.0,-295.84654191639913,729.1466559685844
2290.5,-296.2532425801813,729.436508929955
2291.0,-296.6598332818447,729.726499303034
2291.5,-297.0663096112888,730.0166318847388
2292.0,-297.472669722234,730.3069122214296
2292.5,-297.8789111532698,730.597344782064
2293.0,-298.2850314136591,730.8879315097192
2293.5,-298.69102909064884,731.1786730915672
2294.0,-299.09690033255725,731.4695723557898
2294.5,-299.5026385777876,731.7606361609755
2295.0,-299.908237532901,732.0518748335912
2295.5,-300.31368979428646,732.3433002589098
2296.0,-300.71898706364664,732.6349213279667
2296.5,-301.12412823139033,732.9267356503432
2297.0,-301.5291088322243,733.2187415258743
2297.5,-301.9339185931862,733.5109502083682
2298.0,-302.33855074041725,733.8033706245718
2298.5,-302.74299985362023,734.0960138982582
2299.0,-303.1472512435405,734.3889073194538
2299.5,-303.5512970630007,734.6820660231706
2300.0,-303.9551256749804,734.9755045733989
2300.5,-304.3587254411187,735.2692412230613
2301.0,-304.7620799413387,735.5633041541904
2301.5,-305.16517005764337,735.8577277506507
2302.0,-305.56797775553036,736.1525460443079
2302.5,-305.97049010708383,736.4477855497611
2303.0,-306.37270405260534,736.7434575675818
2303.5,-306.7746207915538,737.0395621186833
2304.0,-307.17624442101555,737.336096120531
2304.5,-307.57757191497967,737.6330731962784
2305.0,-307.9786130777569,737.9304855728097
2305.5,-308.37939426701166,738.2282987228759
2306.0,-308.77993536040145,738.5264884762025
2306.5,-309.1802542869457,738.8250297605597
2307.0,-309.580367757318,739.1238995738056
2307.5,-309.9802919313868,739.4230749820902
2308.0,-310.38004207189647,739.7225337690368
2308.5,-310.77963344459994,740.0222537964241
2309.0,-311.17908108243995,740.3222126648019
2309.5,-311.5783973155104,740.6223901733073
2310.0,-311.97759411589493,740.9227662538666
2310.5,-312.3766802733233,741.2233280755016
2311.0,-312.775662565739,741.5240626866556
2311.5,-313.17455579563557,741.824945181771
2312.0,-313.57336558502436,742.1259623568523
2312.5,-313.97209605749305,742.4271032179523
2313.0,-314.3707487808731,742.728360671383
2313.5,-314.76932531730034,743.0297285210763
2314.0,-315.16782699213906,743.331202364601
2314.5,-315.56625388659836,743.6327806434412
2315.0,-315.9646058646584,743.9344617481474
2315.5,-316.3628815029027,744.236244341709
2316.0,-316.76106886214535,744.5381401013635
2316.5,-317.1591719071953,744.8401418926811
2317.0,-317.5571894069235,745.1422503448225
2317.5,-317.9551185186033,745.4444683682074
2318.0,-318.3529582385077,745.7467963131501
2318.5,-318.7507046881732,746.0492380074209
2319.0,-319.1483526611749,746.3517994624772
2319.5,-319.5458974586207,746.6544873074065
2320.0,-319.94333286772684,746.9573119229098
2320.5,-320.3406524403686,747.2602869039357
2321.0,-320.7378366991913,747.5634375647599
2321.5,-321.13489558815485,747.8667496433336
2322.0,-321.53182511916543,748.1702307656395
2322.5,-321.92862165730605,748.4738875159666
2323.0,-322.32527924493604,748.7777299793927
2323.5,-322.7217943246438,749.081765412859
2324.0,-323.1181663422461,749.3859959872974
2324.5,-323.51439343588254,749.6904233185079
2325.0,-323.9104724800772,749.9950519354652
2325.5,-324.3063911692915,750.2998991378726
2326.0,-324.7021688778975,750.6049372038685
2326.5,-325.09780737567905,750.9101616360173
2327.0,-325.493308858327,751.2155680000342
2327.5,-325.8886766311594,751.5211507273773
2328.0,-326.2839130455414,751.8269051244272
2328.5,-326.67901934454727,752.1328279422281
2329.0,-327.07399994266933,752.4389136495636
2329.5,-327.4688422512999,752.7451755721128
2330.0,-327.86355929514167,753.0515944972054
2330.5,-328.2581577330974,753.3581617835109
2331.0,-328.6526396140943,753.6648744575656
2331.5,-329.04700536197316,753.9717320164916
2332.0,-329.4412558583203,754.2787343586338
2332.5,-329.83539310023417,754.5858805325411
2333.0,-330.2294176977807,754.8931703330327
2333.5,-330.6233154115648,755.2006222720775
2334.0,-331.01710187904695,755.5082188235108
2334.5,-331.41078200179976,755.8159549756185
2335.0,-331.8043549395068,756.1238333363109
2335.5,-332.1978212570319,756.431855928434
2336.0,-332.59118334621144,756.7400223653742
2336.5,-332.98444426852876,757.0483299969602
2337.0,-333.3776018084535,757.3567821625152
2337.5,-333.7706491466133,757.6653899823386
2338.0,-334.1636021203152,757.9741308912385
2338.5,-334.5564638985887,758.2830013809047
2339.0,-334.94923795124066,758.5919977559364
2339.5,-335.3419269732544,758.9011166743595
2340.0,-335.7345323800034,759.2103553984745
2340.5,-336.1270545327347,759.519711669361
2341.0,-336.519485858237,759.8291977658494
2341.5,-336.9118398377241,760.1387933722923
2342.0,-337.30412097937807,760.4484916843961
2342.5,-337.69633180195416,760.7582895374065
2343.0,-338.0884740877856,761.068183854826
2343.5,-338.48054936651,761.3781714460898
2344.0,-338.872559957406,761.688249290908
2344.5,-339.2644976407135,761.9984303030385
2345.0,-339.65637067329516,762.308701751278
2345.5,-340.04818518327613,762.6190565412902
2346.0,-340.4399412951108,762.9294944182985
2346.5,-340.8316388007875,763.2400144955319
2347.0,-341.2232785388703,763.5506141945858
2347.5,-341.61486173895116,763.8612915217875
2348.0,-342.0063807295658,764.1720598793826
2348.5,-342.3978449182584,764.4829076997182
2349.0,-342.7892505730789,764.7938396671328
2349.5,-343.180596448088,765.1048569269475
2350.0,-343.5718827220432,765.4159585971331
2350.5,-343.96311000077634,765.7271433323261
2351.0,-344.35427234224716,766.0384199753285
2351.5,-344.74536431065627,766.3497968970494
2352.0,-345.1363925480608,766.6612643535121
2352.5,-345.52735852740375,766.9728199698312
2353.0,-345.91826451068704,767.2844602912526
2353.5,-346.30911235879705,767.5961817806309
2354.0,-346.69990170525296,767.9079823122347
2354.5,-347.09062268641804,768.21987298044
2355.0,-347.48128828667,768.5318356179106
2355.5,-347.8718991382708,768.8438679146539
2356.0,-348.26245587387695,769.1559677929306
2356.5,-348.6529578905134,769.468134060605
2357.0,-349.043402393958,769.7803670804252
2357.5,-349.4337707171226,770.092685486215
2358.0,-349.82406914388883,770.4050802332436
2358.5,-350.2142995718577,770.7175476609752
2359.0,-350.60445568553934,771.030094155697
2359.5,-350.9945308025321,771.3427271439028
2360.0,-351.3845190092797,771.6554537547228
2360.5,-351.77439191356075,771.9683069886877
2361.0,-352.164143135644,772.2812989828016
2361.5,-352.55377246536113,772.5944330291213
2362.0,-352.94326807905935,772.9077258893414
2362.5,-353.332616217153,773.2211975604539
2363.0,-353.7218019293757,773.5348703165467
2363.5,-354.1107797906572,773.8488047975774
2364.0,-354.49954929001495,774.1630049257826
2364.5,-354.88813254889874,774.4774450341948
2365.0,-355.27653802417086,774.7921156518939
2365.5,-355.66477556265494,775.1070051031227
2366.0,-356.05285545380053,775.4221008736298
2366.5,-356.4407636295959,775.7374217975672
2367.0,-356.82853484161376,776.052921532817
2367.5,-357.216191122116,776.368570983719
2368.0,-357.60374638951356,776.6843514196889
2368.5,-357.9912140134215,777.0002444935377
2369.0,-358.3786056426114,777.3162336337605
2369.5,-358.7659139190382,777.6323244891574
2370.0,-359.1531680553905,777.9484789064263
2370.5,-359.5403733990578,778.264689083938
2371.0,-359.92753264017944,778.5809507016031
2371.5,-360.31464660099454,778.8972617467922
2372.0,-360.7017105451359,779.2136256150234
2372.5,-361.0887270472145,779.5300370906511
2373.0,-361.47570224836204,779.8464877642904
2373.5,-361.86263708319643,780.162976449633
2374.0,-362.24953223685753,780.4795028273604
2374.5,-362.63638762580376,780.7960678269607
2375.0,-363.02319019261256,781.1126873568423
2375.5,-363.4099496949119,781.4293564034622
2376.0,-363.79666765627053,781.7460737473529
2376.5,-364.18334419843086,782.0628408980019
2377.0,-364.56998000034775,782.3796592257596
2377.5,-364.95657269440005,782.6965343901355
2378.0,-365.34311845943097,783.0134739845076
2378.5,-365.7296276174702,783.3304678290508
2379.0,-366.11610466720896,783.6475124418524
2379.5,-366.5025529193829,783.9646049081789
2380.0,-366.88897374976165,784.2817437243068
2380.5,-367.2753613467336,784.5989385456788
2381.0,-367.66172182642345,784.9161771609254
2381.5,-368.048056474378,785.2334574353968
2382.0,-368.43436826226394,785.5507757032782
2382.5,-368.8206609342244,785.868127320985
2383.0,-369.20693167489213,786.1855156667377
2383.5,-369.59318144864295,786.5029367311048
2384.0,-369.97941360885056,786.8203837989709
2384.5,-370.36562946180425,787.1378541807858
2385.0,-370.75183013090844,787.4553456502381
2385.5,-371.1380145199046,787.7728589119381
2386.0,-371.5241800651457,788.0903963353319
2386.5,-371.91033151668694,788.4079512626902
2387.0,-372.2964699324329,788.7255217763428
2387.5,-372.6825959235462,789.0431065423369
2388.0,-373.0687089544519,789.3607056260462
2388.5,-373.4548036027536,789.6783245278922
2389.0,-373.84088466667095,789.995958382443
2389.5,-374.22695452608724,790.3136051235992
2390.0,-374.61301407533,790.6312642206528
2390.5,-374.99906248003845,790.9489369226687
2391.0,-375.38509521503494,791.2666305041619
2391.5,-375.7711165614322,791.5843409368536
2392.0,-376.15712816276067,791.9020669402884
2392.5,-376.5431318105631,792.2198067256363
2393.0,-376.92912937744296,792.5375580900659
2393.5,-377.3151187751364,792.8553242472183
2394.0,-377.7011016547397,793.1731028891653
2394.5,-378.087079409515,793.4908922818131
2395.0,-378.47305168374953,793.8086927259503
2395.5,-378.85901688248583,794.126505776818
2396.0,-379.2449665985554,794.4443409118102
2396.5,-379.6308991683972,794.7621985338017
2397.0,-380.0168175286686,795.0800749780818
2397.5,-380.40272282656207,795.39796850268
2398.0,-380.7886156763908,795.7158778042873
2398.5,-381.17449267548517,796.0338066451137
2399.0,-381.560351362679,796.3517576104061
2399.5,-381.94619119945736,796.669731479506
2400.0,-382.33201116888483,796.9877294918227
2400.5,-382.71781070258,797.3057523093912
2401.0,-383.10358580899987,797.6238056225167
2401.5,-383.48934219526404,797.9418831958818
2402.0,-383.8750809739419,798.2599838250914
2402.5,-384.26080196080306,798.5781077525214
2403.0,-384.64650473719126,798.89625534908
2403.5,-385.032185948133,799.2144303578528
2404.0,-385.41785324085714,799.5326239053279
2404.5,-385.80350885768394,799.8508334875802
2405.0,-386.1891543642765,800.1690573572473
2405.5,-386.5747909471374,800.4872941707133
2406.0,-386.96042147939227,800.8055407328958
2406.5,-387.34605053863487,801.1237901287539
2407.0,-387.7316807952251,801.4420391940791
2407.5,-388.1173132605258,801.7602867079618
2408.0,-388.50294679165364,802.0785340100016
2408.5,-388.8885822297168,802.3967801728215
2409.0,-389.274222659691,802.7150211479925
2409.5,-389.6598694551251,803.0332551329874
2410.0,-390.0455235708856,803.3514808555718
2410.5,-390.43118633416725,803.6696966969921
2411.0,-390.81685347184646,803.9879076392241
2411.5,-391.202523928944,804.306114781807
2412.0,-391.58819723669654,804.6243186954433
2412.5,-391.973872736723,804.9425201769735
2413.0,-392.35954943603736,805.260720402941
2413.5,-392.7452258057028,805.5789213162531
2414.0,-393.1308989930145,805.8971261495727
2414.5,-393.5165672857069,806.21533699558
2415.0,-393.9022291253402,806.5335558016831
2415.5,-394.2878812975948,806.8517865692294
2416.0,-394.67352065511227,807.1700331510219
2416.5,-395.05914821149264,807.4882943894319
2417.0,-395.44476393338243,807.8065702959267
2417.5,-395.83036803539693,808.1248605735199
2418.0,-396.2159590447441,808.4431671298967
2418.5,-396.6015341418115,808.7614932905409
2419.0,-396.98709487145294,809.0798370470204
2419.5,-397.3726410541269,809.3981985669851
2420.0,-397.75817280056475,809.7165776681468
2420.5,-398.1436888169581,810.03497584587
2421.0,-398.52919074556695,810.353390990487
2421.5,-398.9146825914133,810.6718181693285
2422.0,-399.3001651612268,810.9902563762813
2422.5,-399.6856395435068,811.3087042918959
2423.0,-400.0711074728504,811.6271598351667
2423.5,-400.456569481036,811.9456222489698
2424.0,-400.84202685775205,812.2640899510745
2424.5,-401.2274800080708,812.5825623617988
2425.0,-401.6129287807775,812.901039619216
2425.5,-401.99837198785383,813.2195231787294
2426.0,-402.38381760253066,813.5380034562685
2426.5,-402.7692638996957,813.856482712365
2427.0,-403.1547089256261,814.1749632476487
2427.5,-403.54015197896257,814.493445823386
2428.0,-403.9255936443555,814.8119296447928
2428.5,-404.3110362714026,815.1304119095001
2429.0,-404.6964793257115,815.4488933130167
2429.5,-405.0819217760143,815.7673752601435
2430.0,-405.4673624237862,816.085859259672
2430.5,-405.85280007363554,816.4043467502887
2431.0,-406.23823336683716,816.7228392105209
2431.5,-406.62365783009153,817.0413420076217
2432.0,-407.0090748545056,817.3598533639871
2432.5,-407.39448612503884,817.6783711334468
2433.0,-407.779891853684,817.9968950048808
2433.5,-408.16528948287714,818.3154280900865
2434.0,-408.55067260772074,818.6339778626
2434.5,-408.9360443448659,818.952540634228
2435.0,-409.32140455720224,819.2711163951142
2435.5,-409.70675262803275,819.5897057435144
2436.0,-410.0920876469519,819.9083096674062
2436.5,-410.47740657952926,820.22693157434
2437.0,-410.8627085183372,820.5455731010643
2437.5,-411.2479947690664,820.864232883026
2438.0,-411.63326479802464,821.1829115264593
2438.5,-412.01851782847547,821.5016099250171
2439.0,-412.403752506223,821.820329714506
2439.5,-412.78896468587203,822.1390754322491
2440.0,-413.1741581932466,822.4578434345484
2440.5,-413.5593310515713,822.7766363068652
2441.0,-413.94448177531984,823.095455938249
2441.5,-414.32960984292714,823.4143029751767
2442.0,-414.7147148863496,823.7331778330764
2442.5,-415.0997912363968,824.052087137899
2443.0,-415.4848388054428,824.371031100774
2443.5,-415.8698589565348,824.6900084053815
2444.0,-416.254853186586,825.0090174048764
2444.5,-416.63982191565447,825.3280574612571
2445.0,-417.02475874340104,825.6471357257857
2445.5,-417.4096685347837,825.9662459756785
2446.0,-417.7945537904754,826.2853847960672
2446.5,-418.17941719734887,826.604548888828
2447.0,-418.56426196908467,826.923734384168
2447.5,-418.9490909100216,827.2429377877276
2448.0,-419.3339021999855,827.5621600918168
2448.5,-419.7186985617148,827.8813975726621
2449.0,-420.1034838679057,828.200644693317
2449.5,-420.488262423046,828.5198957287369
2450.0,-420.87303735740244,828.8391467377314
2450.5,-421.257809279738,829.15839714578
2451.0,-421.64257726930987,829.4776476709881
2451.5,-422.0273441763165,829.7968948180007
2452.0,-422.4121124688554,830.1161352275143
2452.5,-422.7968839680131,830.4353666667498
2453.0,-423.18166037857134,830.7545872368594
2453.5,-423.5664432488159,831.0737954743482
2454.0,-423.9512338126746,831.3929909148496
2454.5,-424.336032567923,831.7121733695955
2455.0,-424.7208399627384,832.0313433186619
2455.5,-425.10565862723513,832.3504976224364
2456.0,-425.4904897687122,832.669634461094
2456.5,-425.8753335516386,832.9887537430968
2457.0,-426.26019091424985,833.3078551118006
2457.5,-426.64506610560477,833.6269343369773
2458.0,-427.0299655511533,833.9459839333562
2458.5,-427.41489034857807,834.2650023307993
2459.0,-427.79983693620187,834.583993421321
2459.5,-428.1848057707771,834.9029563099389
2460.0,-428.5697963524721,835.2218921660622
2460.5,-428.95480810258437,835.5408022567149
2461.0,-429.3398416328876,835.8596858970627
2461.5,-429.72489834230106,836.1785411896021
2462.0,-430.10997704237525,836.4973685839203
2462.5,-430.4950824764114,836.8161620815983
2463.0,-430.88020556485424,837.1349335582005
2463.5,-431.26534528372576,837.4536845992287
2464.0,-431.650501454932,837.7724150650873
2464.5,-432.0356738108593,838.0911235932634
2465.0,-432.4208624834999,838.4098085083912
2465.5,-432.8060671067592,838.7284693472347
2466.0,-433.19128621425864,839.0471075320963
2466.5,-433.57651823244595,839.3657256010544
2467.0,-433.9617626267514,839.684325438982
2467.5,-434.3470230361315,840.0029024908181
2468.0,-434.7322982440285,840.3214567235801
2468.5,-435.11758828991555,840.6399888244417
2469.0,-435.5028911629249,840.9585008698934
2469.5,-435.88820711700356,841.2769939103862
2470.0,-436.27353576798197,841.5954696691955
2470.5,-436.6588766712111,841.9139292870075
2471.0,-437.04422877863726,842.2323746913833
2471.5,-437.42959108705054,842.5508079164915
2472.0,-437.8149630627192,842.8692296927035
2472.5,-438.2003424476635,843.1876418995316
2473.0,-438.58572736705815,843.5060458449216
2473.5,-438.97111846758423,843.8244406390988
2474.0,-439.35651452127996,844.1428284685622
2474.5,-439.74191516257366,844.4612102246866
2475.0,-440.12732518659277,844.7795795205656
2475.5,-440.51274455542165,845.0979347431454
2476.0,-440.8981711621054,845.4162759557887
2476.5,-441.2836073418591,845.7345983076004
2477.0,-441.66905739111496,846.0528971720809
2477.5,-442.05452190946266,846.3711723967357
2478.0,-442.44000267047517,846.6894221686117
2478.5,-442.8255023228067,847.0076435847274
2479.0,-443.21102114545124,847.3258350705787
2479.5,-443.59656142838986,847.6439932641271
2480.0,-443.9821279874059,847.9621129863216
2480.5,-444.3677217944559,848.2801946874449
2481.0,-444.75334241665826,848.5982404093454
2481.5,-445.13899178137757,848.9162496279083
2482.0,-445.52467325611497,849.234219562517
2482.5,-445.9103903209528,849.5521466218696
2483.0,-446.2961466914978,849.8700258131465
2483.5,-446.68194395663807,850.1878539031654
2484.0,-447.06778185736374,850.5056303637184
2484.5,-447.4536623944004,850.8233542697529
2485.0,-447.8395872296765,851.1410239558446
2485.5,-448.22555622433896,851.4586375563077
2486.0,-448.61157119275356,851.7761890436011
2486.5,-448.9976323239351,852.0936742098953
2487.0,-449.38373719025446,852.4110921457901
2487.5,-449.7698828178638,852.7284459126946
2488.0,-450.15606978296097,853.04573431802
2488.5,-450.54229444464374,853.3629604188952
2489.0,-450.9285505307523,853.6801304181238
2489.5,-451.31483405317067,853.9972470835088
2490.0,-451.7011443065515,854.3143126356617
2490.5,-452.08747899829024,854.6313306077982
2491.0,-452.47383497177447,854.948308881146
2491.5,-452.8602120201011,855.2652524883637
2492.0,-453.2466097822949,855.5821669067691
2492.5,-453.6330275800196,855.8990569746552
2493.0,-454.0194666443009,856.215926606353
2493.5,-454.40592496720535,856.5327851614944
2494.0,-454.7924056477294,856.8496348168326
2494.5,-455.1789126089155,857.1664740601523
2495.0,-455.5654453331074,857.4833057855943
2495.5,-455.9520032454429,857.8001315259347
2496.0,-456.33858816673063,858.1169497508854
2496.5,-456.7252052874875,858.4337554729864
2497.0,-457.11185006633514,858.750550141546
2497.5,-457.49852325603837,859.0673293834816
2498.0,-457.88522779939984,859.3840835298316
2498.5,-458.2719724529563,859.7007933643172
2499.0,-458.6587718155717,860.0174357495397
2499.5,-459.04564749044783,860.3339740243379
2500.0,-459.43260104637955,860.6504007869281
2500.5,-459.81963514627466,860.9667082025106
2501.0,-460.2067552096805,861.282885417226
2501.5,-460.5939837992813,861.5988967483681
2502.0,-460.98132683752783,861.9147332273492
2502.5,-461.3687713944775,862.2304114501272
2503.0,-461.7563094534979,862.5459402076401
2503.5,-462.14393928378297,862.8613243478145
2504.0,-462.5316576096772,863.1765765169768
2504.5,-462.91944272875423,863.4917281202967
2505.0,-463.3072834020097,863.8068008439311
2505.5,-463.6951892735732,864.1217920833683
2506.0,-464.0831605651095,864.4367040197501
2506.5,-464.47119683417304,864.7515400107849
2507.0,-464.8593055900245,865.0662952245085
2507.5,-465.2474953256443,865.3809564996949
2508.0,-465.63575468713856,865.69552995247
2508.5,-466.02408783070666,866.0100122393495
2509.0,-466.41250759295883,866.3243895319066
2509.5,-466.800995792771,866.6386852825909
2510.0,-467.18955319301443,866.9529015796131
2510.5,-467.5781883974603,867.267029404353
2511.0,-467.96689011887173,867.5810762531777
2511.5,-468.3556638308849,867.8950283179075
2512.0,-468.7445156989013,868.2088762883557
2512.5,-469.1334370661436,868.522630032328
2513.0,-469.522444580454,868.83626851037
2513.5,-469.9115299260046,869.1498045252234
2514.0,-470.300709879566,869.463220287232
2514.5,-470.6899907923201,869.776507580654
2515.0,-471.07936407385137,870.0896739300464
2515.5,-471.46884265461085,870.4027012199127
2516.0,-471.8584148577546,870.7156038802689
2516.5,-472.2481100839668,871.0283364867636
2517.0,-472.63790627875153,871.3409294406658
2517.5,-473.027822831423,871.6533638563383
2518.0,-473.41783361733286,871.9656776325277
2518.5,-473.8079597419906,872.277850361716
2519.0,-474.1981799282524,872.5899170360522
2519.5,-474.58851299152906,872.9018571903094
2520.0,-474.9789429238577,873.2136851361214
2520.5,-475.3694818664005,873.5253840203002
2521.0,-475.7601227336756,873.8369633420403
2521.5,-476.150872021261,874.1484086988062
2522.0,-476.54173416729884,874.459717474535
2522.5,-476.9326974343054,874.7709021892074
2523.0,-477.32377549778573,875.0819367220774
2523.5,-477.71496363119394,875.3928143429117
2524.0,-478.10625815809306,875.7035390931647
2524.5,-478.49767822957676,876.0140847939638
2525.0,-478.889210766649,876.3244780730075
2525.5,-479.2808537930058,876.634732031446
2526.0,-479.67262084184716,876.9448316406041
2526.5,-480.0645173512585,877.2547595304525
2527.0,-480.4565483270866,877.5645063366608
2527.5,-480.848717608363,877.8740745400919
2528.0,-481.2410329298243,878.1834598215927
2528.5,-481.6334974885862,878.4926623268834
2529.0,-482.0261099513236,878.8016736828243
2529.5,-482.4188761987992,879.1104818474873
2530.0,-482.8118029698268,879.4190721279941
2530.5,-483.2048894383327,879.7274460222267
2531.0,-483.59813169541707,880.0356168769279
2531.5,-483.9915250525652,880.3436006803989
2532.0,-484.38506959639534,880.651388820253
2532.5,-484.77876075631735,880.9589954765219
2533.0,-485.1725985309511,881.2664157489615
2533.5,-485.56658340021625,881.5736368694177
2534.0,-485.96071688494237,881.8806534813252
2534.5,-486.3549918749898,882.1874812049584
2535.0,-486.74940261685487,882.4941298544179
2535.5,-487.143944868118,882.8006147014542
2536.0,-487.53862637599696,883.1069209407214
2536.5,-487.9334565686758,883.413021580638
2537.0,-488.3284479926976,883.7188931379491
2537.5,-488.723620753261,884.0245096469614
2538.0,-489.11900211258467,884.3298437492489
2538.5,-489.5146203167784,884.6348622529562
2539.0,-489.91052082547895,884.9395084876329
2539.5,-490.30675808251607,885.2436982448194
2540.0,-490.7033596674769,885.5473936296493
2540.5,-491.1003545131493,885.8505641945428
2541.0,-491.4977804928056,886.1531733309296
2541.5,-491.8957042447498,886.4551175032076
2542.0,-492.294154021336,886.7563605302722
2542.5,-492.69318094557997,887.0568244714209
2543.0,-493.0928325480449,887.3564523753028
2543.5,-493.4931139480345,887.6552579003063
2544.0,-493.8941257391789,887.9531112988486
2544.5,-494.295939823894,888.2498975310299
2545.0,-494.6986302375056,888.545506743903
2545.5,-495.10229461969055,888.8397975161415
2546.0,-495.5069566600193,889.1327372869008
2546.5,-495.91270954211654,889.4241994949791
2547.0,-496.3196293307745,889.714049440336
2547.5,-496.7278355324332,890.0020890517336
2548.0,-497.1373678577671,890.2882343722019
2548.5,-497.54827481150375,890.5723789880517
2549.0,-497.9606072354072,890.854429962546
2549.5,-498.37428104111467,891.1345144171806
2550.0,-498.78937079890403,891.4125168628647
2550.5,-499.2058795135178,891.6884213818164
2551.0,-499.623810078678,891.9622085775839
2551.5,-500.04330768355,892.2335971633868
2552.0,-500.4643594000979,892.5025524519941
2552.5,-500.8868641067422,892.7692257921227
2553.0,-501.3107831937813,893.0336848026269
2553.5,-501.73615905382104,893.2958349232541
2554.0,-502.1629771666415,893.5556677392829
2554.5,-502.59124951454,893.8131387416468
2555.0,-503.02101647256245,894.0681423369008
2555.5,-503.45224671158076,894.32069588137
2556.0,-503.88490272724886,894.570834458818
2556.5,-504.3190716485413,894.8183466969692
2557.0,-504.75477945760963,895.0631281250954
2557.5,-505.19193619894804,895.305322607419
2558.0,-505.63044188569506,895.5451125127468
2558.5,-506.07029887032974,895.7824667829716
2559.0,-506.5115234225707,896.0173193450227
2559.5,-506.9541610511976,896.2495253895222
2560.0,-507.39826144248065,896.4789075933792
2560.5,-507.8437736495743,896.7055179575412
2561.0,-508.29057540004214,896.9295894760018
2561.5,-508.7386360863287,897.1511646510589
2562.0,-509.1879493892013,897.3702303949419
2562.5,-509.63855358913577,897.5866643239008
2563.0,-510.09053891183873,897.8001983542006
2563.5,-510.54393862680485,898.0106863398628
2564.0,-510.9987393031035,898.2181101389108
2564.5,-511.4549035115556,898.4225238491296
2565.0,-511.912430512893,898.6239009916563
2565.5,-512.3713815582015,898.8220458558308
2566.0,-512.8318403838384,899.016685420366
2566.5,-513.2939183048385,899.2074453441008
2567.0,-513.7576443342956,899.3941476639759
2567.5,-514.2230121248723,899.576717070666
2568.0,-514.6900478580743,899.7549988490838
2568.5,-515.1588404453161,899.9286370179049
2569.0,-515.6294518504244,900.0973196175172
2569.5,-516.1019644221924,900.2606342447749
2570.0,-516.5765223612992,900.4179159826746
2570.5,-517.0532007858465,900.5686320635577
2571.0,-517.5319733883742,900.7125260504952
2571.5,-518.0127432845635,900.8495827629167
2572.0,-518.4953849987743,900.9799234648976
2572.5,-518.9799000446887,901.1031627036166
2573.0,-519.4663984004335,901.2183378895658
2573.5,-519.9549707817965,901.3243207422823
2574.0,-520.4454733571986,901.4208967606903
2574.5,-520.9376698150995,901.5083880544868
2575.0,-521.4313678266888,901.5869963919965
2575.5,-521.9264375057559,901.6565281961389
2576.0,-522.4227849951711,901.7163382762033
2576.5,-522.9203159112578,901.7653117011539
2577.0,-523.4188581839419,901.8024128513936
2577.5,-523.9181264056874,901.8276590740302
2578.0,-524.4178383742661,901.8414210816752
2578.5,-524.917745009749,901.8443612330424
2579.0,-525.4176132449627,901.8362058361281
2579.5,-525.91713626265,901.8157220558755
2580.0,-526.415910833384,901.7816351147773
2580.5,-526.9135280125064,901.7336226969143
2581.0,-527.4096649065785,901.6721935773489
2581.5,-527.9040872634915,901.5981558745955
2582.0,-528.3965188137818,901.5117711156305
2582.5,-528.8864948357641,901.4123471187972
2583.0,-529.3734929238058,901.2992223716707
2583.5,-529.8569160811503,901.1716931394894
2584.0,-530.3361879482901,901.0293641917203
2584.5,-530.8108696752641,900.8724047567397
2585.0,-531.2806950887865,900.7014467084077
2585.5,-531.7455275912832,900.5173267204146
2586.0,-532.2048725287312,900.3199017671125
2586.5,-532.6576886140955,900.1079348031715
2587.0,-533.10319154556,899.8810103558153
2587.5,-533.5410634452392,899.6396923213805
2588.0,-533.9709653592787,899.3844480504209
2588.5,-534.3928792957338,899.1162037001495
2589.0,-534.8068980323117,898.8359177138661
2589.5,-535.2123043805095,898.5433115686325
2590.0,-535.608698682944,898.2386085087026
2590.5,-535.9956962247882,897.9220522884222
2591.0,-536.3730064996748,897.5940042054583
2591.5,-536.7406640611165,897.2551702454813
2592.0,-537.0977740843352,896.9052389757685
2592.5,-537.4450765437173,896.5455647866171
2593.0,-537.7819661199301,896.1761271455696
2593.5,-538.1078981333209,895.7969844346751
2594.0,-538.4241347578156,895.4097143416986
2594.5,-538.7308933534055,895.0149035133962
2595.0,-539.027579682796,894.6124793348494
2595.5,-539.3142177558151,894.2028432448642
2596.0,-539.5908722947622,893.7864061310569
2596.5,-539.8578632926958,893.3637125655911
2597.0,-540.115598232024,892.9353126947486
2597.5,-540.3643098729294,892.501611460186
2598.0,-540.6044403818523,892.063100604089
2598.5,-540.8366540445433,891.6203598974342
2599.0,-541.0606728227889,891.173428524352
2599.5,-541.2760264504949,890.7222599933459
2600.0,-541.482636205133,890.2670145615493
2600.5,-541.680994486928,889.8081082878829
2601.0,-541.8718430359837,889.3460318552955
2601.5,-542.0553849925743,888.8810139770791
2602.0,-542.2314793770418,888.4131310685283
2602.5,-542.399981143555,887.9424635651003
2603.0,-542.5605455662879,887.4690233459619
2603.5,-542.7133951438935,886.9930268961685
2604.0,-542.8587630050058,886.514688803049
2604.5,-542.9967173939056,886.0341561439215
2605.0,-543.1276042901503,885.5516478076278
2605.5,-543.2519311750071,885.0674082649082
2606.0,-543.3702024920124,884.5816608167023
2606.5,-543.4821911383791,884.0944338763713
2607.0,-543.5879083047231,883.6058107943517
2607.5,-543.6870171307114,883.1158005722488
2608.0,-543.7793769460834,882.6244667798484
2608.5,-543.8654149816686,882.1319847360793
2609.0,-543.9458212411247,881.6385594887081
2609.5,-544.0206515594023,881.1442763810477
2610.0,-544.0900580516706,880.6492235932958
2610.5,-544.1537354175478,880.1534216536558
2611.0,-544.2110006324516,879.6568497137783
2611.5,-544.2617528343716,879.1595694393882
2612.0,-544.3055835225917,878.6616253097022
2612.5,-544.343015800038,878.1631510461481
2613.0,-544.3744494704937,877.6642619653462
2613.5,-544.4009350291253,877.1651003907266
2614.0,-544.4224680718675,876.6657228887937
2614.5,-544.4387862658743,876.1661589630635
2615.0,-544.4497359900516,875.6664481995674
2615.5,-544.4550769778757,875.1666349548601
2616.0,-544.4554474286334,874.6667770194912
2616.5,-544.4514659745766,874.1669349092022
2617.0,-544.4436475195595,873.6671502807443
2617.5,-544.4320565300479,873.1674512817674
2618.0,-544.4166454301153,872.6678672557165
2618.5,-544.3972756546874,872.1684229728174
2619.0,-544.3739630663147,871.6691375322827
2619.5,-544.3468886967112,871.1700324726191
2620.0,-544.3162424060166,870.6711313852162
2620.5,-544.2825925567482,870.1724365308519
2621.0,-544.2460835109515,869.6739632172058
2621.5,-544.2066315194922,869.1757361994042
2622.0,-544.1640842075807,868.6777793042019
2622.5,-544.1183717790832,868.1801148867216
2623.0,-544.0694825664219,867.6827576323096
2623.5,-544.0173368984604,867.1857318679845
2624.0,-543.9619237716963,866.6890611368954
2624.5,-543.9034026670283,866.1927526251648
2625.0,-543.8419074577206,865.696818634991
2625.5,-543.7774870147261,865.2012812979713
2626.0,-543.7097987108272,864.706201664073
2626.5,-543.638452299988,864.2116410986271
2627.0,-543.5633514531539,863.7176316921573
2627.5,-543.4846653915329,863.2241726770003
2628.0,-543.4028296408,862.7312287934761
2628.5,-543.3183361882714,862.2387578703115
2629.0,-543.2311628269326,861.7467826164002
2629.5,-543.141198885897,861.2553310436147
2630.0,-543.0482478257788,860.7644532745059
2630.5,-542.9522554343332,860.2741776214948
2631.0,-542.8532156533792,859.7845208983148
2631.5,-542.751380691941,859.2954628698291
2632.0,-542.6466747845438,858.8070343246998
2632.5,-542.5388919455997,858.319294718062
2633.0,-542.4279648071355,857.8322736363755
2633.5,-542.3137821224553,857.3460198977702
2634.0,-542.1962553407939,856.8605710960483
2634.5,-542.07546544498,856.3759272977234
2635.0,-541.9516189359515,855.8920597728517
2635.5,-541.824759728776,855.4089782606627
2636.0,-541.6951610126308,854.9266304713504
2636.5,-541.5630673124232,854.4449771744142
2637.0,-541.4285057413861,853.9640303275515
2637.5,-541.2914565174308,853.4838068970871
2638.0,-541.1518163167805,853.0043453040232
2638.5,-541.009539614991,852.5256680729703
2639.0,-540.8647624812876,852.0477495849011
2639.5,-540.7176074474492,851.5705618202319
2640.0,-540.5682143066334,851.094075420097
2640.5,-540.4165970136789,850.618303739024
2641.0,-540.2629608695172,850.1431857186041
2641.5,-540.1075162545735,849.6686678886016
2642.0,-539.9505586444999,849.1946720737463
2642.5,-539.7920380160962,848.7212303729175
2643.0,-539.63212064166,848.2482914242845
2643.5,-539.4708250573409,847.7758521203804
2644.0,-539.3080273675831,847.3039505668497
2644.5,-539.143690669184,846.8325993499377
2645.0,-538.9779678948472,846.3617485700464
2645.5,-538.8108877742484,845.8914042684463
2646.0,-538.6424532057829,845.4215706124232
2646.5,-538.4726692874572,844.9522413674644
2647.0,-538.3013012514134,844.4834966163968
2647.5,-538.1283433965405,844.0153427215728
2648.0,-537.9539036949456,843.5477453615692
2648.5,-537.7778700281538,843.0807589459974
2649.0,-537.6005582467639,842.6142720652698
2649.5,-537.4220456335541,842.1482636497416
2650.0,-537.2423472177711,841.6827298483578
2650.5,-537.0616182185889,841.2176043421458
2651.0,-536.8797742929208,840.7529224864717
2651.5,-536.6970195186633,840.2886117262636
2652.0,-536.5133387014313,839.8246840760855
2652.5,-536.3287626629585,839.361132108566
2653.0,-536.1433368515582,838.8979388129601
2653.5,-535.9568790970967,838.4351736019061
2654.0,-535.7694779649397,837.9727960941926
2654.5,-535.5809388569709,837.5108888247024
2655.0,-535.391500438465,837.0493496026287
2655.5,-535.2010182893129,836.5882325675373
2656.0,-535.0097647435355,836.1274284453032
2656.5,-534.8177526768369,835.6669414286205
2657.0,-534.6252337933249,835.2066823551601
2657.5,-534.4322093231563,834.7466653240554
2658.0,-534.2387835707615,834.2868427429147
2658.5,-534.0449159201872,833.8272337021708
2659.0,-533.8506880263093,833.3677911370715
2659.5,-533.6560330035444,832.9085448197287
2660.0,-533.4610414128364,832.4494494010557
2660.5,-533.2656397792825,831.9905374203915
2661.0,-533.0698906028294,831.5317766120766
2661.5,-532.8737619507632,831.0731776048337
2662.0,-532.6772849447303,830.6147201173591
2662.5,-532.480469202498,830.1563903455445
2663.0,-532.2833459323616,829.698170386018
2663.5,-532.0860065680992,829.2400269613177
2664.0,-531.8884599534974,828.7819529821334
2664.5,-531.6907827890194,828.323921460067
2665.0,-531.4929958411597,827.8659262154024
2665.5,-531.2951289318008,827.407957323565
2666.0,-531.0972126968503,826.9500055838207
2666.5,-530.8992667383416,826.4920627846733
2667.0,-530.701311908352,826.0341215954129
2667.5,-530.5033632127474,825.5761768477457
2668.0,-530.3054355921367,825.1182249010044
2668.5,-530.1075323650474,824.6602653084722
2669.0,-529.9096674440473,824.2022889421698
2669.5,-529.7118357999186,823.7442877935308
2670.0,-529.51403699705,823.2862546024625
2670.5,-529.3162825567264,822.8281834750733
2671.0,-529.1185676296682,822.3700805893426
2671.5,-528.9208972670442,821.91194844577
2672.0,-528.7232789804508,821.4537858372096
2672.5,-528.5257078112373,820.9955919699784
2673.0,-528.3281938947539,820.5373597240858
2673.5,-528.1307363778348,820.0790947988519
2674.0,-527.9333313161005,819.6208016691425
2674.5,-527.7359902628375,819.1624761263007
2675.0,-527.5387115447116,818.7041243609527
2675.5,-527.3415003715377,818.2457428107323
2676.0,-527.1443779464771,817.7873238661373
2676.5,-526.9473490384207,817.3288669712548
2677.0,-526.7504336214812,816.8703639989171
2677.5,-526.5536789550681,816.411790164472
2678.0,-526.3570957851383,815.9531379128314
2678.5,-526.1606948615994,815.4944095721172
2679.0,-525.9645051496888,815.035598544216
2679.5,-525.7685444788862,814.5766976795685
2680.0,-525.5728005812275,814.1177067052305
2680.5,-525.3772875704584,813.6586130020837
2681.0,-525.1820514570384,813.1993956727531
2681.5,-524.9870454574336,812.7400871545508
2682.0,-524.792269184176,812.2806966740383
2682.5,-524.5977411181283,811.8212204140603
2683.0,-524.4034825208738,811.3616486229264
2683.5,-524.2094826348913,810.9019807183197
2684.0,-524.0157553446338,810.4422107759307
2684.5,-523.8223428864757,809.9823271672224
2685.0,-523.6292712279144,809.5223158805715
2685.5,-523.4365651843558,809.0621605270807
2686.0,-523.2442681707819,808.6018367370232
2686.5,-523.0524571726012,808.1413011138085
2687.0,-522.8611544242438,807.680535014843
2687.5,-522.6703336670278,807.2195479416963
2688.0,-522.479998491307,806.7583349694332
2688.5,-522.290162343778,806.2968856378388
2689.0,-522.1008609975852,805.8351803797345
2689.5,-521.9120239483931,805.373247676099
2690.0,-521.7236287935782,804.9110965440987
2690.5,-521.5356419553175,804.4487455075506
2691.0,-521.3480621724424,803.9861983273214
2691.5,-521.1608408818898,803.5234799162059
2692.0,-520.9739356568427,803.0606139250176
2692.5,-520.787327692919,802.5976120965316
2693.0,-520.6010002968226,802.1344859026875
2693.5,-520.4149580588539,801.6712373863659
2694.0,-520.2291793245415,801.2078831600722
2694.5,-520.0436454798379,800.7444352108243
2695.0,-519.8583545529679,800.2808972142914
2695.5,-519.6733090261362,799.8172686463873
2696.0,-519.4885293430003,799.3535445205325
2696.5,-519.3040411731066,798.8897125174259
2697.0,-519.1198410654595,798.4257709431465
2697.5,-518.9359469415441,797.9617118427319
2698.0,-518.7523735380657,797.4975289275859
2698.5,-518.569126225253,797.0332181538187
2699.0,-518.3862309663209,796.5687695781995
2699.5,-518.2036829073328,796.1041841530742
2700.0,-518.0214660824422,795.6394678488341
2700.5,-517.839586354314,795.1746163120099
2701.0,-517.658047004413,794.7096267935857
2701.5,-517.4768494694455,794.2445012200972
2702.0,-517.296001802963,793.7792360680637
2702.5,-517.1155211042919,793.3138253638185
2703.0,-516.9353727023678,792.8482851171357
2703.5,-516.7555665398914,792.382611229802
2704.0,-516.5761143776097,791.9167957635975
2704.5,-516.3970268217802,791.450834325262
2705.0,-516.2183208692458,790.984716869345
2705.5,-516.0400204927677,790.5184310511738
2706.0,-515.8621560542925,790.0519628608205
2706.5,-515.6846973566558,789.5853232041626
2707.0,-515.507648864831,789.1185101513995
2707.5,-515.3310104984723,788.6515217974245
2708.0,-515.1547805286053,788.1843575828998
2708.5,-514.9789509214705,787.7170202259707
2709.0,-514.8035176550543,787.2495130362979
2709.5,-514.6284840958537,786.7818335982756
2710.0,-514.4538486690353,786.3139867464022
2710.5,-514.2795764126312,785.8459903109961
2711.0,-514.1056583270256,785.3778472774653
2711.5,-513.9320846784202,784.9095644316484
2712.0,-513.7588490792026,784.4411472229476
2712.5,-513.5859486523534,783.9725983863466
2713.0,-513.4133770984332,783.5039223743482
2713.5,-513.2411299058144,783.0351224135875
2714.0,-513.0692102619677,782.5661986168866
2714.5,-512.8976014665109,782.0971632512852
2715.0,-512.7262940450729,781.6280214116953
2715.5,-512.5552974704476,781.158765374368
2716.0,-512.3846234089899,780.6893855002427
2716.5,-512.2142766276008,780.2198796092869
2717.0,-512.0442487831906,779.7502486384387
2717.5,-511.87453310460575,779.280498971629
2718.0,-511.7051365431768,778.8106300503318
2718.5,-511.5360742127243,778.3406308004024
2719.0,-511.3673710671563,777.870483810321
2719.5,-511.19902547108626,777.4001879663581
2720.0,-511.0310120658982,776.9297541451148
2720.5,-510.863319337405,776.4591885816286
2721.0,-510.69594223071084,775.9884970369355
2721.5,-510.52886524392324,775.517686331819
2722.0,-510.3620780274475,775.0467624465346
2722.5,-510.19557487286414,774.5757284008972
2723.0,-510.0293477734331,774.1045887465734
2723.5,-509.86338642562947,773.6333499326854
2724.0,-509.69768553635083,773.1620164815545
2724.5,-509.5322359047814,772.6905937470884
2725.0,-509.3670333709857,772.2190861041257
2725.5,-509.2020879184567,771.7474924381721
2726.0,-509.03739074989676,771.2758155631379
2726.5,-508.872944090072,770.8040536290471
2727.0,-508.7087483810984,770.3322057344077
2727.5,-508.54481067777056,769.8602690262989
2728.0,-508.38114105732313,769.3882366620255
2728.5,-508.217747957759,768.9161028437302
2729.0,-508.0546343472707,768.4438659057877
2729.5,-507.89180125485615,767.9715244021376
2730.0,-507.72924491151997,767.4990801171413
2730.5,-507.5669612470085,767.0265352242877
2731.0,-507.4049531486506,766.5538877144685
2731.5,-507.24321794643157,766.0811363601948
2732.0,-507.08174808967686,765.6082844186326
2732.5,-506.9205301020626,765.1353389481578
2733.0,-506.75955210242006,764.6623068654803
2733.5,-506.59880383637403,764.1891940814643
2734.0,-506.43827745442456,763.7160047019804
2734.5,-506.27797042979205,763.242739583381
2735.0,-506.1178770499327,762.7694014463124
2735.5,-505.9579972621572,762.2959918974391
2736.0,-505.79832293666385,761.8225142284645
2736.5,-505.63885401046906,761.348968228925
2737.0,-505.47958488520067,760.875357008553
2737.5,-505.3205157655597,760.4016817971116
2738.0,-505.16164703476056,759.9279413270319
2738.5,-505.0029816215074,759.4541342684242
2739.0,-504.84451766481135,758.9802605286183
2739.5,-504.68625796815644,758.5063182639741
2740.0,-504.5281985577091,758.0323080281953
2740.5,-504.3703371846253,757.5582305544273
2741.0,-504.21267187522704,757.0840857771041
2741.5,-504.0551991196038,756.6098733545915
2742.0,-503.8979134356587,756.1355945645334
2742.5,-503.74080754082155,755.661251718233
2743.0,-503.5838771511378,755.1868444469802
2743.5,-503.42711665717667,754.7123724256479
2744.0,-503.2705181541219,754.2378390018764
2744.5,-503.1140735129545,753.7632471569897
2745.0,-502.9577755770492,753.288598568618
2745.5,-502.80161857992954,752.8138959273057
2746.0,-502.6455980958507,752.3391406397266
2746.5,-502.48970689392536,751.864333882137
2747.0,-502.3339353577785,751.3894794846981
2747.5,-502.17827621898783,750.9145812521034
2748.0,-502.02272198390966,750.4396423373614
2748.5,-501.86726526105207,749.9646670602618
2749.0,-501.711900594295,749.4896588956938
2749.5,-501.5566229734623,749.0146200668019
2750.0,-501.40142761154965,748.5395522184183
2750.5,-501.24631177165503,748.0644568028241
2751.0,-501.09127084078926,747.589335638812
2751.5,-500.9363018976645,747.1141904862295
2752.0,-500.7814029731324,746.6390233051717
2752.5,-500.62657362009367,746.1638342385178
2753.0,-500.4718136083462,745.688622383658
2753.5,-500.31712461408915,745.2133870799958
2754.0,-500.1625078475696,744.7381262695392
2754.5,-500.00796257744156,744.2628396417767
2755.0,-499.8534893877091,743.7875267674935
2755.5,-499.69908951878705,743.3121859506208
2756.0,-499.54476401512926,742.8368165273566
2756.5,-499.39051293232427,742.3614173448362
2757.0,-499.2363351645052,741.8859873545823
2757.5,-499.0822279921905,741.4105277113027
2758.0,-498.9281903501114,740.935039414258
2758.5,-498.77421901973497,740.4595228612312
2759.0,-498.62031474195226,739.9839783080225
2759.5,-498.466477958202,739.5084053760436
2760.0,-498.31270528295636,739.0328054828469
2760.5,-498.15899201478163,738.5571813120972
2761.0,-498.005335634181,738.0815351138181
2761.5,-497.8517341738546,737.6058680317012
2762.0,-497.69818635999724,737.1301817021991
2762.5,-497.544691564416,736.6544762570611
2763.0,-497.3912502479774,736.1787518636983
2763.5,-497.23786145841734,735.7030088923102
2764.0,-497.08452700339495,735.2272464174908
2764.5,-496.93124870164945,734.7514642219633
2765.0,-496.7780289168108,734.2756624838447
2765.5,-496.6248687220205,733.7998413106616
2766.0,-496.4717705532789,733.3239991892632
2766.5,-496.31874017892363,732.8481326928345
2767.0,-496.16578394829435,732.3722384711506
2767.5,-496.01290582060744,731.8963147762304
2768.0,-495.86010700756754,731.4203614423262
2768.5,-495.7073923199908,730.9443777682649
2769.0,-495.554765667512,730.4683628006387
2769.5,-495.4022301894189,729.9923157536728
2770.0,-495.24978496188095,729.5162367220018
2770.5,-495.0974351297267,729.0401236872849
2771.0,-494.9451841442849,728.5639753083975
2771.5,-494.7930276165019,728.0877934885149
2772.0,-494.64096058293865,727.6115807566678
2772.5,-494.4889818638738,727.1353385872053
2773.0,-494.3370889772016,726.6590678358477
2773.5,-494.1852825254537,726.1827690234978
2774.0,-494.0335633181326,725.7064421291357
2774.5,-493.8819295435069,725.230087060716
2775.0,-493.7303791451325,724.7537043667584
2775.5,-493.5789104149158,724.2772948371844
2776.0,-493.4275200404694,723.8008595643593
2776.5,-493.27620274515664,723.3244006313417
2777.0,-493.1249534735967,722.8479199546364
2777.5,-492.97377053286294,722.3714173881441
2778.0,-492.82265324833304,721.8948926488229
2778.5,-492.67159411564216,721.4183474007923
2779.0,-492.52059745583637,720.9417805714271
2779.5,-492.36965815333076,720.4651938537615
2780.0,-492.2187755704232,719.9885866222689
2780.5,-492.0679477368831,719.5119592722534
2781.0,-491.91717375234276,719.0353124822586
2781.5,-491.76644943763705,718.5586473050128
2782.0,-491.6157749256025,718.0819640342966
2782.5,-491.4651510950594,717.6052624547248
2783.0,-491.31457563927006,717.1285428549713
2783.5,-491.1640447460739,716.6518064067752
2784.0,-491.0135548091037,716.1750547078487
2784.5,-490.86310236489095,715.6982891691274
2785.0,-490.712684398855,715.2215108158961
2785.5,-490.5622978714989,714.7447207812019
2786.0,-490.4119422091885,714.267919179213
2786.5,-490.2616087324083,713.7911090444276
2787.0,-490.11129610801726,713.3142910771304
2787.5,-489.96100214221195,712.8374663648934
2788.0,-489.8107225676114,712.3606362671067
2788.5,-489.66045471118895,711.8838015000482
2789.0,-489.51019836311343,711.4069618820254
2789.5,-489.3599531127,710.9301174571766
2790.0,-489.20971720016007,710.4532689031473
2790.5,-489.059488826011,709.9764167888485
2791.0,-488.90926568760153,709.4995618698863
2791.5,-488.7590462679357,709.0227052380305
2792.0,-488.6088298364114,708.545846722714
2792.5,-488.4586162398267,708.0689864250967
2793.0,-488.30840503668446,707.5921244121179
2793.5,-488.15819370629805,707.1152612373312
2794.0,-488.00798236991636,706.6383969942552
2794.5,-487.857774447565,706.1615310073731
2795.0,-487.7075724143246,705.684662642985
2795.5,-487.55737742950333,705.2077913606197
2796.0,-487.407192388996,704.73091603286
2796.5,-487.25702109071216,704.2540350923881
2797.0,-487.1068689338949,703.777146398091
2797.5,-486.95674284198554,703.3002477862077
2798.0,-486.80664739448525,702.8233377833599
2798.5,-486.6565885475258,702.3464143073058
2799.0,-486.5065703484608,701.8694760349349
2799.5,-486.35659952723705,701.3925205582505
2800.0,-486.2066829752734,700.9155454839872
2800.5,-486.05682644471227,700.4385490936677
2801.0,-485.90703520627255,699.961529997531
2801.5,-485.75731292582685,699.4844871172944
2802.0,-485.6076665725262,699.007418234545
2802.5,-485.45809833463784,698.5303230620199
2803.0,-485.3086071099403,698.0532021683372
2803.5,-485.15919336836004,697.5760555700231
2804.0,-485.00985608374316,697.0988838009151
2804.5,-484.8605943450824,696.6216873237402
2805.0,-484.7114081079522,696.1444663433966
2805.5,-484.56229845806365,695.6672207615031
2806.0,-484.4132670453083,695.1899502465275
2806.5,-484.264312655394,694.7126551353579
2807.0,-484.11543363986345,694.2353360821282
2807.5,-483.96662586412015,693.7579945189083
2808.0,-483.817886799571,693.2806312813411
2808.5,-483.66921460451937,692.8032469941885
2809.0,-483.5206067528507,692.325842487449
2809.5,-483.372060202404,691.8484187508076
2810.0,-483.2235725091589,691.3709766008294
2810.5,-483.0751416859451,690.8935167046671
2811.0,-482.9267759240662,690.4160365437417
2811.5,-482.77846392537845,689.9385396348526
2812.0,-482.63020143440946,689.4610272939237
2812.5,-482.4819830150409,688.9835012159853
2813.0,-482.33380529177447,688.5059624709862
2813.5,-482.18566695778816,688.0284114889464
2814.0,-482.0375668418075,687.5508486482827
2814.5,-481.88950168411816,687.0732749703875
2815.0,-481.7414735049893,686.5956898397856
2815.5,-481.5934776715636,686.1180946814393
2816.0,-481.4455158855967,685.6404889775131
2816.5,-481.29758639886523,685.1628732623578
2817.0,-481.1496877349935,684.685247977969
2817.5,-481.0018190770309,684.207613370114
2818.0,-480.85397890210953,683.7299699227992
2818.5,-480.70616625512963,683.2523179448414
2819.0,-480.5583810868274,682.774657455248
2819.5,-480.41062280252163,682.2969886613052
2820.0,-480.26289289869476,681.8193111333558
2820.5,-480.1151897715311,681.3416254367313
2821.0,-479.96751177481684,680.86393214668
2821.5,-479.8198595128544,680.386231121548
2822.0,-479.67223609771577,679.9085214544573
2822.5,-479.5246468600884,679.4308015229151
2823.0,-479.37708445871664,678.9530734913541
2823.5,-479.2295492794313,678.4753372475161
2824.0,-479.0820415645542,677.9975927378191
2824.5,-478.93456172816616,677.5198398732998
2825.0,-478.7871107571018,677.0420783639631
2825.5,-478.6396906462897,676.5643075031517
2826.0,-478.4923125507619,676.0865238438131
2826.5,-478.3449697682115,675.6087294279629
2827.0,-478.1976626552777,675.1309241079724
2827.5,-478.05039214126975,674.6531076058392
2828.0,-477.90315881641055,674.1752798708106
2828.5,-477.7559634999955,673.6974408821503
2829.0,-477.6088102860807,673.2195896039503
2829.5,-477.46170699148064,672.7417237826716
2830.0,-477.3146434407676,672.2638464056828
2830.5,-477.16761975615674,671.7859574392822
2831.0,-477.02063550714206,671.3080570977841
2831.5,-476.87369096473503,670.8301454852043
2832.0,-476.7267873501935,670.3522224446565
2832.5,-476.57992802232724,669.8742868840233
2833.0,-476.43311079202465,669.3963393672329
2833.5,-476.2863335801375,668.9183806783639
2834.0,-476.1396006924223,668.4404094578192
2834.5,-475.992915471321,667.9624246511875
2835.0,-475.84627939586176,667.4844257044458
2835.5,-475.69969175445874,667.0064124933295
2836.0,-475.55317465192564,666.5283778216427
2836.5,-475.4067197036453,666.0503244517662
2837.0,-475.2603267363584,665.5722527466182
2837.5,-475.1139986307214,665.0941620410032
2838.0,-474.9677391885215,664.6160513362356
2838.5,-474.8215516096973,664.137919766058
2839.0,-474.6754475506241,663.6597637157821
2839.5,-474.5294280700538,663.1815829385791
2840.0,-474.3834893196869,662.7033790340415
2840.5,-474.2376338360378,662.2251515131554
2841.0,-474.0918628922595,661.7469003271327
2841.5,-473.94617652488665,661.2686258664064
2842.0,-473.80058660289893,660.7903250389879
2842.5,-473.655091748464,660.311998458311
2843.0,-473.50967923518647,659.833649861874
2843.5,-473.36434887438134,659.3552793220738
2844.0,-473.2191007374278,658.8768867035647
2844.5,-473.0739343575285,658.398471992986
2845.0,-472.9288561279219,657.9200336709033
2845.5,-472.78386429384216,657.4415728797674
2846.0,-472.6389481641738,656.963092542239
2846.5,-472.494105529535,656.4845935161595
2847.0,-472.3493348798263,656.0060761094538
2847.5,-472.2046355110527,655.5275400662207
2848.0,-472.06001516733517,655.0489830677527
2848.5,-471.91547067294727,654.57040667133
2849.0,-471.770992517063,654.0918132702574
2849.5,-471.6265788122632,653.6132031216963
2850.0,-471.48222741059567,653.1345764266506
2850.5,-471.33793600938543,652.6559332947695
2851.0,-471.1937139623852,652.1772697791607
2851.5,-471.04954893122533,651.6985889603363
2852.0,-470.9054346551422,651.2198917982263
2852.5,-470.7613705393384,650.7411776681469
2853.0,-470.6173557154146,650.2624461973388
2853.5,-470.47338812978086,649.7836975864735
2854.0,-470.3294783395816,649.3049276617917
2854.5,-470.18561669103764,648.8261405377945
2855.0,-470.0418038278386,648.3473358471043
2855.5,-469.898039152199,647.8685137099338
2856.0,-469.7543213944606,647.3896746458709
2856.5,-469.6106556071683,646.9108175151052
2857.0,-469.4670487396498,646.431941727751
2857.5,-469.32349689071117,645.9530501492942
2858.0,-469.1800002169647,645.474143543964
2858.5,-469.03655733306056,644.9952227583827
2859.0,-468.8931657376024,644.5162886043795
2859.5,-468.7498396888095,644.0373375378828
2860.0,-468.6065678629037,643.5583738234945
2860.5,-468.4633484208466,643.0793990276266
2861.0,-468.3201807499853,642.6004141055964
2861.5,-468.1770646198984,642.1214196287158
2862.0,-468.0340085125224,641.6424141092967
2862.5,-467.89101212639446,641.1633967474343
2863.0,-467.7480642200619,640.6843700423497
2863.5,-467.60516406077505,640.2053340427732
2864.0,-467.46231169185745,639.7262884811839
2864.5,-467.31950949195175,639.2472324498665
2865.0,-467.1767704800105,638.7681620701325
2865.5,-467.0340790112857,638.2890803170689
2866.0,-466.8914359517602,637.8099863372588
2866.5,-466.74884167041745,637.3308797842857
2867.0,-466.6062957347517,636.8517608252623
2867.5,-466.4638065457304,636.3726258165418
2868.0,-466.32136533830834,635.8934770571398
2868.5,-466.1789715178424,635.4143144637868
2869.0,-466.0366252552374,634.935137910025
2869.5,-465.8943255009078,634.4559477561305
2870.0,-465.7520764819166,633.9767431242271
2870.5,-465.6098754679553,633.4975231541944
2871.0,-465.46771733354757,633.0182895327024
2871.5,-465.32560197176775,632.5390425553064
2872.0,-465.1835300221525,632.0597823568457
2872.5,-465.0415114418147,631.5805062865161
2873.0,-464.89954837445794,631.1012153541932
2873.5,-464.7576331823942,630.6219119108052
2874.0,-464.61576549173486,630.1425965306452
2874.5,-464.47394636327977,629.6632695854757
2875.0,-464.3321863758207,629.1839295344989
2875.5,-464.19049658473523,628.7045744164967
2876.0,-464.04886201274365,628.2252064458438
2876.5,-463.9072829266283,627.7458255726442
2877.0,-463.7657606517263,627.2664315126788
2877.5,-463.62430269483093,626.7870222946029
2878.0,-463.4829178583469,626.3075976913161
2878.5,-463.34158782006125,625.8281623025433
2879.0,-463.20031333559,625.3487143868499
2879.5,-463.0590942852158,624.8692527977607
2880.0,-462.9179320167531,624.3897769840736
2880.5,-462.7768344671182,623.9102833427083
2881.0,-462.6357899288762,623.4307753822311
2881.5,-462.4947988030521,622.9512535136472
2882.0,-462.35386107572515,622.4717176802823
2882.5,-462.2129803140157,621.9921657256995
2883.0,-462.07216545745615,621.51259458036
2883.5,-461.9314058743323,621.0330074902291
2884.0,-461.7907045982807,620.5534034506423
2884.5,-461.6500635849057,620.0737823416686
2885.0,-461.5094887465528,619.5941443650383
2885.5,-461.3689896333069,619.114486595237
2886.0,-461.22856064410956,618.6348098684712
2886.5,-461.0882020177241,618.1551153268932
2887.0,-460.9479134094192,617.6754037406654
2887.5,-460.8077055320197,617.1956710521029
2888.0,-460.6675850035521,616.715915724562
2888.5,-460.5275372593699,616.2361421036453
2889.0,-460.3875644797064,615.7563498558236
2889.5,-460.2476681395604,615.2765390864853
2890.0,-460.10785965932575,614.796709209749
2890.5,-459.96813437355064,614.3168595117025
2891.0,-459.82847865322856,613.8369926130587
2891.5,-459.68889148466496,613.3571086347586
2892.0,-459.5493719611743,612.8772077800838
2892.5,-459.4099348212582,612.3972859105163
2893.0,-459.2705667370208,611.9173482936162
2893.5,-459.1312620885812,611.4373948802163
2894.0,-458.99202073176065,610.957425605262
2894.5,-458.8528419398383,610.4774411995895
2895.0,-458.7137451880132,609.9974376122332
2895.5,-458.5747142534058,609.517416978506
2896.0,-458.4357463531163,609.0373816906962
2896.5,-458.2968420415671,608.5573315784501
2897.0,-458.1580075398881,608.0772630613012
2897.5,-458.0192561285867,607.5971721436055
2898.0,-457.8805681002349,607.1170637811092
2898.5,-457.74194577317894,606.6369373901708
2899.0,-457.60339086678886,606.1567928217424
2899.5,-457.46491438208494,605.676628308831
2900.0,-457.3265172091718,605.1964417745772
2900.5,-457.18818586378114,604.7162361885609
2901.0,-457.0499205022539,604.2360111780324
2901.5,-456.9117212058156,603.7557664476482
2902.0,-456.7736055671794,603.2754958495258
2902.5,-456.63556142212474,602.7952032565411
2903.0,-456.4975832402641,602.314890526829
2903.5,-456.3596722193668,601.8345574961008
2904.0,-456.2218329880432,601.3542030406828
2904.5,-456.08408541177914,600.8738205035826
2905.0,-455.94640450294935,600.3934168636404
2905.5,-455.8087930798415,599.9129921559628
2906.0,-455.67125395765436,599.432546403073
2906.5,-455.5338038632707,598.9520757238952
2907.0,-455.3964460498428,598.4715798322413
2907.5,-455.25916385996516,597.9910631438546
2908.0,-455.1219585908407,597.5105247859965
2908.5,-454.9848323028924,597.0299635578125
2909.0,-454.84781175163045,596.5493717699522
2909.5,-454.71087332677433,596.0687555214009
2910.0,-454.57401532648055,595.5881157371656
2910.5,-454.43723914198927,595.107452239541
2911.0,-454.30055618720394,594.6267617693369
2911.5,-454.16397427516733,594.1460410387664
2912.0,-454.0274701011309,593.6652949126585
2912.5,-453.89104513263385,593.184522422401
2913.0,-453.75470147498197,592.7037227825585
2913.5,-453.6184675400776,592.2228878651238
2914.0,-453.482326348411,591.742023774151
2914.5,-453.3462724955956,591.2611328225961
2915.0,-453.2103077943206,590.7802147365356
2915.5,-453.07444441217325,590.2992658461043
2916.0,-452.9387033673386,589.818281004663
2916.5,-452.803059238039,589.3372688408075
2917.0,-452.6675140981108,588.8562288173765
2917.5,-452.53206965936596,588.3751603941923
2918.0,-452.39675579558093,587.8940556874852
2918.5,-452.26155146426885,587.4129213786714
2919.0,-452.12645083165415,586.9317590917648
2919.5,-451.991454842414,586.450568722102
2920.0,-451.8565770451446,585.9693470285657
2920.5,-451.7218277622999,585.4880908984984
2921.0,-451.5871788382281,585.0068076060774
2921.5,-451.45262702240177,584.5254980215877
2922.0,-451.31816838126076,584.0441631962758
2922.5,-451.1838335032475,583.5627928816082
2923.0,-451.04958929974174,583.0813959955503
2923.5,-450.91543110055454,582.5999735982481
2924.0,-450.7813577626602,582.1185259157942
2924.5,-450.64738590227523,581.6370483521264
2925.0,-450.5135108449859,581.1555411253954
2925.5,-450.37971294452905,580.6740087072726
2926.0,-450.2459917936755,580.1924509275474
2926.5,-450.1123521923464,579.7108664341413
2927.0,-449.97882064145386,579.2292485434494
2927.5,-449.8453665843084,578.7476067820966
2928.0,-449.7119899637987,578.265941206718
2928.5,-449.5786907895757,577.7842517990632
2929.0,-449.44549428631433,577.3025302373006
2929.5,-449.3123852778122,576.8207822665511
2930.0,-449.1793573305474,576.3390108865868
2930.5,-449.0464117716943,575.8572162070208
2931.0,-448.913565130922,575.3753934981409
2931.5,-448.7808217584548,574.8935412164504
2932.0,-448.64815927704444,574.4116652608684
2932.5,-448.5155774693142,573.9297655187441
2933.0,-448.3830785942416,573.4478412250318
2933.5,-448.2507001598128,572.9658812656631
2934.0,-448.11840569634205,572.4838970892517
2934.5,-447.98619479692775,572.0018887591119
2935.0,-447.85406686251116,571.5198563148427
2935.5,-447.7220446205925,571.0377924363622
2936.0,-447.59011210135145,570.5557012717255
2936.5,-447.45825948814337,570.0735856403412
2937.0,-447.32648539306297,569.5914459003415
2937.5,-447.1947988873386,569.1092792863038
2938.0,-447.0632069443081,568.6270829071668
2938.5,-446.93169061136433,568.1448637962288
2939.0,-446.80025066818683,567.66262233169
2939.5,-446.66889125931647,567.1803579208635
2940.0,-446.5376369923382,566.698062985964
2940.5,-446.40645663363165,566.215746077848
2941.0,-446.27535125183255,565.733407473908
2941.5,-446.14432200549356,565.2510474668542
2942.0,-446.0133979900085,564.7686589355669
2942.5,-445.88255845104334,564.2862483553208
2943.0,-445.75179709580595,563.8038167735083
2943.5,-445.621113232246,563.3213640211806
2944.0,-445.4905220925139,562.8388857990702
2944.5,-445.3600187574484,562.3563842235121
2945.0,-445.2295917419462,561.8738617649298
2945.5,-445.0992403879999,561.3913184347807
2946.0,-444.9689713507549,560.9087524255846
2946.5,-444.8387932804559,560.4261609443299
2947.0,-444.70868415381557,559.9435501193237
2947.5,-444.5786431930229,559.4609201046442
2948.0,-444.4486729685695,558.9782700859754
2948.5,-444.31878841168793,558.495594709885
2949.0,-444.18896339037923,558.0129010153283
2949.5,-444.0591975567154,557.5301892207609
2950.0,-443.9294906566887,557.0474595749477
2950.5,-443.79986915585516,556.564704699111
2951.0,-443.6703065136686,556.0819320189463
2951.5,-443.54080028805566,555.5991421690136
2952.0,-443.4113504100824,555.1163351571455
2952.5,-443.2819836990809,554.6335036311119
2953.0,-443.1526849445979,554.1506522168517
2953.5,-443.02344811810957,553.6677827475302
2954.0,-442.89427343847024,553.1848952424351
2954.5,-442.76518071761416,552.7019842415044
2955.0,-442.6361690775514,552.2190505759744
2955.5,-442.50722787873656,551.7360981299264
2956.0,-442.37835650351894,551.2531273976696
2956.5,-442.2495688569367,550.7701344322984
2957.0,-442.12086120617477,550.287119354473
2957.5,-441.99221951688145,549.8040861890404
2958.0,-441.8636444043474,549.3210350720224
2958.5,-441.7351527019227,548.8379623418832
2959.0,-441.60674378771745,548.3548681884953
2959.5,-441.4783983160582,547.8717572251561
2960.0,-441.35011534382124,547.3886295856119
2960.5,-441.22190637142484,546.9054822023559
2961.0,-441.0937784031393,546.4223137255807
2961.5,-440.9657139089263,545.9391291557473
2962.0,-440.83771269618063,545.4559284454954
2962.5,-440.70978516269827,544.9727084230028
2963.0,-440.58193904457437,544.4894678951371
2963.5,-440.4541574707861,544.0062112689673
2964.0,-440.3264412865604,543.5229381634641
2964.5,-440.1988024373462,543.0396450783359
2965.0,-440.0712493467486,542.5563305210437
2965.5,-439.943762370708,542.0729994579834
2966.0,-439.8163408049749,541.5896517361498
2966.5,-439.68899366727703,541.1062842356392
2967.0,-439.56172947519656,540.6228940020833
2967.5,-439.43453155900784,540.1394859504771
2968.0,-439.30740115850875,539.6560598515237
2968.5,-439.18035201281435,539.1726121196928
2969.0,-439.05339472142253,538.689138688254
2969.5,-438.92650472206304,538.2056459196241
2970.0,-438.7996821438394,537.7221336497424
2970.5,-438.6729430073565,537.2385972310838
2971.0,-438.5462977965591,536.75503504964
2971.5,-438.419720912207,536.2714543710445
2972.0,-438.2932088627727,535.7878556676321
2972.5,-438.16676935633285,535.304234954552
2973.0,-438.04039998283537,534.8205914741703
2973.5,-437.9140822311276,534.3369307695089
2974.0,-437.7878135666834,533.8532535475128
2974.5,-437.66160224978756,533.3695571034885
2975.0,-437.53543639809334,532.8858450017436
2975.5,-437.40930162982164,532.4021208671318
2976.0,-437.28319369207276,531.9183854393746
2976.5,-437.1571104749931,531.4346376348328
2977.0,-437.0310432367525,530.9508797463282
2977.5,-436.9049862706868,530.4671148988591
2978.0,-436.77893754456267,529.9833441286277
2978.5,-436.65289700367583,529.4995672021479
2979.0,-436.52686380402037,529.0157861252618
2979.5,-436.40083806117434,528.5320012670544
2980.0,-436.2748204217993,528.0482125800617
2980.5,-436.148814947808,527.5644185919497
2981.0,-436.02281801358595,527.0806216067223
2981.5,-435.8968302065462,526.5968218571483
2982.0,-435.770852777097,526.113019342939
2982.5,-435.6448926539447,525.6292129375906
2983.0,-435.51894240926674,525.1454043254369
2983.5,-435.3930018171805,524.6615934530196
2984.0,-435.26707177581017,524.1777799501233
2984.5,-435.14116072664206,523.6939615729846
2985.0,-435.01526562083683,523.2101387303126
2985.5,-434.8893874644866,522.7263111540525
2986.0,-434.7635316759401,522.242477470882
2986.5,-434.6377029294125,521.7586363234753
2987.0,-434.5118959674947,521.2747888703766
2987.5,-434.38611195707176,520.790934706917
2988.0,-434.26036224961246,520.3070705809541
2988.5,-434.1346493944725,519.8231955861459
2989.0,-434.00896722831277,519.3393114757367
2989.5,-433.8833162983727,518.8554180465102
2990.0,-433.75771503868947,518.3715096959105
2990.5,-433.6321562537579,517.8875884673628
2991.0,-433.5066359454029,517.4036557562847
2991.5,-433.38115514522013,516.9197114172481
2992.0,-433.2557347777781,516.4357496128641
2992.5,-433.1303551750572,515.9517759181737
2993.0,-433.00501661506127,515.4677903041597
2993.5,-432.8797265192629,514.9837907111712
2994.0,-432.7544939422695,514.4997750452724
2994.5,-432.62930248042636,514.0157482193905
2995.0,-432.5041523610179,513.5317103319907
2995.5,-432.37905782473956,513.0476579281527
2996.0,-432.25401355507177,512.5635932274639
2996.5,-432.12900784494246,512.0795192190154
2997.0,-432.0040396032839,511.59543626785165
2997.5,-431.879122067549,511.11134178128975
2998.0,-431.7542428471154,510.62723844003256
2998.5,-431.6293982758974,510.1431271734785
2999.0,-431.50459058377913,509.6590075558543
2999.5,-431.37983237381854,509.1748765504317
3000.0,-431.2551069244004,508.6907380672038
3000.5,-431.1304138289512,508.2065920396989
3001.0,-431.0057603199113,507.7224363739268
3001.5,-430.8811490356958,507.23826974590486
3002.0,-430.7565710813726,506.75409430879984
3002.5,-430.6320274005735,506.26990975386923
3003.0,-430.50753616069727,505.7857111792041
3003.5,-430.3830858652314,505.3015013467243
3004.0,-430.25867244248025,504.8172812662773
3004.5,-430.1342986898779,504.33305007153865
3005.0,-430.00998345497305,503.84880238083804
3005.5,-429.885709570299,503.3645427758066
3006.0,-429.76147711987596,502.88027122999864
3006.5,-429.63729649149315,502.3959847708423
3007.0,-429.5131736233565,501.91168164853605
3007.5,-429.389093275705,501.42736654809477
3008.0,-429.2650556053388,500.9430395296056
3008.5,-429.1410833063452,500.4586942970758
3009.0,-429.0171599036932,499.97433510443
3009.5,-428.89327987244667,499.4899635441058
3010.0,-428.7694474477217,499.00557842316715
3010.5,-428.64568771306557,498.5211742564744
3011.0,-428.52197509900384,498.0367581372264
3011.5,-428.3983083122735,497.5523302699158
3012.0,-428.2746984901593,497.067887264911
3012.5,-428.15114223504474,496.5834297317704
3013.0,-428.02762676707687,496.09896136770703
3013.5,-427.9041516844636,495.6144824090779
3014.0,-427.7807384715031,495.129987692044
3014.5,-427.6573642948083,494.64548249973643
3015.0,-427.53402777993216,494.160966978359
3015.5,-427.4107374254475,493.6764384343245
3016.0,-427.28750335604616,493.1918939006836
3016.5,-427.1643122033172,492.70733698796874
3017.0,-427.04116540622636,492.2227672725061
3017.5,-426.9180884239982,491.7381776829021
3018.0,-426.7950732492782,491.25357100868285
3018.5,-426.6721145009008,490.7689488589179
3019.0,-426.5492215677985,490.2843087723552
3019.5,-426.426425260203,489.79964267873993
3020.0,-426.30369862193163,489.3149580656074
3020.5,-426.1810434947659,488.83025463076103
3021.0,-426.0584925217261,488.34552444395786
3021.5,-425.93604203776135,487.86076874848897
3022.0,-425.8136730861818,487.3759924464836
3022.5,-425.6913896105918,486.8911946008685
3023.0,-425.56924059849973,486.40636295922525
3023.5,-425.4471791071995,485.9215095955318
3024.0,-425.3252051375105,485.43663462647817
3024.5,-425.2033481518292,484.9517310935008
3025.0,-425.08160123486664,484.46680051539215
3025.5,-424.95993499507375,483.9818500035683
3026.0,-424.8383477199953,483.49687992043346
3026.5,-424.7168888222049,483.01187743250904
3027.0,-424.5955046073522,482.52685634239657
3027.5,-424.47419461907515,482.0418167418997
3028.0,-424.35298201316726,481.55675280208766
3028.5,-424.2318656205479,481.0716646384625
3029.0,-424.1108176043744,480.5865591165172
3029.5,-423.98983644714156,480.1014365499864
3030.0,-423.8689612209174,479.6162867557294
3030.5,-423.74814896204003,479.1311205331515
3031.0,-423.62739685318724,478.6459386397026
3031.5,-423.5067202580723,478.1607371284719
3032.0,-423.38611927379446,477.67551600651245
3032.5,-423.2655700987647,477.1902814407996
3033.0,-423.1450707625017,476.70503394007454
3033.5,-423.0246501133441,476.21976615998216
3034.0,-422.9042731482379,475.73448708235514
3034.5,-422.78393781926303,475.249197215415
3035.0,-422.6636539694497,474.763893947573
3035.5,-422.54341735579845,474.2785785252162
3036.0,-422.4232172284545,473.7932538063769
3036.5,-422.30305529419945,473.30791940571993
3037.0,-422.18295180412855,472.8225702876388
3037.5,-422.0628801332633,472.33721298849827
3038.0,-421.9428394354073,471.8518477044773
3038.5,-421.8228397744829,471.36647178511646
3039.0,-421.70287683822113,470.8810864457505
3039.5,-421.58294145500287,470.39569408269926
3040.0,-421.4630355084825,469.9102942500818
3040.5,-421.34317059449126,469.42488380306816
3041.0,-421.22333140363304,468.939466658026
3041.5,-421.10351803463476,468.454042784778
3042.0,-420.98374381067583,467.9686087138826
3042.5,-420.86400442365607,467.48316554015435
3043.0,-420.74429492116053,466.9977146205635
3043.5,-420.62462215852764,466.51225424777766
3044.0,-420.50500238528156,466.02678040388525
3044.5,-420.3854232060418,465.54129623073595
3045.0,-420.2658862155013,465.0558013252918
3045.5,-420.14642097088563,464.5702882302027
3046.0,-420.0270073762754,464.0847620016115
3046.5,-419.907641390417,463.59922376066464
3047.0,-419.7883394491524,463.11366953862154
3047.5,-419.66910583813814,462.62809827080054
3048.0,-419.54992277535626,462.14251441443486
3048.5,-419.4307919041816,461.6569175694728
3049.0,-419.31174784407057,461.1712993926361
3049.5,-419.19275294067114,460.68566913966174
3050.0,-419.0738058534144,460.2000271627653
3050.5,-418.9549229273158,459.71436954602416
3051.0,-418.8360882404379,459.22870014970465
3051.5,-418.71728729832876,458.7430225898874
3052.0,-418.5985216974874,458.25733656135264
3052.5,-418.4797973425163,457.7716407430507
3053.0,-418.3610974733748,457.28593914796
3053.5,-418.2424214828626,456.800231939413
3054.0,-418.1237816439365,456.31451639360324
3054.5,-418.00517144351744,455.8287939813528
3055.0,-417.8865886207304,455.34306518908534
3055.5,-417.7680440435161,454.85732740752854
3056.0,-417.64954082716275,454.3715797805395
3056.5,-417.53106824538173,453.8858249299156
3057.0,-417.41262886017427,453.40006228806175
3057.5,-417.2942399311848,452.9142877673381
3058.0,-417.1758840013409,452.4285053163924
3058.5,-417.0575612514639,451.9427148514572
3059.0,-416.93928950686364,451.456911885324
3059.5,-416.8210618854302,450.9710980417328
3060.0,-416.70287079188284,450.48527514341043
3060.5,-416.5847258108978,449.9994407406493
3061.0,-416.4666312266258,449.5135935230768
3061.5,-416.34857184113486,449.0277373466986
3062.0,-416.23054843312366,448.5418720101374
3062.5,-416.1125838419005,448.05599177423625
3063.0,-415.99465189847746,447.5701033023464
3063.5,-415.8767523465556,447.08420663183165
3064.0,-415.75890045509965,446.59829776685086
3064.5,-415.6410867711385,446.112378993106
3065.0,-415.5233021240214,445.62645270348
3065.5,-415.40555165245695,445.1405175873548
3066.0,-415.28784242322826,444.65457201816247
3066.5,-415.1701603622428,444.1686196155814
3067.0,-415.05250539389397,443.68266041651924
3067.5,-414.93488864144325,443.1966916103465
3068.0,-414.817291923357,442.71071777886834
3068.5,-414.69971568827964,442.22473883149956
3069.0,-414.58217260886084,441.73875170356047
3069.5,-414.46465374299936,441.2527586649038
3070.0,-414.3471534720261,440.7667610943574
3070.5,-414.2296756841338,440.2807580544697
3071.0,-414.1122244178532,439.7947485926253
3071.5,-413.99479080453614,439.30873486352607
3072.0,-413.87737535893217,438.82271674556085
3072.5,-413.75998751023644,438.33669197614245
3073.0,-413.64261573369856,437.8506633480163
3073.5,-413.5252610056835,437.36463062976424
3074.0,-413.4079389560967,436.8785900857586
3074.5,-413.2906460584938,436.3925426044868
3075.0,-413.1733786897023,435.90648907672784
3075.5,-413.05614757836065,435.42042700805314
3076.0,-412.9389631622371,434.9343539282602
3076.5,-412.8218166071032,434.4482718535296
3077.0,-412.7047147889703,433.9621791186294
3077.5,-412.58767434852876,433.4760717130726
3078.0,-412.4706723458726,432.9899551751245
3078.5,-412.3537092477935,432.5038294037525
3079.0,-412.2368141797809,432.0176875302753
3079.5,-412.11996183972576,431.53153540875905
3080.0,-412.0031475997843,431.04537410387667
3080.5,-411.88638805813974,430.55919949126553
3081.0,-411.76967848067795,430.0730127855022
3081.5,-411.6530033288945,429.5868177917578
3082.0,-411.5363675108604,429.1006133732216
3082.5,-411.4197811786431,428.6143972159788
3083.0,-411.3032237924031,428.1281742183737
3083.5,-411.1866946462707,427.64194455511296
3084.0,-411.0702127958839,427.15570393754746
3084.5,-410.95375574914027,426.6694576663661
3085.0,-410.83732330155317,426.18320582181565
3085.5,-410.72092854301604,425.69694563633425
3086.0,-410.6045616304239,425.2106792975883
3086.5,-410.4882189884205,424.7244076251151
3087.0,-410.37191199019253,424.23812817172916
3087.5,-410.25564477583293,423.7518399208985
3088.0,-410.13940585356505,423.26554547901236
3088.5,-410.0232000465221,422.7792438344665
3089.0,-409.90704811015644,422.292930169216
3089.5,-409.79093114793847,421.80660861004833
3090.0,-409.6748496805955,421.3202790203032
3090.5,-409.55883748433575,420.83393365252414
3091.0,-409.4428691124559,420.3475781533248
3091.5,-409.3269441175958,419.8612125958076
3092.0,-409.2110930742042,419.374829746038
3092.5,-409.0953071440336,418.8884314507379
3093.0,-408.97957512501176,418.40202047689235
3093.5,-408.8639191455746,417.915591805831
3094.0,-408.74835255987534,417.42914271802994
3094.5,-408.6328541378445,416.94267789629043
3095.0,-408.5174387855476,416.4561938003157
3095.5,-408.4021458985827,415.96968095193967
3096.0,-408.28693013726854,415.4831501968881
3096.5,-408.17179200356543,414.9966014739148
3097.0,-408.0567936793464,414.51002108297337
3097.5,-407.9418856789266,414.02342014521344
3098.0,-407.82706516775954,413.5367992417304
3098.5,-407.7123857617242,413.05014583408484
3099.0,-407.59782260465965,412.56346557095316
3099.5,-407.48335426227067,412.0767634552132
3100.0,-407.3690172901138,411.5900311477083
3100.5,-407.25481995652643,411.1032665231919
3101.0,-407.1407224342535,410.61647872972645
3101.5,-407.02674339485,410.12966338897263
3102.0,-406.91293222421575,409.6428084490641
3102.5,-406.7992195586799,409.15593025061366
3103.0,-406.6856043980117,408.6690290266465
3103.5,-406.57215206144,408.1820894517454
3104.0,-406.4587861814903,407.695129680513
3104.5,-406.34550209447707,407.2081508078181
3105.0,-406.2323336879547,406.7211449527482
3105.5,-406.1192419790495,406.23412134282245
3106.0,-406.00620863501854,405.7470842137946
3106.5,-405.8932476565876,405.2600303040394
3107.0,-405.7803389572624,404.77296460712427
3107.5,-405.6674597474762,404.28589253509995
3108.0,-405.55461004459056,403.7988143874524
3108.5,-405.44178472642784,403.31173163347955
3109.0,-405.3289687505723,402.82464734327937
3109.5,-405.2161606841302,402.3375618733559
3110.0,-405.1033547969681,401.8504772647053
3110.5,-404.99054703581015,401.36339375804795
3111.0,-404.8777369065696,400.87631143971373
3111.5,-404.7649187778356,400.3892317994099
3112.0,-404.6520931034459,399.9021544858232
3112.5,-404.53926054707864,399.41507926518574
3113.0,-404.42641681788393,398.9280073352432
3113.5,-404.31356728246,398.4409370514012
3114.0,-404.2007132194371,397.95386796297294
3114.5,-404.0878528609334,397.466800393502
3115.0,-403.97498779941077,396.97973402548814
3115.5,-403.86212166648306,396.4926678980584
3116.0,-403.7492558346398,396.00560162859165
3116.5,-403.63639175006585,395.5185350127429
3117.0,-403.5235304906894,395.03146768916866
3117.5,-403.4106727621769,394.5443994641541
3118.0,-403.29782766492934,394.05732783568834
3118.5,-403.1849906188646,393.57025441494744
3119.0,-403.0721617895616,393.0831792013459
3119.5,-402.9593493743049,392.596100641382
3120.0,-402.8465496257134,392.10901938329204
3120.5,-402.7337617086193,391.62193555630927
3121.0,-402.6209939453583,391.1348471050596
3121.5,-402.5082424038679,390.6477549673322
3122.0,-402.3955054111804,390.16065955473664
3122.5,-402.2827933057958,389.67355860728094
3123.0,-402.1701048164332,389.18645225765215
3123.5,-402.0574346539434,388.6993418790644
3124.0,-401.94479052007046,388.212225962416
3124.5,-401.8321750651961,387.7251035204872
3125.0,-401.71958004661434,387.2379765224058
3125.5,-401.6070106250867,386.75084387048014
3126.0,-401.49447485461184,386.2637037527424
3126.5,-401.3819597752209,385.7765592650149
3127.0,-401.2694670373675,385.289410118143
3127.5,-401.1570126827278,384.802252944541
3128.0,-401.04458032777114,384.31509154608875
3128.5,-400.93216994654557,383.8279259648634
3129.0,-400.81979776899544,383.34075337485194
3129.5,-400.7074462485941,382.85357721456165
3130.0,-400.5951143029734,382.36639770039756
3130.5,-400.48281527990974,381.8792127848623
3131.0,-400.3705388668301,381.39202428369333
3131.5,-400.2582808337373,380.90483295657845
3132.0,-400.14604868443934,380.41763800894995
3132.5,-400.0338370469741,379.93044054620606
3133.0,-399.92164136013787,379.44324100989786
3133.5,-399.8094694736776,378.95603812725864
3134.0,-399.69732056633626,378.46883219029957
3134.5,-399.585187852839,377.98162382464443
3135.0,-399.47307721015284,377.49441179432847
3135.5,-399.360995700805,377.00719466219107
3136.0,-399.24893327772105,376.51997394164675
3136.5,-399.1368950205983,376.03274849045613
3137.0,-399.02489308640514,375.54551561717244
3137.5,-398.912913581395,375.05827792140565
3138.0,-398.8009603749608,374.5710344678166
3138.5,-398.68904933197604,374.0837822722478
3139.0,-398.5771666414389,373.59652396231775
3139.5,-398.46531533032726,373.1092588401369
3140.0,-398.3535228310419,372.6219803138281
3140.5,-398.24176328575885,372.1346945937501
3141.0,-398.13003677546936,371.6474016878971
3141.5,-398.0183790045008,371.1600938377877
3142.0,-397.9067620775977,370.6727772215949
3142.5,-397.7951855913794,370.18545192968827
3143.0,-397.6836859575672,369.6981102112724
3143.5,-397.57223532952173,369.210758157769
3144.0,-397.46082967719315,368.72339659934266
3144.5,-397.3495060935024,368.2360175475439
3145.0,-397.23823786803325,367.7486265561252
3145.5,-397.12701692977174,367.26122552120495
3146.0,-397.0158772266915,366.7738079415307
3146.5,-396.90479926077745,366.2863775187513
3147.0,-396.79377076664076,365.79893667312973
3147.5,-396.6828228958884,365.31147844183516
3148.0,-396.57194359716857,364.8240058522998
3148.5,-396.4611149666115,364.3365228060789
3149.0,-396.35036230368195,363.8490244172868
3149.5,-396.2396818334656,363.3615115179792
3150.0,-396.12905355892434,362.87398779764305
3150.5,-396.01850300656093,362.38644745254305
3151.0,-395.90802777349495,361.89889084496116
3151.5,-395.7976032809988,361.41132344717334
3152.0,-395.687249479709,360.92374121182183
3152.5,-395.5769739785481,360.43614243064593
3153.0,-395.4667496966756,359.94853286917527
3153.5,-395.35659454308893,359.4609087957472
3154.0,-395.24651438446995,358.97326830148876
3154.5,-395.13648329528166,358.4856172481869
3155.0,-395.02651702663906,357.9979523647824
3155.5,-394.9166319107612,357.5102688352536
3156.0,-394.8067952145438,357.02257419533015
3156.5,-394.69701841748764,356.53486581852565
3157.0,-394.58732107161734,356.0471387999114
3157.5,-394.47767078898363,355.55940101430986
3158.0,-394.36807717243033,355.0716503697083
3158.5,-394.2585649076994,354.5838808879515
3159.0,-394.14909891402675,354.09610017770854
3159.5,-394.03968659003135,353.6083062942773
3160.0,-393.9303575870194,353.1204919512745
3160.5,-393.8210745609832,352.6326667405706
3161.0,-393.7118431954467,352.1448294104124
3161.5,-393.6026942909727,351.65697394917623
3162.0,-393.4935920064474,351.16910829668444
3162.5,-393.38454101199574,350.6812314410209
3163.0,-393.2755827867582,350.19333374262425
3163.5,-393.1666717791486,349.7054260256208
3164.0,-393.05781091849826,349.21750773782577
3164.5,-392.9490392242323,348.72957235075717
3165.0,-392.84031581984095,348.2416280455779
3165.5,-392.7316429904984,347.7536744257298
3166.0,-392.6230573940305,347.26570456896474
3166.5,-392.51451819189424,346.777726267163
3167.0,-392.4060266899228,346.28973929180546
3167.5,-392.2976292356101,345.8017349794118
3168.0,-392.1892783437096,345.31372178520843
3168.5,-392.0809745721376,344.8256995938182
3169.0,-391.9727622522135,344.33766065652003
3169.5,-391.8645966576918,343.8496132466302
3170.0,-391.7564779498652,343.3615573360813
3170.5,-391.6484569919595,342.87348161536784
3171.0,-391.54048557559906,342.3853948345801
3171.5,-391.4325636506971,341.8972970007775
3172.0,-391.32474383161247,341.40917762435186
3172.5,-391.21697456967456,340.9210473339069
3173.0,-391.10925578061887,340.43290614758854
3173.5,-391.001641165621,339.944742414581
3174.0,-390.8940776176368,339.4565673103351
3174.5,-390.78656509825936,338.96838084340317
3175.0,-390.6791590793305,338.4801709608965
3175.5,-390.5718077430571,337.99194884931626
3176.0,-390.4645115578404,337.50371440353285
3176.5,-390.35732329815283,337.0154567147879
3177.0,-390.2501897754141,336.52718761432743
3177.5,-390.14311211844364,336.0389068704748
3178.0,-390.03614735796066,335.55060209474493
3178.5,-389.9292412926984,335.0622845778853
3179.0,-389.8223961336117,334.57395383450626
3179.5,-389.7156630805012,334.0855998380434
3180.0,-389.60898761086236,333.5972345598034
3180.5,-389.5023730829441,333.108857369026
3181.0,-389.3958621121206,332.62046091286606
3181.5,-389.28940217512934,332.1320557620928
3182.0,-389.1829973792423,331.64364127277844
3182.5,-389.07670203702924,331.15520845840405
3183.0,-388.97047034929943,330.66676465649965
3183.5,-388.86431021411653,330.1783084739848
3184.0,-388.7582653828987,329.689830846301
3184.5,-388.6522825470515,329.2013425699586
3185.0,-388.5463710499433,328.7128421656562
3185.5,-388.44058031814177,328.22432140808036
3186.0,-388.3348551829147,327.73578902251944
3186.5,-388.2292080867461,327.24724268896307
3187.0,-388.12369370614823,326.75866951348905
3187.5,-388.0182528719171,326.2700802244198
3188.0,-387.9129029063453,325.78147068840286
3188.5,-387.8076849937042,325.29283004838817
3189.0,-387.7025367644634,324.80417260298447
3189.5,-387.59747628026685,324.31549384100845
3190.0,-387.4925322296696,323.8267876312309
3190.5,-387.3876502113999,323.3380660763405
3191.0,-387.28284870347073,322.8493242164452
3191.5,-387.17814142839313,322.3605581392672
3192.0,-387.07348622935297,321.8717787605681
3192.5,-386.9689013975667,321.3829814665968
3193.0,-386.86439549026085,320.89416456619654
3193.5,-386.7599331560354,320.4053368324336
3194.0,-386.65553053311385,319.9164942441422
3194.5,-386.55118306026816,319.4276389720422
3195.0,-386.4468649716761,318.9387774265219
3195.5,-386.34258548481375,318.4499083286718
3196.0,-386.23833317933753,317.96103495598175
3196.5,-386.13409421480117,317.47216003745984
3197.0,-386.029869437019,316.98328468271177
3197.5,-385.92564417529263,316.49441243122686
3198.0,-385.8214150063189,316.0055430152027
3198.5,-385.7171710430203,315.5166800404829
3199.0,-385.61290063893546,315.0278250510347
3199.5,-385.50860826834503,314.5389762905475
3200.0,-385.4042666324938,314.05014034760165
3200.5,-385.29987596955704,313.5613160399936
3201.0,-385.195447913394,313.0725002960903
3201.5,-385.0909472288834,312.5836996263204
3202.0,-384.98639701445524,312.09490831785763
3202.5,-384.88180854310053,311.6061241133865
3203.0,-384.7771555044311,311.1173507452737
3203.5,-384.6724716668206,310.62858151721156
3204.0,-384.567762839092,310.13981545461274
3204.5,-384.4630278615613,309.6510484806264
3205.0,-384.35829410829604,309.16227746892736
3205.5,-384.2535614862321,308.67350272644796
3206.0,-384.1488609498567,308.1847159307982
3206.5,-384.04418984118746,307.6959208744427
3207.0,-383.93955129588613,307.2071166870423
3207.5,-383.8350022723926,306.718288553547
3208.0,-383.730510496282,306.2294457697649
3208.5,-383.626089520005,305.74058494057147
3209.0,-383.5217948700368,305.2516936935665
3209.5,-383.41757227960426,304.7627856913843
3210.0,-383.31344624250056,304.2738554281754
3210.5,-383.20945884056863,303.7848933349423
3211.0,-383.10555007444873,303.2959135436614
3211.5,-383.0017543312144,302.80690854479803
3212.0,-382.89809442462456,302.3178740175508
3212.5,-382.79451462419775,301.8288219234113
3213.0,-382.69105791866014,301.3397426576887
3213.5,-382.5877248515749,300.85063606333165
3214.0,-382.4844694246312,300.36151231912424
3214.5,-382.38134143741127,299.87236044796754
3215.0,-382.2783196028427,299.38318541063285
3215.5,-382.175369226043,298.8939947631147
3216.0,-382.0725418363098,298.4047771917309
3216.5,-381.96980080486753,297.9155401849375
3217.0,-381.86712316190994,297.4262888701773
3217.5,-381.76455789900416,296.93701187396545
3218.0,-381.66205439119864,296.4477208993324
3218.5,-381.559601397912,295.9584184918842
3219.0,-381.45723783687635,295.46909587561646
3219.5,-381.3549122222311,294.97976430887286
3220.0,-381.2526239372666,294.4904239371177
3220.5,-381.1504000783286,294.00106874956725
3221.0,-381.0482019150995,293.51170788166587
3221.5,-380.94603415752357,293.0223403132628
3222.0,-380.8439103782909,292.53296306928996
3222.5,-380.74180763152674,292.04358103147655
3223.0,-380.6397326138445,291.5541926131157
3223.5,-380.5376925528009,291.0647961688659
3224.0,-380.43567247303776,290.5753952221166
3224.5,-380.33368270235434,290.085987510867
3225.0,-380.23172645431896,289.5965722388932
3225.5,-380.12979141803777,289.1071523265016
3226.0,-380.0278929271893,288.6177246414025
3226.5,-379.9260336693212,288.12828835175543
3227.0,-379.8242012801525,287.63884620069524
3227.5,-379.7224202257885,287.1493929534514
3228.0,-379.6206818568441,286.6599303877365
3228.5,-379.5189754842751,286.1704608799592
3229.0,-379.41733557568665,285.68097730876735
3229.5,-379.3157413967129,285.1914843240974
3230.0,-379.2141856897946,284.701983413117
3230.5,-379.1127189717132,284.21246361095734
3231.0,-379.011297043112,283.72293442194655
3231.5,-378.9099250164346,283.2333947746332
3232.0,-378.808646667626,282.7438355306246
3232.5,-378.70741865610205,282.2542659362953
3233.0,-378.60625781982344,281.76468256591886
3233.5,-378.50519702526185,281.2750788132198
3234.0,-378.40419401013685,280.7854633042998
3234.5,-378.30328012062495,280.2958296714007
3235.0,-378.2024754160788,279.8061731585001
3235.5,-378.1017378479273,279.3165024873401
3236.0,-378.00111677646936,278.8268071050611
3236.5,-377.90060559569326,278.33708858767386
3237.0,-377.80016894606746,277.8473543912185
3237.5,-377.6998774386166,277.3575897074277
3238.0,-377.59969251166785,276.8678016037023
3238.5,-377.49958873098734,276.3779956079389
3239.0,-377.3996586284627,275.8881504902602
3239.5,-377.2998259865783,275.3982834268791
3240.0,-377.20008476592193,274.9083957777203
3240.5,-377.10052531505863,274.41846735481045
3241.0,-377.0010482797649,273.92852049583666
3241.5,-376.9016747763063,273.43855048157326
3242.0,-376.80245754603754,272.9485457762112
3242.5,-376.7033181418395,272.4585236904757
3243.0,-376.6042911021125,271.96847645585484
3243.5,-376.50539018248054,271.47840144494364
3244.0,-376.406558684587,270.98831130685375
3244.5,-376.3078387505376,270.4981971024355
3245.0,-376.2092140233931,270.0080623695422
3245.5,-376.1106494937809,269.5179146439929
3246.0,-376.012191727079,269.0277438245122
3246.5,-375.91380625014006,268.53755791044534
3247.0,-375.81547494031236,268.04736069295785
3247.5,-375.71725452035446,267.55714044793797
3248.0,-375.61909167017916,267.06690832020104
3248.5,-375.520985551494,266.5766644827751
3249.0,-375.42298601608775,266.08639851217845
3249.5,-375.32503725336767,265.59612210124186
3250.0,-375.2271556868465,265.1058318880312
3250.5,-375.1293734718291,264.61552171821444
3251.0,-375.0316437385535,264.1252009965937
3251.5,-374.93399546628774,263.63486388941345
3252.0,-374.8364370816893,263.1445085955975
3252.5,-374.73893237970674,262.6541424403349
3253.0,-374.6415235604961,262.163756885297
3253.5,-374.5441940538302,261.6733554489531
3254.0,-374.4469193001464,261.1829430575507
3254.5,-374.34975563306625,260.69250850168794
3255.0,-374.2526609339481,260.2020600908376
3255.5,-374.15562398412874,259.71160007871924
3256.0,-374.0587114106195,259.2211145974435
3256.5,-373.9618562364928,258.7306174203263
3257.0,-373.8650734678535,258.2401054911575
3257.5,-373.7684032532537,257.74957064572106
3258.0,-373.6717895912867,257.2590243771758
3258.5,-373.57526105905526,256.76846096224585
3259.0,-373.4788327037777,256.27787727382395
3259.5,-373.3824622011577,255.78728184563246
3260.0,-373.2861939667605,255.29666560697575
3260.5,-373.1900107934748,254.80603222270366
3261.0,-373.0938847758225,254.31538735881094
3261.5,-372.99787499480976,253.82471941248514
3262.0,-372.9019385481751,253.33403672783695
3262.5,-372.8060622948088,252.84334194589124
3263.0,-372.71032036746254,252.3526200294263
3263.5,-372.6146385651239,251.86188592903915
3264.0,-372.5190336277537,251.3711362515962
3264.5,-372.423549416947,250.88036207046602
3265.0,-372.32812674554066,250.3895752070019
3265.5,-372.2327995607977,249.89876855141554
3266.0,-372.1375810125828,249.4079396390104
3266.5,-372.0424252912982,248.91709790407293
3267.0,-371.9473831177676,248.42623310271128
3267.5,-371.85243521260924,247.93534916032004
3268.0,-371.7575528069898,247.44445188385592
3268.5,-371.6628141973452,246.95352501262937
3269.0,-371.5681563331941,246.4625816210871
3269.5,-371.473573195569,245.97162294069403
3270.0,-371.3791416839935,245.48063407155567
3270.5,-371.2847819423471,244.98963104976633
3271.0,-371.1905212120823,244.4986085225079
3271.5,-371.0963978694097,244.0075586858042
3272.0,-371.00234689642775,243.516494465461
3272.5,-370.90841647077474,243.025406287825
3273.0,-370.81460825818965,242.53429418507739
3273.5,-370.7208749282802,242.04316745601267
3274.0,-370.6272865919758,241.55201253402453
3274.5,-370.5337978415394,241.06083843044914
3275.0,-370.4403835538134,240.56964999295218
3275.5,-370.34713977800004,240.07842913467215
3276.0,-370.25397587102765,239.5871932314655
3276.5,-370.16090735789487,239.09593935888185
3277.0,-370.0679980201833,238.60465536503344
3277.5,-369.9751685596456,238.11335625515602
3278.0,-369.8824640327357,237.62203350241242
3278.5,-369.7899012970769,237.13068432610203
3279.0,-369.6974200246033,236.63932004904504
3279.5,-369.6050910834532,236.1479277168968
3280.0,-369.51288200537493,235.65651335536782
3280.5,-369.4207562688475,235.1650836773184
3281.0,-369.32881991164146,234.67361920351226
3281.5,-369.2369887867135,234.18213541273332
3282.0,-369.1452652828606,233.69063186648185
3282.5,-369.0537433328258,233.1990911906338
3283.0,-368.96231882009465,232.70753262580047
3283.5,-368.8710399438993,232.2159473405307
3284.0,-368.7799482786427,231.72432767857669
3284.5,-368.6889608088289,231.23268883073277
3285.0,-368.5981649020966,230.7410146212088
3285.5,-368.507536699568,230.24930903631346
3286.0,-368.4170195322305,229.75758265654093
3286.5,-368.3267427977576,229.2658110563629
3287.0,-368.2366004637604,228.77401410718144
3287.5,-368.1465857360859,228.282193090428
3288.0,-368.0568109157275,227.79032707340735
3288.5,-367.9671430110908,227.2984411242017
3289.0,-367.8776310744851,226.80652612631985
3289.5,-367.788306201836,226.31457646367113
3290.0,-367.6990791849027,225.82260876344648
3290.5,-367.61002473872816,225.3306094075022
3291.0,-367.5211154655341,224.83858363772006
3291.5,-367.4323000456552,224.34654080529805
3292.0,-367.343680021934,223.85446256936004
3292.5,-367.25516540702307,223.36236536556885
3293.0,-367.1667512828808,222.87025007890452
3293.5,-367.0785252002438,222.37810113353186
3294.0,-366.9903861133439,221.8859365997821
3294.5,-366.9023769001153,221.39374879051653
3295.0,-366.81452812055505,220.9015320912536
3295.5,-366.726765298584,220.40929993111288
3296.0,-366.6391599751836,219.91703947403403
3296.5,-366.55168148240085,219.42475620455704
3297.0,-366.46428681409594,218.93245786055905
3297.5,-366.37707528807454,218.44012661140334
3298.0,-366.2899587870072,217.94777832156967
3298.5,-366.2029405188505,217.45541241578022
3299.0,-366.1160967687547,216.96301534026355
3299.5,-366.0293316973931,216.47060423301062
3300.0,-365.9426884477296,215.97817140799734
3300.5,-365.85618846391145,215.4857131374505
3301.0,-365.7697686763667,214.9932406130623
3301.5,-365.68350512051796,214.50074029590485
3302.0,-365.5973573776203,214.008219391344
3302.5,-365.51129000666657,213.51568420532996
3303.0,-365.425407579369,213.02311632584366
3303.5,-365.3396134708522,212.53053294939198
3304.0,-365.25392616845795,212.03793083207043
3304.5,-365.1684064977371,211.5452993259858
3305.0,-365.08296664366105,211.05265386466294
3305.5,-364.99765969548986,210.559985193364
3306.0,-364.9124839573548,210.06729376984921
3306.5,-364.82738526110836,209.57458900989
3307.0,-364.7424447821258,209.08185695921034
3307.5,-364.65760340420314,208.5891078279621
3308.0,-364.57284100357725,208.09634508457754
3308.5,-364.48825121124503,207.60355268115921
3309.0,-364.4037353889466,207.1107476163805
3309.5,-364.3193262067012,206.61792430244057
3310.0,-364.235061642341,206.1250762953172
3310.5,-364.15087256396396,205.6322154001452
3311.0,-364.066823550486,205.13933059254805
3311.5,-363.98289458853395,204.6464252993886
3312.0,-363.8990428702086,204.15350682954153
3312.5,-363.81536571188474,203.66055862898014
3313.0,-363.7317809226534,203.16759473609005
3313.5,-363.6482937873648,202.67461425304268
3314.0,-363.5649823689419,202.18160398301418
3314.5,-363.4817523678339,201.68857994112614
3315.0,-363.3986554766462,201.1955333981607
3315.5,-363.3157030963849,200.70246252089729
3316.0,-363.23283268562597,200.20937786127953
3316.5,-363.1501304578986,199.71626499586915
3317.0,-363.06754009628446,199.2231334456772
3317.5,-362.9850349616449,198.72998766018767
3318.0,-362.9027262686011,198.23680916187
3318.5,-362.8204985934041,197.7436172118762
3319.0,-362.73838836446794,197.25040576442683
3319.5,-362.65643425021096,196.75716844318606
3320.0,-362.57455911776594,196.2639180482477
3320.5,-362.49283042304654,195.7706434393084
3321.0,-362.4112226193429,195.27734885417016
3321.5,-362.32969244268173,194.78404144052755
3322.0,-362.2483333655179,194.29070573151884
3322.5,-362.1670607858988,193.79735576476452
3323.0,-362.08588661099196,193.3039895775573
3323.5,-362.00487319576865,192.81059702805368
3324.0,-361.92393462515906,192.31719219076714
3324.5,-361.84312387767176,191.82376635780048
3325.0,-361.76244172146306,191.33031943682602
3325.5,-361.68183473726066,190.83686021442145
3326.0,-361.60138935433747,190.3433746871452
3326.5,-361.5210427409853,189.8498731785098
3327.0,-361.44078395832656,189.35635745847463
3327.5,-361.3607031434706,188.86281293637984
3328.0,-361.2807002984139,188.36925583413066
3328.5,-361.20082055105524,187.87567888070114
3329.0,-361.12108655497514,187.38207857844762
3329.5,-361.041430753784,186.88846576899658
3330.0,-360.9619319448797,186.39482790278663
3330.5,-360.88254007272707,185.90117308038933
3331.0,-360.80322489049604,185.40750609782575
3331.5,-360.72409203367334,184.91381023011303
3332.0,-360.64503303548753,184.42010263669465
3332.5,-360.56608200517906,183.926377901702
3333.0,-360.4872755518453,183.43263017662775
3333.5,-360.4085411123331,182.9388710161959
3334.0,-360.32994273091157,182.44509027734063
3334.5,-360.25145023317174,181.95129269043693
3335.0,-360.17302643391366,181.4574841673714
3335.5,-360.09476105565915,180.96365030297792
3336.0,-360.016566989343,180.469805071101
3336.5,-359.938462332806,179.97594558685336
3337.0,-359.8604912062222,179.4820649754022
3337.5,-359.78258240453073,178.9881745277919
3338.0,-359.7047854463369,178.49426645572726
3338.5,-359.62708428794235,178.00034328755598
3339.0,-359.54944133474754,177.50641095938204
3339.5,-359.4719276989818,177.0124584073673
3340.0,-359.3944776233287,176.51849602804361
3340.5,-359.3170968588514,176.0245229322138
3341.0,-359.2398249695182,175.53053302655408
3341.5,-359.16260066954715,175.03653577513788
3342.0,-359.0854580208525,174.54252592160418
3342.5,-359.0083922061483,174.04850431013523
3343.0,-358.93137068537055,173.5544759294132
3343.5,-358.8544444177882,173.06043305328478
3344.0,-358.7775694855271,172.56638236088224
3344.5,-358.7007448457778,172.07232401098287
3345.0,-358.6240040621037,171.57825318831135
3345.5,-358.54729955835296,171.0841769014629
3346.0,-358.4706561794311,170.59009137438053
3346.5,-358.3940710922907,170.09599696396378
3347.0,-358.3175178759103,169.60189770319397
3347.5,-358.24102943055476,169.1077886193339
3348.0,-358.16457642575625,168.61367408676406
3348.5,-358.08815555658293,168.11955461359202
3349.0,-358.011794923982,167.625425558314
3349.5,-357.93545837305953,167.13129265571132
3350.0,-357.8591611150118,166.63715346905636
3350.5,-357.78290717549856,166.1430071344991
3351.0,-357.706676762286,165.64885690243287
3351.5,-357.6304958720521,165.15469839937825
3352.0,-357.5543473560949,164.66053454387884
3352.5,-357.4782267755102,164.1663660698194
3353.0,-357.4021656880904,163.67218787583516
3353.5,-357.32613122019194,163.17800534016388
3354.0,-357.25014088724896,162.68381560811164
3354.5,-357.1742005751023,162.18961782414345
3355.0,-357.09828851067243,161.69541553182177
3355.5,-357.02244159529306,161.20120298692888
3356.0,-356.94663845496956,160.70698362286467
3356.5,-356.870872277733,160.21275850078095
3357.0,-356.7951863958267,159.71852091763577
3357.5,-356.71953674028606,159.22427775748665
3358.0,-356.643947251434,158.73002534645605
3358.5,-356.56842554727467,158.23576262104643
3359.0,-356.4929401048837,157.741494397384
3359.5,-356.4175317459387,157.24721456270396
3360.0,-356.3421718626224,156.75292747663877
3360.5,-356.2668531952457,156.25863422515275
3361.0,-356.19161494565105,155.76432915989355
3361.5,-356.1164077882051,155.2700195771306
3362.0,-356.0412513784733,154.77570263743513
3362.5,-355.9661487190717,154.28137800441547
3363.0,-355.89107442532713,153.78704931972288
3363.5,-355.8160588458174,153.2927122849107
3364.0,-355.74107834053575,152.798370223486
3364.5,-355.66612868691516,152.30402374059992
3365.0,-355.59123824192994,151.80966877276867
3365.5,-355.5163731177548,151.31531009875266
3366.0,-355.44155090036827,150.82094511620878
3366.5,-355.3667747414521,150.3265733094444
3367.0,-355.2920242598437,149.83219766819758
3367.5,-355.2173328702999,149.3378130528859
3368.0,-355.14267711942966,148.8434229967507
3368.5,-355.068054634917,148.3490278619646
3369.0,-354.99349721068694,147.85462274571074
3369.5,-354.91896742563694,147.3602133977998
3370.0,-354.8444855583202,146.86579671784605
3370.5,-354.77005305012455,146.37137234804308
3371.0,-354.6956483458038,145.8769436479783
3371.5,-354.6213076853179,145.38250498287766
3372.0,-354.547003104154,144.8880607561558
3372.5,-354.47273518628975,144.39361087779267
3373.0,-354.39853076224244,143.89915134797099
3373.5,-354.3243551777698,143.4046874421235
3374.0,-354.2502322701631,142.9102155484892
3374.5,-354.17615826027105,142.41573626841293
3375.0,-354.1021122972455,141.92125274542983
3375.5,-354.0281292160559,141.42675964678978
3376.0,-353.9541795300529,140.93226158418292
3376.5,-353.88026774646585,140.43775788764034
3377.0,-353.80641676964154,139.94324526076502
3377.5,-353.7325930820634,139.44872859912135
3378.0,-353.65882054812744,138.95420434633246
3378.5,-353.58509402909306,138.45967334048652
3379.0,-353.51139530428384,137.96513826478366
3379.5,-353.4377627688924,137.47059368523384
3380.0,-353.36415837030177,136.9760449782523
3380.5,-353.2905905752024,136.4814909018469
3381.0,-353.21707585411474,135.9869289999008
3381.5,-353.14358498053775,135.49236361606575
3382.0,-353.0701394822255,134.99779166394435
3382.5,-352.9967279273745,134.5032147614747
3383.0,-352.92333812484907,134.00863468615174
3383.5,-352.85000426529285,133.51404631082042
3384.0,-352.7766928675836,133.01945460000414
3384.5,-352.7034158823144,132.52485777909268
3385.0,-352.6301838351747,132.0302541010015
3385.5,-352.55697402530393,131.53564703585266
3386.0,-352.4838106836101,131.04103290861366
3386.5,-352.41068204054335,130.54641351197105
3387.0,-352.3375797488004,130.0517901135632
3387.5,-352.2645341574451,129.55715797398307
3388.0,-352.19151106979376,129.06252233091487
3388.5,-352.1185253623595,128.56788086145482
3389.0,-352.04558767650224,128.073231994775
3389.5,-351.97267486447157,127.5785793225698
3390.0,-351.8998155755014,127.08391858039158
3390.5,-351.8269888907246,126.58925292009569
3391.0,-351.75419237288423,126.09458270932552
3391.5,-351.6814581771615,125.59990312237464
3392.0,-351.6087521242483,125.10521935822798
3392.5,-351.5360975606172,124.61052798123322
3393.0,-351.4634963254462,124.11582888492472
3393.5,-351.39092570284845,123.62112536304606
3394.0,-351.3184305054828,123.12641098878592
3394.5,-351.2459739880408,122.63169112674923
3395.0,-351.17356110605425,122.1369650738619
3395.5,-351.10122095792707,121.64222881078938
3396.0,-351.0289147182963,121.14748779560887
3396.5,-350.9566738598711,120.65273762556967
3397.0,-350.8844909095011,120.15797941902859
3397.5,-350.81234308595447,119.66321633891455
3398.0,-350.7402813971895,119.1684413395919
3398.5,-350.66825838423034,118.67366088967322
3399.0,-350.5962868695155,118.17887318208737
3399.5,-350.52438896343,117.68407503073284
3400.0,-350.45252565652993,117.18927195469632
3400.5,-350.380731042015,116.69445907425018
3401.0,-350.30898707503144,116.19963880716597
3401.5,-350.23727636667485,115.70481368951094
3402.0,-350.16564851474214,115.20997632236411
3402.5,-350.0940532442145,114.71513416211987
3403.0,-350.02250914455266,114.2202844745566
3403.5,-349.9510305281651,113.72542508903041
3404.0,-349.87958387835175,113.23056092044048
3404.5,-349.80820258101556,112.73568683034374
3405.0,-349.7368626621626,112.24080640588576
3405.5,-349.6655555309647,111.74592096218025
3406.0,-349.5943173239966,111.25102498591511
3406.5,-349.5231061110591,110.7561249202854
3407.0,-349.45194039014643,110.26121797278402
3407.5,-349.3808237890101,109.76630354477041
3408.0,-349.3097328350555,109.27138521671765
3408.5,-349.23869673611966,108.77645857865978
3409.0,-349.1676906319643,108.28152741684475
3409.5,-349.09671386448866,107.78659183052608
3410.0,-349.02578841921394,107.29164862434565
3410.5,-348.9548842845961,106.79670227822196
3411.0,-348.88401886847305,106.30175024471227
3411.5,-348.8131905987131,105.80679283742325
3412.0,-348.7423838861427,105.31183232020263
3412.5,-348.6716306830926,104.8168642030276
3413.0,-348.6009063962704,104.32189200178942
3413.5,-348.5302181854399,103.82691470525911
3414.0,-348.45958717103815,103.33192942974631
3414.5,-348.388983171881,102.8369404106469
3415.0,-348.3184344895733,102.34194376457847
3415.5,-348.2479324454086,101.84694078749551
3416.0,-348.1774609153298,101.35193366819958
3416.5,-348.1070717786278,100.85691527685022
3417.0,-348.0367162823084,100.36189231020717
3417.5,-347.9664152921601,99.866861931461
3418.0,-347.8961830244934,99.37182214832373
3418.5,-347.82598565919943,98.87677758136684
3419.0,-347.75586623433696,98.38172230437476
3419.5,-347.6857945755315,97.88666037145983
3420.0,-347.6157651181515,97.39159255802116
3420.5,-347.5458167948656,96.89651320765344
3421.0,-347.475902014789,96.4014290515059
3421.5,-347.4060481727232,95.90633614578742
3422.0,-347.3362511597571,95.41123508494968
3422.5,-347.26648597543175,94.9161294523583
3423.0,-347.1967974928406,94.42101275299069
3423.5,-347.12714453393886,93.92589089657243
3424.0,-347.0575350761012,93.43076272501082
3424.5,-346.98798940648106,92.93562528113831
3425.0,-346.9184736618196,92.44048349293979
3425.5,-346.8490203912329,91.94533264392608
3426.0,-346.7796166003609,91.4501747304285
3426.5,-346.71024628020444,90.95501203813762
3427.0,-346.64095721031566,90.45983785661875
3427.5,-346.57169836425857,89.96465941021565
3428.0,-346.50249017012317,89.46947381728137
3428.5,-346.4333427447759,88.97427967095462
3429.0,-346.3642263773554,88.47908118011763
3429.5,-346.29518088050975,87.98387291081494
3430.0,-346.22617668108904,87.48865900566298
3430.5,-346.15721365498337,86.99343948159904
3431.0,-346.08832433318616,86.49821012823118
3431.5,-346.0194662822567,86.00297664165608
3432.0,-345.9506687577814,85.5077351887932
3432.5,-345.88191860326714,85.01248760417057
3433.0,-345.813196496544,84.51723638683688
3433.5,-345.744545526437,84.02197584855725
3434.0,-345.67592092251124,83.52671193764839
3434.5,-345.60733639332335,83.0314429005807
3435.0,-345.5388034781142,82.53616728304593
3435.5,-345.470294781143,82.04088856143524
3436.0,-345.40183719492074,81.54560323288845
3436.5,-345.3334087516305,81.05031399420916
3437.0,-345.26500604968055,80.55502130179188
3437.5,-345.1966560339407,80.05972152291666
3438.0,-345.128329376577,79.56441864423854
3438.5,-345.06004786414655,79.06910979840312
3439.0,-344.9918062074075,78.57379560305442
3439.5,-344.9235872603114,78.0784783509465
3440.0,-344.85542755525245,77.58315293455381
3440.5,-344.7872960862844,77.08782363988915
3441.0,-344.7192043978275,76.59248888130804
3441.5,-344.6511677813255,76.0971465500001
3442.0,-344.5831572472315,75.6018006003399
3442.5,-344.51520444168574,75.10644655309396
3443.0,-344.4472890589535,74.61108714886856
3443.5,-344.3794053469489,74.11572321106001
3444.0,-344.31158450739963,73.62035012710876
3444.5,-344.2437898707448,73.12497321059918
3445.0,-344.17604510854363,72.62958898814566
3445.5,-344.10834718363554,72.13419794399502
3446.0,-344.0406755812998,71.6388030718487
3446.5,-343.97307155661895,71.14339849949896
3447.0,-343.90549564185926,70.64798993977337
3447.5,-343.83795971631815,70.15257570760058
3448.0,-343.7704779150741,69.65715383425923
3448.5,-343.70302186425874,69.16172833710047
3449.0,-343.6356240735526,68.66629467610063
3449.5,-343.56826455486026,68.17085575867601
3450.0,-343.5009387330653,67.6754122131906
3450.5,-343.4336770905195,67.17996004775611
3451.0,-343.366442357281,66.68450426853273
3451.5,-343.2992602949848,66.18904141613277
3452.0,-343.23212827514016,65.69357186215879
3452.5,-343.1650249814675,65.1980984630168
3453.0,-343.097999424406,64.70261474236217
3453.5,-343.0310042362718,64.20712704830034
3454.0,-342.9640563832512,63.71163316101085
3454.5,-342.89717118222154,63.216131192829494
3455.0,-342.83031744235024,62.72062515584716
3455.5,-342.7635414879533,62.225109014436
3456.0,-342.6968130008743,61.72958664563876
3456.5,-342.6301314846761,61.23405811458456
3457.0,-342.5635344945637,60.738518836314434
3457.5,-342.4969749268471,60.24297482680176
3458.0,-342.43049380159556,59.74742092768812
3458.5,-342.3640789056884,59.251858561557896
3459.0,-342.29770605850166,58.75629081975598
3459.5,-342.2314451480242,58.260708689302945
3460.0,-342.16522646583564,57.765121289593345
3460.5,-342.0990822970806,57.26952460749482
3461.0,-342.03302641072185,56.7739166722834
3461.5,-341.9670162683108,56.27830287850459
3462.0,-341.901123531446,55.78267382500261
3462.5,-341.83529027062957,55.287036933632514
3463.0,-341.76952856847066,54.791390612124786
3463.5,-341.70388202115123,54.295729013685154
3464.0,-341.63828807876945,53.80006040461968
3464.5,-341.5728126845226,53.304375931612164
3465.0,-341.5074200792522,52.80868026646827
3465.5,-341.44209367313726,52.312975651944775
3466.0,-341.3769106629067,51.81725161778587
3466.5,-341.3117853802411,51.32151981538623
3467.0,-341.24677257383644,50.82577290292806
3467.5,-341.1818681307571,50.330011573516316
3468.0,-341.1170241927027,49.83424219687134
3468.5,-341.0523410226771,49.338451551422885
3469.0,-340.98772235216836,48.84265237023925
3469.5,-340.9232062759723,48.34683961193244
3470.0,-340.85881617372956,47.85101045976611
3470.5,-340.79448670831454,47.355173419969596
3471.0,-340.73030129462927,46.85931766007787
3471.5,-340.666191959314,46.36345204103417
3472.0,-340.60216485377606,45.867575765665016
3472.5,-340.53826781562867,45.371682649079936
3473.0,-340.47442552075705,44.87578245490557
3473.5,-340.41070014962554,44.37986716156583
3474.0,-340.3470575038169,43.88394104740147
3474.5,-340.28347664629905,43.3880068510655
3475.0,-340.22002070745606,42.89205622774891
3475.5,-340.1566114109901,42.39609951327705
3476.0,-340.09329143980574,41.900131151845635
3476.5,-340.0300533208019,41.40415212353478
3477.0,-339.96685983029204,40.90816727417381
3477.5,-339.9037784549302,40.41216760619108
3478.0,-339.84073974784843,39.91616233067545
3478.5,-339.7777688661057,39.42014814144639
3479.0,-339.7148806522942,38.924123158416386
3479.5,-339.6520318195594,38.42809305199605
3480.0,-339.589276733018,37.932050855952596
3480.5,-339.52657194208143,37.436002212274666
3481.0,-339.4639237026164,36.93994631899276
3481.5,-339.4013628995157,36.44387925308088
3482.0,-339.33883968091817,35.94780741206683
3482.5,-339.2763999985748,35.4517250121021
3483.0,-339.21401764972546,34.955635442677526
3483.5,-339.15168172413496,34.459540068100196
3484.0,-339.0894368913532,33.963433393412004
3484.5,-339.0272272350585,33.467322379279715
3485.0,-338.9650882698801,32.971202660601364
3485.5,-338.90301100088874,32.475075418578705
3486.0,-338.84096970299964,31.978943790174945
3486.5,-338.77901946555255,31.482801069198395
3487.0,-338.71710071352396,30.986654456736044
3487.5,-338.65523895551985,30.490500797220548
3488.0,-338.59343850029177,29.99433955076475
3488.5,-338.5316686918934,29.498174518272158
3489.0,-338.4699745930399,29.00200021238332
3489.5,-338.4083150102679,28.505821596727028
3490.0,-338.3467022478996,28.00963713495371
3490.5,-338.285153236735,27.513444538314204
3491.0,-338.2236332164252,27.017248233499807
3491.5,-338.1621824890265,26.521043032048336
3492.0,-338.10077322209156,26.02483249755526
3492.5,-338.0394060179733,25.528616552540168
3493.0,-337.97811181293446,25.032391162370875
3493.5,-337.916848811662,24.53616174760947
3494.0,-337.8556560997449,24.039923286492062
3494.5,-337.7945164334555,23.543678079685137
3495.0,-337.7334174869528,23.047427694637328
3495.5,-337.67240804869215,22.551165865455594
3496.0,-337.6114317321745,22.05489980790376
3496.5,-337.55052194822457,21.55862526056605
3497.0,-337.4896699182458,21.062343396834933
3497.5,-337.42885146835795,20.566057279107927
3498.0,-337.36812286522866,20.06975985396046
3498.5,-337.307425271122,19.57345853286911
3499.0,-337.24678513261335,19.077149993586985
3499.5,-337.1862028641516,18.580834217747658
3500.0,-337.1256501086074,18.08451475625481
3500.5,-337.0651779030961,17.58818531442816
3501.0,-337.00473872985515,17.091851815694742
3501.5,-336.9443482761246,16.595512333403146
3502.0,-336.8840204217953,16.099165190889444
3502.5,-336.82372221997906,15.602814424976074
3503.0,-336.76350127348206,15.106454246768623
3503.5,-336.7033250676968,14.61008863965249
3504.0,-336.6432006430242,14.113716749334317
3504.5,-336.5831659596169,13.617334005059222
3505.0,-336.52317153754524,13.1209463963938
3505.5,-336.4632761114604,12.624546839669629
3506.0,-336.4034452561541,12.128139514738677
3506.5,-336.34367393758686,11.63172502722257
3507.0,-336.28402182136887,11.135296270417143
3507.5,-336.2244185299707,10.638861687314819
3508.0,-336.16492415599464,10.142414129903068
3508.5,-336.1055144411357,9.64595649566101
3509.0,-336.0461674511482,9.1494913953845
3509.5,-335.98696189722386,8.65300947705149
3510.0,-335.92781069231853,8.156521118128996
3510.5,-335.8687722518272,7.660019408318011
3511.0,-335.80982452344904,7.163506977157999
3511.5,-335.75093103309723,6.666988135555195
3512.0,-335.69216993664963,6.1704536125873535
3512.5,-335.6334530828779,5.673913842353652
3513.0,-335.5748211659114,5.177363997376751
3513.5,-335.5162640534198,4.680805287924171
3514.0,-335.45774524864714,4.184242037649428
3514.5,-335.3993183682658,3.6876678408442913
3515.0,-335.3409239741412,3.191089776222934
3515.5,-335.28258437883545,2.6945051872500114
3516.0,-335.2242970190378,2.1979143930219465
3516.5,-335.1660338048027,1.7013207304291438
3517.0,-335.1078233336114,1.2047208020000912
3517.5,-335.04963601870196,0.7081181418054494
3518.0,-334.99148114158055,0.21151165489830415
3518.5,-334.9333709328433,-0.28510006533175747
3519.0,-334.8752807842697,-0.7817141344207493
3519.5,-334.8172406630402,-1.2783340536812187
3520.0,-334.759226212576,-1.7749569671217234
3520.5,-334.70124210266977,-2.2715834194163245
3521.0,-334.643303391973,-2.7682151698858433
3521.5,-334.58538505336014,-3.264849296939503
3522.0,-334.52751922242425,-3.7614895468285985
3522.5,-334.4696808722728,-4.2581329638816605
3523.0,-334.4118702414377,-4.754779575589519
3523.5,-334.35410443728796,-5.251431346879325
3524.0,-334.29635867717786,-5.748085413644869
3524.5,-334.2386630101096,-6.244745196712132
3525.0,-334.18099821498475,-6.741408440103733
3525.5,-334.1233601260482,-7.238074676895256
3526.0,-334.06577853789804,-7.7347472445806185
3526.5,-334.00822049131693,-8.23142246298382
3527.0,-333.950716398862,-8.72810377038014
3527.5,-333.8932530785638,-9.224789800373701
3528.0,-333.83581981759374,-9.72147931210852
3528.5,-333.7784592205879,-10.218177367549298
3529.0,-333.72112676038176,-10.714878738289189
3529.5,-333.6638533095107,-11.211587065999607
3530.0,-333.60663243301417,-11.708301539783578
3530.5,-333.54944334644824,-12.205019729888539
3531.0,-333.49233773271646,-12.701747748822697
3531.5,-333.43526129771266,-13.198479176960268
3532.0,-333.378240016292,-13.695217045252976
3532.5,-333.3212742085732,-14.19196130239798
3533.0,-333.2643370836441,-14.688708861296742
3533.5,-333.2074701174109,-15.185464464851517
3534.0,-333.1506275890008,-15.68222286896273
3534.5,-333.09382104904216,-16.17898539732382
3535.0,-333.03705248233484,-16.675752262791896
3535.5,-332.9803003939319,-17.172521007744525
3536.0,-332.9235805659852,-17.66929342068179
3536.5,-332.86687222956556,-18.166067126952804
3537.0,-332.81017522155133,-18.662842108198774
3537.5,-332.7534904798318,-19.15961842609342
3538.0,-332.69681261117466,-19.65639549916249
3538.5,-332.6401500504981,-20.15317425888249
3539.0,-332.5835026879535,-20.649954702730543
3539.5,-332.52686446240614,-21.146736159355072
3540.0,-332.4702435303288,-21.64351955896549
3540.5,-332.4136274217456,-22.140303539669215
3541.0,-332.35701868903743,-22.63708840895524
3541.5,-332.30042445161126,-23.13387499139363
3542.0,-332.2438383631967,-23.6306625239758
3542.5,-332.1872718742965,-24.127452311545383
3543.0,-332.13072182389766,-24.62424399423407
3543.5,-332.0741842323449,-25.121037113245745
3544.0,-332.0176885509414,-25.617835065181243
3544.5,-331.96121018032494,-26.114634998584624
3545.0,-331.9047589862782,-26.611438040658044
3545.5,-331.84834784802837,-27.108245614897523
3546.0,-331.7919590329167,-27.605055710798986
3546.5,-331.7356176582862,-28.101871156058788
3547.0,-331.6793132984139,-28.598690785769953
3547.5,-331.62303477927554,-29.095513336465068
3548.0,-331.5668156856343,-29.592342584035976
3548.5,-331.5106233017593,-30.089174832110402
3549.0,-331.4544659573822,-30.586011016428067
3549.5,-331.398350317242,-31.082851900883753
3550.0,-331.3422518817166,-31.579694738398693
3550.5,-331.2861791892914,-32.07654051266677
3551.0,-331.23012619853966,-32.57338855448546
3551.5,-331.17408401569145,-33.07023784074817
3552.0,-331.11805860569433,-33.56708906038311
3552.5,-331.0620408945617,-34.06394115124811
3553.0,-331.00602851384986,-34.56079384433376
3553.5,-330.95001505017035,-35.05764638501615
3554.0,-330.8940012517705,-35.55449889121415
3554.5,-330.8379870887781,-36.05135135985021
3555.0,-330.7819693099963,-36.54820343876398
3555.5,-330.72594510029404,-37.04505478755323
3556.0,-330.6699109775618,-37.541905008322004
3556.5,-330.61385854566834,-38.0387530989014
3557.0,-330.55779661200455,-38.53560009944971
3557.5,-330.5017207657848,-39.03244551694453
3558.0,-330.4456283221504,-39.52928905816374
3558.5,-330.3895245764555,-40.02613132809066
3559.0,-330.3334006134037,-40.52297133296191
3559.5,-330.27725683378253,-41.01980913828648
3560.0,-330.2210996133177,-41.51664544943461
3560.5,-330.164919079007,-42.01347916282367
3561.0,-330.10872391414244,-42.510311224884326
3561.5,-330.0525181063491,-43.007142076523785
3562.0,-329.99629351804253,-43.503970756939985
3562.5,-329.94005583533044,-44.000797851088855
3563.0,-329.8838087208278,-44.49762377909634
3563.5,-329.82754804781774,-44.994447907047785
3564.0,-329.77128332104746,-45.491271354868466
3564.5,-329.7150163096196,-45.98809437745536
3565.0,-329.65875033097234,-46.484917277150984
3565.5,-329.60248119709496,-46.98173966701892
3566.0,-329.54620908641783,-47.478561604652946
3566.5,-329.48992982850467,-47.97538257489676
3567.0,-329.4336466804026,-48.47220310106126
3567.5,-329.3773613515416,-48.96902340910691
3568.0,-329.32107589551356,-49.465843867941096
3568.5,-329.26479337055906,-49.96266487648478
3569.0,-329.20851443493586,-50.4594864555022
3569.5,-329.1522444531408,-50.95630929106298
3570.0,-329.095982527348,-51.453133217948974
3570.5,-329.03972686845697,-51.94995797513105
3571.0,-328.98348072524533,-52.44678396464513
3571.5,-328.92724063422963,-52.943610750821996
3572.0,-328.8710051070964,-53.44043811066563
3572.5,-328.81477580880915,-53.93726623111054
3573.0,-328.7585497461913,-54.43409475055877
3573.5,-328.7023229285279,-54.9309231987605
3574.0,-328.64609408549535,-55.42775143081928
3574.5,-328.589858451443,-55.92457890496782
3575.0,-328.5336187889153,-56.421405924303144
3575.5,-328.47737509824964,-56.91823248747261
3576.0,-328.42112512644536,-57.41505832269519
3576.5,-328.3648637767469,-57.9118828363102
3577.0,-328.3085908357352,-58.40870600243686
3577.5,-328.25229678163436,-58.90552671024121
3578.0,-328.1959840725798,-59.402345228518016
3578.5,-328.1396566663726,-59.89916199361017
3579.0,-328.08331069061427,-60.395976508324736
3579.5,-328.02693625021215,-60.892787557682965
3580.0,-327.97054329122096,-61.38959637334217
3580.5,-327.91413186795046,-61.88640296933827
3581.0,-327.85768009051014,-62.38320474008484
3581.5,-327.8012038476731,-62.880003603731474
3582.0,-327.7447028823295,-63.37679954078833
3582.5,-327.68816571078577,-63.87359123062796
3583.0,-327.6315935073261,-64.37037892330343
3583.5,-327.5749922568259,-64.8671633102186
3584.0,-327.51835755573796,-65.36394389654797
3584.5,-327.46167488329513,-65.86071906748428
3585.0,-327.40496548364774,-66.35749118466848
3585.5,-327.34823015024585,-66.85426032913608
3586.0,-327.29146025656144,-67.35102548780772
3586.5,-327.2346605267622,-67.8477872512765
3587.0,-327.17783695451647,-68.34454632313391
3587.5,-327.12098856168035,-68.84130260967733
3588.0,-327.06411255859075,-69.33805573154655
3588.5,-327.007222129692,-69.83480716357512
3589.0,-326.95031750064584,-70.33155693054681
3589.5,-326.89339505681346,-70.82830461060394
3590.0,-326.8364573891827,-71.3250504306302
3590.5,-326.7795103671737,-71.82179511971778
3591.0,-326.72255567792416,-72.31853887947169
3591.5,-326.66559803910684,-72.81528221110837
3592.0,-326.6086402005391,-73.31202538463484
3592.5,-326.55168093125644,-73.80876826997591
3593.0,-326.494719326578,-74.30551075802614
3593.5,-326.43775879842053,-74.8022530859908
3594.0,-326.3807993924663,-75.29899533597501
3594.5,-326.323841183649,-75.79573748629771
3595.0,-326.2668843436468,-76.29247950477328
3595.5,-326.20993034174967,-76.78922140655428
3596.0,-326.15297705976525,-77.28596308844345
3596.5,-326.09602112078,-77.78270413628879
3597.0,-326.0390576934566,-78.27944393679277
3597.5,-325.9820805260019,-78.77618153341389
3598.0,-325.92509349432066,-79.272917481958
3598.5,-325.86809732390765,-79.76965187424685
3599.0,-325.8110927184469,-80.26638479503895
3599.5,-325.7540722861382,-80.76311513019584
3600.0,-325.6970364936023,-81.25984310998986
3600.5,-325.63998425579297,-81.75656860413186
3601.0,-325.5829145447185,-82.25329149785141
3601.5,-325.5258184228293,-82.75001069614925
3602.0,-325.46870032475323,-83.2467270323472
3602.5,-325.4115624081137,-83.74344069336121
3603.0,-325.3544045404537,-84.24015162736244
3603.5,-325.2972185959584,-84.73685886935338
3604.0,-325.2399970367336,-85.2335617680788
3604.5,-325.18274414898116,-85.73026100160712
3605.0,-325.1254606844718,-86.22695685010163
3605.5,-325.0681480094266,-86.72364973830175
3606.0,-325.0107918119051,-87.22033790506434
3606.5,-324.9533981721856,-87.71702192701306
3607.0,-324.895968172551,-88.213701907574
3607.5,-324.838501645034,-88.71037784564265
3608.0,-324.7809890132853,-89.20704879608438
3608.5,-324.7234284932471,-89.70371477567676
3609.0,-324.66582885812704,-90.20037652768806
3609.5,-324.6081897731477,-90.69703391585958
3610.0,-324.55051141177876,-91.19368685759667
3610.5,-324.49279008511286,-91.6903347186607
3611.0,-324.43502742274137,-92.1869777846641
3611.5,-324.37723152236435,-92.68361691354792
3612.0,-324.3194050858748,-93.1802523019436
3612.5,-324.2615506702824,-93.67688412290583
3613.0,-324.20366592199935,-94.17351194565707
3613.5,-324.14575311806914,-94.67013589965309
3614.0,-324.0878185327539,-95.16675683507964
3614.5,-324.0298628544347,-95.66337482178425
3615.0,-323.97188691332536,-96.15998987728248
3615.5,-323.91389175923064,-96.65660188725795
3616.0,-323.8558682220311,-97.15320938856595
3616.5,-323.7978167138818,-97.64981265342684
3617.0,-323.73973720496366,-98.14641184670522
3617.5,-323.68163217923274,-98.64300740651598
3618.0,-323.6235055380105,-99.13959987379839
3618.5,-323.5653564131674,-99.63618895762963
3619.0,-323.5071806675466,-100.1327740432409
3619.5,-323.4489791796076,-100.62935550843706
3620.0,-323.39075366613764,-101.12593387634577
3620.5,-323.3325071756994,-101.62250975683521
3621.0,-323.27424304698354,-102.11908368628693
3621.5,-323.2159614320457,-102.61565596331164
3622.0,-323.1576581551974,-103.11222581250408
3622.5,-323.09933313671195,-103.6087932735421
3623.0,-323.0409861982805,-104.10535844974852
3623.5,-322.9826202810698,-104.60192180892986
3624.0,-322.9242397237479,-105.09848396331857
3624.5,-322.8658466043915,-105.59504524247069
3625.0,-322.80743589535155,-106.09160584796176
3625.5,-322.7490023933311,-106.5881650062142
3626.0,-322.690539356987,-107.08472142091735
3626.5,-322.63204726915365,-107.58127496431652
3627.0,-322.57352870469197,-108.07782570474177
3627.5,-322.5149849436018,-108.57437356545798
3628.0,-322.45641478530905,-109.0709185696031
3628.5,-322.39781584034824,-109.56746075513875
3629.0,-322.3391866361958,-110.06399950184326
3629.5,-322.28052812637014,-110.56053455196196
3630.0,-322.22184124440946,-111.05706584335691
3630.5,-322.1631284716111,-111.55359352622618
3631.0,-322.1043926491957,-112.05011772451854
3631.5,-322.0456364770562,-112.54663846544292
3632.0,-321.986863406066,-113.04315588968562
3632.5,-321.92807407862813,-113.53966983725206
3633.0,-321.869272762498,-114.03618077449323
3633.5,-321.8104593510773,-114.53268864952163
3634.0,-321.7516358293276,-115.02919379819652
3634.5,-321.6928042406328,-115.52569664729776
3635.0,-321.6339684209674,-116.02219787453747
3635.5,-321.5751325113817,-116.51869818188021
3636.0,-321.51629717851716,-117.01519776966315
3636.5,-321.4574592087441,-117.5116962677919
3637.0,-321.3986214104697,-118.00819414652088
3637.5,-321.3397827030009,-118.50469141642654
3638.0,-321.2809387330495,-119.00118823851344
3638.5,-321.22209212411394,-119.49768468831805
3639.0,-321.16324475551306,-119.99418061654096
3639.5,-321.10439133884745,-120.49067580409161
3640.0,-321.0455322753261,-120.98717062201284
3640.5,-320.9866693712907,-121.48366504055562
3641.0,-320.927800864433,-121.98015875676313
3641.5,-320.86892588594856,-122.47665166807658
3642.0,-320.81004475393166,-122.97314332610541
3642.5,-320.75115160281723,-123.46963275432067
3643.0,-320.69224599434165,-123.96612008213222
3643.5,-320.63333676100456,-124.46260633087543
3644.0,-320.57443051932,-124.95909198533973
3644.5,-320.51552534535136,-125.45557700638815
3645.0,-320.4566214676402,-125.95206140252476
3645.5,-320.39772215584554,-126.4485452267951
3646.0,-320.3388263243983,-126.94502870014607
3646.5,-320.2799339047331,-127.44151205947973
3647.0,-320.2210493580223,-127.9379955962662
3647.5,-320.16217117788784,-128.4344795774278
3648.0,-320.10330014322415,-128.93096416016687
3648.5,-320.0444409035795,-129.42744958764092
3649.0,-319.98559553486234,-129.92393663422405
3649.5,-319.9267644353902,-130.4204256571573
3650.0,-319.8679473250257,-130.9169163384201
3650.5,-319.8091411525735,-131.41340873017668
3651.0,-319.7503444770095,-131.90990311999784
3651.5,-319.6915578048376,-132.4063995064449
3652.0,-319.6327825477544,-132.90289815346912
3652.5,-319.57402069508066,-133.39939946314456
3653.0,-319.51527170980614,-133.8959030170841
3653.5,-319.4565336342219,-134.39240829530982
3654.0,-319.3978057873272,-134.88891553134195
3654.5,-319.33908823442255,-135.38542503721263
3655.0,-319.28038361203863,-135.8819371319243
3655.5,-319.22169582242446,-136.37845232090035
3656.0,-319.16302498875586,-136.8749704793164
3656.5,-319.10437138441273,-137.37149112494754
3657.0,-319.0457384137477,-137.86801441689906
3657.5,-318.98712539032476,-138.36454026370174
3658.0,-318.92852858370304,-138.86106811914607
3658.5,-318.86994696498283,-139.35759782572606
3659.0,-318.8113823423478,-139.85412938763062
3659.5,-318.7528376607464,-140.35066289348876
3660.0,-318.69431210592177,-140.84719877731945
3660.5,-318.63580180795856,-141.34373708276036
3661.0,-318.5773022526174,-141.84027733541015
3661.5,-318.51880857129345,-142.33681871397138
3662.0,-318.4603138950668,-142.83336002353198
3662.5,-318.4018129457149,-143.3299005359865
3663.0,-318.34330559255767,-143.8264403496991
3663.5,-318.28478955931183,-144.32297951631753
3664.0,-318.2262652019448,-144.81951838709656
3664.5,-318.16773236808723,-145.31605687932725
3665.0,-318.1091930779789,-145.81259487842078
3665.5,-318.05064874571514,-146.3091324690218
3666.0,-317.99210077555995,-146.80566942672053
3666.5,-317.9335511237582,-147.30220469112038
3667.0,-317.8750065778393,-147.79873835689716
3667.5,-317.81647817754475,-148.29527162085606
3668.0,-317.75797485710524,-148.79180558137787
3668.5,-317.6995056929297,-149.28834217774698
3669.0,-317.64107051153314,-149.784882562807
3669.5,-317.58266271642066,-150.2814255308916
3670.0,-317.52428314687376,-150.77797002352713
3670.5,-317.4659373782915,-151.27451656894578
3671.0,-317.4076259302986,-151.7710659614602
3671.5,-317.34935433695864,-152.26762017617705
3672.0,-317.29112365169703,-152.76418153149015
3672.5,-317.23293468414045,-153.26075141280938
3673.0,-317.1747798478675,-153.75732820403147
3673.5,-317.1166503657464,-154.25391055669053
3674.0,-317.05853970109126,-154.7504973412104
3674.5,-317.0004459223404,-155.24708749790787
3675.0,-316.94236413175986,-155.7436799952096
3675.5,-316.8842895655075,-156.24027395821227
3676.0,-316.82622194980644,-156.7368690000079
3676.5,-316.7681608119736,-157.23346451623803
3677.0,-316.71010095887254,-157.73005957693232
3677.5,-316.6520419122814,-158.2266536684771
3678.0,-316.59399068505303,-158.7232468166516
3678.5,-316.53595355461124,-159.21983933953092
3679.0,-316.47792828208776,-159.71643044554105
3679.5,-316.4199094618805,-160.21301918928847
3680.0,-316.36189608627427,-160.70960516350024
3680.5,-316.30389140123077,-161.20618897111672
3681.0,-316.24589505377156,-161.7027708971548
3681.5,-316.18791013646916,-162.19935174156728
3682.0,-316.1299351212118,-162.69593248178234
3682.5,-316.0719716317105,-163.19251400886043
3683.0,-316.0140186893433,-163.68909675148814
3683.5,-315.9560754090424,-164.18568013233565
3684.0,-315.89814285946716,-164.68226340760458
3684.5,-315.840223790594,-165.17884653994406
3685.0,-315.7823202404577,-165.67542964693735
3685.5,-315.72443317963905,-166.17201306031978
3686.0,-315.66656201941123,-166.66859729326237
3686.5,-315.6087064679231,-167.16518249798236
3687.0,-315.5508644975522,-167.66176815010274
3687.5,-315.49303682034383,-168.15835488933223
3688.0,-315.43522410132937,-168.65494314720294
3688.5,-315.3774229569359,-169.15153294784892
3689.0,-315.31963037032733,-169.64812313790074
3689.5,-315.2618428474887,-170.14471236327606
3690.0,-315.20405784461195,-170.641299783266
3690.5,-315.1462672059017,-171.1378845937416
3691.0,-315.0884643621406,-171.63446686099138
3691.5,-315.0306441525435,-172.13104639421837
3692.0,-314.97280502936627,-172.62762235427502
3692.5,-314.91494260132924,-173.12419365256977
3693.0,-314.85705328578024,-173.6207601885677
3693.5,-314.7991374874931,-174.1173227998272
3694.0,-314.741198556178,-174.61388235282269
3694.5,-314.6832389447187,-175.11043906795197
3695.0,-314.62525142499305,-175.6069927705121
3695.5,-314.5672361443942,-176.10354457639758
3696.0,-314.50919511625244,-176.6000955283305
3696.5,-314.45113129268736,-177.09664655500723
3697.0,-314.39304523855463,-177.5931972804874
3697.5,-314.33494195259175,-178.08974672256178
3698.0,-314.27682395569315,-178.5862944001777
3698.5,-314.21869259936307,-179.08284111653404
3699.0,-314.16054688706924,-179.5793862277162
3699.5,-314.1023926183169,-180.07593047019628
3700.0,-314.0442323974502,-180.57247406646653
3700.5,-313.98607118935763,-181.06901762726613
3701.0,-313.9279087286448,-181.56556081031033
3701.5,-313.8697438156825,-182.06210414690787
3702.0,-313.81157509164524,-182.5586468382439
3702.5,-313.75340606949686,-183.0551875420337
3703.0,-313.6952416473628,-183.55172740494646
3703.5,-313.6370856769153,-184.0482674768668
3704.0,-313.5789419877354,-184.54480913436106
3704.5,-313.5208119963728,-185.04135401520807
3705.0,-313.46270060124584,-185.5379022710787
3705.5,-313.40461313512697,-186.03445328061608
3706.0,-313.3465494411311,-186.53100600418466
3706.5,-313.28850915155624,-187.0275602157395
3707.0,-313.23050546702297,-187.52411844590512
3707.5,-313.17253381696895,-188.02068202608507
3708.0,-313.1145885877423,-188.51725038672527
3708.5,-313.05666741079546,-189.01382233728185
3709.0,-312.99876829184865,-189.51039566277967
3709.5,-312.9408951968925,-190.00696962710245
3710.0,-312.8830481428969,-190.5035449916349
3710.5,-312.8252313984775,-191.00012355795818
3711.0,-312.767444402032,-191.4967067827541
3711.5,-312.7096807122117,-191.9932939021873
3712.0,-312.6519499197513,-192.4898851684199
3712.5,-312.59425497589615,-192.9864803628945
3713.0,-312.53659658998833,-193.483078592786
3713.5,-312.47895936396066,-193.9796776967858
3714.0,-312.42134794989937,-194.47627713443657
3714.5,-312.36376882878,-194.9728783536792
3715.0,-312.3062311623892,-195.46948371945584
3715.5,-312.2487385064954,-195.96609640514544
3716.0,-312.19129836184163,-196.4627178923502
3716.5,-312.13389119006047,-196.9593461169127
3717.0,-312.0765177946985,-197.45597999012975
3717.5,-312.019171344685,-197.95261732972403
3718.0,-311.96184803491826,-198.44925732745114
3718.5,-311.904546029164,-198.94590072721223
3719.0,-311.84727179836653,-199.442548494801
3719.5,-311.79001901821124,-199.9391997843551
3720.0,-311.73278484784674,-200.4358545187332
3720.5,-311.67556240381606,-200.93251169910695
3721.0,-311.61834466948756,-201.42916962902396
3721.5,-311.5611335132904,-201.92582811914602
3722.0,-311.5039281230631,-202.42248723427554
3722.5,-311.4467345972412,-202.91914745258626
3723.0,-311.38955857728376,-203.4158099650215
3723.5,-311.3323928733936,-203.9124742045566
3724.0,-311.27523960778456,-204.4091404329376
3724.5,-311.2180935229356,-204.9058087080257
3725.0,-311.1609474241214,-205.40247866030498
3725.5,-311.1038097053188,-205.89915095420685
3726.0,-311.04668335631067,-206.39582384239463
3726.5,-310.9895526205827,-206.892494842312
3727.0,-310.9324091033568,-207.38916198253418
3727.5,-310.87524113443436,-207.88582407489267
3728.0,-310.81803276006264,-208.3824794755496
3728.5,-310.76076428403394,-208.87912480953455
3729.0,-310.70341770958936,-209.37575719280494
3729.5,-310.645965107568,-209.87237568278556
3730.0,-310.58840212229023,-210.3689807818751
3730.5,-310.5307221308227,-210.8655722890174
3731.0,-310.4729319218739,-211.362150689948
3731.5,-310.4150434804409,-211.8587156936131
3732.0,-310.357062262446,-212.35526699391264
3732.5,-310.2989913270441,-212.8518066453088
3733.0,-310.2408445114593,-213.34833736499493
3733.5,-310.18263551814994,-213.8448628436348
3734.0,-310.12436961872066,-214.34138629349658
3734.5,-310.0660521013273,-214.83790946057448
3735.0,-310.00770430343,-215.33443413774648
3735.5,-309.94934357142233,-215.8309597688614
3736.0,-309.8909878656298,-216.32748582349564
3736.5,-309.8326550775688,-216.824013688972
3737.0,-309.77435226588125,-217.32054576283957
3737.5,-309.71608499473564,-217.817084654658
3738.0,-309.6578652485178,-218.3136318141144
3738.5,-309.5996952346361,-218.81018569147997
3739.0,-309.54157508018835,-219.3067435539688
3739.5,-309.4835012802927,-219.80330505868142
3740.0,-309.4254609685106,-220.29987087783823
3740.5,-309.367438962209,-220.79644109216318
3741.0,-309.30942518080496,-221.29301587754458
3741.5,-309.25141333557445,-221.78959304699086
3742.0,-309.19339126688385,-222.28616836106667
3742.5,-309.1353527354895,-222.78273927070182
3743.0,-309.0773047140078,-223.27930588112338
3743.5,-309.0192434335285,-223.77586810531474
3744.0,-308.9611736416193,-224.27242912403565
3744.5,-308.90310106925824,-224.76899086693055
3745.0,-308.8450309850782,-225.265554488429
3745.5,-308.78696944195275,-225.76212099676232
3746.0,-308.7289151331874,-226.25868984523174
3746.5,-308.67085549150664,-226.75525814384181
3747.0,-308.6127533187259,-227.25182166347506
3747.5,-308.55456446629523,-227.74837629365916
3748.0,-308.4962553623675,-228.24491675562368
3748.5,-308.43783221813743,-228.74144292475822
3749.0,-308.3792954195325,-229.23795508480436
3749.5,-308.32064397046514,-229.73445329809684
3750.0,-308.2618585007716,-230.23093697511734
3750.5,-308.2029201589443,-230.7274059558373
3751.0,-308.1438278037573,-231.22385851606185
3751.5,-308.0845677738858,-231.7202903332721
3752.0,-308.0251239973159,-232.21669695383426
3752.5,-307.9654887192217,-232.7130780849961
3753.0,-307.9056548391912,-233.20943406019651
3753.5,-307.84557096208,-233.70576165094494
3754.0,-307.7851776261058,-234.20205364498898
3754.5,-307.7244209702162,-234.6983035586935
3755.0,-307.66321438434824,-235.1944974187837
3755.5,-307.6015151349806,-235.69062773397818
3756.0,-307.53923094198564,-236.18668019885672
3756.5,-307.47628626517417,-236.68264605537667
3757.0,-307.41256669466685,-237.17851146244305
3757.5,-307.3479592426204,-237.6742635670771
3758.0,-307.2823514970777,-238.16988697963916
3758.5,-307.2156573730785,-238.66536623107476
3759.0,-307.14780374585246,-239.16068504303206
3759.5,-307.07869352681587,-239.65582721984612
3760.0,-307.008142480006,-240.15076511320842
3760.5,-306.9360689472443,-240.6454857389789
3761.0,-306.862238496519,-241.13995129346125
3761.5,-306.78663867794313,-241.63415223484031
3762.0,-306.70913219723116,-242.12806009428695
3762.5,-306.629580665833,-242.6216445581613
3763.0,-306.5479347280908,-243.1148886634237
3763.5,-306.4640393094252,-243.60775677157866
3764.0,-306.37781878377746,-244.10022325531168
3764.5,-306.28918727939543,-244.5922616168161
3765.0,-306.1979380537259,-245.0838228064214
3765.5,-306.10381990230036,-245.57484512665175
3766.0,-306.00671315548374,-246.06528806622916
3766.5,-305.9064314154751,-246.5550931234187
3767.0,-305.8026940898893,-247.04417716919167
3767.5,-305.6950153936124,-247.53240824248317
3768.0,-305.58293473668095,-248.0196493460646
3768.5,-305.4659514957205,-248.50573989335672
3769.0,-305.3436290201303,-248.9905177797003
3769.5,-305.2156690348845,-249.47383958443334
3770.0,-305.0815899416665,-249.95549811686212
3770.5,-304.94101637412643,-250.43529857136733
3771.0,-304.7934050144571,-250.91297976228762
3771.5,-304.6382838540335,-251.38827724582572
3772.0,-304.47537793639304,-251.8609658944896
3772.5,-304.30453729230044,-252.33084598241422
3773.0,-304.12548264218873,-252.7976569037267
3773.5,-303.93779285606513,-253.26106239273304
3774.0,-303.7409426465549,-253.72065057589717
3774.5,-303.5343961739573,-254.17596457011172
3775.0,-303.3177231266752,-254.6265491583549
3775.5,-303.0905676808132,-255.0719428633392
3776.0,-302.8528801222648,-255.51180658195247
3776.5,-302.6046245934006,-255.9457910670966
3777.0,-302.3455573965663,-256.37340514717096
3777.5,-302.0750931391734,-256.7939023599115
3778.0,-301.79285297845036,-257.2065908374584
3778.5,-301.4990417756594,-257.6111271004766
3779.0,-301.1944919964023,-258.0076406913953
3779.5,-300.8797174507141,-258.39607504004687
3780.0,-300.5544837437416,-258.77577806554217
3780.5,-300.21796956182357,-259.1455118376123
3781.0,-299.87002015536365,-259.50450770965483
3781.5,-299.5114480499386,-259.85288911431195
3782.0,-299.14290921749364,-260.1906901511406
3782.5,-298.764334439514,-260.5171803085748
3783.0,-298.3750375158325,-260.8307951984966
3783.5,-297.9749818968863,-261.13056575162307
3784.0,-297.5647133930164,-261.41620050440326
3784.5,-297.1448463505797,-261.6875200278651
3785.0,-296.7157438348002,-261.94397182604547
3785.5,-296.27717895187567,-262.1838752495951
3786.0,-295.8292979990842,-262.4059368781184
3786.5,-295.373116040589,-262.610441963826
3787.0,-294.9099654851282,-262.7986293459326
3787.5,-294.4412985505037,-262.9725007636196
3788.0,-293.9672678513159,-263.13100120395035
3788.5,-293.48698453129435,-263.2693923122118
3789.0,-293.0006223691395,-263.38486907332873
3789.5,-292.50968707738576,-263.47930305310854
3790.0,-292.01598046302604,-263.55798363725364
3790.5,-291.52073180957575,-263.6255876687943
3791.0,-291.0238878709549,-263.6790364154967
3791.5,-290.5252425145076,-263.71151770606895
3792.0,-290.0254532714926,-263.7176145737727
3792.5,-289.5258143331128,-263.7010024344344
3793.0,-289.0270209789649,-263.66731019499196
3793.5,-288.5292860609047,-263.62093588223917
3794.0,-288.0331094938878,-263.5606857022328
3794.5,-287.53931948031527,-263.4831704531156
3795.0,-287.04825652641426,-263.3896203338734
3795.5,-286.5597028123451,-263.28357462523655
3796.0,-286.07378693640953,-263.16596685857985
3796.5,-285.5904049987712,-263.0383519417785
3797.0,-285.1097125684823,-262.90101818484516
3797.5,-284.63241028618353,-262.7523676803882
3798.0,-284.1588012086978,-262.59231360040104
3798.5,-283.6889817849935,-262.42142019952485
3799.0,-283.22295300225875,-262.24043672602994
3799.5,-282.7605812651074,-262.05030895827935
3800.0,-282.30186898559094,-261.8515221881029
3800.5,-281.84691189198634,-261.64428156599996
3801.0,-281.39562840257116,-261.4291409931834
3801.5,-280.9477960965364,-261.2068839161508
3802.0,-280.5032048821306,-260.9782110724969
3802.5,-280.0619548565297,-260.74316839109827
3803.0,-279.624149672309,-260.5017852306614
3803.5,-279.1898904644942,-260.25408872354956
3804.0,-278.75922038887313,-260.00020579467133
3804.5,-278.33198807941795,-259.7405773865238
3805.0,-277.9079578120767,-259.47574984566194
3805.5,-277.4870287106881,-259.2060177979813
3806.0,-277.06902898628186,-258.9317606854727
3806.5,-276.653674105482,-258.65350866799054
3807.0,-276.24078349163153,-258.371610348817
3807.5,-275.830165377078,-258.0864146511697
3808.0,-275.42168107543284,-257.7981761299773
3808.5,-275.01521455919186,-257.5071040554285
3809.0,-274.6106392019705,-257.21341467999883
3809.5,-274.2078720608408,-256.9172525531626
3810.0,-273.8069099447257,-256.61863998278847
3810.5,-273.4076648662013,-256.31771838302393
3811.0,-273.0100730055506,-256.0146004282384
3811.5,-272.6139483480667,-255.70956183115322
3812.0,-272.2191253024084,-255.40284945051843
3812.5,-271.8255466367514,-255.09456389987886
3813.0,-271.43319738824727,-254.7847392049783
3813.5,-271.0421197540592,-254.47332157677187
3814.0,-270.6524925722739,-254.1600785039808
3814.5,-270.26417994349765,-253.84518490957444
3815.0,-269.8770462210325,-253.5288298059354
3815.5,-269.4909137694886,-253.211245696444
3816.0,-269.10559613920833,-252.8926805853122
3816.5,-268.72098642816894,-252.57328017837617
3817.0,-268.3370861882319,-252.2530435955325
3817.5,-267.95387080956664,-251.93199553622185
3818.0,-267.57131041425896,-251.61017100076955
3818.5,-267.1893590151376,-251.287609790931
3819.0,-266.8079558647036,-250.96438087853454
3819.5,-266.42697444133313,-250.64064131348397
3820.0,-266.0463083558817,-250.31652405322345
3820.5,-265.665892865173,-249.9921112100039
3821.0,-265.28567129532183,-249.66747618679776
3821.5,-264.90560729852876,-249.34266455757054
3822.0,-264.52567816206937,-249.01770078732926
3822.5,-264.14584836726567,-248.69262098514017
3823.0,-263.76608240316534,-248.36745970653266
3823.5,-263.3863554795741,-248.04224233854066
3824.0,-263.00664479691187,-247.71699737506617
3824.5,-262.6269372088444,-247.3917450181842
3825.0,-262.24722123383015,-247.0665007449098
3825.5,-261.86747185080594,-246.74129150478944
3826.0,-261.4876744713752,-246.41613217407374
3826.5,-261.1078148105489,-246.09103826242378
3827.0,-260.7278813559713,-245.76602429114627
3827.5,-260.34785810739913,-245.44110967631138
3828.0,-259.96773740498435,-245.1163050276664
3828.5,-259.5875130969968,-244.79161855789974
3829.0,-259.2071868657556,-244.46704905909948
3829.5,-258.826763424375,-244.1425919779317
3830.0,-258.4462524031772,-243.8182366786731
3830.5,-258.0656586026205,-243.49397771127227
3831.0,-257.6849906129994,-243.16980545329653
3831.5,-257.3042579384208,-242.845709845766
3832.0,-256.92346959672204,-242.52167972966856
3832.5,-256.5426354496789,-242.1977037360101
3833.0,-256.16176825653,-241.87376740131947
3833.5,-255.78087470466033,-241.54986354641068
3834.0,-255.39995998546766,-241.22598664001328
3834.5,-255.01903242356198,-240.9021266699587
3835.0,-254.63809218512338,-240.57828197255725
3835.5,-254.25713071415964,-240.25446188814425
3836.0,-253.87614556571813,-239.9306698904216
3836.5,-253.49513509321477,-239.6069075332276
3837.0,-253.11409121765843,-239.2831848839619
3837.5,-252.7330046395622,-238.95951219835854
3838.0,-252.35187206560155,-238.63589323337445
3838.5,-251.9706880273166,-238.312333863639
3839.0,-251.58945108301359,-237.98883619141384
3839.5,-251.20816597135797,-237.66539444790874
3840.0,-250.8268247459585,-237.34201867030148
3840.5,-250.44541248687298,-237.01872628272565
3841.0,-250.0639195911365,-236.6955290818829
3841.5,-249.6823530436956,-236.3724190056102
3842.0,-249.3007048552502,-236.04940523906808
3842.5,-248.9189590461904,-235.72650554381994
3843.0,-248.5371140583704,-235.40372135233366
3843.5,-248.15516997651218,-235.08105223434237
3844.0,-247.77314267195112,-234.75847975492516
3844.5,-247.39104153486068,-234.43599392361955
3845.0,-247.00886526719395,-234.11359690772704
3845.5,-246.6266286009681,-233.7912714391311
3846.0,-246.24432824524862,-233.46902142585233
3846.5,-245.8619699316537,-233.14683986467645
3847.0,-245.4795589089373,-232.82472036390246
3847.5,-245.09709425945132,-232.50266404731565
3848.0,-244.71458173707094,-232.18066430871758
3848.5,-244.33201570945377,-231.85872794403096
3849.0,-243.94940572196788,-231.53684374627827
3849.5,-243.56673804232457,-231.2150280580125
3850.0,-243.18401555347305,-230.8932775086075
3850.5,-242.8012211046196,-230.5716124742061
3851.0,-242.41836351596726,-230.2500225738913
3851.5,-242.03543388219725,-229.92851848766017
3852.0,-241.6524365707231,-229.60709512309796
3852.5,-241.26936268382326,-229.28576333792816
3853.0,-240.88622350724089,-228.96450974521827
3853.5,-240.50300774621368,-228.64334848374136
3854.0,-240.11973331792794,-228.32225819957432
3854.5,-239.73638859034705,-228.00125285148914
3855.0,-239.35298447819244,-227.6803191212794
3855.5,-238.96951031166077,-227.35947002190093
3856.0,-238.58597182224622,-227.03869879314274
3856.5,-238.20235835439746,-226.7180185129468
3857.0,-237.81867397548524,-226.39742473019845
3857.5,-237.43492214347862,-226.0769131534626
3858.0,-237.0510945795468,-225.75649380387546
3858.5,-236.66720152093748,-225.4361545231457
3859.0,-236.2832259577407,-225.1159158170464
3859.5,-235.8991803625922,-224.7957615830854
3860.0,-235.5150597843303,-224.4756969560825
3860.5,-235.1308626329834,-224.15572362891092
3861.0,-234.74659145066195,-223.83583871385272
3861.5,-234.36222479442986,-223.51606836996712
3862.0,-233.9777761981162,-223.19639611415096
3862.5,-233.5932353790393,-222.87683444097877
3863.0,-233.20858442143046,-222.55740517533673
3863.5,-232.8238212804728,-222.2381109426272
3864.0,-232.43891482913457,-221.91899018835605
3864.5,-232.05386989556473,-221.60003820452187
3865.0,-231.66869162086672,-221.2812486897632
3865.5,-231.28334187215955,-220.96266814341732
3866.0,-230.89784089595508,-220.64427317683186
3866.5,-230.5121725188424,-220.3260839395912
3867.0,-230.12631275324975,-220.0081296730168
3867.5,-229.74027477208665,-219.69039511762765
3868.0,-229.35402890409935,-219.37291721133576
3868.5,-228.96758926414927,-219.05567717049612
3869.0,-228.58096468316236,-218.7386642291139
3869.5,-228.19411325267677,-218.42193042272072
3870.0,-227.80707413576667,-218.10542629536576
3870.5,-227.4198248473221,-217.7891796691144
3871.0,-227.03234466417842,-217.47321819184904
3871.5,-226.64466046103954,-217.1575092799399
3872.0,-226.25674452129167,-216.84208728729317
3872.5,-225.86861585822118,-216.52692985445367
3873.0,-225.48029857768088,-216.21200543085044
3873.5,-225.0917606530178,-215.89735276416874
3874.0,-224.70303835693815,-215.58292916029362
3874.5,-224.31412365820756,-215.2687461623846
3875.0,-223.92500203985858,-214.9548242160125
3875.5,-223.53570898237444,-214.64112068573124
3876.0,-223.14624309862066,-214.32763750921384
3876.5,-222.75662359328422,-214.0143474643591
3877.0,-222.3668689789714,-213.70122781897607
3877.5,-221.97696135841585,-213.38830076766288
3878.0,-221.58691664207706,-213.0755464539687
3878.5,-221.19674173768811,-212.76295746583335
3879.0,-220.8064190984614,-212.4505572526307
3879.5,-220.41597563487338,-212.13831037310257
3880.0,-220.0254173851148,-211.82620865613123
3880.5,-219.6347273631132,-211.51427544045748
3881.0,-219.24392763022055,-211.20248093633066
3881.5,-218.85302035215065,-210.89082325952612
3882.0,-218.46198514299851,-210.57932851245025
3882.5,-218.07083999152644,-210.267975112233
3883.0,-217.67958392076872,-209.95676389659613
3883.5,-217.28819633935962,-209.64572318075918
3884.0,-216.89668953327595,-209.3348376453119
3884.5,-216.50507105304163,-209.02409741440368
3885.0,-216.1133288021067,-208.71351740746024
3885.5,-215.72146333825305,-208.40309711372976
3886.0,-215.32948278404103,-208.09282676582387
3886.5,-214.93737720732838,-207.782721478327
3887.0,-214.54513425500016,-207.47279818836293
3887.5,-214.15277636574842,-207.16302700624345
3888.0,-213.76030318480207,-206.8534062123378
3888.5,-213.36770022192152,-206.54395331487927
3889.0,-212.97497662169255,-206.23465732724003
3889.5,-212.58213502037677,-205.92551637317212
3890.0,-212.18917608385703,-205.6165309179593
3890.5,-211.79608117014797,-205.30772296922956
3891.0,-211.40287054115186,-204.99906498083448
3891.5,-211.0095418973666,-204.6905579654805
3892.0,-210.61609139919383,-204.38220752841585
3892.5,-210.22250359703324,-204.07403380793218
3893.0,-209.82879641325744,-203.76601506884404
3893.5,-209.43496681098273,-203.45815370543875
3894.0,-209.04101247134946,-203.15045436318343
3894.5,-208.64691513025844,-202.84293880034627
3895.0,-208.25269688786784,-202.53557761266043
3895.5,-207.8583552960927,-202.22837474663686
3896.0,-207.46388773325833,-201.9213353535111
3896.5,-207.0692781235359,-201.61448241088868
3897.0,-206.67453392900572,-201.30780725469327
3897.5,-206.27966340045504,-201.00129733244415
3898.0,-205.88466703864614,-200.69495213672153
3898.5,-205.48954281818106,-200.38877551267828
3899.0,-205.09427417858038,-200.08278839845175
3899.5,-204.69887674384012,-199.7769734468801
3900.0,-204.3033456022531,-199.4713390099624
3900.5,-203.9076832051611,-199.16588341246322
3901.0,-203.51188963100566,-198.86060420440688
3901.5,-203.11595245947981,-198.55552095956642
3902.0,-202.71988462387077,-198.2506127736014
3902.5,-202.32368733416257,-197.94587522527968
3903.0,-201.92736180908824,-197.64130680991389
3903.5,-201.53090810234633,-197.33690852635544
3904.0,-201.13430533935363,-197.03270413056262
3904.5,-200.7375622055765,-196.7286826034606
3905.0,-200.34068685310552,-196.4248336060094
3905.5,-199.9436795718543,-196.12115198709134
3906.0,-199.5465392845905,-195.81763817635627
3906.5,-199.14925732841994,-195.5143007869734
3907.0,-198.75181928097317,-195.21115970385347
3907.5,-198.3542311931327,-194.9082134353294
3908.0,-197.95649169384336,-194.6054671138998
3908.5,-197.55860260090643,-194.30291886946532
3909.0,-197.16056256120802,-194.0005695738723
3909.5,-196.76234734147332,-193.69845254772687
3910.0,-196.36395979466394,-193.3965644050807
3910.5,-195.96540280229294,-193.0949033483041
3911.0,-195.56667079098267,-192.79347960094756
3911.5,-195.1677599634364,-192.49230058204273
3912.0,-194.76867084124478,-192.19136789212024
3912.5,-194.36939885555518,-191.89068750832317
3913.0,-193.9699714256087,-191.59021841801754
3913.5,-193.57039492298773,-191.28994933923198
3914.0,-193.17067571529483,-190.98986878775338
3914.5,-192.77081738568523,-190.68997027357372
3915.0,-192.37079810442623,-190.3902816383614
3915.5,-191.9706363730426,-190.09077911857892
3916.0,-191.5703341193679,-189.7914576299881
3916.5,-191.16989106782393,-189.49231691722514
3917.0,-190.76930595045306,-189.19336003715622
3917.5,-190.3685584917499,-188.8946172819803
3918.0,-189.9676670729749,-188.5960650549328
3918.5,-189.5666325705728,-188.29770309453477
3919.0,-189.16545664996337,-187.9995306307989
3919.5,-188.76413817345139,-187.7015513593993
3920.0,-188.36267418055715,-187.4037695419024
3920.5,-187.9610856163175,-187.10615923335067
3921.0,-187.55937952189024,-186.80871329246241
3921.5,-187.1575653140934,-186.51141843861325
3922.0,-186.75563712659797,-186.21427976610613
3922.5,-186.35361266003602,-185.91727335031098
3923.0,-185.95149919612217,-185.62038731042597
3923.5,-185.54930177302055,-185.32361390941867
3924.0,-185.14701277625053,-185.02696245104622
3924.5,-184.7446319757029,-184.73043317005414
3925.0,-184.34216223447916,-184.43402260597838
3925.5,-183.93960210411893,-184.1377295846427
3926.0,-183.53693647684466,-183.84157506886672
3926.5,-183.1341647039703,-183.54556408652505
3927.0,-182.73128929191594,-183.2496938550224
3927.5,-182.3283100666256,-182.95396399803596
3928.0,-181.92520424836576,-182.6584060506055
3928.5,-181.52198911831687,-182.3629971360363
3929.0,-181.11866631006356,-182.0677340733271
3929.5,-180.7152261445075,-181.7726298050856
3930.0,-180.3116653357537,-181.47768977466293
3930.5,-179.90799515162007,-181.1828983811413
3931.0,-179.5042099421666,-180.88826396448476
3931.5,-179.1002920784515,-180.59381480566418
3932.0,-178.6962653646937,-180.2995170251174
3932.5,-178.2921325153133,-180.0053625018333
3933.0,-177.88787600015553,-179.71137472269345
3933.5,-177.4835153309614,-179.4175272433485
3934.0,-177.0790462440905,-179.12382925511443
3934.5,-176.67445520352277,-178.83030325638586
3935.0,-176.26976518115018,-178.5369180544724
3935.5,-175.86496830099733,-178.2436860887341
3936.0,-175.46005902918367,-177.9506138681095
3936.5,-175.05505829025276,-177.65767187167788
3937.0,-174.64995372575373,-177.36487661573406
3937.5,-174.244751292866,-177.07221622231225
3938.0,-173.83945836094435,-176.77967809991387
3938.5,-173.43405537186493,-176.48729416629067
3939.0,-173.02856020832897,-176.19503915287027
3939.5,-172.62296469518927,-175.90292508567026
3940.0,-172.21727446641006,-175.6109411356323
3940.5,-171.8115002848095,-175.31907189449186
3941.0,-171.40562753495507,-175.02733783078912
3941.5,-170.9996697338959,-174.73572378639
3942.0,-170.59360923861152,-174.44425415169974
3942.5,-170.18746036909252,-174.1529055714555
3943.0,-169.78121552635682,-173.8616853926035
3943.5,-169.37487307181502,-173.570597664017
3944.0,-168.9684361892784,-173.2796438165015
3944.5,-168.56189077583832,-172.98884938606597
3945.0,-168.15524606227925,-172.69820285282978
3945.5,-167.74848480452567,-172.40772464203945
3946.0,-167.3416280825136,-172.11738240771334
3946.5,-166.93465530325756,-171.8272074832378
3947.0,-166.52758555556272,-171.5371759106558
3947.5,-166.1203930923781,-171.2473272669011
3948.0,-165.71310349272935,-170.95762608279702
3948.5,-165.3056984003013,-170.66809730075707
3949.0,-164.89820097496806,-170.37870682586785
3949.5,-164.4905945252624,-170.08947713032708
3950.0,-164.0828967125971,-169.80038101138788
3950.5,-163.6750948325587,-169.51143279108203
3951.0,-163.2672024414741,-169.22261165071717
3951.5,-162.85921035780967,-168.93392735746576
3952.0,-162.45111603514485,-168.6453818560555
3952.5,-162.042915343708,-168.35698152884632
3953.0,-161.6345983781652,-168.06874214943656
3953.5,-161.22617574013853,-167.7806501525795
3954.0,-160.8176253932423,-167.49273305226487
3954.5,-160.4089644951084,-167.20496755113078
3955.0,-160.00018036666683,-166.9173705818024
3955.5,-159.59126875857183,-166.6299505346231
3956.0,-159.1822333608908,-166.3427068535093
3956.5,-158.77305111268484,-166.05567505507116
3957.0,-158.36373301162743,-165.76883693709752
3957.5,-157.9542629197291,-165.48221569946392
3958.0,-157.54461740472675,-165.19584444969547
3958.5,-157.1347948010576,-164.90972751168283
3959.0,-156.72477095363777,-164.6238960428396
3959.5,-156.3145275327974,-164.33837421831316
3960.0,-155.90406023222252,-164.05316835326929
3960.5,-155.49333566862907,-163.76832803331217
3961.0,-155.0823328244188,-163.48388798607263
3961.5,-154.67105302591474,-163.19985148394676
3962.0,-154.25948370663286,-162.9162366345937
3962.5,-153.84759390273433,-162.6330866745485
3963.0,-153.43539722162905,-162.35038337864643
3963.5,-153.02287771811962,-162.06815209272318
3964.0,-152.61000272298983,-161.7864426591799
3964.5,-152.1967532101767,-161.5052855832696
3965.0,-151.78312677882334,-161.22468692764875
3965.5,-151.3691127056242,-160.9446579886314
3966.0,-150.95467706659622,-160.6652505306421
3966.5,-150.53977889081943,-160.38653006282678
3967.0,-150.12439719974236,-160.10853065485318
3967.5,-149.7084859398993,-159.83133020339014
3968.0,-149.2920124530453,-159.55497953637044
3968.5,-148.8749213431949,-159.2795613629024
3969.0,-148.45717236026354,-159.00514413926865
3969.5,-148.03873021685462,-158.73178752547454
3970.0,-147.61953874514623,-158.45958560130748
3970.5,-147.1995412862416,-158.18863547550373
3971.0,-146.77869685077422,-157.91900500719606
3971.5,-146.35693252266293,-157.65081288170316
3972.0,-145.93419078751862,-157.38416465197676
3972.5,-145.51043366451765,-157.11913033061973
3973.0,-145.0856045731856,-156.85581137037062
3973.5,-144.65963498197468,-156.59433434476097
3974.0,-144.2324492696734,-156.33484275140907
3974.5,-143.80395809597044,-156.07751077405115
3975.0,-143.37410758865246,-155.82245427424405
3975.5,-142.9428589445635,-155.56976414785456
3976.0,-142.51015305564093,-155.3195665693977
3976.5,-142.0759369217591,-155.0719906809602
3977.0,-141.64012310272142,-154.82723231835257
3977.5,-141.2026123807725,-154.58552000728687
3978.0,-140.76332237843496,-154.34706125311604
3978.5,-140.3222088257862,-154.11199792838667
3979.0,-139.87924391456994,-153.88044587667022
3979.5,-139.43438668248808,-153.65255256821928
3980.0,-138.98760781329096,-153.4284512777838
3980.5,-138.53895874470055,-153.208110386061
3981.0,-138.08846593949474,-152.99154885434936
3981.5,-137.63613294595456,-152.77884179267673
3982.0,-137.18201571637982,-152.56994980003475
3982.5,-136.72609585577084,-152.36500208322332
3983.0,-136.2683028259016,-152.1642599430998
3983.5,-135.80859342666506,-151.96793917354864
3984.0,-135.34696680951538,-151.77616314872674
3984.5,-134.8834628989417,-151.58895606343725
3985.0,-134.41818732941815,-151.40616502471676
3985.5,-133.9511356283353,-151.22792419041764
3986.0,-133.4821776199585,-151.054730189021
3986.5,-133.0112518376814,-150.88694360539685
3987.0,-132.53829509518314,-150.72496976018854
3987.5,-132.0632953345017,-150.56910018452803
3988.0,-131.5863405559715,-150.41933153777066
3988.5,-131.10760951970798,-150.27532978343035
3989.0,-130.6272317023418,-150.13689575188116
3989.5,-130.14529225588154,-150.00396600105387
3990.0,-129.66180297936168,-149.87675769981246
3990.5,-129.17669261317192,-149.75586461401812
3991.0,-128.68994360636395,-149.64175686256274
3991.5,-128.20163917609534,-149.53450847634664
3992.0,-127.71189144081885,-149.43405850625848
3992.5,-127.22080694272233,-149.34034755780763
3993.0,-126.72844971565472,-149.25355577005294
3993.5,-126.2348890277826,-149.17388084379644
3994.0,-125.74016131762232,-149.10181331202114
3994.5,-125.24436437930822,-149.0375439962054
3995.0,-124.7476017434378,-148.98128143157422
3995.5,-124.2500114734493,-148.9329151511321
3996.0,-123.75173868414383,-148.89215135575088
3996.5,-123.25290653358562,-148.85883933160056
3997.0,-122.75362707648539,-148.83295185550332
3997.5,-122.25401258323664,-148.8144977753194
3998.0,-121.75416583225065,-148.80402751061476
3998.5,-121.25421503111345,-148.80194077458515
3999.0,-120.7543058731057,-148.80860412944017
3999.5,-120.25459701802215,-148.82416284355088
4000.0,-119.75522332985933,-148.8481778503545
4000.5,-119.25631007151698,-148.88043898903828
4001.0,-118.7580128427461,-148.92117339845558
4001.5,-118.26054604235196,-148.97102386062537
4002.0,-117.76410834370272,-149.03021002527524
4002.5,-117.26893200595465,-149.0991103398687
4003.0,-116.7752879598724,-149.17819329780738
4003.5,-116.2833675210151,-149.26732442574288
4004.0,-115.7932878158776,-149.36605136888565
4004.5,-115.30518869007044,-149.4741466436611
4005.0,-114.8192799659142,-149.5917056173533
4005.5,-114.33564798563573,-149.7183093769028
4006.0,-113.85454797707835,-149.8542193854069
4006.5,-113.37645031614132,-150.0003230260493
4007.0,-112.90143453393287,-150.15613149196267
4007.5,-112.42966627023168,-150.32150710029728
4008.0,-111.96131100976821,-150.49632511277235
4008.5,-111.49624355914533,-150.67973059483302
4009.0,-111.03466734287528,-150.87177682845402
4009.5,-110.57683262606197,-151.07259752508486
4010.0,-110.12289431373715,-151.28209096177068
4010.5,-109.67327843277647,-151.5007162028985
4011.0,-109.22810540888014,-151.7282557554186
4011.5,-108.78775756521654,-151.96500055702495
4012.0,-108.35255030569681,-152.21106657703382
4012.5,-107.9226642638486,-152.46631315730687
4013.0,-107.49835835453175,-152.73073418914922
4013.5,-107.07930856123227,-153.0034101944315
4014.0,-106.66641648426031,-153.28532222688636
4014.5,-106.2594875441439,-153.5757730581816
4015.0,-105.85896517844698,-153.87499309098465
4015.5,-105.46472716247841,-154.18244327124884
4016.0,-105.07698264191733,-154.4980432722644
4016.5,-104.69579008693165,-154.8215285490688
4017.0,-104.32123283262281,-155.15267275825997
4017.5,-103.95379796046174,-155.49169835174885
4018.0,-103.59318534613901,-155.8379683693891
4018.5,-103.23967416208453,-156.19148477863152
4019.0,-102.89246949325293,-156.55120246273725
4019.5,-102.55166978935671,-156.91700476228394
4020.0,-102.21698286554232,-157.28841759788557
4020.5,-101.88896249108305,-157.66573373259334
4021.0,-101.56811724922609,-158.0491674958509
4021.5,-101.25448557809747,-158.43851937053932
4022.0,-100.94824802808051,-158.83371247307397
4022.5,-100.64874024225641,-159.2340339625629
4023.0,-100.35616063664163,-159.6394520430076
4023.5,-100.07028836502239,-160.04963234458765
4024.0,-99.79146533737833,-160.464639316929
4024.5,-99.5199281705968,-160.88444866299582
4025.0,-99.2557422958434,-161.30891924178053
4025.5,-98.99947141894859,-161.7382094149559
4026.0,-98.75045462836083,-162.17174220318856
4026.5,-98.50867200846471,-162.6093504051818
4027.0,-98.27337488147131,-163.0504836309643
4027.5,-98.0445240443571,-163.4949995221028
4028.0,-97.82241174110442,-163.9429249895031
4028.5,-97.60674969868121,-164.39399290793625
4029.0,-97.39788051575933,-164.84824421296926
4029.5,-97.19520270050019,-165.3052887164651
4030.0,-96.99830113761259,-165.76484940262594
4030.5,-96.80699831603998,-166.22676843316265
4031.0,-96.62064835259466,-166.69070983254278
4031.5,-96.4391119162568,-167.15656000270275
4032.0,-96.26243911364467,-167.62427854797923
4032.5,-96.090355865435,-168.09370778766203
4033.0,-95.92298357350077,-168.56483928678549
4033.5,-95.76058168060753,-169.03770631988388
4034.0,-95.60294926267632,-169.51218324360238
4034.5,-95.4500669377735,-169.98821023802543
4035.0,-95.30197430820515,-170.46574678086097
4035.5,-95.15835426264756,-170.94464627710977
4036.0,-95.01899542136081,-171.42480461040836
4036.5,-94.88385477885318,-171.90617044186806
4037.0,-94.75281340361624,-172.38867227816957
4037.5,-94.62584476419583,-172.87226450179648
4038.0,-94.50313649772333,-173.3569568351907
4038.5,-94.38496588371146,-173.84277607021065
4039.0,-94.27158192078642,-174.32973463616688
4039.5,-94.16294029811819,-174.81777318171336
4040.0,-94.05908416762044,-175.30685369586288
4040.5,-93.96010252075759,-175.79694589301263
4041.0,-93.86614914749103,-176.28802898554866
4041.5,-93.77738385784716,-176.78007817505528
4042.0,-93.69388428741752,-177.27304933002475
4042.5,-93.61581985199227,-177.7669107433437
4043.0,-93.54335438936073,-178.2616251091217
4043.5,-93.4765485468192,-178.75713585687794
4044.0,-93.41551985195436,-179.2533914088072
4044.5,-93.36013977486311,-179.7503093425732
4045.0,-93.31018474973875,-180.24780213122907
4045.5,-93.26555917146871,-180.7458019567335
4046.0,-93.22611271695723,-181.24423970637952
4046.5,-93.1917763158607,-181.74305632638487
4047.0,-93.16259905720342,-182.24220173198745
4047.5,-93.13867874623372,-182.7416269260472
4048.0,-93.12001956070712,-183.2412760681582
4048.5,-93.10643061873198,-183.74108846994343
4049.0,-93.09775137971076,-184.24101010511978
4049.5,-93.09371120159858,-184.74099087882792
4050.0,-93.09400988329594,-185.2409879852829
4050.5,-93.09826158188983,-185.7409670613613
4051.0,-93.10609992015435,-186.24090221417177
4051.5,-93.11717723378331,-186.74077504240515
4052.0,-93.13122939538611,-187.24057147684448
4052.5,-93.14804218802952,-187.74028112265398
4053.0,-93.16746251795351,-188.23989590708922
4053.5,-93.18927081481279,-188.7394127546701
4054.0,-93.21316416555885,-189.23883463686548
4054.5,-93.23886274885497,-189.73816638644257
4055.0,-93.26619622710147,-190.2374105076835
4055.5,-93.2950268393347,-190.73656882771132
4056.0,-93.32528035810785,-191.2356409842161
4056.5,-93.35692594041838,-191.7346255401213
4057.0,-93.3899044402775,-192.23352290556835
4057.5,-93.42416538881503,-192.73233312170038
4058.0,-93.45968343394021,-193.23105568434252
4058.5,-93.49641825853207,-193.7296906628835
4059.0,-93.53432459349386,-194.22823784554896
4059.5,-93.57337033932885,-194.72669638684792
4060.0,-93.61355153329447,-195.2250637989511
4060.5,-93.65487332723951,-195.72333697442747
4061.0,-93.6973340325928,-196.2215130050401
4061.5,-93.7409358666954,-196.71958831609825
4062.0,-93.78568989970115,-197.21755881773274
4062.5,-93.83162681783261,-197.7154190247492
4063.0,-93.87879548388497,-198.21316193676782
4063.5,-93.9272456114946,-198.7107807532412
4064.0,-93.97697110687955,-199.20827226287997
4064.5,-94.02795215362399,-199.7056340650957
4065.0,-94.08018625633356,-200.20286235315248
4065.5,-94.13369569477553,-200.69995044811964
4066.0,-94.18850936329584,-201.1968915937169
4066.5,-94.24465093010504,-201.693680369257
4067.0,-94.30212399797244,-202.19031223297947
4067.5,-94.36091437304847,-202.68678419236488
4068.0,-94.42105090037711,-203.18308988527787
4068.5,-94.48255959117488,-203.6792227704374
4069.0,-94.5455091194282,-204.1751721193391
4069.5,-94.61001388902143,-204.67092165509243
4070.0,-94.67614025159021,-205.16645875744237
4070.5,-94.74388786853227,-205.66177502816652
4071.0,-94.81327852017328,-206.1568591430712
4071.5,-94.88437394170256,-206.65169459163965
4072.0,-94.95733730200435,-207.14625231329578
4072.5,-95.03239514383719,-207.64049555097597
4073.0,-95.10968871407812,-208.1343958992813
4073.5,-95.1891901047387,-208.62794591210536
4074.0,-95.27084382158058,-209.121141182858
4074.5,-95.35466364910651,-209.6139661462874
4075.0,-95.44081135136406,-210.1063864610358
4075.5,-95.52944128773055,-210.59836688795136
4076.0,-95.62059061242039,-211.08988958344213
4076.5,-95.71419474796276,-211.58095178818203
4077.0,-95.8101438014544,-212.07155877376613
4077.5,-95.90835927658533,-212.5617097464625
4078.0,-96.00891217305612,-213.05138085184763
4078.5,-96.11182615295654,-213.5405551174267
4079.0,-96.21709196461062,-214.02922286552638
4079.5,-96.3246521152183,-214.517383507438
4080.0,-96.43442026289304,-215.00504245918958
4080.5,-96.54631623842982,-215.49220237235306
4081.0,-96.66036580202427,-215.9788456107575
4081.5,-96.7767974951495,-216.46491730542454
4082.0,-96.89558818274642,-216.95041320902197
4082.5,-97.0163848736155,-217.4353937859024
4083.0,-97.13888834687874,-217.91990617930753
4083.5,-97.26324132145373,-218.40389842526466
4084.0,-97.38993455464825,-218.88725712472916
4084.5,-97.51964763102754,-219.3698259318746
4085.0,-97.65256842190166,-219.85156350781963
4085.5,-97.78834980199913,-220.33253457620737
4086.0,-97.92659496840396,-220.81281030328938
4086.5,-98.06745723592425,-221.29231568791158
4087.0,-98.2115280541076,-221.77087023915396
4087.5,-98.35915592778628,-222.24836156591928
4088.0,-98.51016826655109,-222.7248250117078
4088.5,-98.66447317357333,-223.20026201146555
4089.0,-98.82214891643684,-223.6746172579829
4089.5,-98.98324998377332,-224.1478375546599
4090.0,-99.14770062574144,-224.6199107232462
4090.5,-99.31543916048125,-225.0908234917278
4091.0,-99.48656845283548,-225.5605061407329
4091.5,-99.66138989537139,-226.02881647342454
4092.0,-99.84019320412509,-226.49561206595303
4092.5,-100.02316768312537,-226.96078181340394
4093.0,-100.21045841071493,-227.4242279438185
4093.5,-100.40231829041761,-227.88580259726928
4094.0,-100.59899277276247,-228.3453527989278
4094.5,-100.8006224674497,-228.80275735905403
4095.0,-101.0072251409932,-229.2579419286428
4095.5,-101.21885837374421,-229.7108118683508
4096.0,-101.43562370507244,-230.16125044809894
4096.5,-101.65766997958735,-230.60911296429873
4097.0,-101.88515431240478,-231.05424305830553
4097.5,-102.11799842687593,-231.49659499854243
4098.0,-102.35611170347781,-231.9361310687294
4098.5,-102.59959866158579,-232.37271115739205
4099.0,-102.84858660404745,-232.806176098563
4099.5,-103.10332359566335,-233.2362902347726
4100.0,-103.36389096353372,-233.6629048584471
4100.5,-103.63028615462629,-234.08591290004432
4101.0,-103.90271671092995,-234.50506738520514
4101.5,-104.18110934434591,-234.92029501489412
4102.0,-104.46527004248011,-235.3316034670504
4102.5,-104.75491765763984,-235.73906758488715
4103.0,-105.04977133333608,-236.1427770179985
4103.5,-105.34976609055933,-236.54267547549532
4104.0,-105.65494199926509,-236.93862802299512
4104.5,-105.96545704829038,-237.33040709383584
4105.0,-106.28133949120786,-237.7178746976903
4105.5,-106.6026731321405,-238.1008367505216
4106.0,-106.92921183259261,-238.47937094622355
4106.5,-107.26078958208404,-238.85349605712992
4107.0,-107.59741891924908,-239.2230774134335
4107.5,-107.93904409553166,-239.58804266990123
4108.0,-108.28572336657439,-239.94820944013208
4108.5,-108.6375129621321,-240.30338640161656
4109.0,-108.9942791346308,-240.65356279736326
4109.5,-109.35592379888338,-240.99869604220638
4110.0,-109.72247058688568,-241.33861591626766
4110.5,-110.0938973641573,-241.67319515678756
4111.0,-110.4702168491685,-242.00226477958824
4111.5,-110.85137496011494,-242.32571982413606
4112.0,-111.23721394245696,-242.64357346108687
4112.5,-111.62761418717703,-242.9558039296694
4113.0,-112.022445336341,-243.262404768571
4113.5,-112.42159632580645,-243.56335216793022
4114.0,-112.82498855052717,-243.85858162243784
4114.5,-113.23253026536241,-244.1480459836521
4115.0,-113.6441463348354,-244.43167721413843
4115.5,-114.05982381436225,-244.7093188589292
4116.0,-114.47958309101034,-244.98075392625884
4116.5,-114.90336362067728,-245.2458819253176
4117.0,-115.33086068021942,-245.50498501279162
4117.5,-115.76182172331094,-245.7582869838533
4118.0,-116.19610447039285,-246.0058486278515
4118.5,-116.63360986810825,-246.24767044764323
4119.0,-117.07419272584599,-246.48384277958093
4119.5,-117.51769151790548,-246.7145079950003
4120.0,-117.96374869008889,-246.94020575935588
4120.5,-118.41201549557005,-247.1615003159791
4121.0,-118.86212039357882,-247.37904711456045
4121.5,-119.31377518562212,-247.5933710184003
4122.0,-119.76671278888298,-247.80497394601346
4122.5,-120.22072579266158,-248.01426022389526
4123.0,-120.67561957784609,-248.2216257730953
4123.5,-121.1312242460547,-248.42742576964991
4124.0,-121.58742554638016,-248.63190566700035
4124.5,-122.04413608401812,-248.83525898023981
4125.0,-122.50125876175363,-249.03769578133347
4125.5,-122.95871330944485,-249.23938774987883
4126.0,-123.41644865522194,-249.4404461405539
4126.5,-123.87441507254037,-249.64097632901937
4127.0,-124.33255716687867,-249.84109303543855
4127.5,-124.79083265205128,-250.04088400431922
4128.0,-125.24922559906351,-250.24039662557743
4128.5,-125.70772805627809,-250.4396596332173
4129.0,-126.16632432372887,-250.63871486304205
4129.5,-126.62500085717676,-250.83759761943304
4130.0,-127.0837436315377,-251.03633784510453
4130.5,-127.54253145682276,-251.23496154228715
4131.0,-128.00136765680386,-251.43346412238913
4131.5,-128.46025052860816,-251.63185634384325
4132.0,-128.91916997806615,-251.83016702708608
4132.5,-129.37812602010314,-252.02840424917588
4133.0,-129.83712433989905,-252.226567531396
4133.5,-130.29616119589335,-252.42465901211844
4134.0,-130.75522887905262,-252.6226941135298
4134.5,-131.21431242401263,-252.8207038665063
4135.0,-131.67340194701242,-253.01870483758807
4135.5,-132.13249418863654,-253.21669950557663
4136.0,-132.59158191764212,-253.41469874900582
4136.5,-133.05065998164693,-253.612713660076
4137.0,-133.50973152673402,-253.8107426363798
4137.5,-133.96879772973546,-254.00878676053895
4138.0,-134.4278572022974,-254.20684976378044
4138.5,-134.88690459891788,-254.40493809843457
4139.0,-135.345933058528,-254.6030611325745
4139.5,-135.80493577397704,-254.80122926343418
4140.0,-136.26390698990576,-254.99945463709247
4140.5,-136.72284132193138,-255.197755484799
4141.0,-137.18173352395843,-255.39614989758627
4141.5,-137.64058061241832,-255.59464677520333
4142.0,-138.09937732122572,-255.79325836691908
4142.5,-138.5581184704658,-255.99199668072018
4143.0,-139.0167928782991,-256.19088530586356
4143.5,-139.4753928737262,-256.38994514116706
4144.0,-139.9339163716412,-256.58918362747477
4144.5,-140.3923609125691,-256.7886034243035
4145.0,-140.8507238941258,-256.9882118218733
4145.5,-141.30900637563255,-257.1880064365811
4146.0,-141.76721123215393,-257.38798039326025
4146.5,-142.2253367368577,-257.58813997557473
4147.0,-142.68338641007236,-257.78847772325366
4147.5,-143.1413629742194,-257.98898192983984
4148.0,-143.5992661577388,-258.18964982043735
4148.5,-144.05709642404335,-258.39047692858475
4149.0,-144.51485199652606,-258.59146674597827
4149.5,-144.9725304670754,-258.7926260801138
4150.0,-145.43012555731147,-258.99397090793354
4150.5,-145.8876310235026,-259.1955157734569
4151.0,-146.34503394656284,-259.3972911533667
4151.5,-146.80232229856438,-259.59932096639943
4152.0,-147.25947749510726,-259.8016426948597
4152.5,-147.7164795330712,-260.0042982998546
4153.0,-148.17330287338868,-260.2073448054806
4153.5,-148.62991095846604,-260.41086678118785
4154.0,-149.08625493307545,-260.6149811283134
4154.5,-149.54228892497642,-260.81979014553474
4155.0,-149.99796544464374,-261.02539462570786
4155.5,-150.45322450804827,-261.23191866285646
4156.0,-150.90802237934153,-261.43945272235334
4156.5,-151.3623159817966,-261.6480825125589
4157.0,-151.81604763656475,-261.8579281833278
4157.5,-152.26914989019787,-262.0691311907647
4158.0,-152.7215691745978,-262.28179732997734
4158.5,-153.17324233922247,-262.49605228550405
4159.0,-153.62411611629102,-262.7120013768429
4159.5,-154.07415123366158,-262.92971089851574
4160.0,-154.52334302636376,-263.14916668543475
4160.5,-154.9716899793582,-263.37035315529175
4161.0,-155.41917325609683,-263.593290669523
4161.5,-155.86576199096575,-263.8180253537605
4162.0,-156.3114441140849,-264.04456438554695
4162.5,-156.75621764825507,-264.27289274539174
4163.0,-157.20011152845998,-264.5029301135501
4163.5,-157.6430971422965,-264.73470921675545
4164.0,-158.085157088002,-264.96824676604547
4164.5,-158.526253058645,-265.2035980600518
4165.0,-158.96633098048378,-265.4408467462898
4165.5,-159.40532514230853,-265.6800962165509
4166.0,-159.84320627042894,-265.9213778471094
4166.5,-160.27994578890107,-266.1647175534246
4167.0,-160.71545551483894,-266.4102469187432
4167.5,-161.14974076330975,-266.657931219298
4168.0,-161.58275685132057,-266.9078228774034
4168.5,-162.0144287675655,-267.16002767766724
4169.0,-162.44472006133586,-267.41458124300055
4169.5,-162.87358518355873,-267.6715303455396
4170.0,-163.30092680990356,-267.93100702589265
4170.5,-163.72666974255034,-268.19310122005993
4171.0,-164.1507976928233,-268.45780555418077
4171.5,-164.57334273844805,-268.725029442976
4172.0,-164.99434013981113,-268.99468060967286
4172.5,-165.41381712403228,-269.26668254561054
4173.0,-165.8317179079356,-269.54108930537257
4173.5,-166.2480212751558,-269.81790079558544
4174.0,-166.66273358331358,-270.0970829834313
4174.5,-167.07587838330065,-270.3785720009467
4175.0,-167.48741915726978,-270.66239440726116
4175.5,-167.8973248219019,-270.9485683014982
4176.0,-168.30553443096366,-271.23714862959133
4176.5,-168.71208043986678,-271.5280606665936
4177.0,-169.11691746796984,-271.82134307549984
4177.5,-169.5199397491252,-272.1171183220124
4178.0,-169.92110384160114,-272.4154196869946
4178.5,-170.32039482097002,-272.7162373180713
4179.0,-170.7178997709233,-273.01942499505236
4179.5,-171.11378293280515,-273.32474170014547
4180.0,-171.50818991654756,-273.6319768547916
4180.5,-171.9012610844857,-273.94093217284376
4181.0,-172.2931091247119,-274.2514500745835
4181.5,-172.6838538291629,-274.56336550095074
4182.0,-173.07368963277997,-274.8764225955193
4182.5,-173.4627505471272,-275.190445040027
4183.0,-173.8511422938418,-275.5052958014323
4183.5,-174.23893821446904,-275.8208799759229
4184.0,-174.62620257845379,-276.13711620937266
4184.5,-175.0130304619649,-276.4538869863618
4185.0,-175.39948739078434,-276.77111173058967
4185.5,-175.78562863757352,-277.08872200270537
4186.0,-176.17148839760185,-277.406676182138
4186.5,-176.55710821516746,-277.72492393443304
4187.0,-176.94252033994704,-278.0434255211314
4187.5,-177.3277477912033,-278.3621522413445
4188.0,-177.71280261521937,-278.68108886274024
4188.5,-178.0976823178069,-279.0002382952829
4189.0,-178.48239405762573,-279.31959267992164
4189.5,-178.86693336561677,-279.6391575259964
4190.0,-179.25130381594258,-279.9589273129193
4190.5,-179.63550422574673,-280.2789020084281
4191.0,-180.0195364732938,-280.5990779881212
4191.5,-180.40340670413886,-280.9194467252257
4192.0,-180.78710873646787,-281.24001568125703
4192.5,-181.17063279193655,-281.5607971222142
4193.0,-181.55396630947135,-281.88180608645393
4193.5,-181.9371187622847,-282.20303073367967
4194.0,-182.32009133436352,-282.5244694758563
4194.5,-182.70288521163965,-282.8461199281187
4195.0,-183.08548209451732,-283.1680032955882
4195.5,-183.46788691051736,-283.4901143788951
4196.0,-183.85009146253094,-283.8124641187486
4196.5,-184.2320936490397,-284.1350549320764
4197.0,-184.61387586689787,-284.45790763220754
4197.5,-184.99544810672106,-284.781009183528
4198.0,-185.37679859279442,-285.1043730928054
4198.5,-185.75791473042523,-285.4280142040486
4199.0,-186.13876213760122,-285.7519728180504
4199.5,-186.51934155955303,-286.07624767669864
4200.0,-186.89964832935036,-286.40084346971315
4200.5,-187.2796722221996,-286.7257713003639
4201.0,-187.65938672781985,-287.0510608549375
4201.5,-188.03878928352967,-287.3767143548227
4202.0,-188.41787245090603,-287.7027393164401
4202.5,-188.79662261055856,-288.02915041919914
4203.0,-189.1749947263384,-288.35599884544905
4203.5,-189.55298550672097,-288.6832873227629
4204.0,-189.93056779046097,-289.01104682481184
4204.5,-190.30771336161044,-289.3393092564376
4205.0,-190.68437785280008,-289.66812478339705
4205.5,-191.06056679681484,-289.99748525734435
4206.0,-191.43628722854265,-290.3273805601788
4206.5,-191.8115247941375,-290.65782542668023
4207.0,-192.18622822644642,-290.9888770328098
4207.5,-192.56038500619408,-291.3205476056058
4208.0,-192.9340127118347,-291.65281474988
4208.5,-193.3071143262318,-291.98567297341555
4209.0,-193.67970059358666,-292.31910782295114
4209.5,-194.05174974158533,-292.653141268963
4210.0,-194.42325949423417,-292.9877739625762
4210.5,-194.79419259270662,-293.3230456160025
4211.0,-195.16452780999296,-293.65897747885816
4211.5,-195.53421161284217,-293.9956261810075
4212.0,-195.9032691549682,-294.33296090797853
4212.5,-196.27170759160168,-294.6709709228839
4213.0,-196.63952207233677,-295.0096585315594
4213.5,-197.00669976404518,-295.3490345477457
4214.0,-197.37317243122786,-295.6891700025945
4214.5,-197.7389563958273,-296.0300447356179
4215.0,-198.1040400519765,-296.37166805244124
4215.5,-198.46839631740045,-296.71406648572474
4216.0,-198.83199104418063,-297.0572734113928
4216.5,-199.19480366329233,-297.40130635081687
4217.0,-199.55682709825288,-297.74616965356006
4217.5,-199.91802439595548,-298.0918987770227
4218.0,-200.27836518287063,-298.43852147412025
4218.5,-200.63780554223794,-298.78607887312677
4219.0,-200.99632209035167,-299.1345894965458
4219.5,-201.35394344750551,-299.48401833083204
4220.0,-201.71062584598852,-299.8344049364602
4220.5,-202.06629893699198,-300.18581608094144
4221.0,-202.42085554027452,-300.53835489917515
4221.5,-202.77414641518894,-300.89216347088944
4222.0,-203.12617546393437,-301.24722824592106
4222.5,-203.47687969825154,-301.603601902899
4223.0,-203.82616037473775,-301.96137116788185
4223.5,-204.17390988736523,-302.32062948105755
4224.0,-204.51991992346197,-302.6815645425928
4224.5,-204.8640590216599,-303.0442849288594
4225.0,-205.20629130226922,-303.4088056371003
4225.5,-205.5465471127064,-303.7751723197819
4226.0,-205.88471505774015,-304.1434674659721
4226.5,-206.2207285558754,-304.5137296953593
4227.0,-206.5544134847558,-304.88609180740724
4227.5,-206.88562568404265,-305.2606542498256
4228.0,-207.21427554929267,-305.6374658495797
4228.5,-207.54018958160952,-306.01664493980417
4229.0,-207.8631655727186,-306.3983280434719
4229.5,-208.18308233453854,-306.78257741011754
4230.0,-208.4998075747855,-307.1694602961244
4230.5,-208.81307670880412,-307.5591438540055
4231.0,-209.12283818012682,-307.9516169337818
4231.5,-209.42900283186376,-308.3468977179253
4232.0,-209.73154400810236,-308.74495404315314
4232.5,-210.0304825416941,-309.1457189005247
4233.0,-210.32585040136135,-309.5491195882382
4233.5,-210.61761643453315,-309.9551296930472
4234.0,-210.90551830264062,-310.3638831743127
4234.5,-211.18960106052972,-310.7752929351618
4235.0,-211.46984573872243,-311.18932012709024
4235.5,-211.74622372142446,-311.6059332886841
4236.0,-212.0187073830434,-312.02510092176834
4236.5,-212.28719447261213,-312.4468378455557
4237.0,-212.55155099338512,-312.871174506621
4237.5,-212.81169268269116,-313.29810739971913
4238.0,-213.06754576335828,-313.72762366001837
4238.5,-213.31910632659833,-314.159667509611
4239.0,-213.56654058324932,-314.5940868912481
4239.5,-213.8097973673779,-315.0308566262459
4240.0,-214.04884398323435,-315.4699427757016
4240.5,-214.28382254083948,-315.9112207563946
4241.0,-214.514942003771,-316.3545382000778
4241.5,-214.74232630458428,-316.7997935278592
4242.0,-214.96600879554686,-317.24693115504516
4242.5,-215.18579155891544,-317.6960079692754
4243.0,-215.40138429438556,-318.1471178298454
4243.5,-215.6123032410975,-318.6004347336794
4244.0,-215.8182399512308,-319.05603740068386
4244.5,-216.01888957349448,-319.51399216121524
4245.0,-216.21389505236198,-319.97437556086203
4245.5,-216.40298759884976,-320.4372141947441
4246.0,-216.5860472298523,-320.9024661367399
4246.5,-216.76312998637982,-321.3700205975903
4247.0,-216.93442155219046,-321.8397244719722
4247.5,-217.09999838124372,-322.31147108947795
4248.0,-217.25986178554083,-322.7851814338606
4248.5,-217.41410662023483,-323.26074787234376
4249.0,-217.5629730230594,-323.73802371185974
4249.5,-217.70675941434607,-324.2168550653758
4250.0,-217.84582503582303,-324.69708203986755
4250.5,-217.98035830988889,-325.17860332081636
4251.0,-218.11038612134834,-325.66136486354685
4251.5,-218.2360382232446,-326.14528796694736
4252.0,-218.35747875795406,-326.63028989737927
4252.5,-218.4748762949442,-327.1162913429477
4253.0,-218.58838611237815,-327.60322048765016
4253.5,-218.6981101383784,-328.0910209851705
4254.0,-218.8038892038422,-328.57969441541934
4254.5,-218.90563325573655,-329.0692249040637
4255.0,-219.00339700572135,-329.55956640861575
4255.5,-219.0972355826976,-330.0506744244643
4256.0,-219.18715077571238,-330.54251574840384
4256.5,-219.27312887616094,-331.03506004060057
4257.0,-219.35514887389306,-331.52827803107806
4257.5,-219.43329807399672,-332.02212372857883
4258.0,-219.50776900848794,-332.516537572982
4258.5,-219.57866352999494,-333.0114770635578
4259.0,-219.64599694292875,-333.5069128605352
4259.5,-219.70976740289612,-334.002818177038
4260.0,-219.7700187289445,-334.49916083711435
4260.5,-219.82690509998176,-334.9958986663418
4261.0,-219.8806118544529,-335.49299052721466
4261.5,-219.93116229450436,-335.9904145654724
4262.0,-219.97855506928292,-336.48815164942073
4262.5,-220.02277745920188,-336.98618274459113
4263.0,-220.06374578285062,-337.48449397828716
4263.5,-220.10142908842835,-337.98306597823665
4264.0,-220.13575485068336,-338.48188118907063
4264.5,-220.16661322558838,-338.98092294607784
4265.0,-220.19398724321903,-339.48016778123963
4265.5,-220.21786572349433,-339.9795915435531
4266.0,-220.23828617255464,-340.47916837088303
4266.5,-220.2552298728511,-340.9788749402407
4267.0,-220.2686139996386,-341.47868899650507
4267.5,-220.2783687924623,-341.9785865066176
4268.0,-220.28448180508795,-342.478541206533
4268.5,-220.28696658541955,-342.97852654037456
4269.0,-220.28583259436982,-343.47851571183674
4269.5,-220.28106601097818,-343.9784814398077
4270.0,-220.27279632018278,-344.4783999293127
4270.5,-220.26124998536812,-344.9782535373974
4271.0,-220.24650264637538,-345.47802388513514
4271.5,-220.22868294494594,-345.97769642893223
4272.0,-220.20780776837512,-346.4772530853365
4272.5,-220.1837958175782,-346.9766707525656
4273.0,-220.15665769643792,-347.475930154878
4273.5,-220.12624280795987,-347.97500186068686
4274.0,-220.0923558132429,-348.4738505357216
4274.5,-220.05498623444316,-348.97245038539694
4275.0,-220.0141158345129,-349.47077345965386
4275.5,-219.96949451114926,-349.9687698083927
4276.0,-219.9209727298382,-350.4663929651964
4276.5,-219.86810129664497,-350.9635636579849
4277.0,-219.8097595953547,-351.46011609559497
4277.5,-219.7449872806018,-351.95587029597334
4278.0,-219.6730701671049,-352.4506426051656
4278.5,-219.5939072183491,-352.94431093190883
4279.0,-219.50779110146817,-353.4368140989034
4279.5,-219.4147714130757,-353.92805791403
4280.0,-219.31465459950635,-354.41790132191016
4280.5,-219.2068857467614,-354.906117435285
4281.0,-219.09066808997093,-355.3923951065294
4281.5,-218.96591366201392,-355.8765575832612
4282.0,-218.83290176441432,-356.3585203520815
4282.5,-218.69195212521478,-356.8382246262111
4283.0,-218.5433861529781,-357.31562679795553
4283.5,-218.38728183096077,-357.7906179745432
4284.0,-218.22370904790284,-358.26308962041924
4284.5,-218.05265600109115,-358.73290224696507
4285.0,-217.87441705692117,-359.2000311268865
4285.5,-217.68907079096533,-359.6643803410145
4286.0,-217.4965237003285,-360.1257839744462
4286.5,-217.29637640345604,-360.58393900706176
4287.0,-217.08764110136235,-361.0382454889634
4287.5,-216.8701690284436,-361.4884380746244
4288.0,-216.6436053019383,-361.9341316559216
4288.5,-216.407969277591,-362.3751051519917
4289.0,-216.16313111082962,-362.81104232546477
4289.5,-215.90972419789512,-363.24205712640367
4290.0,-215.6483982155573,-363.66831755308635
4290.5,-215.3794946148868,-364.08984096122845
4291.0,-215.10292047603588,-364.5063707894172
4291.5,-214.81901694345387,-364.91793756318776
4292.0,-214.5278699601753,-365.32441272519566
4292.5,-214.22942772674529,-365.7255612294473
4293.0,-213.92382397749054,-366.1212792248439
4293.5,-213.6113406787843,-366.51158581032433
4294.0,-213.29185843237445,-366.89618226536015
4294.5,-212.96499889554522,-367.27452767945925
4295.0,-212.6308220330147,-367.6464277958789
4295.5,-212.28914629508424,-368.01145329593055
4296.0,-211.94019983199317,-368.3695352365028
4296.5,-211.58427720100897,-368.7206866031958
4297.0,-211.22113318490793,-369.0643652462862
4297.5,-210.85125567156007,-369.40078536936426
4298.0,-210.47442405920472,-369.72939760858344
4298.5,-210.09070452328717,-370.0499415323059
4299.0,-209.70045713255914,-370.3625052880731
4299.5,-209.30357307419354,-370.6665979207788
4300.0,-208.90073015271773,-370.9627510368316
4300.5,-208.4918049535158,-371.2504468269067
4301.0,-208.07724770590744,-371.52996576466535
4301.5,-207.65698561594013,-371.8008311106134
4302.0,-207.23135336676697,-372.0631782728136
4302.5,-206.80027812190622,-372.3164799427752
4303.0,-206.3638197199562,-372.5603871185375
4303.5,-205.9218020741985,-372.79406156942554
4304.0,-205.4745533132332,-373.0175568363058
4304.5,-205.0220983179564,-373.2303057432638
4305.0,-204.56509493415453,-373.4331018894231
4305.5,-204.10362598124613,-373.6255244190993
4306.0,-203.63817781945193,-373.80811084483895
4306.5,-203.16866915416205,-373.97998997292245
4307.0,-202.69539788360404,-374.1412139931746
4307.5,-202.2185204544459,-374.2914398080194
4308.0,-201.73814983087524,-374.43008354922836
4308.5,-201.25463450188315,-374.55731462584873
4309.0,-200.76806623814872,-374.6723125911448
4309.5,-200.27874223304974,-374.7749236568965
4310.0,-199.78705674581647,-374.8655485526465
4310.5,-199.2933142734089,-374.9442278621168
4311.0,-198.79787481148753,-375.0114115002229
4311.5,-198.30095458888718,-375.0665926146136
4312.0,-197.80275957928717,-375.1087305734018
4312.5,-197.3035967345162,-375.1370621567346
4313.0,-196.80384817119207,-375.15147298380316
4313.5,-196.30389520720541,-375.15216015047486
4314.0,-195.80409494470368,-375.1396623011133
4314.5,-195.30475564954654,-375.114731253662
4315.0,-194.8061641271418,-375.07767356730676
4315.5,-194.30867554124558,-375.02792461640763
4316.0,-193.81273485367942,-374.9645842505733
4316.5,-193.3188567415349,-374.8868108620805
4317.0,-192.82735752432933,-374.7952250764496
4317.5,-192.33859641240144,-374.6900166192719
4318.0,-191.85287593494715,-374.5715464317421
4318.5,-191.37048226238093,-374.44016117707423
4319.0,-190.8916661750453,-374.2962545688803
4319.5,-190.41669521357906,-374.1400991174451
4320.0,-189.94605632470754,-373.97133205237225
4320.5,-189.48061929622457,-373.78872366126006
4321.0,-189.02087704295164,-373.5922290826662
4321.5,-188.56673115732366,-373.38313008103756
4322.0,-188.11751581708307,-373.16362821089643
4322.5,-187.6726927850593,-372.9353421649366
4323.0,-187.23223040993247,-372.6987425005555
4323.5,-186.79635986678352,-372.45378475634936
4324.0,-186.364818142849,-372.20127776337154
4324.5,-185.9368306403735,-371.94279071302503
4325.0,-185.51166847084693,-371.67967885996023
4325.5,-185.0886944538274,-371.41306089061555
4326.0,-184.66763681530296,-371.1434249692886
4326.5,-184.24822359817819,-370.87123695997946
4327.0,-183.83007766041607,-370.5971074716117
4327.5,-183.41292460176402,-370.3214674978219
4328.0,-182.9965958659045,-370.0445793290242
4328.5,-182.580983118959,-369.76661497207976
4329.0,-182.16598073259303,-369.4877397876953
4329.5,-181.7514218139657,-369.2082065440389
4330.0,-181.33711913346923,-368.92829461789984
4330.5,-180.92290076874133,-368.6482581820595
4331.0,-180.5086003038468,-368.36834369886355
4331.5,-180.09408581077284,-368.08874553984026
4332.0,-179.67926576214893,-367.8095999991048
4332.5,-179.26406654567936,-367.53101791046697
4333.0,-178.8484210986125,-367.25310121592486
4333.5,-178.4322451759168,-366.9759804869421
4334.0,-178.01554544403436,-366.699650524182
4334.5,-177.5983533325188,-366.4240666297664
4335.0,-177.18069866668273,-366.1491834919372
4335.5,-176.7626070950475,-365.8749630071351
4336.0,-176.34408371484557,-365.60140016754883
4336.5,-175.92510567967335,-365.3285344688323
4337.0,-175.50569724212647,-365.0563324766527
4337.5,-175.0858839534651,-364.7847578999489
4338.0,-174.66567232963314,-364.5138020774419
4338.5,-174.24509942092553,-364.24340780924
4339.0,-173.82415414506278,-363.9735937761453
4339.5,-173.402862004461,-363.704320601252
4340.0,-172.9812228451272,-363.43558944419993
4340.5,-172.55924825538577,-363.16738443150285
4341.0,-172.13693351334757,-362.89971637335447
4341.5,-171.71429761877874,-362.6325586424351
4342.0,-171.29136244907593,-362.365879276847
4342.5,-170.8681689790373,-362.09961088075534
4343.0,-170.44474054073964,-361.83371360687823
4343.5,-170.0211101036504,-361.568134825595
4344.0,-169.59728621679366,-361.3028633513864
4344.5,-169.17331043099335,-361.03783536492824
4345.0,-168.74920238874893,-360.77302086990653
4345.5,-168.3249859321546,-360.5083829456752
4346.0,-167.900685740045,-360.2438799028302
4346.5,-167.47631366074592,-359.9794900562886
4347.0,-167.05189811858446,-359.71516912620353
4347.5,-166.62738670414214,-359.4510011323825
4348.0,-166.20278104871952,-359.18698288818376
4348.5,-165.77811996902892,-358.9230524404873
4349.0,-165.35343984081302,-358.6591521328359
4349.5,-164.92876665396426,-358.3952406557614
4350.0,-164.50411669206744,-358.13129242745265
4350.5,-164.07949376033338,-357.8673020886281
4351.0,-163.6549016117167,-357.6032640253566
4351.5,-163.23034126680676,-357.33917363061255
4352.0,-162.8058107410647,-357.075033045659
4352.5,-162.38131095813134,-356.810841363584
4353.0,-161.95683782832214,-356.5466060664307
4353.5,-161.53239484254374,-356.2823233241415
4354.0,-161.10798936846905,-356.0179830090015
4354.5,-160.68362408524163,-355.75358093607116
4355.0,-160.25929275422206,-355.4891250693989
4355.5,-159.83499871685706,-355.2246083723982
4356.0,-159.41073959248178,-354.96003442201794
4356.5,-158.98651166084522,-354.69541074376576
4357.0,-158.5623106661096,-354.43074512934976
4357.5,-158.13813362395925,-354.1660413626668
4358.0,-157.71398308730846,-353.90129462554444
4358.5,-157.2898554037608,-353.6365100358401
4359.0,-156.86575041244055,-353.3716881274758
4359.5,-156.44166711760204,-353.1068319767403
4360.0,-156.01759421535584,-352.8419600081983
4360.5,-155.59353486795047,-352.57706580074444
4361.0,-155.16948918815095,-352.3121486584117
4361.5,-154.7454538582215,-352.0472140394503
4362.0,-154.32143144990198,-351.7822586285488
4362.5,-153.89742045850085,-351.51728477178034
4363.0,-153.47341280492168,-351.252305266187
4363.5,-153.04940665252207,-350.98732332053305
4364.0,-152.62540060388702,-350.7223416554345
4364.5,-152.2013917090864,-350.4573649182014
4365.0,-151.77738022751979,-350.1923940052372
4365.5,-151.35335917864188,-349.92743969117157
4366.0,-150.9293212611251,-349.6625122282596
4366.5,-150.505257011617,-349.3976265276307
4367.0,-150.0811637843844,-349.1327875744961
4367.5,-149.6570460323034,-348.8679871700624
4368.0,-149.23290515017325,-348.6032232382179
4368.5,-148.80874275292615,-348.3384933838432
4369.0,-148.38456538258305,-348.07378751809654
4369.5,-147.9603736101053,-347.80910476150353
4370.0,-147.5361683890636,-347.54444510314005
4370.5,-147.11195427633294,-347.2798006154223
4371.0,-146.68773438332246,-347.0151658471586
4371.5,-146.2635046810095,-346.7505459406703
4372.0,-145.83926758734725,-346.48593759240725
4372.5,-145.41502529053673,-346.2213371237728
4373.0,-144.99077752443196,-345.9567450054017
4373.5,-144.56652462521222,-345.6921608615331
4374.0,-144.1422707575001,-345.427578613575
4374.5,-143.71801779784195,-345.1629946120204
4375.0,-143.29377025122525,-344.8984017266893
4375.5,-142.8695314664219,-344.63379405562966
4376.0,-142.44530054916672,-344.36917342779674
4376.5,-142.02107648953438,-344.10454100964216
4377.0,-141.59685859101862,-343.839898365845
4377.5,-141.1726476127374,-343.57524416349804
4378.0,-140.7484467968701,-343.3105732845396
4378.5,-140.32425674486376,-343.04588488805007
4379.0,-139.90008153990416,-342.78117313248816
4379.5,-139.47592097070554,-342.516438345546
4380.0,-139.0517761689991,-342.25167880632324
4380.5,-138.62764535168102,-341.98689711296595
4381.0,-138.20353205146617,-341.7220874713538
4381.5,-137.77943032778583,-341.45725958685784
4382.0,-137.35533999497108,-341.19241353879534
4382.5,-136.93125839333854,-340.9275535355187
4383.0,-136.50718730359247,-340.66267702316446
4383.5,-136.08312382487915,-340.3977884575376
4384.0,-135.65906759331793,-340.13288866656654
4384.5,-135.23501796638718,-339.8679789455348
4385.0,-134.8109749717733,-339.6030585850274
4385.5,-134.3869393495648,-339.3381260884913
4386.0,-133.96291120089057,-339.0731812676959
4386.5,-133.53888796671615,-338.80822791063093
4387.0,-133.11487214735243,-338.5432624506015
4387.5,-132.69086604735776,-338.2782815909975
4388.0,-132.26686748643596,-338.0132889772468
4388.5,-131.84287677965844,-337.74828331411095
4389.0,-131.41888802011235,-337.48327401278794
4389.5,-130.99489498695874,-337.2182710965265
4390.0,-130.57089344293578,-336.95328185024306
4390.5,-130.1468840566955,-336.6883054331698
4391.0,-129.7228669312733,-336.4233415504139
4391.5,-129.2988409786778,-336.15839140326545
4392.0,-128.87479925099373,-335.89346555939494
4392.5,-128.45073547891676,-335.6285741706764
4393.0,-128.02664857550874,-335.3637194769154
4393.5,-127.60253218801653,-335.09891251151646
4394.0,-127.17839212352592,-334.83414392627344
4394.5,-126.75423353302033,-334.5694053931
4395.0,-126.33005577652547,-334.3046976995746
4395.5,-125.9058612776513,-334.0400169510067
4396.0,-125.48164679470707,-333.77536859086337
4396.5,-125.05741445578192,-333.5107501304781
4397.0,-124.63316760699396,-333.2461569830251
4397.5,-124.2089065569937,-332.9815894991022
4398.0,-123.78463401162826,-332.71704255243844
4398.5,-123.36035023398878,-332.4525153525803
4399.0,-122.93605614266964,-332.18800580611554
4399.5,-122.5117558156927,-331.92350701141567
4400.0,-122.08745034909211,-331.6590173010725
4400.5,-121.66314056048616,-331.3945353630484
4401.0,-121.23882808053767,-331.13005770226306
4401.5,-120.81451381704046,-330.8655818096901
4402.0,-120.39020219720386,-330.6010992252162
4402.5,-119.96589532977283,-330.33660635011125
4403.0,-119.54159254346622,-330.07210456517544
4403.5,-119.11729433375886,-329.80759334789616
4404.0,-118.69300023901795,-329.5430742673323
4404.5,-118.26870826709985,-329.27855035795113
4405.0,-117.84441810318478,-329.0140218991474
4405.5,-117.42012457921561,-328.7494975880279
4406.0,-116.99582373912794,-328.4849842892262
4406.5,-116.57151145821634,-328.22048880880465
4407.0,-116.14718732187342,-327.9560120871896
4407.5,-115.72285134279322,-327.69155407447624
4408.0,-115.29849915916851,-327.4271218175415
4408.5,-114.87412837745204,-327.1627195680982
4409.0,-114.44974937825813,-326.89833135379064
4409.5,-114.02536722994783,-326.6339495194506
4410.0,-113.60098316814972,-326.3695721287432
4410.5,-113.17660124034516,-326.1051923557648
4411.0,-112.75222380572899,-325.840805667613
4411.5,-112.32785071745886,-325.5764127746416
4412.0,-111.90347468253161,-325.3120265918624
4412.5,-111.47908523541801,-325.04766530980703
4413.0,-111.05468416471523,-324.78332608919595
4413.5,-110.6302728451516,-324.5190067024934
4414.0,-110.20584908185214,-324.25471043506593
4414.5,-109.78140644396298,-323.9904476366381
4415.0,-109.35694424818601,-323.72621838423134
4415.5,-108.93246099906055,-323.46202367735583
4416.0,-108.50795515579917,-323.1978651157853
4416.5,-108.08342716204194,-322.9337411373593
4417.0,-107.65887900020509,-322.6696481919318
4417.5,-107.23431580989374,-322.40557841236216
4418.0,-106.80974056464171,-322.14152696362254
4418.5,-106.38515622321542,-321.877488662449
4419.0,-105.96056485555654,-321.6134600127893
4419.5,-105.53596595613423,-321.3494414392793
4420.0,-105.11135832119162,-321.08543452869696
4420.5,-104.68674171153057,-320.82144022960784
4421.0,-104.2621152252914,-320.55746098920184
4421.5,-103.83747645534987,-320.29350145009215
4422.0,-103.41282469394507,-320.02956400069115
4422.5,-102.98816345762444,-319.76564336562024
4423.0,-102.56349645928726,-319.5017335782133
4423.5,-102.1388259839414,-319.23783114850124
4424.0,-101.71415440646919,-318.97393246196214
4424.5,-101.28948594333389,-318.710031188135
4425.0,-100.86482557638216,-318.44611922514076
4425.5,-100.44017645920094,-318.1821918211049
4426.0,-100.01554032747568,-317.9182462499522
4426.5,-99.59091829799719,-317.6542805191886
4427.0,-99.16631122050474,-317.39029264559247
4427.5,-98.74172009941599,-317.12628093825185
4428.0,-98.31714130781062,-316.86225019091097
4428.5,-97.89257312605693,-316.5982026367376
4429.0,-97.46801429896558,-316.33414038338435
4429.5,-97.04346204831218,-316.0700675563546
4430.0,-96.61891374904674,-315.80598939793816
4430.5,-96.19436616778168,-315.54191133563006
4431.0,-95.76981434168654,-315.27784070558795
4431.5,-95.34525749283449,-315.01377897411203
4432.0,-94.92069436576932,-314.74972774636495
4432.5,-94.49612298654178,-314.4856901747231
4433.0,-94.07154188106935,-314.2216692098834
4433.5,-93.64695019575153,-313.95766699031935
4434.0,-93.22234569604147,-313.6936872555654
4434.5,-92.79772563351702,-313.42973463154743
4435.0,-92.3730922778918,-313.16580487905213
4435.5,-91.9484445253635,-312.9018991632588
4436.0,-91.52378102837628,-312.6380194871705
4436.5,-91.099099298056,-312.37417016745565
4437.0,-90.67439680428217,-312.11035562714056
4437.5,-90.2496707241909,-311.8465805415608
4438.0,-89.82491985408795,-311.582847675584
4438.5,-89.40014339480302,-311.31915768275394
4439.0,-88.97533985989146,-311.0555140485936
4439.5,-88.55050589004634,-310.79192288301823
4440.0,-88.12563853098402,-310.52838852302426
4440.5,-87.70073391730331,-310.26491651692993
4441.0,-87.27578915903402,-310.0015119831157
4441.5,-86.85080152810143,-309.7381790928095
4442.0,-86.42576356241301,-309.47492904708895
4442.5,-86.00067267474283,-309.21176692788583
4443.0,-85.5755256674988,-308.9486983452197
4443.5,-85.15032019935116,-308.6857274174852
4444.0,-84.72505385323998,-308.42285768842305
4444.5,-84.29972360407515,-308.1600933562867
4445.0,-83.87432524826501,-307.8974400215962
4445.5,-83.44885388657828,-307.63490447999203
4446.0,-83.02330191002453,-307.3724999627724
4446.5,-82.5976606875715,-307.1102427123155
4447.0,-82.17193135257168,-306.8481308632034
4447.5,-81.7461138399587,-306.5861646857636
4448.0,-81.32020721117968,-306.32434522669143
4448.5,-80.89420968121982,-306.06267557295536
4449.0,-80.46811923758861,-305.8011593706003
4449.5,-80.04193460854603,-305.5397996328164
4450.0,-79.61565540499852,-305.278596995944
4450.5,-79.18927866364646,-305.0175555087704
4451.0,-78.76280923962796,-304.75666575584296
4451.5,-78.33624882882144,-304.49592439860743
4452.0,-77.90959680537206,-304.23533188153215
4452.5,-77.48285215102388,-303.97489065530414
4453.0,-77.05601506617366,-303.7146003517802
4453.5,-76.62908494908338,-303.4544615401326
4454.0,-76.20205560808304,-303.19448396668844
4454.5,-75.774925031535,-302.9346709256291
4455.0,-75.34769286330845,-302.67502441908215
4455.5,-74.92035450786612,-302.4155523094199
4456.0,-74.49290531285874,-302.1562623823966
4456.5,-74.06533825266592,-301.897167150267
4457.0,-73.63764760610205,-301.6382762964682
4457.5,-73.20982640526363,-301.37960084298186
4458.0,-72.7818530381121,-301.12117834843724
4458.5,-72.35373338692557,-300.8629999422789
4459.0,-71.92545987559257,-300.60507750870244
4459.5,-71.49702766731428,-300.34741944583476
4460.0,-71.06843061942726,-300.0900364731392
4460.5,-70.6396633447074,-299.83293733989956
4461.0,-70.2107187559194,-299.5761337922776
4461.5,-69.78156917598511,-299.3196741506008
4462.0,-69.35222313146032,-299.06354495525056
4462.5,-68.92267818093138,-298.80775026440585
4463.0,-68.4929294222797,-298.55229819105745
4463.5,-68.06297172736473,-298.29719735302257
4464.0,-67.63280047238634,-298.042455802065
4464.5,-67.20240713979152,-297.788089506957
4465.0,-66.77176030109065,-297.5341534850893
4465.5,-66.34088359961798,-297.2806084228827
4466.0,-65.90977675463715,-297.02745534792416
4466.5,-65.47844099944989,-296.7746915837149
4467.0,-65.04687481602873,-296.5223198924108
4467.5,-64.61507454735509,-296.27034753288183
4468.0,-64.18302649662431,-296.01879783180084
4468.5,-63.75071982494372,-295.76768972540947
4469.0,-63.318165005504575,-295.5170069392541
4469.5,-62.88535288911283,-295.2667661700625
4470.0,-62.452274105789776,-295.0169855752578
4470.5,-62.01891762584435,-294.76768565510315
4471.0,-61.58527316254392,-294.5188866765268
4471.5,-61.15128710864347,-294.270684659494
4472.0,-60.71698447192095,-294.02303861727665
4472.5,-60.28235260113006,-293.7759730223546
4473.0,-59.84738232569588,-293.52950617375984
4473.5,-59.41205932979985,-293.28366590349543
4474.0,-58.976368344160115,-293.03848277530255
4474.5,-58.540260998320406,-292.79404626595766
4475.0,-58.10375968254387,-292.5503181772027
4475.5,-57.666869355027416,-292.3072908463383
4476.0,-57.22958533513426,-292.0649733047849
4476.5,-56.79189525839108,-291.82339001920604
4477.0,-56.35377940972179,-291.58258112692397
4477.5,-55.915178781392925,-291.3426574458477
4478.0,-55.47611537558097,-291.1035809297466
4478.5,-55.03658731813023,-290.8653589714295
4479.0,-54.5965765884268,-290.6280281174428
4479.5,-54.15605912786897,-290.39163747865337
4480.0,-53.71500636286415,-290.1562466203464
4480.5,-53.273321089528416,-289.92204554929253
4481.0,-52.83104936574393,-289.68895499962827
4481.5,-52.38817520564886,-289.45701222559603
4482.0,-51.94468926378945,-289.2262411244631
4482.5,-51.50059055732502,-288.99665015875166
4483.0,-51.05584133187239,-288.76831960303565
4483.5,-50.61040995800447,-288.54131909416674
4484.0,-50.16433774709776,-288.31557678151245
4484.5,-49.71761780885777,-288.0911147259685
4485.0,-49.270234699996244,-287.8679732082721
4485.5,-48.82216745107961,-287.6462044213516
4486.0,-48.37329637633241,-287.42606342664317
4486.5,-47.92367141590946,-287.2074636690019
4487.0,-47.47329931153671,-286.9904030928712
4487.5,-47.02217343172976,-286.774907598416
4488.0,-46.570273741588046,-286.56103324076577
4488.5,-46.11750143659413,-286.34900742235243
4489.0,-45.66380224579805,-286.1389712438032
4489.5,-45.20919965457256,-285.9309001233772
4490.0,-44.75370577782717,-285.7247886713573
4490.5,-44.29734236251845,-285.52060858264326
4491.0,-43.84008152996737,-285.3184438258676
4491.5,-43.38192034376837,-285.11832485770344
4492.0,-42.92293405266106,-284.920101809671
4492.5,-42.46312239761885,-284.72379730325844
4493.0,-42.00248077999042,-284.5294446066415
4493.5,-41.54095904172672,-284.3371869790402
4494.0,-41.078487106998566,-284.14722363904707
4494.5,-40.61512882966658,-283.95943272389684
4495.0,-40.15088894217802,-283.7738319768883
4495.5,-39.68575760577692,-283.59047620864743
4496.0,-39.219655306800966,-283.409604481549
4496.5,-38.752548286316,-283.2313470583968
4497.0,-38.28448474729941,-283.05562226144633
4497.5,-37.81544286175877,-282.8825338725816
4498.0,-37.34541508693775,-282.71215010533604
4498.5,-36.87431659359652,-282.54476208421164
4499.0,-36.40221819486619,-282.38022791098774
4499.5,-35.929204215184235,-282.21835571540396
4500.0,-35.455324755147274,-282.0590414677567
4500.5,-34.98062610906089,-281.9021865173093
4501.0,-34.50505648907881,-281.7479891221648
4501.5,-34.02876422344244,-281.59603276310474
4502.0,-33.55177170397637,-281.4462793003109
4502.5,-33.07410886599404,-281.29866544764246
4503.0,-32.59574820483985,-281.15331495661127
4503.5,-32.11671378706851,-281.01018666334954
4504.0,-31.637045643069772,-280.86918315150285
4504.5,-31.15673006319715,-280.7303895726432
4505.0,-30.675736988905133,-280.5939519069271
4505.5,-30.193959748795372,-280.46030400537734
4506.0,-29.71145174073875,-280.32932128639544
4506.5,-29.228176116672607,-280.20120625355395
4507.0,-28.74410987497207,-280.0761218325219
4507.5,-28.259138578817442,-279.95461456829025
4508.0,-27.773360774576986,-279.8363963545167
4508.5,-27.286826895052066,-279.721352510974
4509.0,-26.799559538088676,-279.6094764585305
4509.5,-26.31151856971276,-279.5010487558409
4510.0,-25.822793984011458,-279.39576484809066
4510.5,-25.333470866131663,-279.2933081347583
4511.0,-24.843598775465566,-279.19350642582566
4511.5,-24.35317662411479,-279.0964308243751
4512.0,-23.862240693916917,-279.00196773101527
4512.5,-23.37083413027717,-278.90996855240223
4513.0,-22.878963199406744,-278.82046977482906
4513.5,-22.386587434631142,-278.7337770125906
4514.0,-21.893725978722433,-278.64987840393127
4514.5,-21.40042248092559,-278.5686084207599
4515.0,-20.90668272647414,-278.4900232763701
4515.5,-20.41245791061826,-278.4145487435372
4516.0,-19.91775642750476,-278.34227767730493
4516.5,-19.42260659407223,-278.2731690891246
4517.0,-18.927015609459463,-278.20732941201277
4517.5,-18.430948926684803,-278.14522284684205
4518.0,-17.9344752083705,-278.0865059478936
4518.5,-17.43764494341202,-278.03092367804317
4519.0,-16.940486237765615,-277.97838399827543
4519.5,-16.442980711533828,-277.9292576724268
4520.0,-15.945204979550835,-277.88295939492724
4520.5,-15.447181101895179,-277.83941081091416
4521.0,-14.948919359595436,-277.7986626117227
4521.5,-14.450418761924798,-277.760928164378
4522.0,-13.951724566853093,-277.7258237987226
4522.5,-13.452850994759297,-277.69333625954465
4523.0,-12.953798375912372,-277.663685125003
4523.5,-12.454584613625782,-277.6368344250054
4524.0,-11.95523401197214,-277.6126345855389
4524.5,-11.45575738039139,-277.5911722170792
4525.0,-10.956152662920353,-277.5729496083406
4525.5,-10.456453048121617,-277.5575933042636
4526.0,-9.956675792961681,-277.54507146073223
4526.5,-9.456834319310511,-277.5355189231379
4527.0,-8.956943839859417,-277.52915789480966
4527.5,-8.457027868033416,-277.52558369667105
4528.0,-7.957101499604031,-277.5247523251324
4528.5,-7.457181292353211,-277.5269283981955
4529.0,-6.957283758921867,-277.5319036442726
4529.5,-6.4574195271104005,-277.53943738411806
4530.0,-5.957598896944151,-277.54943812611276
4530.5,-5.4578406422142836,-277.5622109830708
4531.0,-4.958145144585699,-277.5772649422161
4531.5,-4.458521474316778,-277.594566115538
4532.0,-3.9589850849233374,-277.61424256915114
4532.5,-3.459551063062331,-277.6363732589159
4533.0,-2.9602177597630996,-277.66066077400313
4533.5,-2.4609908189009504,-277.6870418697185
4534.0,-1.9618892374743104,-277.7156967834846
4534.5,-1.4629109139890915,-277.74642134298716
4535.0,-0.9640554632623084,-277.77907820850885
4535.5,-0.46533273759608207,-277.81369024239984
4536.0,0.03322210590156034,-277.85059956445406
4536.5,0.5316284923737808,-277.889425256694
4537.0,1.029884405692587,-277.930112455826
4537.5,1.5279798177012307,-277.97269831115614
4538.0,2.0258979180637717,-278.0172878879194
4538.5,2.523657207374927,-278.06360223834497
4539.0,3.0212547094532898,-278.11161181665227
4539.5,3.518671610076829,-278.16144749785053
4540.0,4.015895524641768,-278.21315234784925
4540.5,4.512933729536523,-278.26659045171317
4541.0,5.0097835001220385,-278.32173392134297
4541.5,5.506423038045811,-278.37872993580334
4542.0,6.002854421614405,-278.4375156014124
4542.5,6.499078271267462,-278.49803334692444
4543.0,6.995075779260619,-278.5603716923095
4543.5,7.490802536733023,-278.6248069144174
4544.0,7.986275317115604,-278.69115565570957
4544.5,8.481504594874744,-278.75929534881703
4545.0,8.976484262760753,-278.82922712304725
4545.5,9.471172057653051,-278.90119764931006
4546.0,9.965579234676929,-278.97506715827626
4546.5,10.45970254302119,-279.050804615007
4547.0,10.953539374078954,-279.12838978749755
4547.5,11.447047111132695,-279.20805004781147
4548.0,11.940253519607237,-279.2895691729258
4548.5,12.433156062417945,-279.37292098691427
4549.0,12.925742734572939,-279.45813674178515
4549.5,13.417954946949937,-279.54550397769407
4550.0,13.909823844121068,-279.6347988766797
4550.5,14.401347072106034,-279.7259920102096
4551.0,14.892512309583964,-279.819107305756
4551.5,15.383257249928963,-279.9144252712521
4552.0,15.873611983762125,-280.01174079148325
4552.5,16.363568458391555,-280.1110471321529
4553.0,16.853112034011424,-280.2123734457512
4553.5,17.342170164683854,-280.31601825350276
4554.0,17.830770645518214,-280.4217946364103
4554.5,18.318925713856572,-280.5296050993328
4555.0,18.80663138953167,-280.63943295248123
4555.5,19.29381383957435,-280.7515567861396
4556.0,19.780499884179164,-280.865816089516
4556.5,20.266711218335704,-280.9820801700836
4557.0,20.752441133553788,-281.1003409210823
4557.5,21.237639414535916,-281.2207666672155
4558.0,21.72232815100424,-281.3432320031156
4558.5,22.20652923371906,-281.4676145895909
4559.0,22.690239313308698,-281.59389621283486
4559.5,23.173428074404455,-281.7221659058368
4560.0,23.65609205528265,-281.8524063242056
4560.5,24.13825733246632,-281.98448933361755
4561.0,24.619916041121545,-282.1184163324625
4561.5,25.101027964415536,-282.25430285326934
4562.0,25.581537112485478,-282.39231093414486
4562.5,26.06148608655348,-282.5322569782044
4563.0,26.540863751681663,-282.6741515170124
4563.5,27.01964764103492,-282.8180397902432
4564.0,27.49774347270205,-282.9641995995533
4564.5,27.975228076115997,-283.1123439233598
4565.0,28.452099318097513,-283.2624524292299
4565.5,28.92835319735498,-283.41451117556545
4566.0,29.403891440535872,-283.56879432026614
4566.5,29.878771367466012,-283.72509169255125
4567.0,30.352999186052877,-283.8833572760436
4567.5,30.826577978976,-284.0435564340658
4568.0,31.299448795445315,-284.205837859611
4568.5,31.771632249727123,-284.37011376344526
4569.0,32.24314755861769,-284.53630274864844
4569.5,32.71397435168389,-284.7044359561475
4570.0,33.18405543747413,-284.8746466945462
4570.5,33.65332395183828,-285.04708741350333
4571.0,34.121832693350896,-285.22158376808056
4571.5,34.58955507614847,-285.39817724220484
4572.0,35.05646469584157,-285.5769091967962
4572.5,35.522408699474504,-285.7581411735554
4573.0,35.9874824830203,-285.9415908021169
4573.5,36.45168351651337,-286.1272342909947
4574.0,36.91500633251438,-286.31505790432846
4574.5,37.37733694671513,-286.5053093004088
4575.0,37.83873949176053,-286.6977978623764
4575.5,38.299251068627676,-286.89240749586935
4576.0,38.758855771479645,-287.08915060076055
4576.5,39.21751845860551,-287.2880803028044
4577.0,39.67523523788816,-287.48918105943693
4577.5,40.13208122678302,-287.69225647820207
4578.0,40.588059014365875,-287.8972791182077
4578.5,41.04314258323572,-288.1042847574427
4579.0,41.497178580671566,-288.3135818678099
4579.5,41.950259488750966,-288.52494020152795
4580.0,42.40238032827412,-288.7383468901897
4580.5,42.85354033519343,-288.9537807036061
4581.0,43.30360561742373,-289.17149521986806
4581.5,43.75266302384826,-289.3912831441542
4582.0,44.200711726558694,-289.61312173798063
4582.5,44.647738819065694,-289.8370132310042
4583.0,45.09367690567516,-290.0630673997949
4583.5,45.538552048883055,-290.2912084810631
4584.0,45.98244271437105,-290.52126213814984
4584.5,46.425372088503856,-290.753164877191
4585.0,46.86729201590561,-290.9869886380012
4585.5,47.30810220883012,-291.22290089336656
4586.0,47.74791455458159,-291.46067018866995
4586.5,48.186712347392124,-291.700308907482
4587.0,48.62447159267514,-291.94184183237843
4587.5,49.061011413120134,-292.18557250204833
4588.0,49.49646114770966,-292.4312458624443
4588.5,49.93080225055672,-292.67887399096384
4589.0,50.363999153798154,-292.9284979231958
4589.5,50.795884170076405,-293.18038214140114
4590.0,51.22649386836569,-293.4344366067052
4590.5,51.65587731606103,-293.6905535996715
4591.0,52.084041752671205,-293.9486993893718
4591.5,52.51092333863212,-294.20895719046655
4592.0,52.936506709277424,-294.4713294313638
4592.5,53.36092964801252,-294.73557271217305
4593.0,53.78420457564406,-295.00164969111444
4593.5,54.20631966573152,-295.2695621833194
4594.0,54.62714540880977,-295.5394956599039
4594.5,55.046862176652354,-295.81115062967217
4595.0,55.46548869868477,-296.0844849570981
4595.5,55.883030906947475,-296.35947651303263
4596.0,56.299330858141886,-296.636349513182
4596.5,56.714474259795,-296.9149572288032
4597.0,57.128448785482014,-297.1953015958653
4597.5,57.54120936393074,-297.47743238500414
4598.0,57.95260954091041,-297.76154449417646
4598.5,58.36261875710854,-298.0476610218785
4599.0,58.771283662087875,-298.33569389403544
4599.5,59.178540115419054,-298.62571397934687
4600.0,59.584263110812884,-298.91787337971294
4600.5,59.98826999946299,-299.2123970414682
4601.0,60.39072872050892,-299.509027846512
4601.5,60.7916346745706,-299.8077498792817
4602.0,61.19096581727123,-300.1085700623048
4602.5,61.58845867809495,-300.4118093031459
4603.0,61.984340581513436,-300.7171428780798
4603.5,62.37861999107927,-301.0245374517746
4604.0,62.77134199358951,-301.33391588576075
4604.5,63.16239644001914,-301.64539794463957
4605.0,63.5518611370948,-301.95886421078876
4605.5,63.939762704700016,-302.2742601935757
4606.0,64.32604876375856,-302.5916298714303
4606.5,64.71058330499854,-302.9111157430807
4607.0,65.09337100529072,-303.23268961940255
4607.5,65.47459638852612,-303.5561136818286
4608.0,65.85427869141202,-303.8813489479055
4608.5,66.23234293511777,-304.2084643956269
4609.0,66.60852368688516,-304.5377427887796
4609.5,66.98303182479502,-304.8689207701626
4610.0,67.35588831763164,-305.2019562730698
4610.5,67.72709589597422,-305.5368288804861
4611.0,68.0963692055481,-305.8738326818468
4611.5,68.46388206106049,-306.21275310759205
4612.0,68.82965161181166,-306.5535529440159
4612.5,69.19368584038429,-306.89620524093687
4613.0,69.5558252808997,-307.24085991031575
4613.5,69.91616626556392,-307.587395910036
4614.0,70.27475250792115,-307.935748228921
4614.5,70.63152534444198,-308.2859571914871
4615.0,70.98630915777078,-308.6381803066355
4615.5,71.33905542458871,-308.9924431456783
4616.0,71.69000223201787,-309.34848847670384
4616.5,72.03915766833637,-309.7062921711066
4617.0,72.38645160117186,-310.0659049021308
4617.5,72.73169144262678,-310.4274917518279
4618.0,73.0750601952169,-310.79085533369926
4618.5,73.41650265348261,-311.15602936949506
4619.0,73.75601166967726,-311.5230020220931
4619.5,74.09326262537316,-311.8920508743455
4620.0,74.42854686566659,-312.2628868592853
4620.5,74.76183473208796,-312.6355175874364
4621.0,75.09307493735209,-313.0099690774477
4621.5,75.42192726185434,-313.38651670109056
4622.0,75.74856366105442,-313.7649845642353
4622.5,76.07306005855008,-314.1452856924398
4623.0,76.39544623871774,-314.52737576281146
4623.5,76.71554966333281,-314.91137959498866
4624.0,77.03349757236533,-315.2971703714149
4624.5,77.34944835264594,-315.6845993770786
4625.0,77.66340303983284,-316.073649000774
4625.5,77.97521066943732,-316.46442288849954
4626.0,78.28482369457082,-316.8569388225085
4626.5,78.59239732885219,-317.2510557818495
4627.0,78.89793239455352,-317.64675666935966
4627.5,79.2013523565674,-318.04408340150695
4628.0,79.50252718586889,-318.44311636301967
4628.5,79.80167096504584,-318.8436746007613
4629.0,80.09876890076261,-319.245753371158
4629.5,80.39377071957144,-319.6493733022161
4630.0,80.68649741694091,-320.0546469419208
4630.5,80.9773095792787,-320.4612976017839
4631.0,81.26626599045679,-320.86927141584755
4631.5,81.55341394460665,-321.2785224848133
4632.0,81.83849475577989,-321.68921863600724
4632.5,82.12179996899793,-322.10114252497516
4633.0,82.4033510129951,-322.51426769499557
4633.5,82.68321183721011,-322.9285411307234
4634.0,82.9612242489212,-323.34405903816554
4634.5,83.23760499329198,-323.76066515636137
4635.0,83.5124116113661,-324.17831225486674
4635.5,83.78566154754046,-324.5969800828339
4636.0,84.05726699480437,-325.0167164627758
4636.5,84.32739856342367,-325.4374032703487
4637.0,84.59621271481018,-325.85893398587234
4637.5,84.86376997618942,-326.2812647047223
4638.0,85.13004101584235,-326.7044089600012
4638.5,85.39503700765462,-327.1283540977774
4639.0,85.65890015690329,-327.5530064767432
4639.5,85.92166785010835,-327.97833931765643
4640.0,86.18335117538464,-328.4043422234984
4640.5,86.44381854853535,-328.83109158003856
4641.0,86.70321803117028,-329.25849236964336
4641.5,86.96155291343075,-329.68653869102616
4642.0,87.21883503690924,-330.11521985986803
4642.5,87.47497238080392,-330.5445877175578
4643.0,87.73002269758773,-330.97460393600346
4643.5,87.98402500661628,-331.40524123503917
4644.0,88.23696648070631,-331.83650353281814
4644.5,88.48880999341452,-332.2684089044076
4645.0,88.73946076884882,-332.7010087226372
4645.5,88.9890820411934,-333.13420517005045
4646.0,89.23768429629769,-333.567989248012
4646.5,89.4852528606479,-334.00236569167606
4647.0,89.73168783919601,-334.4373876105439
4647.5,89.97699197087792,-334.8730489729343
4648.0,90.22124560777475,-335.3093004516019
4648.5,90.46447321890356,-335.7461252438088
4649.0,90.70672005873695,-336.1834958836611
4649.5,90.94793655673574,-336.62143740467644
4650.0,91.18819990881079,-337.05990425333124
4650.5,91.42754280994704,-337.4988755618674
4651.0,91.66595769648664,-337.9383526348574
4651.5,91.9034324438811,-338.3783390538585
4652.0,92.13987882264625,-338.81887948955324
4652.5,92.3753673582442,-339.25993341529966
4653.0,92.6099464285037,-339.7014723693843
4653.5,92.84361583772612,-340.1434940730018
4654.0,93.07636690932222,-340.5860004182365
4654.5,93.30813152346317,-341.02902437507964
4655.0,93.53889565115036,-341.4725700605547
4655.5,93.76873059722658,-341.916597691056
4656.0,93.99765458229602,-342.361095572933
4656.5,94.22569437242919,-342.8060480303312
4657.0,94.45287454759695,-343.25144067181975
4657.5,94.67910789555272,-343.69731573454607
4658.0,94.90449835680873,-344.1436180424047
4658.5,95.12906946709798,-344.59033390090264
4659.0,95.35283156707303,-345.03745635078775
4659.5,95.57580499494766,-345.4849736246029
4660.0,95.79799803345648,-345.93288003885306
4660.5,96.01933526157593,-346.38121141980633
4661.0,96.23990670787296,-346.82992129916704
4661.5,96.45970496369279,-347.2790115261233
4662.0,96.6787184763184,-347.72848598945353
4662.5,96.89694477084537,-348.1783441223216
4663.0,97.11437889384521,-348.62858655648023
4663.5,97.33092246085418,-349.0792588209941
4664.0,97.54664776292584,-349.53032395971474
4664.5,97.76153302032567,-349.9817902497926
4665.0,97.9755554915844,-350.43366643543817
4665.5,98.18871875112922,-350.88594882565764
4666.0,98.40102529591796,-351.33863432661735
4666.5,98.61241878855263,-351.79174724901225
4667.0,98.82294664990077,-352.2452633224797
4667.5,99.0326223803214,-352.69917411729085
4668.0,99.24143633623133,-353.15348212121415
4668.5,99.44940382526788,-353.60817839839166
4669.0,99.65654565656446,-354.0632516656734
4669.5,99.86284097096483,-354.5187095505857
4670.0,100.06827087725499,-354.97455857646065
4670.5,100.27287150894115,-355.4307804450411
4671.0,100.47662789204881,-355.88738000673555
4671.5,100.67953388942755,-356.3443581164377
4672.0,100.88159827679485,-356.80170901644897
4672.5,101.08281974094956,-357.25943139585974
4673.0,101.28309721419147,-357.71756751320487
4673.5,101.48249455492147,-358.17608726302814
4674.0,101.6809920013021,-358.6349972602279
4674.5,101.87859280726678,-359.0942940694373
4675.0,102.07530786935257,-359.55397097374026
4675.5,102.27115153631524,-360.0140198526277
4676.0,102.46606906227595,-360.47446187540504
4676.5,102.66011908285492,-360.93527007943334
4677.0,102.85335226485957,-361.3964212414938
4677.5,103.04579171925094,-361.85790398558333
4678.0,103.23743730454171,-362.31971663902857
4678.5,103.42827808167576,-362.7818621335588
4679.0,103.61828160056258,-363.24435211300204
4679.5,103.80737452536283,-363.70721459404626
4680.0,103.99561602121788,-364.170423404017
4680.5,104.18299464478123,-364.6339811924477
4681.0,104.36948799766738,-365.0978949216951
4681.5,104.55504560649013,-365.5621829199765
4682.0,104.73961885680187,-366.0268626033231
4682.5,104.92306736514807,-366.4919868011785
4683.0,105.10539550932423,-366.9575508227649
4683.5,105.28659618520226,-367.42355447316544
4684.0,105.46665400046973,-367.8900004597836
4684.5,105.64554042085189,-368.3568964571982
4685.0,105.82322171646226,-368.8242520583399
4685.5,105.99963550768025,-369.2920871088974
4686.0,106.17463293151098,-369.760453271771
4686.5,106.34828082304858,-370.2293210379908
4687.0,106.52054257614421,-370.6986993751932
4687.5,106.69139639423719,-371.1685913745726
4688.0,106.86080816774457,-371.6390044980468
4688.5,107.02873079570026,-372.1099505560321
4689.0,107.1949912250418,-372.58148502368806
4689.5,107.35959528985256,-373.05359927510136
4690.0,107.52255287633022,-373.5262833399922
4690.5,107.68382523207177,-373.99954417127253
4691.0,107.84337028207648,-374.4733892652756
4691.5,108.0011378611266,-374.94782855713413
4692.0,108.15706691712576,-375.42287494917235
4692.5,108.31095013518151,-375.898587309463
4693.0,108.46296613618071,-376.37489864638684
4693.5,108.61310098605645,-376.85180515341176
4694.0,108.76132150755167,-377.3293091862499
4694.5,108.90759808078329,-377.80741150289407
4695.0,109.05191258802894,-378.28610891637635
4695.5,109.19412176130474,-378.7654347771781
4696.0,109.33420258115946,-379.24538559325117
4696.5,109.47220381088623,-379.7259371959835
4697.0,109.60805700203163,-380.2070997782754
4697.5,109.7417132712889,-380.68887701771
4698.0,109.87314567956058,-381.17126567672364
4698.5,110.00233824411956,-381.6542590193012
4699.0,110.12902431966336,-382.1379153410496
4699.5,110.25340002715811,-382.6221703883888
4700.0,110.37540100608159,-383.1070293670172
4700.5,110.49498681388799,-383.5924903838776
4701.0,110.61217797815647,-384.07853586323455
4701.5,110.7270447927136,-384.5651361687439
4702.0,110.83947058491339,-385.0523055493251
4702.5,110.94944285204251,-385.5400341113256
4703.0,111.05700643742031,-386.0282993635517
4703.5,111.16211965496683,-386.5170983633312
4704.0,111.26480474043724,-387.0064138314059
4704.5,111.36512668215317,-387.4962193566515
4705.0,111.46304165870131,-387.98651113087425
4705.5,111.55831910872956,-388.47732169022123
4706.0,111.65113671152578,-388.96860320722624
4706.5,111.74147684822148,-389.4603464574042
4707.0,111.82936591450981,-389.9525338909905
4707.5,111.91485163950587,-390.445144361108
4708.0,111.99796904337158,-390.93815943158125
4708.5,112.0785345114974,-391.4315968595033
4709.0,112.15676222930348,-391.92540880918364
4709.5,112.23270696263778,-392.419575489329
4710.0,112.30636495105493,-392.91408692666124
4710.5,112.37772407355506,-393.40893394979094
4711.0,112.44677815286984,-393.9041065192852
4711.5,112.51336364679028,-394.39961555366506
4712.0,112.57747465082254,-394.8954492057059
4712.5,112.63918920849252,-395.39158566494314
4713.0,112.69845293483469,-395.88802042492375
4713.5,112.7552487280171,-396.3847435387193
4714.0,112.80958496650307,-396.88174160806335
4714.5,112.86137163567119,-397.37901142429024
4715.0,112.91049607304488,-397.8765507104542
4715.5,112.95718477294338,-398.3743237119216
4716.0,113.00146884181355,-398.87231565553515
4716.5,113.04337379650244,-399.3705125922342
4717.0,113.08296301109198,-399.8688976366555
4717.5,113.12025080887976,-400.36745859392875
4718.0,113.15500207747527,-400.86620092612026
4718.5,113.18742394724585,-401.36509809337576
4719.0,113.21750607538269,-401.86414019586863
4719.5,113.24524671837595,-402.3633164250164
4720.0,113.27063685816633,-402.8626166320954
4720.5,113.29366764617183,-403.36203024668447
4721.0,113.31404124513266,-403.8615582329011
4721.5,113.33204842089924,-404.3611758278146
4722.0,113.34766683828107,-404.8608728770938
4722.5,113.36091526455125,-405.3606375804532
4723.0,113.37180597597029,-405.8604585417428
4723.5,113.38037211561743,-406.36032425564196
4724.0,113.38638516019807,-406.8602260911368
4724.5,113.3901696569389,-407.36014764043733
4725.0,113.39180417364273,-407.8600782264293
4725.5,113.3913077997035,-408.3600090376787
4726.0,113.38867118319,-408.8599310829827
4726.5,113.38389037179124,-409.35983569879716
4727.0,113.37673108612725,-409.85971009085847
4727.5,113.36740743895488,-410.35954759087485
4728.0,113.35599777538907,-410.8593402647542
4728.5,113.34253847546306,-411.35908045882286
4729.0,113.32705131493455,-411.85876037141173
4729.5,113.3095643756234,-412.35837309140163
4730.0,113.28990635839546,-412.857903610535
4730.5,113.2682671598402,-413.35735102438576
4731.0,113.24471851526263,-413.8567115237987
4731.5,113.21930273627301,-414.3559804230724
4732.0,113.19208190735587,-414.85515396367373
4732.5,113.16313819621975,-415.35423014507546
4733.0,113.13238153954296,-415.85319658139156
4733.5,113.09999123905392,-416.3520580382133
4734.0,113.06604304213319,-416.8508142589991
4734.5,113.03057133257218,-417.34946318559156
4735.0,112.9936074544592,-417.848002279662
4735.5,112.95519266561553,-418.34643037303744
4736.0,112.91522772782501,-418.844734879022
4736.5,112.87383241665033,-419.342921402213
4737.0,112.83106658589793,-419.84099117977536
4737.5,112.78695368452786,-420.3389426843209
4738.0,112.74150906088349,-420.83677362034365
4738.5,112.69473958558495,-421.33448145825355
4739.0,112.64653773100545,-421.8320523921071
4739.5,112.59698471110448,-422.32948991569856
4740.0,112.54612625492089,-422.8267954240482
4740.5,112.49396501394573,-423.3239661345244
4741.0,112.44051420860988,-423.821000025575
4741.5,112.38578890710326,-424.31789550801017
4742.0,112.32971650039036,-424.81464064774565
4742.5,112.27236440667596,-425.31123885010055
4743.0,112.21377163720904,-425.8076921236096
4743.5,112.15393175142313,-426.30399694935824
4744.0,112.09285131912402,-426.80015091377345
4744.5,112.03054803924793,-427.29615269033513
4745.0,111.96694369587571,-427.79198760408144
4745.5,111.90208696219588,-428.28765788763104
4746.0,111.83599795283776,-428.78316374517317
4746.5,111.76864731493562,-429.2784987474065
4747.0,111.70002652827803,-429.77365837893785
4747.5,111.63013759204085,-430.26863930701376
4748.0,111.55890016688465,-430.7634252444369
4748.5,111.48634802752012,-431.25801663353303
4749.0,111.41253478088045,-431.7524176532425
4749.5,111.33744500003485,-432.24662234318123
4750.0,111.26105920549129,-432.7406237329866
4750.5,111.18337011152411,-433.2344170002387
4751.0,111.10426777978111,-433.7279797931374
4751.5,111.02369171690279,-434.2212994765758
4752.0,110.94167571548341,-434.71437864091246
4752.5,110.8581878791992,-435.2072081268201
4753.0,110.77320912573134,-435.69978042942836
4753.5,110.68674339421855,-436.192091921543
4754.0,110.59872207913992,-436.68412383570166
4754.5,110.50911948613725,-437.17586672985533
4755.0,110.41802416599172,-437.66733286542234
4755.5,110.32543901225583,-438.1585184373728
4756.0,110.23140372738243,-438.64942641288485
4756.5,110.13597314611039,-439.14006234475465
4757.0,110.03912685959341,-439.63041667272324
4757.5,109.94088381195195,-440.12048875659156
4758.0,109.84137109844093,-440.6102998095965
4758.5,109.74060683795571,-441.09985025398197
4759.0,109.63860868332029,-441.5891400772565
4759.5,109.53538854583005,-442.0781687592489
4760.0,109.43087901181524,-442.5669193409884
4760.5,109.32501233738003,-443.05537521044124
4761.0,109.21789141899382,-443.5435552835125
4761.5,109.10951375411774,-444.0314562692863
4762.0,108.99989180446289,-444.5190773084674
4762.5,108.88902959281852,-445.0064166956214
4763.0,108.77688845961802,-445.4934639760795
4763.5,108.66337029802582,-445.9801951362902
4764.0,108.54862542758504,-446.46664256131896
4764.5,108.4327060495734,-446.9528152824171
4765.0,108.31567515910425,-447.43872408473106
4765.5,108.19758663787306,-447.92437808293033
4766.0,108.0784764538096,-448.4097828115375
4766.5,107.95827819291199,-448.89491840931095
4767.0,107.83712205785783,-449.3798151237791
4767.5,107.71503144432114,-449.8644767372469
4768.0,107.59202610734704,-450.3489054090996
4768.5,107.46812011891527,-450.8331027557011
4769.0,107.34331060335872,-451.3170661672904
4769.5,107.21750062032187,-451.8007683359526
4770.0,107.09078685358392,-452.28423197001393
4770.5,106.96317689812373,-452.7674570693128
4771.0,106.83464081164342,-453.25043549325426
4771.5,106.70515218461318,-453.7331598385158
4772.0,106.57469291346275,-454.2156239720184
4772.5,106.4431773235311,-454.69780332892543
4773.0,106.31068302430161,-455.17971505514816
4773.5,106.17724217175179,-455.6613659229637
4774.0,106.04284252559327,-456.1427506737544
4774.5,105.9074624975771,-456.62386195397437
4775.0,105.77107597290836,-457.10469114997596
4775.5,105.63358862001353,-457.5852084552517
4776.0,105.49500786670367,-458.0654119056231
4776.5,105.35536612806374,-458.5453071265263
4777.0,105.21463703414857,-459.0248825147393
4777.5,105.07278955899717,-459.50412524500695
4778.0,104.92979245513412,-459.98302300204335
4778.5,104.78553019940487,-460.4615382938406
4779.0,104.63989099981846,-460.9396339910976
4779.5,104.49293419981063,-461.4173245414085
4780.0,104.34465118586276,-461.89460180701474
4780.5,104.19502927350861,-462.3714567175167
4781.0,104.04404663073124,-462.84787739148965
4781.5,103.89165963423797,-463.32384507545424
4782.0,103.73772713500293,-463.7993084906029
4782.5,103.5823533530695,-464.27429693481844
4783.0,103.42551460927778,-464.7487980411297
4783.5,103.26717655228641,-465.2227951996456
4784.0,103.10731065167924,-465.69627340564665
4784.5,102.94591754353937,-466.169226825227
4785.0,102.78281153309135,-466.6415841745638
4785.5,102.61811190185747,-467.1133813743652
4786.0,102.4517744051001,-467.5845976315712
4786.5,102.28374110853588,-468.05520780813885
4787.0,102.11395589621644,-468.5251864318576
4787.5,101.94240365934205,-468.9945210118054
4788.0,101.76894122094608,-469.46315013816087
4788.5,101.59371828290826,-469.93111904196877
4789.0,101.41678487382393,-470.39843806281914
4789.5,101.23813671191242,-470.86509923303953
4790.0,101.05778672247915,-471.3311003850203
4790.5,100.87573470676519,-471.7964348420699
4791.0,100.69192336526956,-472.2610724524837
4791.5,100.50645288031005,-472.72504097116735
4792.0,100.31944230940351,-473.1883801095724
4792.5,100.13085967924312,-473.65107158563154
4793.0,99.94068874885353,-474.11310345852667
4793.5,99.74887364732041,-474.57444694533604
4794.0,99.55532728944587,-475.035060833713
4794.5,99.35993129350686,-475.4948871191161
4795.0,99.16283658437426,-475.95398253325845
4795.5,98.96399700000549,-476.4123203785246
4796.0,98.76338090923693,-476.86987997543014
4796.5,98.56095044154883,-477.32663825300466
4797.0,98.3566645202956,-477.78257052667607
4797.5,98.15028986912367,-478.2375640938458
4798.0,97.94208233851019,-478.69172466474043
4798.5,97.73207549160512,-479.14505770345875
4799.0,97.52030255920032,-479.5975705587687
4799.5,97.3067927291296,-480.0492677216725
4800.0,97.09158193983454,-480.50015772063495
4800.5,96.87455183007656,-480.9501735674011
4801.0,96.65587401869853,-481.3993881794769
4801.5,96.43561526304957,-481.84782565228073
4802.0,96.21377524462942,-482.29547821904373
4802.5,95.99037587766982,-482.7423503400775
4803.0,95.7654456487036,-483.188447481243
4803.5,95.53888932103142,-483.63371355251
4804.0,95.3106792795426,-484.07812892296977
4804.5,95.08090006352772,-484.5217313659226
4805.0,94.84957045471221,-484.96452096734424
4805.5,94.61671133868795,-485.40650168292285
4806.0,94.38233833347351,-485.84767398895144
4806.5,94.14636563790722,-486.28798651276975
4807.0,93.90866118989764,-486.72736500961145
4807.5,93.66935340087628,-487.1658716162747
4808.0,93.42848312098165,-487.6035190755828
4808.5,93.18605966584731,-488.04030483475907
4809.0,92.9421027472932,-488.47623199736904
4809.5,92.69660653112506,-488.91128907526115
4810.0,92.44941143898356,-489.34537758335745
4810.5,92.20070013026601,-489.77859209047693
4811.0,91.95048246930767,-490.2109314254659
4811.5,91.6987574159935,-490.6423876524004
4812.0,91.44550379357892,-491.07294131986674
4812.5,91.19069267567339,-491.50256978524163
4813.0,90.9341488830378,-491.9311621769742
4813.5,90.67595868001494,-492.3587612524067
4814.0,90.41616484144134,-492.78538476354396
4814.5,90.15478901862063,-493.2110365210996
4815.0,89.89182140664845,-493.63570069502083
4815.5,89.62720333020604,-494.0593343578102
4816.0,89.36077755913142,-494.48183305559076
4816.5,89.09250220057123,-494.9031600964756
4817.0,88.82248562252687,-495.32337387290613
4817.5,88.55073088016023,-495.7424664040669
4818.0,88.27724754095803,-496.16043406733166
4818.5,88.0020629239036,-496.57728235332814
4819.0,87.72517479977063,-496.9929971435346
4819.5,87.446464310408,-497.4074874445383
4820.0,87.16607450536547,-497.82083940004605
4820.5,86.88394524326111,-498.2330039676124
4821.0,86.60003701971245,-498.64394653875377
4821.5,86.31434048752996,-499.0536500155616
4822.0,86.02685982248279,-499.46210437502845
4822.5,85.73738392066109,-499.86914601232877
4823.0,85.44607245226176,-500.2748754387307
4823.5,85.15289367047883,-500.6792595750113
4824.0,84.85782023081596,-501.0822667784506
4824.5,84.56084430727077,-501.4838788941463
4825.0,84.26196537676074,-501.88408190361474
4825.5,83.96105259583527,-502.28276252248776
4826.0,83.658215028671,-502.6799859792916
4826.5,83.35353447406894,-503.0757999767468
4827.0,83.04702668725905,-503.47020294367485
4827.5,82.73871449509052,-503.8631980965731
4828.0,82.4286032483715,-504.2547752909817
4828.5,82.11658650886517,-504.64483594448035
4829.0,81.80262807696491,-505.03333573009775
4829.5,81.48684663918621,-505.42035497557043
4830.0,81.16924025887275,-505.8058789609161
4830.5,80.84981199284255,-506.189895575678
4831.0,80.5285594112664,-506.5723879256971
4831.5,80.20541826060632,-506.95328840637654
4832.0,79.88020378889523,-507.3324245619991
4832.5,79.55311189378206,-507.7099468889787
4833.0,79.22414892476272,-508.0858439665417
4833.5,78.8933191611922,-508.4601044548697
4834.0,78.56062386379884,-508.8327132393521
4834.5,78.22606949234446,-509.2036603558613
4835.0,77.88944288189164,-509.5727366289617
4835.5,77.55095095626335,-509.9401109285636
4836.0,77.21063226635498,-510.30580082387735
4836.5,76.86851121581678,-510.66981261316073
4837.0,76.52461487698336,-511.0321538422101
4837.5,76.17898037992197,-511.392843172936
4838.0,75.83151005481733,-511.7517682916598
4838.5,75.48231612987641,-512.109019280484
4839.0,75.13151793076992,-512.4646947576198
4839.5,74.77914136244374,-512.818804591332
4840.0,74.4252173784064,-513.171365256355
4840.5,74.06978508101324,-513.5224023938977
4841.0,73.71286133065782,-513.8719193286937
4841.5,73.35434916364866,-514.2197989057709
4842.0,72.99444448047159,-514.5662298422833
4842.5,72.6331393420062,-514.9111946452958
4843.0,72.27040786840082,-515.2546549191537
4843.5,71.90624324320156,-515.5965930322769
4844.0,71.54062080677333,-515.9369718889589
4844.5,71.17347659522875,-516.2757133318884
4845.0,70.80467581855204,-516.6126582756207
4845.5,70.43430197241479,-516.947884801953
4846.0,70.0623311813088,-517.2813543160847
4846.5,69.68874084361559,-517.6130261441308
4847.0,69.31353778669238,-517.9428919876584
4847.5,68.9367612313191,-518.2709778269732
4848.0,68.55843293367953,-518.5972914860538
4848.5,68.17843994232675,-518.9216878873365
4849.0,67.79699007323408,-519.2443881228779
4849.5,67.41418582708592,-519.5654928725575
4850.0,67.03012431030156,-519.8850999252982
4850.5,66.64489594562103,-520.203301774929
4851.0,66.2585496494919,-520.5201439058517
4851.5,65.87110251712318,-520.8356371014748
4852.0,65.48259878109339,-521.1498259650411
4852.5,65.09297678107329,-521.4626226048631
4853.0,64.70234024142447,-521.7741463321202
4853.5,64.31071034984095,-522.0844149894443
4854.0,63.91809899796868,-522.3934346046649
4854.5,63.52451702053333,-522.7012115737963
4855.0,63.12998550297604,-523.0077636626021
4855.5,62.734503595189274,-523.3130820239311
4856.0,62.338029371157376,-523.6171074298722
4856.5,61.94056114201266,-523.9198320175406
4857.0,61.54199009865648,-524.221104746319
4857.5,61.14235521849318,-524.5209750571779
4858.0,60.74164391324939,-524.8194212253276
4858.5,60.3398995728603,-525.1164923970213
4859.0,59.93717922768602,-525.4122521274298
4859.5,59.53353005000133,-525.7067528004608
4860.0,59.12897079666013,-526.0000119117344
4860.5,58.723527394680104,-526.2920596140395
4861.0,58.317231962292134,-526.5829300596312
4861.5,57.91015067123461,-526.8727029505235
4862.0,57.50235298053402,-527.1614636087753
4862.5,57.093758724850595,-527.4490996957343
4863.0,56.6844517206763,-527.7357334448808
4863.5,56.27450308840718,-528.0214567193607
4864.0,55.864005815623806,-528.306390777165
4864.5,55.45302599234773,-528.5906181933061
4865.0,55.04158772770184,-528.8741686351361
4865.5,54.62964572231539,-529.1569809328229
4866.0,54.21716386000531,-529.4390083630863
4866.5,53.80414300114215,-529.7202483233341
4867.0,53.390586998650434,-530.0007049873403
4867.5,52.97650186866798,-530.2803838643055
4868.0,52.561904083476136,-530.5593092791719
4868.5,52.14681846276286,-530.8375145178793
4869.0,51.73126711335511,-531.1150308822446
4869.5,51.315268464069725,-531.3918849929729
4870.0,50.898852021482305,-531.6681163500966
4870.5,50.48204262463113,-531.9437630849828
4871.0,50.064867381511085,-532.2188644762333
4871.5,49.647351591001986,-532.4934555016132
4872.0,49.22951611274208,-532.767567559198
4872.5,48.811387729442274,-533.0412398745963
4873.0,48.39299673039099,-533.3145125374614
4873.5,47.9743578710393,-533.5874077062479
4874.0,47.55548731298875,-533.8599527450758
4874.5,47.136402483676775,-534.1321734870417
4875.0,46.71712122955048,-534.4040983382279
4875.5,46.29766497689305,-534.6757587124014
4876.0,45.87805763894364,-534.9471880940947
4876.5,45.45831787495598,-535.2184139759298
4877.0,45.03845833668022,-535.4894572250106
4877.5,44.618490796678465,-535.760337807522
4878.0,44.19842941844126,-536.0310788948055
4878.5,43.77828915754283,-536.3017040611822
4879.0,43.358085227836966,-536.5722363679623
4879.5,42.93783107595601,-536.8426946837569
4880.0,42.517536422195086,-537.1130944762645
4880.5,42.09721122097544,-537.3834507734556
4881.0,41.676866676622545,-537.6537784862386
4881.5,41.25651238451312,-537.9240922538704
4882.0,40.836155750940115,-538.1944043302824
4882.5,40.41580174205426,-538.4647245158942
4883.0,39.99545594783957,-538.7350639308326
4883.5,39.57512668150868,-539.0054345012948
4884.0,39.154822201500856,-539.2758482626763
4884.5,38.73454697991634,-539.5463127754922
4885.0,38.314301718525606,-539.8168299511732
4885.5,37.894090806933896,-540.0874060408024
4886.0,37.473919516974924,-540.358050971538
4886.5,37.0537940008535,-540.6287732128982
4887.0,36.63371570630571,-540.899576846684
4887.5,36.21368442686907,-541.1704633376537
4888.0,35.79369969588095,-541.4414316902518
4888.5,35.37376717099537,-541.7124870251967
4889.0,34.95388740924836,-541.9836289370576
4889.5,34.53406282281752,-542.2548586991087
4890.0,34.11429347461556,-542.5261769557004
4890.5,33.69458005759361,-542.7975871127111
4891.0,33.274923186519274,-543.0690898117459
4891.5,32.85532076786339,-543.3406817812572
4892.0,32.43577421391886,-543.6123639776823
4892.5,32.016285187999365,-543.884139515843
4893.0,31.596853468642387,-544.1560079175903
4893.5,31.177478481818014,-544.4279680530653
4894.0,30.758163443687096,-544.7000243604563
4894.5,30.338908657333345,-544.9721784919508
4895.0,29.919715124337174,-545.2444311453851
4895.5,29.500583296401967,-545.5167840825128
4896.0,29.081513884213695,-545.7892398270305
4896.5,28.662508572591662,-546.0618002629386
4897.0,28.2435673301667,-546.3344640911175
4897.5,27.82468753643708,-546.607228236303
4898.0,27.405869855032766,-546.8800934630669
4898.5,26.987115606152255,-547.1530606676025
4899.0,26.56842584202502,-547.4261309912368
4899.5,26.149801704999557,-547.6993062619056
4900.0,25.731245116708845,-547.972589565723
4900.5,25.312759360814308,-548.2459863408845
4901.0,24.894347477637762,-548.5195021092601
4901.5,24.47601239555763,-548.7931411127679
4902.0,24.05775738988623,-549.0669066267681
4902.5,23.639585401266604,-549.3408016557319
4903.0,23.221500519157434,-549.6148315986792
4903.5,22.803507062687697,-549.8890032191013
4904.0,22.38560932776792,-550.1633229547925
4904.5,21.967810030642294,-550.437795092721
4905.0,21.550113772587732,-550.7124263415857
4905.5,21.132526250004787,-550.9872253169437
4906.0,20.715050460388394,-551.2621967010441
4906.5,20.297696024730378,-551.5373544031017
4907.0,19.88046819839661,-551.812707549874
4907.5,19.463367428480257,-552.0882561450578
4908.0,19.046401325772713,-552.3640105799351
4908.5,18.629574827371822,-552.6399795396845
4909.0,18.212891924689146,-552.9161687335153
4909.5,17.79635786638491,-553.192584998821
4910.0,17.379976636602287,-553.4692344243143
4910.5,16.963754803813423,-553.7461265704922
4911.0,16.54769897619531,-554.0232712829461
4911.5,16.13181368252197,-554.3006757405414
4912.0,15.716103210719153,-554.5783461263798
4912.5,15.300574040674269,-554.856291655749
4913.0,14.8852340374659,-555.1345245830797
4913.5,14.470089859077303,-555.4130558505021
4914.0,14.05514761374753,-555.6918950507812
4914.5,13.640412906193914,-555.9710500775853
4915.0,13.22588710765836,-556.2505222794524
4915.5,12.811574041968957,-556.5303156586742
4916.0,12.397484536072728,-556.8104462165957
4916.5,11.983604042088668,-557.0908915007077
4917.0,11.569935761070083,-557.3716552344999
4917.5,11.156477759331953,-557.6527331838629
4918.0,10.743224271433538,-557.9341153697958
4918.5,10.330173484283804,-558.2157979410181
4919.0,9.917325954178809,-558.4977810784333
4919.5,9.504680775730485,-558.7800622898407
4920.0,9.092234136113161,-559.0626345990383
4920.5,8.67998263815737,-559.3454920369134
4921.0,8.267926491759058,-559.628634035718
4921.5,7.856067692164572,-559.9120627565596
4922.0,7.444409366782774,-560.1957823326641
4922.5,7.032957202349609,-560.4798002949819
4923.0,6.6217274229800065,-560.7641406908654
4923.5,6.210724023220562,-561.0488087914091
4924.0,5.799941776629562,-561.3337960286392
4924.5,5.389382855455541,-561.6191055074289
4925.0,4.979051217763412,-561.9047423964342
4925.5,4.568949270482877,-562.1907097078401
4926.0,4.159081382599122,-562.4770134304229
4926.5,3.749447046764474,-562.7636526240266
4927.0,3.340041651390252,-563.0506201568169
4927.5,2.9308607182527164,-563.3379088222258
4928.0,2.5218997208292033,-563.6255115125622
4928.5,2.113154567646158,-563.9134218038861
4929.0,1.7046176347625213,-564.2016279679077
4929.5,1.2962968139114939,-564.490140487241
4930.0,0.8881870775128253,-564.7789522505458
4930.5,0.4802759242200859,-565.0680445202286
4931.0,0.07256334704153355,-565.3574169165786
4931.5,-0.33495198951912375,-565.6470675152233
4932.0,-0.742268594373342,-565.936997906177
4932.5,-1.1493823794400881,-566.2272136125973
4933.0,-1.556292202077688,-566.5177162645987
4933.5,-1.963001112410352,-566.8085012293471
4934.0,-2.3695110262922,-567.0995650280679
4934.5,-2.775819472114155,-567.3909106535933
4935.0,-3.1819196769550016,-567.6825476228322
4935.5,-3.5877946802648744,-567.9744994614623
4936.0,-3.9934681335645905,-568.2667332399617
4936.5,-4.39894156084473,-568.559246188623
4937.0,-4.804216296952995,-568.8520355598849
4937.5,-5.209294209409407,-569.1450980371709
4938.0,-5.614175772069746,-569.4384326847246
4938.5,-6.018860938658015,-569.7320397686466
4939.0,-6.423350855145278,-570.0259179630307
4939.5,-6.827647756748777,-570.3200639464877
4940.0,-7.231754570288533,-570.6144734246128
4940.5,-7.635652970825659,-570.9091714291284
4941.0,-8.03936613783481,-571.2041254022341
4941.5,-8.442896542042687,-571.4993320119416
4942.0,-8.846247125284028,-571.7947871759064
4942.5,-9.24942336518194,-572.0904829427764
4943.0,-9.652430899398027,-572.3864108733505
4943.5,-10.05527433798144,-572.682563855797
4944.0,-10.4579571985334,-572.978936414221
4944.5,-10.86048180130136,-573.2755251105965
4945.0,-11.26284398510242,-573.5723357215497
4945.5,-11.66503460597761,-573.8693806170714
4946.0,-12.067068765248168,-574.1666389687299
4946.5,-12.468949096208673,-574.4641067160071
4947.0,-12.870677426981596,-574.7617809418139
4947.5,-13.272256031182787,-575.0596580899614
4948.0,-13.673687419852113,-575.3577342768893
4948.5,-14.074973839894001,-575.6560060931246
4949.0,-14.476116545823231,-575.9544716255072
4949.5,-14.877114371795273,-576.2531322041198
4950.0,-15.277960619210075,-576.5519966874626
4950.5,-15.678656183705007,-576.8510636078237
4951.0,-16.07921564982701,-577.1503131119968
4951.5,-16.479642809429336,-577.449739906127
4952.0,-16.879940124085017,-577.7493403466508
4952.5,-17.280107122324452,-578.049114839014
4953.0,-17.680142011365632,-578.3490656381182
4953.5,-18.08004271831063,-578.64919528628
4954.0,-18.479805719936014,-578.9495081863249
4954.5,-18.87942495988008,-579.2500122527737
4955.0,-19.278894334877755,-579.5507155833079
4955.5,-19.67820948004334,-579.8516237611171
4956.0,-20.077353937904782,-580.1527584341599
4956.5,-20.476329809961126,-580.4541167426006
4957.0,-20.87513717569849,-580.7556983986246
4957.5,-21.27377083800477,-581.0575099627846
4958.0,-21.672227095684313,-581.3595561036898
4958.5,-22.07050151077212,-581.6618423538127
4959.0,-22.46858638482637,-581.9643784695285
4959.5,-22.866469555524233,-582.2671800578325
4960.0,-23.264139718817347,-582.5702615090956
4960.5,-23.66159222666207,-582.8736283526368
4961.0,-24.05883028221929,-583.1772757798359
4961.5,-24.45586121503844,-583.4811936315166
4962.0,-24.852693540744102,-583.7853703383281
4962.5,-25.249339622085017,-584.0897895130439
4963.0,-25.645811722095022,-584.3944350436713
4963.5,-26.042118186341384,-584.6992959309384
4964.0,-26.438263202989173,-585.0043666245332
4964.5,-26.83424819520341,-585.3096451602105
4965.0,-27.2300706014665,-585.6151346640717
4965.5,-27.625729876693775,-585.9208356547591
4966.0,-28.02122510533284,-586.2267491160903
4966.5,-28.416556077180594,-586.5328750967376
4967.0,-28.811729489569057,-586.839204655489
4967.5,-29.206769306429834,-587.1457066155007
4968.0,-29.601667596658167,-587.4523909652312
4968.5,-29.996381560065025,-587.7593125529692
4969.0,-30.39087989961807,-588.0665112556732
4969.5,-30.7851440854472,-588.3740104155381
4970.0,-31.1791626242194,-588.6818242704003
4970.5,-31.57292960928703,-588.989959847721
4971.0,-31.966437131428815,-589.298426691958
4971.5,-32.3596739562426,-589.6072385060575
4972.0,-32.752631622340296,-589.9164054059273
4972.5,-33.14530405165587,-590.2259344181101
4973.0,-33.53769392081368,-590.5358214112725
4973.5,-33.92980581801136,-590.8460598800274
4974.0,-34.32165015691798,-591.1566359992596
4974.5,-34.71323804384273,-591.4675351265817
4975.0,-35.10457793065334,-591.7787460142931
4975.5,-35.49567549833186,-592.0902609776607
4976.0,-35.8865370326195,-592.4020716681648
4976.5,-36.27716912631489,-592.7141694783284
4977.0,-36.667578886652365,-593.0265452050434
4977.5,-37.05776978871419,-593.3391942085932
4978.0,-37.44773996660889,-593.6521185090794
4978.5,-37.83748688349949,-593.9653207567868
4979.0,-38.226999306372704,-594.2788143822648
4979.5,-38.61628049681375,-594.5925949167251
4980.0,-39.00534909360359,-594.9066388781309
4980.5,-39.3942088715202,-595.2209411017666
4981.0,-39.78286504491229,-595.5354947619477
4981.5,-40.17132548354189,-595.8502900190383
4982.0,-40.55959683801901,-596.1653184613469
4982.5,-40.94768676580012,-596.4805705280698
4983.0,-41.335602344001884,-596.7960374961636
4983.5,-41.72333936150254,-597.1117242417985
4984.0,-42.11089260267166,-597.4276367678779
4984.5,-42.49828148517753,-597.7437509858
4985.0,-42.885506644678195,-598.0600658586535
4985.5,-43.2725712332699,-598.3765771125743
4986.0,-43.65948482190284,-598.6932729387064
4986.5,-44.04624780758565,-599.010152545905
4987.0,-44.43284353343599,-599.3272359415328
4987.5,-44.8192913960694,-599.6444995375376
4988.0,-45.205607102175655,-599.9619240958093
4988.5,-45.591787774683844,-600.2795130075527
4989.0,-45.97782778604262,-600.5972728254051
4989.5,-46.36372260435355,-600.9152085628261
4990.0,-46.74946761135671,-601.233325343816
4990.5,-47.13509475709256,-601.5515846134767
4991.0,-47.52061655981429,-601.8699712134
4991.5,-47.9060441971987,-602.1884715712749
4992.0,-48.29137964692187,-602.5070831955811
4992.5,-48.676628691642506,-602.8257986403713
4993.0,-49.06180309509357,-603.144603393686
4993.5,-49.44690433471197,-603.4634955308866
4994.0,-49.831932018852235,-603.7824751983577
4994.5,-50.216879321868,-604.1015500489435
4995.0,-50.601761454498316,-604.4207018681645
4995.5,-50.98657976272378,-604.7399285709789
4996.0,-51.37133235334847,-605.0592316182106
4996.5,-51.75602155110451,-605.3786075763777
4997.0,-52.14065496220618,-605.6980472524576
4997.5,-52.525233291707565,-606.0175498598686
4998.0,-52.90975463718904,-606.3371181334156
4998.5,-53.29422253816162,-606.6567484318175
4999.0,-53.678635344258275,-606.9764434803791
4999.5,-54.06298554789047,-607.2962132304552
5000.0,-54.4472731868557,-607.6160585617773
5000.5,-54.83149839650729,-607.9359800401953
5001.0,-55.21565177615932,-608.25598970989
5001.5,-55.59973276888117,-608.576088603532
5002.0,-55.983743377336005,-608.8962743494844
5002.5,-56.36767110891018,-609.2165624332249
5003.0,-56.751519325253376,-609.5369481930283
5003.5,-57.13528691283261,-609.8574325721218
5004.0,-57.51895103203797,-610.178042763078
5004.5,-57.90252464388548,-610.4987627731675
5005.0,-58.2859924739628,-610.8196104257474
5005.5,-58.669350815372724,-611.1405896736729
5006.0,-59.05260227570122,-611.4616964044696
5006.5,-59.43571868482416,-611.7829634842652
5007.0,-59.81871980080283,-612.1043668765291
5007.5,-60.20158339591141,-612.4259336434485
5008.0,-60.58431397585552,-612.7476583064998
5008.5,-60.96689753850646,-613.0695581132729
5009.0,-61.34932317533183,-613.3916460325563
5009.5,-61.731584955944776,-613.713929283829
5010.0,-62.113656531533366,-614.036438814276
5010.5,-62.49553925898702,-614.3591732323715
5011.0,-62.877194888159174,-614.6821771085031
5011.5,-63.2586375347808,-615.0054336943203
5012.0,-63.63982689395264,-615.3289905556036
5012.5,-64.02077282365012,-615.6528352846758
5013.0,-64.40142580479183,-615.9770251700633
5013.5,-64.78178479104874,-616.3015603095218
5014.0,-65.16180658875146,-616.6264901394394
5014.5,-65.54148534362092,-616.9518204882602
5015.0,-65.920824391518,-617.2775475273838
5015.5,-66.29978455462091,-617.6037161468967
5016.0,-66.67837039452611,-617.9303200952827
5016.5,-67.05647453525539,-618.2574822848499
5017.0,-67.4341229612017,-618.5851705183062
5017.5,-67.81122111122164,-618.9134917221689
5018.0,-68.18772116210724,-619.2424985171015
5018.5,-68.56357328835315,-619.5722453036965
5019.0,-68.93860596601236,-619.9029240123491
5019.5,-69.31285938451084,-620.2344846668996
5020.0,-69.68622722268636,-620.5670427746525
5020.5,-70.058572107164,-620.900746201104
5021.0,-70.42988496441183,-621.2355978572231
5021.5,-70.80001367054028,-621.5717584599654
5022.0,-71.16882885361352,-621.9093597783683
5022.5,-71.53634245795622,-622.2483775432491
5023.0,-71.90245883293062,-622.5889041567427
5023.5,-72.26698320754667,-622.9311343177546
5024.0,-72.62995106250689,-623.2750144314136
5024.5,-72.99130982295513,-623.6205851979381
5025.0,-73.3509189549114,-623.9679763321376
5025.5,-73.70870113117167,-624.3172479592869
5026.0,-74.06461502920068,-624.6684223442883
5026.5,-74.4185528493302,-625.0215878997913
5027.0,-74.77030207554864,-625.3769330153708
5027.5,-75.11970035639672,-625.7345894679065
5028.0,-75.46672004872873,-626.0945537705561
5028.5,-75.81128280700736,-626.4568708564934
5029.0,-76.15335095102351,-626.8215447677999
5029.5,-76.49282483238355,-627.1886349182824
5030.0,-76.82974403764152,-627.5580700888919
5030.5,-77.1640728001871,-627.929850158142
5031.0,-77.49572445251198,-628.3040196417106
5031.5,-77.82462114776567,-628.6806128295918
5032.0,-78.15071707557816,-629.0596336928411
5032.5,-78.47391327993986,-629.4411293843141
5033.0,-78.79419186529255,-629.8250759462412
5033.5,-79.11153545029487,-630.211449281144
5034.0,-79.42580205498133,-630.600326722135
5034.5,-79.7368555412653,-630.9917769052846
5035.0,-80.04463067219304,-631.3858075481929
5035.5,-80.34899592967696,-631.7824762207374
5036.0,-80.64983848456993,-632.1818218511809
5036.5,-80.94709997597394,-632.58383850535
5037.0,-81.2406721629426,-632.9885549061808
5037.5,-81.53058300735287,-633.3958977723269
5038.0,-81.81692028625464,-633.8057537338166
5038.5,-82.09955912090614,-634.2181603062804
5039.0,-82.3782071474577,-634.6332670672181
5039.5,-82.65257205976395,-635.0512144118742
5040.0,-82.92245297391092,-635.4720706589085
5040.5,-83.18782292569871,-635.8957857307985
5041.0,-83.44877971633538,-636.3222317096727
5041.5,-83.70530181326114,-636.7513566861157
5042.0,-83.95711691141275,-637.1832590732439
5042.5,-84.2040007903968,-637.6179993207039
5043.0,-84.4461119557558,-638.0554136961368
5043.5,-84.68350936521291,-638.495399080563
5044.0,-84.91605954812847,-638.9379598496166
5044.5,-85.14390166639264,-639.3829606237119
5045.0,-85.3670787771541,-639.830316328844
5045.5,-85.58570854224645,-640.2799079406846
5046.0,-85.80007591111965,-640.7315395986233
5046.5,-86.0102041075255,-641.1851490999741
5047.0,-86.21563346915043,-641.6408993803012
5047.5,-86.41617918944776,-642.098822604317
5048.0,-86.61192159589352,-642.5588211476762
5048.5,-86.80306501416923,-643.0207439376308
5049.0,-86.98966038081866,-643.4845139919917
5049.5,-87.17159873152055,-643.9501215120289
5050.0,-87.34865539941538,-644.4176036823015
5050.5,-87.52084730712627,-644.886903858884
5051.0,-87.6881762563551,-645.3579679363277
5051.5,-87.85078947620481,-645.830684749756
5052.0,-88.00892415754383,-646.3049200096735
5052.5,-88.16275685336001,-646.7805667225794
5053.0,-88.3124371245666,-647.2575313679574
5053.5,-88.45798358273899,-647.7357670221141
5054.0,-88.59936736917675,-648.2152431075187
5054.5,-88.73653314519514,-648.6959364243402
5055.0,-88.86948081980226,-649.177808234531
5055.5,-88.99823405299374,-649.6608128425356
5056.0,-89.12276327566659,-650.1449202480318
5056.5,-89.24297593301931,-650.6301152477504
5057.0,-89.35882127750205,-651.1163708867539
5057.5,-89.47027481053793,-651.6036511681552
5058.0,-89.57727603802981,-652.0919283569705
5058.5,-89.67980126781144,-652.581163762491
5059.0,-89.77782298377682,-653.0713192620408
5059.5,-89.87135191490904,-653.5623483204736
5060.0,-89.96033030664216,-654.0542192768401
5060.5,-90.0446913545466,-654.5469027803475
5061.0,-90.12434247194854,-655.0403700201507
5061.5,-90.19922969524713,-655.5345844346027
5062.0,-90.26927248142668,-656.0295110264568
5062.5,-90.33452016486494,-656.5250927563645
5063.0,-90.39504071002986,-657.021271446261
5063.5,-90.45085863864047,-657.5179974208844
5064.0,-90.50198579222186,-658.0152211791682
5064.5,-90.54838446896376,-658.5129026100161
5065.0,-90.58995923572022,-659.0110057260499
5065.5,-90.62670787969891,-659.5094833021087
5066.0,-90.6586522094256,-660.0082845014014
5066.5,-90.68580721695446,-660.5073620308134
5067.0,-90.70806089877506,-661.0066734928314
5067.5,-90.72518217182933,-661.5061842984085
5068.0,-90.73705151431611,-662.0058469205102
5068.5,-90.7436652912121,-662.5056055475671
5069.0,-90.74508723222704,-663.0054038042224
5069.5,-90.74131916348549,-663.5051879422483
5070.0,-90.73253738382566,-664.0049031553453
5070.5,-90.71884129661105,-664.5044990391112
5071.0,-90.70026362736827,-665.0039262077931
5071.5,-90.67674961325108,-665.5031367334082
5072.0,-90.64814894755494,-666.0020764639768
5072.5,-90.61439446903667,-666.5006918333153
5073.0,-90.57555451281256,-666.998934703464
5073.5,-90.53183947501067,-667.496767499846
5074.0,-90.48332647448234,-667.994147169685
5074.5,-90.42998241126269,-668.491023825537
5075.0,-90.37184732160955,-668.9873559945743
5075.5,-90.30896756804042,-669.4831025418254
5076.0,-90.24142655469319,-669.9782305474388
5076.5,-90.16937348301208,-670.4727165337013
5077.0,-90.09302018221523,-670.9665474441474
5077.5,-90.01246845811923,-671.4597022002167
5078.0,-89.92769822273314,-671.9521446422639
5078.5,-89.83876439771478,-672.443848203069
5079.0,-89.74581859700825,-672.934806867431
5079.5,-89.64905443838231,-673.4250228108796
5080.0,-89.54859169531603,-673.9144860399259
5080.5,-89.44467185210294,-674.4032193559337
5081.0,-89.3374211889908,-674.89122618606
5081.5,-89.22698732409185,-675.378516452447
5082.0,-89.11351215195619,-675.8651003758134
5082.5,-88.99712842646873,-676.3509896567986
5083.0,-88.8779580944498,-676.8361942604236
5083.5,-88.75604934060263,-677.3207121940573
5084.0,-88.6314521160091,-677.804541454724
5084.5,-88.50419099365587,-678.2876739798373
5085.0,-88.37441544821506,-678.7701370457636
5085.5,-88.24223031617478,-679.2519462246601
5086.0,-88.10779458285486,-679.7331294918147
5086.5,-87.97122961193084,-680.2137053520869
5087.0,-87.83260866798928,-680.6936833791785
5087.5,-87.69187474140139,-681.1730343199845
5088.0,-87.54909877421382,-681.6517744918392
5088.5,-87.40424984064938,-682.1298912118729
5089.0,-87.25737905039229,-682.6073908975735
5089.5,-87.10854824425535,-683.0842809908149
5090.0,-86.95776756175817,-683.5605517117913
5090.5,-86.80519631145097,-684.036244113233
5091.0,-86.6508324601716,-684.5113519090545
5091.5,-86.49467045152113,-684.9858679636122
5092.0,-86.3366069224783,-685.4597513286334
5092.5,-86.17684077216421,-685.9330620833695
5093.0,-86.01543025054517,-686.4058149111281
5093.5,-85.85238489466684,-686.8780090949433
5094.0,-85.68775377599255,-687.3496533940616
5094.5,-85.52170993876572,-687.8208008660656
5095.0,-85.35431635343058,-688.2914676905251
5095.5,-85.18548890934653,-688.7616156008928
5096.0,-85.01539758842516,-689.2313008977476
5096.5,-84.84405404479548,-689.7005258176466
5097.0,-84.6713546962915,-690.1692472049477
5097.5,-84.49742575714842,-690.6375104061688
5098.0,-84.32229139460692,-691.1053240324102
5098.5,-84.14581949947826,-691.5726362660882
5099.0,-83.96822912302676,-692.0395234022078
5099.5,-83.78953565644781,-692.5059861373919
5100.0,-83.60971958713408,-692.9720115577053
5100.5,-83.42892322026212,-693.4376521695792
5101.0,-83.24706768335997,-693.9028762420296
5101.5,-83.06423972583325,-694.36771712053
5102.0,-82.88050307016914,-694.832198230389
5102.5,-82.69581468844771,-695.2963000833976
5103.0,-82.5103359631018,-695.7600837209167
5103.5,-82.32399627186425,-696.2235174537295
5104.0,-82.13691252313008,-696.6866461298329
5104.5,-81.94905580043431,-697.1494559219831
5105.0,-81.76045310408155,-697.6119564047011
5105.5,-81.5711245942698,-698.0741583521673
5106.0,-81.3810285871127,-698.5360476604244
5106.5,-81.1902646555126,-698.9976649575426
5107.0,-80.99877656291801,-699.4589871767641
5107.5,-80.80670025304039,-699.9200686043183
5108.0,-80.61393408685976,-700.3808634372149
5108.5,-80.42057070318108,-700.8414079925853
5109.0,-80.22650023926963,-701.3016580100086
5109.5,-80.03187560398669,-701.7616750365758
5110.0,-79.83664680835882,-702.2214385488024
5110.5,-79.64093557438741,-702.681000842509
5111.0,-79.44471631297598,-703.1403482687614
5111.5,-79.2480783240427,-703.5995161340659
5112.0,-79.05098690316493,-704.0584899119574
5112.5,-78.85350070983819,-704.5172925129249
5113.0,-78.65559198513054,-704.975912568901
5113.5,-78.4572859490601,-705.4343641917152
5114.0,-78.25855763798873,-705.8926381353682
5114.5,-78.05943514616723,-706.3507442117595
5115.0,-77.85992461639214,-706.8086871153024
5115.5,-77.66003730769371,-707.2664710594754
5116.0,-77.45979597189334,-707.7241070929541
5116.5,-77.2591886760734,-708.1815906960805
5117.0,-77.05826673938321,-708.638943030926
5117.5,-76.85701884330864,-709.096155348902
5118.0,-76.65550995665296,-709.5532544533567
5118.5,-76.45368478905178,-710.0102173055512
5119.0,-76.25160154955654,-710.4670708315693
5119.5,-76.04922092538222,-710.9237994795319
5120.0,-75.84659869703933,-711.3804233360994
5120.5,-75.64372077749445,-711.8369344116713
5121.0,-75.4405986774648,-712.2933388552635
5121.5,-75.2372389014138,-712.7496445247598
5122.0,-75.03363443789284,-713.2058487314446
5122.5,-74.82982987006545,-713.6619707236197
5123.0,-74.62579364058756,-714.1179962249239
5123.5,-74.42158065897303,-714.5739466995562
5124.0,-74.2171771341844,-715.0298173347358
5124.5,-74.01259916088668,-715.4856184021378
5125.0,-73.80785788722369,-715.9413556860192
5125.5,-73.60295417935554,-716.397029615763
5126.0,-73.39792274619417,-716.8526554818294
5126.5,-73.1927582362994,-717.30823159434
5127.0,-72.98748719685092,-717.7637680254942
5127.5,-72.78211737087352,-718.2192666786522
5128.0,-72.576657224753,-718.6747277041245
5128.5,-72.37112902364251,-719.1301591398059
5129.0,-72.16552966065447,-719.5855590227692
5129.5,-71.95987510684544,-720.0409344506085
5130.0,-71.75417281279368,-720.4962922062018
5130.5,-71.54842606470314,-720.9516334582564
5131.0,-71.34264929140308,-721.4069623990545
5131.5,-71.13684057006972,-721.8622756653536
5132.0,-70.93099887810946,-722.3175711781912
5132.5,-70.7251294703041,-722.7728526424638
5133.0,-70.51922935919774,-723.2281215370082
5133.5,-70.31329858418242,-723.683380772511
5134.0,-70.10733544382533,-724.138631228522
5134.5,-69.90133849194288,-724.5938706349536
5135.0,-69.69531720942284,-725.0491008871438
5135.5,-69.48927439474821,-725.5043245168114
5136.0,-69.28320788082283,-725.9595396337401
5136.5,-69.07711439455727,-726.4147451760324
5137.0,-68.8709871324455,-726.8699402287986
5137.5,-68.664813616001,-727.3251209954244
5138.0,-68.45859184376735,-727.780285445203
5138.5,-68.25232247748751,-728.2354322830281
5139.0,-68.04599656167817,-728.6905569113079
5139.5,-67.8396143579539,-729.1456573413425
5140.0,-67.63317697753733,-729.6007355443882
5140.5,-67.42667937844591,-730.0557901283522
5141.0,-67.2201234962305,-730.5108236907631
5141.5,-67.0135185756692,-730.9658387143396
5142.0,-66.80686945870839,-731.4208356859608
5142.5,-66.60017733808438,-731.8758149908975
5143.0,-66.39345760695987,-732.3307837101494
5143.5,-66.186720053523,-732.7857457700637
5144.0,-65.97996987011612,-733.2407035675758
5144.5,-65.7732165931215,-733.6956615605743
5145.0,-65.56647601069443,-734.1506255360272
5145.5,-65.35975936268986,-734.6056018313797
5146.0,-65.15307696937312,-735.0605991668388
5146.5,-64.946427596632,-735.5156155212954
5147.0,-64.73981458334754,-735.9706510682433
5147.5,-64.53324582174402,-736.4257063992544
5148.0,-64.3267329921728,-736.8807837985491
5148.5,-64.12027474340456,-737.3358872782679
5149.0,-63.913875914450294,-737.7910241975079
5149.5,-63.707539308017374,-738.2461958503086
5150.0,-63.5012771316122,-738.7014082755954
5150.5,-63.295083403283996,-739.156655703918
5151.0,-63.088958484172174,-739.6119362187978
5151.5,-62.88290177441918,-740.067250123095
5152.0,-62.67692384993412,-740.5226043827975
5152.5,-62.47102239188513,-740.9779978552984
5153.0,-62.26519219180211,-741.4334276496196
5153.5,-62.059432989954146,-741.8888940675481
5154.0,-61.853743422118775,-742.3443969091319
5154.5,-61.64813596719352,-742.7999417510982
5155.0,-61.442602565242474,-743.2555205359062
5155.5,-61.237139519576836,-743.7111315087814
5156.0,-61.031739643307866,-744.1667707876258
5156.5,-60.82639851005457,-744.622431605048
5157.0,-60.621127715671264,-745.0781146285002
5157.5,-60.415938757711274,-745.5338268712005
5158.0,-60.21086016899255,-745.9895865589504
5158.5,-60.00589369474915,-746.4454021860412
5159.0,-59.801038501579896,-746.9012760923287
5159.5,-59.59631361430421,-747.3572146747608
5160.0,-59.391714353245796,-747.8132108605187
5160.5,-59.187256697429014,-748.2692720696834
5161.0,-58.98297337010017,-748.7254195188834
5161.5,-58.77890024288623,-749.1816745230349
5162.0,-58.57506629466185,-749.6380536493989
5162.5,-58.371488193338735,-750.0945679974944
5163.0,-58.16812423605844,-750.5511960527771
5163.5,-57.96495770605786,-751.0079272942754
5164.0,-57.76197019103687,-751.4647496115509
5164.5,-57.55914348179817,-751.9216506258622
5165.0,-57.35645731996154,-752.378618590269
5165.5,-57.15390741001658,-752.835648337006
5166.0,-56.951467600080576,-753.2927266662541
5166.5,-56.74912668483425,-753.7498455341628
5167.0,-56.54687413178299,-754.2069972912328
5167.5,-56.34470459809174,-754.6641774831343
5168.0,-56.142620245329596,-755.1213863080224
5168.5,-55.940625634532466,-755.5786260418217
5169.0,-55.73873046270848,-756.035901909389
5169.5,-55.53693389012779,-756.4932158376313
5170.0,-55.335241914853114,-756.9505722542278
5170.5,-55.13366475117317,-757.4079787027107
5171.0,-54.93221405588393,-757.865445027489
5171.5,-54.73089829489505,-758.3229782654467
5172.0,-54.52971723847807,-758.7805797148092
5172.5,-54.32866485869527,-759.2382470245199
5173.0,-54.127736337311326,-759.6959793673896
5173.5,-53.92690660261511,-760.153764490487
5174.0,-53.72616429954923,-760.6115981864515
5174.5,-53.525495248782,-761.0694731769402
5175.0,-53.32488554890931,-761.5273805651905
5175.5,-53.124319394819686,-761.985311114292
5176.0,-52.923786300056456,-762.4432575937884
5176.5,-52.72328425630134,-762.901216373994
5177.0,-52.52281365884469,-763.3591865990803
5177.5,-52.32237790216449,-763.817169187387
5178.0,-52.121975890271905,-764.2751636331806
5178.5,-51.9216066070101,-764.7331697499758
5179.0,-51.72126943442271,-765.1911862282572
5179.5,-51.520963833985924,-765.6492124219153
5180.0,-51.32069227392228,-766.1072498649844
5180.5,-51.120458760207754,-766.5653013897328
5181.0,-50.92026467816615,-767.023369150007
5181.5,-50.720107756773615,-767.4814532040481
5182.0,-50.519988117051696,-767.9395531432627
5182.5,-50.31990420661368,-768.3976680984595
5183.0,-50.11985743090206,-768.8557979048338
5183.5,-49.91984270489901,-769.3139396339398
5184.0,-49.71985416217994,-769.7720893333706
5184.5,-49.5198841986723,-770.2302430457831
5185.0,-49.31992958565095,-770.6884007306417
5185.5,-49.119987381437795,-771.1465635083032
5186.0,-48.920056534822805,-771.6047326926661
5186.5,-48.72013574562547,-772.0629090462577
5187.0,-48.520225659773885,-772.5210931130189
5187.5,-48.32033272957213,-772.9792879574096
5188.0,-48.12046571827349,-773.4374989612246
5188.5,-47.920630141193385,-773.8957306768866
5189.0,-47.720828423217625,-774.3539851326422
5189.5,-47.52106138844089,-774.8122633859525
5190.0,-47.32132813559354,-775.2705654648707
5190.5,-47.12162527994408,-775.7288893424384
5191.0,-46.92195158014743,-776.1872328514518
5191.5,-46.722308719176,-776.6455951997924
5192.0,-46.522697977726374,-777.1039757655496
5192.5,-46.323121009934844,-777.5623734407519
5193.0,-46.12357801429225,-778.0207873670126
5193.5,-45.92406984498481,-778.4792174779164
5194.0,-45.72459667492164,-778.9376633306674
5194.5,-45.52515643901554,-779.3961237826444
5195.0,-45.325745612964816,-779.8545972589001
5195.5,-45.12636286976904,-780.3130830337495
5196.0,-44.927006789234945,-780.7715806318098
5196.5,-44.72767500080242,-781.2300891517515
5197.0,-44.52836392947971,-781.6886074323917
5197.5,-44.329070474463634,-782.1471345825584
5198.0,-44.12979133328906,-782.6056694407969
5198.5,-43.93052277393309,-783.064210613763
5199.0,-43.73126163851735,-783.5227569695747
5199.5,-43.532007328535734,-783.981308455476
5200.0,-43.332759922367025,-784.4398654532994
5200.5,-43.13351999992107,-784.8984280377799
5201.0,-42.934285919578805,-785.3569953954468
5201.5,-42.73505516106198,-785.8155657234818
5202.0,-42.53582925553285,-786.2741392861702
5202.5,-42.33661327409307,-786.7327182616152
5203.0,-42.13741237503515,-787.191304927723
5203.5,-41.93822788841697,-787.649899749145
5204.0,-41.739061026636165,-788.1085029140305
5204.5,-41.539911866973874,-788.5671140076619
5205.0,-41.340779807154256,-789.0257325760352
5205.5,-41.14166917040751,-789.4843606313898
5206.0,-40.9425848487976,-789.9430001455485
5206.5,-40.74352291817501,-790.4016491608563
5207.0,-40.544486175100985,-790.8603088645848
5207.5,-40.34548021886972,-791.3189817116386
5208.0,-40.14650541174167,-791.7776679402979
5208.5,-39.94755910205372,-792.2363663982705
5209.0,-39.74864126325439,-792.6950770121941
5209.5,-39.54975385794233,-793.1538011542582
5210.0,-39.35090669927115,-793.6125432043542
5210.5,-39.15210783988066,-794.0713076072735
5211.0,-38.9533591572287,-794.5300956204304
5211.5,-38.754659568867716,-794.9889066180644
5212.0,-38.556008267987174,-795.4477401084408
5212.5,-38.3574104587462,-795.9065985896458
5213.0,-38.158866782935824,-796.3654822961348
5213.5,-37.96037443276643,-796.8243899353091
5214.0,-37.76192774086172,-797.2833190209094
5214.5,-37.56352179805148,-797.7422668629447
5215.0,-37.36515046206052,-798.2012304206239
5215.5,-37.16680609783054,-798.6602061577418
5216.0,-36.9684819760657,-799.1191909506648
5216.5,-36.77017294403498,-799.5781824284982
5217.0,-36.57187469451719,-800.03717868369
5217.5,-36.37358073673957,-800.49617685272
5218.0,-36.175285965140496,-800.9551746701981
5218.5,-35.976988444625476,-801.4141712706513
5219.0,-35.778689120088636,-801.8731670404746
5219.5,-35.5803889066203,-802.3321623747828
5220.0,-35.38208749995002,-802.791157144789
5220.5,-35.183783171721224,-803.2501505938164
5221.0,-34.98547301014202,-803.7091414940866
5221.5,-34.78715458401645,-804.1681288561698
5222.0,-34.588825441080196,-804.627111649386
5222.5,-34.390480800996464,-805.086087849446
5223.0,-34.19211363234731,-805.545054455888
5223.5,-33.99372042004474,-806.0040098930469
5224.0,-33.79530021429879,-806.4629536863257
5224.5,-33.59684889647244,-806.9218839386123
5225.0,-33.398361827723726,-807.3807984807625
5225.5,-33.19983649507446,-807.8396960939838
5226.0,-33.001272160428904,-808.2985763095062
5226.5,-32.80266514084096,-808.7574374617107
5227.0,-32.60401533358087,-809.2162794011039
5227.5,-32.40532407837236,-809.6751024664491
5228.0,-32.20659282327698,-810.1339072485788
5228.5,-32.00782173044538,-810.5926939532004
5229.0,-31.809014282344915,-811.0514642252132
5229.5,-31.610176544716623,-811.5102209429771
5230.0,-31.41131360900595,-811.9689665326737
5230.5,-31.212429541099578,-812.4277028551443
5231.0,-31.013528632841943,-812.8864316696508
5231.5,-30.81461437011721,-813.3451545653943
5232.0,-30.61568727657569,-813.8038720914963
5232.5,-30.416746585665713,-814.2625840326419
5233.0,-30.217797491338835,-814.7212929157655
5233.5,-30.018841085393827,-815.1799994600351
5234.0,-29.819876597151563,-815.6387031285304
5234.5,-29.620904315642875,-816.0974038101074
5235.0,-29.4219251070844,-816.5561017765312
5235.5,-29.222934685815257,-817.0147950182234
5236.0,-29.023932947677434,-817.4734833314611
5236.5,-28.824923153757204,-817.9321679923811
5237.0,-28.625907208518605,-818.3908496499656
5237.5,-28.426881116892623,-818.8495262970603
5238.0,-28.22784009160233,-819.3081955753838
5238.5,-28.028784672168,-819.7668573061023
5239.0,-27.82971508985699,-820.2255112039272
5239.5,-27.63062903696486,-820.6841560133802
5240.0,-27.431522380734165,-821.1427899346198
5240.5,-27.232394132294612,-821.6014126067832
5241.0,-27.03324477317427,-822.0600243838473
5241.5,-26.834069334518496,-822.5186234600222
5242.0,-26.634863796291864,-822.9772084583428
5242.5,-26.43562536200302,-823.435778180577
5243.0,-26.236349926869543,-823.894331402461
5243.5,-26.037038454149023,-824.3528692387123
5244.0,-25.837693368950383,-824.8113928423454
5244.5,-25.63831601374681,-825.2699030162418
5245.0,-25.43890213435654,-825.7283980930653
5245.5,-25.239450372922125,-826.1868768424513
5246.0,-25.039959001302964,-826.6453380746086
5246.5,-24.84042509244609,-827.1037809483323
5247.0,-24.640841878259106,-827.5622017804415
5247.5,-24.441211016199848,-828.0206005433107
5248.0,-24.241539195642574,-828.4789801422469
5248.5,-24.04182223047038,-828.9373383714803
5249.0,-23.842057001890055,-829.3956731437722
5249.5,-23.642247411652992,-829.8539860987834
5250.0,-23.442395645968492,-830.3122785465052
5250.5,-23.242500980297255,-830.7705500374462
5251.0,-23.042559515574816,-831.2287988366868
5251.5,-22.842577457385634,-831.6870283054891
5252.0,-22.642556987962394,-832.1452396411664
5252.5,-22.442497045780627,-832.6034328138387
5253.0,-22.242396845188743,-833.0616082325972
5253.5,-22.042264806358048,-833.5197704383603
5254.0,-21.842103142105426,-833.9779206252093
5254.5,-21.641910367288325,-834.4360575670611
5255.0,-21.441689664669887,-834.8941822771984
5255.5,-21.24144932528233,-835.352298313548
5256.0,-21.04119195540664,-835.8104059876695
5256.5,-20.840916114749525,-836.2685044212573
5257.0,-20.6406258673428,-836.7265953580561
5257.5,-20.440330508288177,-837.1846819001678
5258.0,-20.24003267340998,-837.6427642756402
5258.5,-20.039733070134904,-838.1008424643964
5259.0,-19.839433834119998,-838.558917363052
5259.5,-19.63913254764204,-839.0169883268977
5260.0,-19.438827018473084,-839.4750549113484
5260.5,-19.238520385280008,-839.9331188084585
5261.0,-19.0382103585711,-840.3911777212107
5261.5,-18.837895543972685,-840.849232590528
5262.0,-18.63757388552287,-841.3072831211853
5262.5,-18.437248890466137,-841.7653327484902
5263.0,-18.23691909599854,-842.2233805279999
5263.5,-18.03658464974336,-842.681426637292
5264.0,-17.836245098155477,-843.1394706676576
5264.5,-17.635896147729646,-843.5975104245204
5265.0,-17.43553723592104,-844.0555439609709
5265.5,-17.235169984458423,-844.5135732827297
5266.0,-17.03479104450677,-844.9715975541804
5266.5,-16.83439139072583,-845.4296124079887
5267.0,-16.63396920442668,-845.8876170519652
5267.5,-16.43352636577516,-846.345611069357
5268.0,-16.233052583273327,-846.8035871447398
5268.5,-16.032546570986632,-847.2615451901852
5269.0,-15.83201018386749,-847.7194887952509
5269.5,-15.631436387412096,-848.1774163868473
5270.0,-15.430824283059264,-848.6353269097833
5270.5,-15.230176928279237,-849.0932218031168
5271.0,-15.029483740536847,-849.55109349853
5271.5,-14.828752798456525,-850.0089447569936
5272.0,-14.627984296594871,-850.466776407818
5272.5,-14.42717621951111,-850.9245889461143
5273.0,-14.226333009012746,-851.3823837597414
5273.5,-14.025454034360648,-851.8401611915107
5274.0,-13.824547416293083,-852.2979227428334
5274.5,-13.623623519629755,-852.7556730011814
5275.0,-13.422684539872517,-853.2134126412001
5275.5,-13.221733721336513,-853.6711437257823
5276.0,-13.020768790470864,-854.128866518682
5276.5,-12.81979334973117,-854.5865827195914
5277.0,-12.618810389614913,-855.0442931578381
5277.5,-12.417819630116693,-855.5019973541383
5278.0,-12.216823142852764,-855.9596971325461
5278.5,-12.015819711919868,-856.4173900788772
5279.0,-11.81480936377813,-856.8750774065867
5279.5,-11.613786124712373,-857.3327550549325
5280.0,-11.412744686890195,-857.7904212669687
5280.5,-11.211685898762948,-858.2480770643358
5281.0,-11.01061422133227,-858.7057248425464
5281.5,-10.809525554182853,-859.1633623909764
5282.0,-10.608418984724327,-859.6209892332735
5282.5,-10.407298519468187,-860.0786066837237
5283.0,-10.20616638054175,-860.5362132528056
5283.5,-10.005019822652388,-860.9938103325296
5284.0,-9.803860207742897,-861.4514027970644
5284.5,-9.602686672247186,-861.9089899808092
5285.0,-9.401504464229864,-862.3665742865234
5285.5,-9.200318567457577,-862.8241555485613
5286.0,-8.999131770082341,-863.2817308817198
5286.5,-8.797937560892414,-863.7392972029752
5287.0,-8.596731617276395,-864.1968593145467
5287.5,-8.395512308145252,-864.6544175658967
5288.0,-8.194276951035347,-865.1119679548394
5288.5,-7.993021100528365,-865.5695062874013
5289.0,-7.791745363441332,-866.027028227046
5289.5,-7.590448011448473,-866.484532874225
5290.0,-7.389118452167753,-866.9420153032321
5290.5,-7.187755754282855,-867.399479799069
5291.0,-6.986355702938567,-867.8569258154691
5291.5,-6.7849051010336,-868.3143468916003
5292.0,-6.583406724968726,-868.7717426053089
5292.5,-6.381855574682736,-869.229108084554
5293.0,-6.180238946027757,-869.6864327857918
5293.5,-5.978560144400335,-870.1437191069167
5294.0,-5.776817152222617,-870.6009706903337
5294.5,-5.575006994820112,-871.0581877487696
5295.0,-5.373128871649334,-871.5153717656997
5295.5,-5.171175905995821,-871.9725223302039
5296.0,-4.969132604715439,-872.4296317384452
5296.5,-4.766988692321509,-872.8866933083768
5297.0,-4.564725984063805,-873.3437007091276
5297.5,-4.362324599278076,-873.8006417629873
5298.0,-4.159761988668059,-874.2575045891397
5298.5,-3.957049356317812,-874.7142981469672
5299.0,-3.754194025722426,-875.1710252417247
5299.5,-3.5511904081891914,-875.627685177389
5300.0,-3.3480198073697647,-876.0842734362617
5300.5,-3.1446757536021384,-876.5407840294431
5301.0,-2.9411633614252866,-876.9972110682154
5301.5,-2.737477391351476,-877.4535485178702
5302.0,-2.533619619065655,-877.9098010246731
5302.5,-2.3296008369837904,-878.3659820061697
5303.0,-2.1254224914244095,-878.8220983083191
5303.5,-1.921079941083829,-879.2781530447714
5304.0,-1.716574677970944,-879.7341373819031
5304.5,-1.5119037202392804,-880.1900388166947
5305.0,-1.3070606974062786,-880.6458542902812
5305.5,-1.1020434073390672,-881.101587036184
5306.0,-0.8968499425936428,-881.5572392794327
5306.5,-0.6914855024855117,-882.0128224160097
5307.0,-0.485954172165236,-882.4683392372744
5307.5,-0.28024646880892234,-882.9237820919546
5308.0,-0.07435381140152092,-883.3791437747905
5308.5,0.13174053643018313,-883.8344133050465
5309.0,0.33804667079413514,-884.2895825187436
5309.5,0.5445758243983172,-884.744646443712
5310.0,0.7513501461649792,-885.1995971593409
5310.5,0.9583942464935401,-885.6544286524331
5311.0,1.1657341017868725,-886.1091345708383
5311.5,1.373417915385163,-886.5636920449022
5312.0,1.5814988913947183,-887.0180713264916
5312.5,1.7900414349804608,-887.4722367953478
5313.0,1.9991136389533135,-887.926151607511
5313.5,2.2087529832101738,-888.3798008810292
5314.0,2.4189963496778355,-888.833171112004
5314.5,2.6298913343214028,-889.2862394362686
5315.0,2.841502166620681,-889.7389703517606
5315.5,3.0538874048925377,-890.1913310153435
5316.0,3.267114114356562,-890.6432866943876
5316.5,3.4811914879571195,-891.0948357864687
5317.0,3.6961132047202714,-891.5459846572824
5317.5,3.911918981685516,-891.9967118072512
5318.0,4.128657975720524,-892.4469862884881
5318.5,4.346394608701301,-892.8967693232822
5319.0,4.5650886160066095,-893.3460828101853
5319.5,4.784740349282691,-893.7949254402473
5320.0,5.005366336731737,-894.2432917984964
5320.5,5.2270131223765075,-894.6911571401836
5321.0,5.4496965788515155,-895.1385078534164
5321.5,5.673483361129162,-895.5853019651196
5322.0,5.898477628273929,-896.0314857060109
5322.5,6.124634604911974,-896.4770849451108
5323.0,6.352000433656287,-896.9220767925422
5323.5,6.580705097281198,-897.3663896842207
5324.0,6.810748536721029,-897.8100185094588
5324.5,7.042219135636301,-898.2529029511609
5325.0,7.275281510557022,-898.6949428921058
5325.5,7.5098495566412975,-899.1361801856569
5326.0,7.745957912334926,-899.5765952581712
5326.5,7.983658800052012,-900.0161629522493
5327.0,8.22293447397329,-900.454892265232
5327.5,8.463951078220902,-900.8926849546128
5328.0,8.706823812666102,-901.3294577648984
5328.5,8.951668153460739,-901.7651218315369
5329.0,9.198679935200554,-902.1995469422918
5329.5,9.447694688743107,-902.6328217435827
5330.0,9.698729912258932,-903.0649412667037
5330.5,9.9518603979894,-903.4958518389376
5331.0,10.207132067653538,-903.9255138989976
5331.5,10.464826802175125,-904.353737256762
5332.0,10.725000690405102,-904.7804546041747
5332.5,10.987939855033655,-905.2054590260461
5333.0,11.253590365449645,-905.6287624487237
5333.5,11.522124486694336,-906.0502274961714
5334.0,11.793572296108914,-906.469820189521
5334.5,12.067879003800238,-906.8875615620543
5335.0,12.345441511217052,-907.3031564739294
5335.5,12.626449304419488,-907.7164202207658
5336.0,12.911401919163701,-908.126950816675
5336.5,13.200108336243634,-908.5348220278821
5337.0,13.492746955717537,-908.9398594395684
5337.5,13.789010617584946,-909.3422558433386
5338.0,14.089188234321798,-909.7417498712973
5338.5,14.393314542977128,-910.1382546862257
5339.0,14.701767203848904,-910.5314059777888
5339.5,15.014604648175006,-910.9210728611685
5340.0,15.332079487273306,-911.3069623346346
5340.5,15.654128015087531,-911.6890406382626
5341.0,15.981120179473777,-912.0668842752526
5341.5,16.31291782562807,-912.4405103317237
5342.0,16.649690772838,-912.809667504634
5342.5,16.991237133690205,-913.1744282557199
5343.0,17.33806352112612,-913.5341874905577
5343.5,17.690118797092563,-913.8888338190486
5344.0,18.048237665802198,-914.2373302431618
5344.5,18.412207335272427,-914.5796674397947
5345.0,18.781811800156994,-914.9158941848584
5345.5,19.156605286397753,-915.2463363298945
5346.0,19.53649330409341,-915.5709375424117
5346.5,19.92156231741898,-915.8894155841676
5347.0,20.311762236050722,-916.2016214067783
5347.5,20.707625270634882,-916.5066282503693
5348.0,21.10913378202567,-916.804169146232
5348.5,21.516356347240713,-917.0938517908096
5349.0,21.929415610012526,-917.3751561426105
5349.5,22.34806581107723,-917.6480812577495
5350.0,22.7724912904865,-917.9119589166893
5350.5,23.202574365506806,-918.1665274466554
5351.0,23.638337936733105,-918.411240354339
5351.5,24.07993100879485,-918.645260272426
5352.0,24.527087936728957,-918.8684471046444
5352.5,24.97948669598892,-919.080794740428
5353.0,25.43706678588911,-919.2817254131865
5353.5,25.899598804388862,-919.4709729407339
5354.0,26.366641997773726,-919.6488069895393
5354.5,26.8377649615452,-919.815586949723
5355.0,27.31275073880068,-919.9711105796575
5355.5,27.7914146376534,-920.1149767625445
5356.0,28.273660288765587,-920.2463331121131
5356.5,28.759371239238963,-920.3641942969241
5357.0,29.248264648016875,-920.4680132316357
5357.5,29.73995089545777,-920.5576295824964
5358.0,30.233881646883603,-920.63395612729
5358.5,30.729644531194328,-920.6974709958915
5359.0,31.226905255432737,-920.7481717336175
5359.5,31.725365414193597,-920.7854343894081
5360.0,32.2247058257843,-920.8080410027243
5360.5,32.72449941167425,-920.8152525413177
5361.0,33.224274239197754,-920.8070183858334
5361.5,33.723559184506165,-920.7834721556085
5362.0,34.22190516365503,-920.7447984971557
5362.5,34.718927369718145,-920.6916623829306
5363.0,35.21422978390381,-920.6242723100953
5363.5,35.70743850214251,-920.5428756545859
5364.0,36.19821947726949,-920.4478505716276
5364.5,36.68615229036936,-920.3390931020123
5365.0,37.17069719185704,-920.216121648067
5365.5,37.651403546208975,-920.0789259391318
5366.0,38.12816292875214,-919.9285834292825
5366.5,38.60101965946747,-919.7663559701472
5367.0,39.06995827750585,-919.5931073098835
5367.5,39.53500637431389,-919.4096484600838
5368.0,39.99621356859398,-919.2167196027611
5368.5,40.4534584515826,-919.0145811235786
5369.0,40.906920391830006,-918.804098491248
5369.5,41.35665528594619,-918.585779198953
5370.0,41.80258961772885,-918.3598145654919
5370.5,42.24486997236773,-918.1267792299827
5371.0,42.68366892735164,-917.8872278388853
5371.5,43.11874223370564,-917.640961431718
5372.0,43.54962030994206,-917.3874436885785
5372.5,43.97615921585387,-917.1267297027316
5373.0,44.398522764827206,-916.8593444069004
5373.5,44.81699852674348,-916.5859151931487
5374.0,45.23159825832787,-916.3066122413959
5374.5,45.64197958678629,-916.0211201058812
5375.0,46.04758118210632,-915.7288792515748
5375.5,46.448245271739054,-915.429921921562
5376.0,46.84408687175633,-915.1246235876232
5376.5,47.23504357549466,-914.8131066418595
5377.0,47.6212424366836,-914.4957103452894
5377.5,48.002723595217994,-914.1726397447773
5378.0,48.37931422842827,-913.8438599836994
5378.5,48.75075901842438,-913.5092676386388
5379.0,49.116946369976844,-913.1689266661725
5379.5,49.47788827104934,-912.8230354298045
5380.0,49.83371262672249,-912.4718931121539
5380.5,50.18493074294504,-912.1161378001726
5381.0,50.53166851322153,-911.7559953141638
5381.5,50.87377739215219,-911.3914403001962
5382.0,51.21107466961629,-911.0224301261493
5382.5,51.5437866472229,-910.6492856462434
5383.0,51.872355474060825,-910.2724873624419
5383.5,52.197039351932766,-909.8923319252087
5384.0,52.518067179072986,-909.5090814307032
5384.5,52.83541231991129,-909.1227773050194
5385.0,53.149275286478876,-908.7336488158829
5385.5,53.46009519288463,-908.3420951275078
5386.0,53.76830288581712,-907.9484742813662
5386.5,54.0740968944787,-907.5529571937477
5387.0,54.377465859047554,-907.155565642709
5387.5,54.678390594603535,-906.7563199231256
5388.0,54.97705123313262,-906.355382717487
5388.5,55.273687940656444,-905.9529539684419
5389.0,55.56856772906213,-905.5492336460466
5389.5,55.86184927259449,-905.1443425804925
5390.0,56.153656889007884,-904.7383771208058
5390.5,56.44406078794166,-904.3314005062709
5391.0,56.733192070473834,-903.9235129346239
5391.5,57.02110749427229,-903.5147660930218
5392.0,57.30792621584852,-903.1052494718044
5392.5,57.59375994396573,-902.6950466336739
5393.0,57.87875838316672,-902.28426729925
5393.5,58.16314056851555,-901.8730576940534
5394.0,58.44701125202102,-901.4614887532649
5394.5,58.730439328777244,-901.0496100339741
5395.0,59.01352569934867,-900.6374952093836
5395.5,59.29636898333845,-900.2252140393709
5396.0,59.57906245640375,-899.8128315711998
5396.5,59.861715167659035,-899.4004189433608
5397.0,60.14442947152397,-898.9880476139404
5397.5,60.42731385684479,-898.5757955448443
5398.0,60.71043940564182,-898.1637128349072
5398.5,60.99386521351489,-897.7518395475673
5399.0,61.27757455193852,-897.3401588880396
5399.5,61.56158803325657,-896.9286795479214
5400.0,61.845927148527366,-896.5174171967692
5400.5,62.13064725692514,-896.1064154548463
5401.0,62.41576243690661,-895.6956893877951
5401.5,62.70126380605567,-895.2852361858517
5402.0,62.9871425141811,-894.8750497111316
5402.5,63.273337039820134,-894.4650831178104
5403.0,63.55985038539248,-894.0553336196905
5403.5,63.84671641505034,-893.6458250886569
5404.0,64.13394890680974,-893.2365695619421
5404.5,64.42157885079986,-892.8275915962441
5405.0,64.70962113312802,-892.4189038748383
5405.5,64.99806276422059,-892.0104989705334
5406.0,65.2868844948729,-891.6023636170473
5406.5,65.57606061932765,-891.1944798644327
5407.0,65.86556887697972,-890.7868304919243
5407.5,66.15540441107184,-890.3794112110787
5408.0,66.44558956600903,-889.9722395167117
5408.5,66.73613655000815,-889.5653249671784
5409.0,67.02707081394665,-889.1586868312298
5409.5,67.31840566465773,-888.7523352176402
5410.0,67.61015389839302,-888.3462800164848
5410.5,67.90230985602454,-887.940518004687
5411.0,68.19488194736132,-887.535056636636
5411.5,68.4878432298548,-887.1298772613097
5412.0,68.78116479400985,-886.7249590849625
5412.5,69.07480475795016,-886.3202711386168
5413.0,69.36875525481938,-885.9158082447401
5413.5,69.66301801180784,-885.5115718865935
5414.0,69.95759462454258,-885.1075637334847
5414.5,70.25249444517729,-884.7037915834256
5415.0,70.54771632630005,-884.3002547015191
5415.5,70.84325541351727,-883.8969497802271
5416.0,71.13913016391518,-883.4938913706488
5416.5,71.4353278420766,-883.0910702093615
5417.0,71.73177975475181,-882.6884354621661
5417.5,72.02847868790657,-882.2859821748746
5418.0,72.3253870093607,-881.8836827050989
5418.5,72.62245711198327,-881.4815021744398
5419.0,72.91967524503681,-881.0794308770575
5419.5,73.21702260707919,-880.6774550961386
5420.0,73.51447860750704,-880.2755596888127
5420.5,73.81204811922699,-879.873748417607
5421.0,74.10972354366194,-879.4720159056089
5421.5,74.40750160376894,-879.0703598910384
5422.0,74.70537833246051,-878.668777088654
5422.5,75.00334101533103,-878.2672578332653
5423.0,75.30136730760623,-877.8657856080613
5423.5,75.59942922038616,-877.4643397692697
5424.0,75.89749534549628,-877.0628971426432
5424.5,76.19554841180276,-876.6614448596061
5425.0,76.49357966274802,-876.2599762851099
5425.5,76.79158909879052,-875.85849143237
5426.0,77.08957532764082,-875.4569893649224
5426.5,77.38752493041804,-875.0554603026893
5427.0,77.6854318185643,-874.6538998382501
5427.5,77.98328831268148,-874.2523021799568
5428.0,78.28108899417714,-873.8506630116743
5428.5,78.57885037341464,-873.4489945517103
5429.0,78.87657244708267,-873.0472967863991
5429.5,79.17427244208807,-872.6455826228444
5430.0,79.47195155293876,-872.2438529653128
5430.5,79.7695996867718,-871.8421002044445
5431.0,80.06722088265379,-871.4403273374973
5431.5,80.36480709244455,-871.0385284309273
5432.0,80.66237185912745,-870.6367135798579
5432.5,80.9599241932518,-870.234889483766
5433.0,81.25747576245273,-869.8330648228286
5433.5,81.55503689164937,-869.431247295281
5434.0,81.85260902586846,-869.0294380882953
5434.5,82.15018879122424,-868.6276346344312
5435.0,82.44778416195554,-868.2258428217033
5435.5,82.74540359894974,-867.8240689237052
5436.0,83.04305650162743,-867.4223198032358
5436.5,83.3407487662354,-867.0205997035558
5437.0,83.63848200531265,-866.6189098235554
5437.5,83.93625002091473,-866.2172456103403
5438.0,84.23405171384488,-865.815606330235
5438.5,84.53188124715663,-865.4139877021022
5439.0,84.82973879460208,-865.0123898668008
5439.5,85.12762992590321,-864.6108169008933
5440.0,85.42554841180824,-864.209264206996
5440.5,85.72350762455156,-863.80774181516
5441.0,86.02151285346424,-863.4062536517456
5441.5,86.3195827697659,-863.0048135498515
5442.0,86.61772109263086,-862.6034242192187
5442.5,86.91593274275796,-862.2020893497821
5443.0,87.2142133432024,-861.8008057452629
5443.5,87.51256280798988,-861.3995733192679
5444.0,87.81098020364948,-860.9983914242946
5444.5,88.10945476366264,-860.5972521163018
5445.0,88.40799051656197,-860.1961583633456
5445.5,88.70658412260353,-859.7951076523099
5446.0,89.00522834827608,-859.3940945782791
5446.5,89.30391639787697,-858.9931140597914
5447.0,89.60264245966965,-858.592161846383
5447.5,89.90141017278908,-858.1912406718436
5448.0,90.20021716267829,-857.7903488053589
5448.5,90.49905940901671,-857.3894832772309
5449.0,90.79793695521126,-856.9886441062212
5449.5,91.09683692720955,-856.5878216156216
5450.0,91.39576731490348,-856.1870217953941
5450.5,91.69473440663982,-855.7862492986244
5451.0,91.99373443344673,-855.3855013119328
5451.5,92.29277887637724,-854.9847864313354
5452.0,92.59185628857954,-854.5840961516909
5452.5,92.89097102513283,-854.1834337420856
5453.0,93.19012631379046,-853.7828016597113
5453.5,93.48931250324966,-853.3821927526626
5454.0,93.7885336305754,-852.9816102075064
5454.5,94.0877852456956,-852.5810508000997
5455.0,94.3870627315936,-852.1805108487966
5455.5,94.68636543308473,-851.7799895162988
5456.0,94.98568326644667,-851.3794792402355
5456.5,95.28501709866732,-850.9789807087518
5457.0,95.58437126223066,-850.5784972347797
5457.5,95.8837480828264,-850.1780306293932
5458.0,96.18315480480567,-849.7775863805299
5458.5,96.48258882198226,-849.3771627135351
5459.0,96.78204912894965,-848.9767590994029
5459.5,97.0815381220202,-848.5763774648626
5460.0,97.38104499744699,-848.1760094793311
5460.5,97.68056676031121,-847.7756526035696
5461.0,97.98010353533672,-847.3753067013289
5461.5,98.27965856490808,-846.9749742641263
5462.0,98.5792370490581,-846.5746592008138
5462.5,98.87884141027027,-846.1743634556166
5463.0,99.17847035978103,-845.7740860437335
5463.5,99.47812219850913,-845.3738256048069
5464.0,99.77779060778293,-844.973577350877
5464.5,100.07746824278594,-844.5733358951561
5465.0,100.37715031666934,-844.1730976903829
5465.5,100.67683539213638,-843.7728617158383
5466.0,100.97652444291549,-843.37262872435
5466.5,101.27622164276669,-842.9724018473057
5467.0,101.57592943831773,-842.5721829028274
5467.5,101.87564795075254,-842.1719719612604
5468.0,102.17537806496658,-841.7717697041782
5468.5,102.47512145332995,-841.3715773880325
5469.0,102.77487783721045,-840.9713948119758
5469.5,103.07464541714845,-840.5712206304779
5470.0,103.3744260130789,-840.1710562019714
5470.5,103.67421908971714,-839.7709011061576
5471.0,103.97402528914743,-839.3707558321851
5471.5,104.2738442139366,-838.9706200904498
5472.0,104.57367456340182,-838.5704929101802
5472.5,104.87351286234286,-838.1703716863956
5473.0,105.17336045491288,-837.7702574266398
5473.5,105.47321646634065,-837.3701494761461
5474.0,105.77308442612141,-836.970050481772
5474.5,106.07296281893271,-836.5699593259616
5475.0,106.37284873215785,-836.1698738440012
5475.5,106.67274259683263,-835.7697943337357
5476.0,106.97264526243092,-835.3697214482372
5476.5,107.2725582592568,-834.969656334367
5477.0,107.57248732406201,-834.569603302034
5477.5,107.87243177849157,-834.1695618717234
5478.0,108.17239370153537,-833.7695336362639
5478.5,108.47237204597006,-833.3695176996287
5479.0,108.77236123525677,-832.9695098035743
5479.5,109.07236754456513,-832.5695146584079
5480.0,109.37239403043075,-832.169534586353
5480.5,109.67244004154853,-831.769569121544
5481.0,109.97250486722204,-831.3696177535654
5481.5,110.27259262035186,-830.9696836083305
5482.0,110.57270437034465,-830.5697675536534
5482.5,110.87284338343161,-830.1698721575125
5483.0,111.17301625157408,-829.7700024558688
5483.5,111.47322035788082,-829.3701563403505
5484.0,111.77345673172086,-828.9703345184116
5484.5,112.0737272179162,-828.5705383476366
5485.0,112.3740362412606,-828.1707710669479
5485.5,112.6743841635261,-827.7710329231055
5486.0,112.974766195824,-827.3713202974191
5486.5,113.27517797770123,-826.9716298367148
5487.0,113.57561609593468,-826.5719590011446
5487.5,113.87607444973187,-826.172303259063
5488.0,114.17654964761924,-825.7726601166688
5488.5,114.47703607497563,-825.3730254008627
5489.0,114.77752994295959,-824.9733962831936
5489.5,115.07802700839716,-824.5737695904165
5490.0,115.37852339749948,-824.1741424065245
5490.5,115.67901360010859,-823.7745105852422
5491.0,115.97949611721846,-823.3748729733865
5491.5,116.27997225738056,-822.9752305360447
5492.0,116.5804366997772,-822.5755792923094
5492.5,116.88088165992113,-822.1759134005919
5493.0,117.18129808724768,-821.776226062781
5493.5,117.48168181657682,-821.3765141591739
5494.0,117.78203006138837,-820.9767756345971
5494.5,118.08233516151144,-820.5770047867251
5495.0,118.38259708664094,-820.1772015308359
5495.5,118.68281640500977,-819.7773662546347
5496.0,118.98299035477683,-819.3774968405462
5496.5,119.28311866834241,-818.9775931179483
5497.0,119.58320427556008,-818.5776573402733
5497.5,119.88324894046676,-818.1776908474487
5498.0,120.18325348914689,-817.7776942701688
5498.5,120.48321535293431,-817.3776657106431
5499.0,120.78313621988835,-816.9776064745464
5499.5,121.08301661934114,-816.5775169933598
5500.0,121.3828603294362,-816.1774001249241
5500.5,121.68266933161428,-815.7772573218394
5501.0,121.98244594815095,-815.3770902978101
5501.5,122.28218966863535,-814.9768987264508
5502.0,122.58190267532044,-814.5766843142202
5502.5,122.88158555997093,-814.1764474844056
5503.0,123.18124458562414,-813.7761927844624
5503.5,123.48088005291976,-813.3759204425719
5504.0,123.78049079572715,-812.9756295829213
5504.5,124.08007047764703,-812.5753154507167
5505.0,124.37961659924663,-812.1749761747285
5505.5,124.67913050690994,-811.7746126743242
5506.0,124.978613022765,-811.3742254647843
5506.5,125.27806705972496,-810.9738167435718
5507.0,125.57749611021057,-810.573389193246
5507.5,125.87690745271173,-810.1729484100761
5508.0,126.17630234004946,-809.772495521968
5508.5,126.47568760729163,-809.3720359052151
5509.0,126.77506577480304,-808.9715716867114
5509.5,127.07444002965572,-808.571105525672
5510.0,127.37381383039965,-808.17064007875
5510.5,127.67319296232432,-807.7701795692793
5511.0,127.97258490560853,-807.3697294147025
5511.5,128.271999749285,-806.9692968285897
5512.0,128.57144854210213,-806.5688894866568
5512.5,128.87094030568957,-806.1685139963137
5513.0,129.17047543238013,-805.7681704720902
5513.5,129.47005692517328,-805.3678609945706
5514.0,129.76968986195266,-804.9675891960566
