lap_distance,x_position,y_position
0.0,-175.66246436980356,16.521902725444615
0.5,-175.9768875351288,16.910662820261138
1.0,-176.2913113297895,17.29942276156448
1.5,-176.60573619497572,17.68818244173555
2.0,-176.92016118793373,18.076942881428295
2.5,-177.2345856074667,18.465704239707133
3.0,-177.54900501147873,18.854470886365576
3.5,-177.86342133916065,19.243240500451392
4.0,-178.1778343217619,19.63201334120133
4.5,-178.49223980810413,20.0207923848623
5.0,-178.80664210857415,20.409573920350596
5.5,-179.12103775248087,20.798360442581984
6.0,-179.43542942370692,21.187149746187682
6.5,-179.74981828074735,21.575941020075977
7.0,-180.06420672682128,21.96473217805336
7.5,-180.37859522640375,22.353523124175354
8.0,-180.69298388124568,22.742313634932223
8.5,-181.00737488974391,23.13110219441952
9.0,-181.32176725656421,23.51988965468949
9.5,-181.63616458729334,23.90867345071243
10.0,-181.95056397009208,24.297455790130797
10.5,-182.26496614978973,24.68623614424828
11.0,-182.57936996927694,25.075015507698662
11.5,-182.89377508398434,25.463793985726397
12.0,-183.20818484064378,25.852569103054126
12.5,-183.52259765492354,26.241341941655197
13.0,-183.83701326743522,26.63011269484175
13.5,-184.15143340806418,27.01887990762265
14.0,-184.465855447156,27.40764560472099
14.5,-184.78028139735025,27.796408151472182
15.0,-185.09470936713137,28.185169027432877
15.5,-185.40913858333482,28.57392887223686
16.0,-185.72356929909913,28.962687444229857
16.5,-186.03800032532948,29.351445765778493
17.0,-186.35243188601106,29.740203658233575
17.5,-186.66686590498736,30.128959573160717
18.0,-186.98130076595842,30.517714813048098
18.5,-187.2957337482234,30.906471592187597
19.0,-187.6101655792566,31.295229319832213
19.5,-187.92459594011612,31.683988258759655
20.0,-188.23902181760516,32.07275084215639
20.5,-188.55344484003066,32.46151574254712
21.0,-188.8678590292621,32.85028780391375
21.5,-189.18226648651114,33.23906531075678
22.0,-189.4966679302359,33.62784768191798
22.5,-189.81105475413477,34.016641867107204
23.0,-190.12543462640414,34.40544166693667
23.5,-190.4397992544371,34.794253776939854
24.0,-190.7541505944471,35.1830765994484
24.5,-191.06849360081287,35.57190614035351
25.0,-191.38281737698748,35.96075119465287
25.5,-191.69713526209395,36.34960101183229
26.0,-192.01144249963806,36.7384594391163
26.5,-192.3257412833837,37.12732472671428
27.0,-192.64003591122972,37.51619338689798
27.5,-192.9543225044425,37.905068567965806
28.0,-193.26860703251342,38.29394543192373
28.5,-193.58288870013257,38.68282462687209
29.0,-193.8971755449609,39.07169962868731
29.5,-194.2114658517046,39.460571820087075
30.0,-194.52576851265297,39.84943396509777
30.5,-194.840077304887,40.23829111038351
31.0,-195.15439226385368,40.62714322703918
31.5,-195.4687256619088,41.01598026501904
32.0,-195.78306862355188,41.40480949979955
32.5,-196.0974351099527,41.79361956028838
33.0,-196.41181904964725,42.1824154586054
33.5,-196.7262158784653,42.57120089826719
34.0,-197.04064715674957,42.95995839847746
34.5,-197.3550924825868,43.34870452558968
35.0,-197.66956598545013,43.73742784860878
35.5,-197.98406101531222,44.126133815716884
36.0,-198.29856792029682,44.51483020783998
36.5,-198.6131112466617,44.90349711720234
37.0,-198.92766656135737,45.29215434505906
37.5,-199.24224283921654,45.6807946435376
38.0,-199.55683927650358,46.06941874999872
38.5,-199.87144592705118,46.45803464201621
39.0,-200.18608124074453,46.846627378397166
39.5,-200.50073044368673,47.23520886586911
40.0,-200.81539779467985,47.62377565522635
40.5,-201.1300837853939,48.012327414932756
41.0,-201.44477778646595,48.40087270820732
41.5,-201.75948968626008,48.789403525244666
42.0,-202.07421154818388,49.17792626821521
42.5,-202.38894334519017,49.566440959040065
43.0,-202.70369151009402,49.9549424082009
43.5,-203.01844555721513,50.343439102193095
44.0,-203.33321131131453,50.731926338544156
44.5,-203.6479833880277,51.12040846306867
45.0,-203.9627603279071,51.50888665572849
45.5,-204.27754519408245,51.89735848005686
46.0,-204.59233227945776,52.28582853072917
46.5,-204.90712341669794,52.67429535078122
47.0,-205.22191755970604,53.062759769741106
47.5,-205.53671348919775,53.4512227616075
48.0,-205.85150785445927,53.83968705415216
48.5,-206.16630159594538,54.228151842518464
49.0,-206.48109415395405,54.61661756933795
49.5,-206.79588514257887,55.00508449513633
50.0,-207.1106752870104,55.39355206541919
50.5,-207.42546229567947,55.78202202001419
51.0,-207.74024783367233,56.170493050980916
51.5,-208.0550310855908,56.55896575510034
52.0,-208.36981277878093,56.947439511408284
52.5,-208.684594126082,57.33591345619226
53.0,-208.99937729658353,57.72438574261005
53.5,-209.31416176093177,58.11285692686413
54.0,-209.62894782796175,58.50132674587332
54.5,-209.94373475365592,58.88979578154795
55.0,-210.2585220389693,59.27826450604029
55.5,-210.57331013724104,59.66673258551735
56.0,-210.8880983770328,60.05520059211675
56.5,-211.20288675867783,60.44366852566691
57.0,-211.5176728685984,60.83213838719547
57.5,-211.8324580152589,61.22060908676776
58.0,-212.14724091324527,61.609081776990564
58.5,-212.46202195769544,61.997556099042775
59.0,-212.77680148342918,62.38603175815333
59.5,-213.09157781217246,62.77451015529349
60.0,-213.40635207052225,63.16299028070562
60.5,-213.721121148468,63.55147470695479
61.0,-214.035883829719,63.939964420646795
61.5,-214.350642198558,64.32845769893473
62.0,-214.665390748123,64.71695903553443
62.5,-214.98013775460407,65.1054616458102
63.0,-215.2948824062555,65.49396620616598
63.5,-215.6096311878526,65.88246742825191
64.0,-215.9243822679551,66.27096679243658
64.5,-216.23914079153982,66.65946010997051
65.0,-216.55390011619454,67.0479527758793
65.5,-216.86866086771923,67.43644428095186
66.0,-217.1834224832754,67.82493509245566
66.5,-217.49818469926453,68.21342542096117
67.0,-217.81295305881417,68.60191078701062
67.5,-218.1277253455202,68.99039294902585
68.0,-218.442504074738,69.37886985481332
68.5,-218.75729215464867,69.76733904638904
69.0,-219.07208440437677,70.15580477242777
69.5,-219.38688480377226,70.5442634429711
70.0,-219.7016874117526,70.93271994283293
70.5,-220.01649310574305,71.32117340964619
71.0,-220.3313036133813,71.70962217572834
71.5,-220.64611722108228,72.09806809518074
72.0,-220.96094405224545,72.48650259226845
72.5,-221.27577972063395,72.87492985878968
73.0,-221.5906260512896,73.26334840150578
73.5,-221.90548995044634,73.65175311198475
74.0,-222.22036067461624,74.04015250656613
74.5,-222.5352457020827,74.4285409863502
75.0,-222.8501358324109,74.81692571490363
75.5,-223.16503134037265,75.2053064902354
76.0,-223.47993251312738,75.59368335290263
76.5,-223.7948362441205,75.98205837871257
77.0,-224.1097466162206,76.37042848731112
77.5,-224.42466121933754,76.7587952404731
78.0,-224.73957975717983,77.14715887317449
78.5,-225.05450333391613,77.53551821432224
79.0,-225.36942817724346,77.9238763692088
79.5,-225.6843547946564,78.31223259419032
80.0,-225.99928037899284,78.70058919898075
80.5,-226.3142051072635,79.08894611850239
81.0,-226.6291278672844,79.47730386804183
81.5,-226.94405041837,79.86566154459008
82.0,-227.2589730904696,80.25401863438
82.5,-227.57389739879704,80.64237417920683
83.0,-227.88882292685878,81.03072857233313
83.5,-228.20374646333235,81.41908481704836
84.0,-228.51866761873853,81.80744320212716
84.5,-228.83358238001384,82.19580731821
85.0,-229.1484912264254,82.58417675370042
85.5,-229.46339607021812,82.9725497888614
86.0,-229.7782958721315,83.36092780390439
86.5,-230.0931942246306,83.74930725033694
87.0,-230.40808968422792,84.1376895535724
87.5,-230.72298059893077,84.52607535652871
88.0,-231.03786869886915,84.91446332694782
88.5,-231.3527480247162,85.30285689465212
89.0,-231.667625029291,85.69125162168743
89.5,-231.98249746465657,86.07964850292
90.0,-232.29736592838245,86.46804754952034
90.5,-232.6122321239214,86.85644783275325
91.0,-232.9270962551711,87.24484934079756
91.5,-233.2419612558386,87.63325026103372
92.0,-233.55682826335573,88.02164983373969
92.5,-233.87169896789706,88.41004699904319
93.0,-234.18657163548883,88.79844288606125
93.5,-234.50144745879248,89.18683739949398
94.0,-234.8163249863098,89.5752310154113
94.5,-235.13120592474945,89.96362282997565
95.0,-235.44609111560595,90.35201201179063
95.5,-235.76097843399822,90.740399878364
96.0,-236.07586754050098,91.1287870238324
96.5,-236.3907542717191,91.51717620591444
97.0,-236.70563643986637,91.9055693004591
97.5,-237.0205132669412,92.29396671719385
98.0,-237.33538744776834,92.68236627195493
98.5,-237.65025395875443,93.07077182471598
99.0,-237.9651174013222,93.45917979530888
99.5,-238.279975207986,93.84759220684388
100.0,-238.59482423870108,94.2360116562273
100.5,-238.9096689067355,94.62443460760609
101.0,-239.22449786383396,95.01287029177215
101.5,-239.53932029834647,95.40131130243549
102.0,-239.8541311444379,95.78976177647648
102.5,-240.1689331397486,96.17821952113701
103.0,-240.48373091081987,96.56668073591509
103.5,-240.79851761839168,96.95515104045988
104.0,-241.11330078419374,97.3436242553013
104.5,-241.42807780086775,97.73210252292368
105.0,-241.74284568151526,98.12058824383246
105.5,-242.05760924971335,98.50907748104436
106.0,-242.37236164538058,98.8975757811393
106.5,-242.6871105517147,99.28607689898675
107.0,-243.00185347943645,99.67458284476254
107.5,-243.31659204396502,100.06309229047842
108.0,-243.63132867885707,100.45160328339861
108.5,-243.94606314520166,100.84011599825328
109.0,-244.2607976820363,101.22862863970634
109.5,-244.5755323392553,101.61714115580264
110.0,-244.89026796219972,102.00565286643821
110.5,-245.2050041413358,102.39416411603221
111.0,-245.5197443539727,102.78267207968734
111.5,-245.83448532765075,103.1711794119551
112.0,-246.14922761009876,103.55968565841972
112.5,-246.4639694201059,103.94819228360782
113.0,-246.77871120652048,104.33669892772647
113.5,-247.09345841098644,104.72520122910795
114.0,-247.40820964995848,105.11370025793363
114.5,-247.7229679473668,105.50219356136786
115.0,-248.0377357308696,105.89067918502619
115.5,-248.35250802816233,106.27916115623218
116.0,-248.66729339683587,106.66763261271326
116.5,-248.98208317379306,107.05610051745752
117.0,-249.29688087893769,107.4445620344923
117.5,-249.61168744016697,107.8330164092426
118.0,-249.9264982430798,108.22146736261394
118.5,-250.2413210603556,108.6099085983709
119.0,-250.5561477076695,108.99834672063847
119.5,-250.87098150908935,109.38677902723721
120.0,-251.18582031794676,109.77520724131833
120.5,-251.50066156608796,110.1636334619157
121.0,-251.81551091412095,110.55205307606042
121.5,-252.13036315500426,110.94047033808769
122.0,-252.44522106801503,111.32888298822414
122.5,-252.76008338185707,111.71729206787131
123.0,-253.0749478934982,112.10569936439676
123.5,-253.38980971906116,112.49410888029888
124.0,-253.70466801446878,112.88252128108174
124.5,-254.0195189838674,113.27093966854609
125.0,-254.33436174619723,113.65936472804037
125.5,-254.64920014471556,114.04779333514485
126.0,-254.96402988216093,114.43622895177499
126.5,-255.2788572023277,114.82466651205091
127.0,-255.593679489328,115.2131081173431
127.5,-255.9084942861941,115.60155571291216
128.0,-256.22330480609673,115.99000672900678
128.5,-256.53810210090455,116.37846833132963
129.0,-256.85289633750943,116.76693238244358
129.5,-257.1676843311732,117.155401432778
130.0,-257.48247049246163,117.54387189864356
130.5,-257.79725552099364,117.93234323957657
131.0,-258.11203848822936,118.320816150404
131.5,-258.4268212423082,118.70928922642264
132.0,-258.74160374806155,119.09776249923209
132.5,-259.05638866686667,119.48623381782815
133.0,-259.3711752132884,119.87470381829671
133.5,-259.6859759459161,120.26316235789328
134.0,-260.0007818544261,120.65161673690042
134.5,-260.31559982420106,121.04006143500247
135.0,-260.63042826775455,121.42849773731541
135.5,-260.94526447852417,121.8169278134219
136.0,-261.2601188685957,122.20534325993174
136.5,-261.574980411948,122.59375293768153
137.0,-261.8898596617881,122.98214832400348
137.5,-262.20475327809874,123.37053209609755
138.0,-262.5196587003617,123.75890632395321
138.5,-262.83458366000787,124.14726474484212
139.0,-263.1495156789601,124.5356174459771
139.5,-263.46446486884355,124.92395622089185
140.0,-263.77942539366546,125.31228579400579
140.5,-264.0943963233186,125.70060692038787
141.0,-264.4093887408309,126.08891061383751
141.5,-264.7243895127591,126.47720753049144
142.0,-265.03941207790496,126.8654867717946
142.5,-265.35444431887896,127.25375816364814
143.0,-265.66948656798746,127.64202143647083
143.5,-265.9845342155171,128.03028033795093
144.0,-266.2995835399997,128.41853788130314
144.5,-266.6146356789161,128.80679314427093
145.0,-266.9296909347151,129.1950458733066
145.5,-267.2447498572506,129.58329562139545
146.0,-267.5598141622404,129.97154097885527
146.5,-267.8748802613706,130.35978487071853
147.0,-268.18994887433155,130.74802669411145
147.5,-268.5050193853362,131.13626696734752
148.0,-268.8200924625168,131.52450514475436
148.5,-269.135168950788,131.91274054754734
149.0,-269.4502467305111,132.3009749001902
149.5,-269.76532634840896,132.6892077621741
150.0,-270.0804058348898,133.0774407346629
150.5,-270.39548511469235,133.46567388094175
151.0,-270.71056397848577,133.85390736214939
151.5,-271.02564260558484,134.24214103429003
152.0,-271.34071907680794,134.63037645417904
152.5,-271.6557927993326,135.0186141075468
153.0,-271.9708614173623,135.406855908616
153.5,-272.28592423470786,135.79510240230164
154.0,-272.6009841943178,136.18335120782785
154.5,-272.91603239213185,136.57160952124804
155.0,-273.2310756697234,136.9598718251992
155.5,-273.54610822358234,137.34814282733734
156.0,-273.86112957803107,137.7364229121898
156.5,-274.1761443056759,138.12470837137587
157.0,-274.491143543665,138.51300638783277
157.5,-274.8061389489682,138.90130752038158
158.0,-275.12112615673004,139.2896153233712
158.5,-275.43611192272505,139.67792433158397
159.0,-275.75109666320253,140.06623419706256
159.5,-276.06607862623196,140.45454635599637
160.0,-276.38105859889396,140.8428601406808
160.5,-276.69603259721805,141.23117879579547
161.0,-277.01100524226223,141.61949854731623
161.5,-277.3259767266554,142.0078192391781
162.0,-277.6409518712282,142.39613694325135
162.5,-277.95592854064466,142.78445339349742
163.0,-278.2709095487195,143.1727662586276
163.5,-278.5858929646897,143.56107713138283
164.0,-278.9008788854942,143.9493859315527
164.5,-279.2158672983405,144.33769271912706
165.0,-279.5308567587005,144.7259986567337
165.5,-279.8458494224942,145.1143019789134
166.0,-280.1608463815139,145.5026018094141
166.5,-280.4758488129484,145.89089719127438
167.0,-280.79085973384866,146.27918574772926
167.5,-281.105874111677,146.6674715239445
168.0,-281.42089774511254,147.05574984685614
168.5,-281.73592637801283,147.44402412322887
169.0,-282.05096292368785,147.83229199504584
169.5,-282.3660124928638,148.22054932373953
170.0,-282.6810679314272,148.60880190036684
170.5,-282.9961431388993,148.99703844377342
171.0,-283.3112252513888,149.38526938216296
171.5,-283.62632122596693,149.7734890682645
172.0,-283.9414289425861,150.16169921609875
172.5,-284.2565430615662,150.54990416318216
173.0,-284.571674235267,150.93809525331392
173.5,-284.88681086689957,151.3262819152896
174.0,-285.20196004242166,151.71445840219795
174.5,-285.51711953299446,152.10262651868226
175.0,-285.8322862000419,152.49078881162404
175.5,-286.1474670061656,152.87893962163724
176.0,-286.4626520061085,153.267087026
176.5,-286.7778466899742,153.65522656681696
177.0,-287.0930478604128,154.04336084509254
177.5,-287.40825477890627,154.4314904599847
178.0,-287.72346762809366,154.81961525797465
178.5,-288.03868150800105,155.20773921886612
179.0,-288.35389499783963,155.5958634968467
179.5,-288.6691088682853,155.98398746516008
180.0,-288.98432317041625,156.37211108224835
180.5,-289.2995360476312,156.76023585093762
181.0,-289.61474754430714,157.1483617394682
181.5,-289.92994947456185,157.53649539951857
182.0,-290.24514638604927,157.92463313589653
182.5,-290.56033591981463,158.312776864585
183.0,-290.87551598474954,158.70092828241053
183.5,-291.19069176673815,159.08908317824051
184.0,-291.5058488723509,159.47725324191106
184.5,-291.82099748051496,159.8654302043335
185.0,-292.1361295280993,160.2536206116538
185.5,-292.45124461347916,160.64182478533212
186.0,-292.76635056898084,161.03003636872972
186.5,-293.0814275135348,161.41827148688998
187.0,-293.3964948103986,161.80651442894234
187.5,-293.7115393782146,162.19477580246686
188.0,-294.0265695446035,162.58304885381853
188.5,-294.3415893542125,162.9713303032744
189.0,-294.6565895605216,163.35962764265645
189.5,-294.971582443891,163.747930917515
190.0,-295.28655575277196,164.13625005772465
190.5,-295.60151366749596,164.52458168876225
191.0,-295.91645686737144,164.9129252594366
191.5,-296.2313710409453,165.30129236388925
192.0,-296.54627489448575,165.6896678387465
192.5,-296.8611521014111,166.0780649393357
193.0,-297.1760208422646,166.4664689194543
193.5,-297.4908787612668,166.85488169340852
194.0,-297.8057267964263,167.24330248669276
194.5,-298.12057113771783,167.63172627588364
195.0,-298.435409460718,168.0201549289098
195.5,-298.7502467123638,168.40858443402692
196.0,-299.06508209637144,168.79701542455123
196.5,-299.3799141405909,169.1854490554967
197.0,-299.6947445592935,169.57388397156834
197.5,-300.0095707285851,169.96232216278887
198.0,-300.3243971548874,170.35076009246652
198.5,-300.6392244248321,170.73919721516114
199.0,-300.95405697316824,171.12763003727352
199.5,-301.2688931059513,171.51605993894904
200.0,-301.5837406938561,171.90448053851892
200.5,-301.89859125732085,172.29289873173292
201.0,-302.21344838352945,172.68131163314618
201.5,-302.52830817403225,173.06972244933667
202.0,-302.8431704590055,173.4581313132178
202.5,-303.1580330972158,173.84654004809485
203.0,-303.4728955098769,174.23494901546366
203.5,-303.7877558919867,174.6233597353462
204.0,-304.10261465979704,175.01177179157392
204.5,-304.4174713341968,175.40018558076318
205.0,-304.7323217235962,175.7886044461009
205.5,-305.047169411211,176.17702549050955
206.0,-305.3620067851833,176.56545480284464
206.5,-305.67684087374914,176.95388674154904
207.0,-305.99166892544724,177.34232350615372
207.5,-306.30649043648026,177.73076551962416
208.0,-306.62130854320475,178.11921026504285
208.5,-306.9361177859898,178.50766220130703
209.0,-307.2509257328446,178.8961152057361
209.5,-307.56573107143913,179.28457037221884
210.0,-307.88053565736453,179.67302617677467
210.5,-308.19533968054566,180.0614824583954
211.0,-308.5101446214045,180.449938068321
211.5,-308.8249504876379,180.8383929515438
212.0,-309.13975996206113,181.22684496999227
212.5,-309.4545722654008,181.615294709701
213.0,-309.76938757599754,182.00374202701383
213.5,-310.08421117421875,182.39218262401326
214.0,-310.39903826203465,182.78062038953198
214.5,-310.71387785133925,183.16904799980892
215.0,-311.0287227464316,183.55747129722187
215.5,-311.3435757600234,183.9458879954291
216.0,-311.65843861248374,184.33429669411586
216.5,-311.973305734523,184.72270192142665
217.0,-312.2881892963133,185.11109379765867
217.5,-312.60307910032355,185.4994806137951
218.0,-312.91798321232324,185.8878558315266
218.5,-313.23290644279894,186.2762155655239
219.0,-313.5478420955204,186.66456523895198
219.5,-313.8628092045684,187.05288942237317
220.0,-314.17778590659583,187.44120582869627
220.5,-314.49278670668014,187.82950269405512
221.0,-314.80780227516885,188.21778759439212
221.5,-315.12283191346074,188.60606109569798
222.0,-315.4378893455538,188.99431205720862
222.5,-315.7529574022124,189.3825544003347
223.0,-316.06805823231645,189.77077014815092
223.5,-316.3831736347559,190.1589740653864
224.0,-316.6983094798235,190.5471613862319
224.5,-317.0134651390801,190.93533261451185
225.0,-317.32862906498247,191.3234971289477
225.5,-317.6438177855509,191.71164151181563
226.0,-317.9590127780373,192.0997808032135
226.5,-318.2742212005301,192.48790919228864
227.0,-318.58943698826903,192.87603160021825
227.5,-318.9046573163159,193.26415032106902
228.0,-319.21988356281696,193.65226423757156
228.5,-319.5351116735453,194.0403766404725
229.0,-319.85034457612454,194.42848515247584
229.5,-320.1655783996352,194.81659291566203
230.0,-320.4808130790833,195.20469998287817
230.5,-320.79604385242857,195.59281022046412
231.0,-321.11127287035043,195.98092188359863
231.5,-321.4264952085927,196.36903897405773
232.0,-321.7417136323222,196.75715924388584
232.5,-322.0569265603853,197.14528397729663
233.0,-322.37213145431815,197.53341523538376
233.5,-322.68733299565093,197.92154921619874
234.0,-323.0025237113572,198.30969198982538
234.5,-323.31771037599367,198.69783805086257
235.0,-323.63288809814287,199.08599136865632
235.5,-323.9480565765054,199.4741521910235
236.0,-324.2632191440683,199.8623178120767
236.5,-324.57837400680177,200.25048968582294
237.0,-324.8935267465643,200.6386632780187
237.5,-325.2086743054451,201.02684105764885
238.0,-325.52381695380683,201.41502281451432
238.5,-325.838954755466,201.8032084969275
239.0,-326.1540871115417,202.19139860538243
239.5,-326.4692176455976,202.57959019502698
240.0,-326.784343880027,202.96778528202756
240.5,-327.0994664744357,203.35598332905133
241.0,-327.4145834875807,203.74418591469492
241.5,-327.7296963649442,204.1323918677023
242.0,-328.044807397053,204.5205993231207
242.5,-328.3599174935499,204.90880754412723
243.0,-328.675028506541,205.2970150227401
243.5,-328.99014185473516,205.68522060951824
244.0,-329.30525872349193,206.07342333354768
244.5,-329.62037813667104,206.46162398857783
245.0,-329.93549739371434,206.8498247520745
245.5,-330.25061616709513,207.23802590558452
246.0,-330.5657327194206,207.6262288619317
246.5,-330.8808502845627,208.01443098997458
247.0,-331.19596900300684,208.40263217482104
247.5,-331.5110950755587,208.7908273651587
248.0,-331.8262244479677,209.17901986853323
248.5,-332.14137030305614,209.56719898248122
249.0,-332.45652120074425,209.9553740069621
249.5,-332.77168134836757,210.3435415298946
250.0,-333.0868484971749,210.73170338420354
250.5,-333.4020194577643,211.1198621522406
251.0,-333.71720287956276,211.50801083159047
251.5,-334.0323921003577,211.8961548072829
252.0,-334.34759758869546,212.28428558436926
252.5,-334.6628166500751,212.6724053284934
253.0,-334.9780477341666,213.0605152998544
253.5,-335.29330124837804,213.44860702210536
254.0,-335.60856229688255,213.8366926092446
254.5,-335.92384392733663,214.22476141182463
255.0,-336.23913566578693,214.6128219341862
255.5,-336.55444187532504,215.0008706021935
256.0,-336.86976390944926,215.38890638890308
256.5,-337.1850925805204,215.77693677310245
257.0,-337.500441535313,216.16495076302766
257.5,-337.815795092722,216.55296103810835
258.0,-338.13115977367596,216.94096233533514
258.5,-338.4465279171985,217.32896085061412
259.0,-338.76189853596696,217.7169573771947
259.5,-339.0772690613072,218.10495404346045
260.0,-339.3926395016282,218.4929507886122
260.5,-339.7080095863049,218.8809478264314
261.0,-340.0233766862669,219.26894724902914
261.5,-340.33874028143754,219.6569494719452
262.0,-340.6540924557018,220.0449608635683
262.5,-340.9694399794362,220.43297598731397
263.0,-341.284768124119,220.82100663939173
263.5,-341.60008963413173,221.20904260662866
264.0,-341.91539796464184,221.59708913221334
264.5,-342.23069455613296,221.98514511673386
265.0,-342.5459841367752,222.373206750378
265.5,-342.86125803520173,222.7612811072557
266.0,-343.1765271742904,223.14935935425896
266.5,-343.4917835837247,223.53744803872036
267.0,-343.8070325324843,223.92554290619668
267.5,-344.1222739779934,224.31364399197238
268.0,-344.4375044776157,224.70175415766238
268.5,-344.7527308745162,225.08986772167322
269.0,-345.06794361113214,225.47799255916746
269.5,-345.3831516092168,225.8661212589611
270.0,-345.69835151425326,226.25425655526607
270.5,-346.01354808440806,226.6423944526055
271.0,-346.3287429301784,227.0305336948751
271.5,-346.64393715454037,227.4186732779088
272.0,-346.95913209698205,227.80681226547946
272.5,-347.2743294407563,228.19494929181573
273.0,-347.5895300986401,228.58308361483478
273.5,-347.90473372275676,228.97121551829954
274.0,-348.2199418968208,229.3593437772979
274.5,-348.53515198366273,229.74747050775346
275.0,-348.85036961687405,230.13559122386565
275.5,-349.1655926669428,230.52370758683927
276.0,-349.48082403205143,230.91181726761357
276.5,-349.7960660981359,231.2999183039816
277.0,-350.1113131310021,231.68801532811005
277.5,-350.42657421940163,232.07610093766647
278.0,-350.74183703841874,232.46418512750733
278.5,-351.05710361267114,232.8522662269626
279.0,-351.37237261582175,233.24034527073644
279.5,-351.6876436275649,233.62842261455165
280.0,-352.002922476218,234.01649344799202
280.5,-352.31820394775133,234.4045621151686
281.0,-352.63349311500474,234.7926244797994
281.5,-352.94878423780136,235.1806852040251
282.0,-353.26407817613955,235.56874356643704
282.5,-353.5793756068759,235.95679903200016
283.0,-353.89467455598003,236.34485323811867
283.5,-354.2099761018208,236.73290539615036
284.0,-354.5252776883899,237.1209575305257
284.5,-354.84057927015317,237.50900969151164
285.0,-355.15588270491054,237.89706036902624
285.5,-355.4711876125502,238.28510986737973
286.0,-355.7864971479092,238.67315574371582
286.5,-356.10180785809195,239.06120070711611
287.0,-356.41712069024067,239.4492440538388
287.5,-356.7324349362925,239.8372862629574
288.0,-357.0477511706058,240.22532687235233
288.5,-357.3630730793923,240.61336289883823
289.0,-357.678397404329,241.00139697395414
289.5,-357.99373009495395,241.38942433322725
290.0,-358.3090651131714,241.77744979445757
290.5,-358.6244060547017,242.165470421758
291.0,-358.9397511951432,242.55348759575747
291.5,-359.2550996677056,242.9415020293283
292.0,-359.57045318032254,243.32951233777513
292.5,-359.8858084800717,243.71752117540711
293.0,-360.20116957105296,244.10552521757646
293.5,-360.51653457144243,244.493525977165
294.0,-360.8319051515424,244.8815220516837
294.5,-361.1472850074455,245.26951039769517
295.0,-361.4626689070284,245.65749537455267
295.5,-361.7780678546209,246.04546790417925
296.0,-362.09347075744097,246.43343715798318
296.5,-362.40888382464584,246.82139799250467
297.0,-362.7243068824053,247.20935052332607
297.5,-363.03973816514343,247.5972962179147
298.0,-363.3551879629555,247.98522674655013
298.5,-363.67064372203146,248.3731523951213
299.0,-363.9861165188646,248.7610641099563
299.5,-364.301597545986,249.14896913420043
300.0,-364.6170909840757,249.53686406928267
300.5,-364.93259745252925,249.92474849135408
301.0,-365.24811000353696,250.31262800596792
301.5,-365.5636406866841,250.7004929401521
302.0,-365.87917566568166,251.08835442612553
302.5,-366.1947216973037,251.4762070432442
303.0,-366.510272467707,251.86405590727247
303.5,-366.82582744526724,252.25190143925414
304.0,-367.1413859634463,252.63974430956884
304.5,-367.4569461755624,253.02758586830925
305.0,-367.7725148043363,253.41542073244514
305.5,-368.08808600395093,253.8032535261247
306.0,-368.4036614699887,254.19108288379107
306.5,-368.719241007875,254.578908999921
307.0,-369.0348226645677,254.9667334293015
307.5,-369.35040697730057,255.35455570366724
308.0,-369.66599237694703,255.74237708783332
308.5,-369.9815810092633,256.13019581975107
309.0,-370.2971752096635,256.5180099958737
309.5,-370.61277493783086,256.90581964918846
310.0,-370.9283883320058,257.2936180921779
310.5,-371.2440065700215,257.6814125594292
311.0,-371.559640300399,258.06919428430456
311.5,-371.8752787289965,258.4569721486642
312.0,-372.19092610959115,258.8447426571896
312.5,-372.50658334320497,259.23250498946203
313.0,-372.82224649903395,259.62026240734946
313.5,-373.1379255649952,260.0080066716011
314.0,-373.4536089993477,260.3957473373898
314.5,-373.76930431794574,260.7834782356452
315.0,-374.08500773575287,261.17120238202665
315.5,-374.40072048494807,261.5589187493329
316.0,-374.71644710312006,261.9466235099927
316.5,-375.03217885983094,262.3343239738849
317.0,-375.3479259920975,262.7220117170416
317.5,-375.66367560877364,263.1096973853619
318.0,-375.9794309411949,263.49737828021995
318.5,-376.29518582435117,263.8850594064066
319.0,-376.6109403849043,264.2727406987031
319.5,-376.92669409859485,264.66042242277297
320.0,-377.24244727320837,265.0481045274561
320.5,-377.5581979694698,265.4357885472848
321.0,-377.8739492703699,265.8234721049585
321.5,-378.1897014125454,266.2111550196042
322.0,-378.505456255786,266.5988356857382
322.5,-378.8212122760479,266.9865153720564
323.0,-379.136966718659,267.37419632027087
323.5,-379.4527199512523,267.7618782127881
324.0,-379.76846972515557,268.1495628021179
324.5,-380.0842195954428,268.5372472294611
325.0,-380.39996955107057,268.92493151337766
325.5,-380.71572706149016,269.31260944897883
326.0,-381.03148754541763,269.7002848971444
326.5,-381.3472606473591,270.08794986244
327.0,-381.6630363394527,270.47561261404456
327.5,-381.97881658430697,270.86327147460133
328.0,-382.2946045213671,271.2509239937462
328.5,-382.61039679180914,271.63857294047506
329.0,-382.92620438753056,272.0262092450777
329.5,-383.2420172925859,272.41384118181134
330.0,-383.55784654284133,272.80145968479553
330.5,-383.87368666409236,273.18906929902965
331.0,-384.18953906216535,273.5766688750294
331.5,-384.50541127772567,273.9642522667418
332.0,-384.8212907968659,274.35182969676526
332.5,-385.1371948874159,274.7393871891343
333.0,-385.4531044801881,275.12694018213136
333.5,-385.76902703870593,275.5144825725555
334.0,-386.0849605403134,275.9020159184448
334.5,-386.40090217432225,276.28954254285156
335.0,-386.7168596305494,276.6770562100033
335.5,-387.03282100441487,277.06456667717674
336.0,-387.34879016656157,277.4520708245188
336.5,-387.664762633179,277.839572197036
337.0,-387.98074006081356,278.22706940369585
337.5,-388.29672158447863,278.61456294960556
338.0,-388.612705081985,279.0020547314317
338.5,-388.9286955497658,279.38954021207087
339.0,-389.24468663273575,279.77702500725985
339.5,-389.56067856516995,280.16450858729684
340.0,-389.8766682299938,280.5519936865034
340.5,-390.1926556158014,280.939480312521
341.0,-390.50863689429116,281.32697112885705
341.5,-390.824616057449,281.71446337540635
342.0,-391.1405887079549,282.1019596628132
342.5,-391.4565592792565,282.4894571871651
343.0,-391.77252545336046,282.87695732746585
343.5,-392.08848596089325,283.2644613349926
344.0,-392.4044426074557,283.6519679774891
344.5,-392.7203881060574,284.0394828870333
345.0,-393.0363306753667,284.4269998988921
345.5,-393.35226574005975,284.8145220518241
346.0,-393.6681988374767,285.20204533522696
346.5,-393.98412915905794,285.5895702137297
347.0,-394.30005285959993,285.9771000363312
347.5,-394.6159735537834,286.3646321038573
348.0,-394.9318845281719,286.75217180760484
348.5,-395.2477935442951,287.13971311132616
349.0,-395.5636974321881,287.52725864629525
349.5,-395.87959669515436,287.91480816597556
350.0,-396.19549143333205,288.30236158409076
350.5,-396.5113812049052,288.6899196571851
351.0,-396.82726989911146,289.0774788366815
351.5,-397.14316513623913,289.4650337304357
352.0,-397.4590633909313,289.852586706971
352.5,-397.77496801175676,290.2401356387639
353.0,-398.09087328358066,290.6276850222561
353.5,-398.40677900173534,291.01523471543766
354.0,-398.7226875047562,291.40278336567326
354.5,-399.0385973469767,291.79033134251017
355.0,-399.3545129246153,292.1778760806903
355.5,-399.6704320820152,292.56541827419625
356.0,-399.98635644857666,292.95295676476877
356.5,-400.3022912859415,293.3404866719854
357.0,-400.61823108882936,293.72801250875483
357.5,-400.9341810482079,294.1155300417439
358.0,-401.2501330503496,294.50304588475404
358.5,-401.56609037168846,294.8905573084302
359.0,-401.8820526440011,295.2780643280123
359.5,-402.19802006270334,295.66556676967
360.0,-402.5139951391032,296.0530622278833
360.5,-402.829972894976,296.44055524306486
361.0,-403.1459591502907,296.8280405234405
361.5,-403.4619496761798,297.21552202572894
362.0,-403.77795013469967,297.60299474082814
362.5,-404.09395835815263,297.9904603591905
363.0,-404.4099724291248,298.37792063323064
363.5,-404.7259946722357,298.7653734781654
364.0,-405.0420196524149,299.1528238269908
364.5,-405.3580542435646,299.54026537435914
365.0,-405.6740931530914,299.92770290992604
365.5,-405.99013915062403,300.31513386068747
366.0,-406.3061916672712,300.70255932931383
366.5,-406.62224773133016,301.0899818148063
367.0,-406.9383136611449,301.47739624820593
367.5,-407.2543818013834,301.86480884277273
368.0,-407.57045571264604,302.2522165741953
368.5,-407.8865311644813,302.6396232614663
369.0,-408.20260847211864,303.02702869093315
369.5,-408.518687679765,303.4144329741842
370.0,-408.8347676193051,303.80183681590677
370.5,-409.15084370700083,304.1892441814586
371.0,-409.4669164996688,304.57665447329816
371.5,-409.78297992894215,304.9640730777196
372.0,-410.09903795231617,305.3514966723964
372.5,-410.41509110150224,305.73892476649894
373.0,-410.731138702471,306.12635818484915
373.5,-411.04718415669595,306.51379361973795
374.0,-411.36321879573796,306.9012387634761
374.5,-411.67924911096435,307.2886877739141
375.0,-411.9952705836899,307.67614469201965
375.5,-412.31128533877956,308.0636076129549
376.0,-412.62729553238717,308.4510746099968
376.5,-412.94330038100736,308.83854671661317
377.0,-413.2593043704979,309.226019713515
377.5,-413.57530830771407,309.61349322430004
378.0,-413.8913127147521,310.00096635968777
378.5,-414.2073178378512,310.38843892292795
379.0,-414.523325025684,310.7759095880759
379.5,-414.83933326430184,311.1633792872461
380.0,-415.1553479079754,311.55084318693054
380.5,-415.47136550560475,311.9383044993355
381.0,-415.78739326069024,312.3257569747199
381.5,-416.10342870737793,312.713202857737
382.0,-416.41947313551384,313.1006410428773
382.5,-416.7355319041372,313.48806663783455
383.0,-417.0515960532628,313.8754875089977
383.5,-417.36767774777144,314.26289290235167
384.0,-417.68376402222344,314.6502942939351
384.5,-417.9998630838247,315.0376845156769
385.0,-418.3159697782569,315.4250683126612
385.5,-418.63208341806495,315.8124462635372
386.0,-418.94820900577974,316.19981410461696
386.5,-419.2643383423573,316.587178774766
387.0,-419.5804773482672,316.9745352842265
387.5,-419.89661906437533,317.36188972123716
388.0,-420.2127665855116,317.74923971922595
388.5,-420.5289138198291,318.13659041747434
389.0,-420.84506084881514,318.5239416170336
389.5,-421.1612014312489,318.91129868330705
390.0,-421.4773389388427,319.2986585090008
390.5,-421.79346117883046,319.6860319187169
391.0,-422.109575329662,320.0734123387359
391.5,-422.4256760129219,320.4608044301524
392.0,-422.7417646094111,320.8482070378894
392.5,-423.0578463790987,321.23561558541263
393.0,-423.3739093464075,321.6230406345009
393.5,-423.68996637685376,322.01047077515096
394.0,-424.00600378447183,322.3979175410881
394.5,-424.3220315125379,322.785372351748
395.0,-424.63804638020986,323.17283785074403
395.5,-424.95404675010354,323.56031540331327
396.0,-425.2700406843783,323.9477983065094
396.5,-425.5860173720518,324.33529538355236
397.0,-425.9019889806776,324.7227966082814
397.5,-426.2179452775777,325.11031032201015
398.0,-426.5338911214546,325.4978325176744
398.5,-426.8498256831271,325.88536386809966
399.0,-427.165746746244,326.2729060665956
399.5,-427.4816630571294,326.6604520830599
400.0,-427.79756313695714,327.0480109413785
400.5,-428.113458722422,327.4355733042957
401.0,-428.42934201578095,327.82314525230885
401.5,-428.7452165094619,328.2107239689921
402.0,-429.06108318889784,328.5983086963553
402.5,-429.3769432106815,328.9858981683912
403.0,-429.69280110923154,329.37348913750685
403.5,-430.0086524221434,329.7610845126154
404.0,-430.3245002154128,330.14868238236585
404.5,-430.64034033271577,330.53628569266533
405.0,-430.9561730196353,330.9238943765457
405.5,-431.27200022810314,331.31150702238904
406.0,-431.5878204739403,331.6991244636639
406.5,-431.9036387634854,332.08674323655765
407.0,-432.2194515297291,332.47436566780675
407.5,-432.53526116425644,332.86199050575357
408.0,-432.85106518921333,333.2496196546081
408.5,-433.16686128649894,333.6372552935718
409.0,-433.4826525003419,334.02489493044044
409.5,-433.79842905281015,334.41254651431035
410.0,-434.11420099550645,334.8002019262337
410.5,-434.42995691361835,335.1878708388837
411.0,-434.7457046617709,335.5755467585044
411.5,-435.0614401228683,335.9632332161256
412.0,-435.37716305378274,336.35093046941967
412.5,-435.6928795066468,336.73863330402986
413.0,-436.00858461152893,337.1263460593827
413.5,-436.3242876140206,337.5140607175194
414.0,-436.6399855476604,337.9017801056026
414.5,-436.95568077123255,338.2895019748214
415.0,-437.2713725126406,338.6772270320497
415.5,-437.5870627622536,339.0649534609469
416.0,-437.9027523627207,339.4526804867178
416.5,-438.21844251836137,339.84040714877506
417.0,-438.5341328991226,340.22813362941486
417.5,-438.8498240100735,340.6158595074299
418.0,-439.1655156490734,341.00358478406696
418.5,-439.4812078761446,341.39130939096884
419.0,-439.7969008854217,341.779032902293
419.5,-440.1125941817761,342.1667560115293
420.0,-440.42828993274406,342.5544762892479
420.5,-440.74398534864747,342.9421966006369
421.0,-441.05967967046115,343.3299171031551
421.5,-441.37537078712114,343.71763970845444
422.0,-441.69105877088367,344.10536436913054
422.5,-442.00673832514303,344.49309498332167
423.0,-442.3224149087714,344.88082770338684
423.5,-442.6380747524623,345.2685726109622
424.0,-442.9537287061404,345.6563219497571
424.5,-443.26936738666916,346.0440827789649
425.0,-443.5849930401312,346.4318536529733
425.5,-443.90060739448865,346.81963323939993
426.0,-444.21619616516875,347.20743295397756
426.5,-444.53177641655645,347.595239381841
427.0,-444.84732168483225,347.9830735373832
427.5,-445.1628549440132,348.3709173088991
428.0,-445.47836101842296,348.7587828479213
428.5,-445.79384275567526,349.1466681584935
429.0,-446.1093056049412,349.53456881369954
429.5,-446.4247328920627,349.9224988926582
430.0,-446.7401489743799,350.3104382479108
430.5,-447.05552392816946,350.6984117002456
431.0,-447.3708821693987,351.08639903774224
431.5,-447.6862067622225,351.47441433107286
432.0,-448.0015008118479,351.8624550475705
432.5,-448.3167734423902,352.2505135926177
433.0,-448.6320080293635,352.6386037209544
433.5,-448.947231280439,353.0267032834021
434.0,-449.262415661676,353.41483532562563
434.5,-449.5775856144835,353.8029793151711
435.0,-449.89272932115233,354.1911450375786
435.5,-450.2078524768653,354.5793277127294
436.0,-450.52296249748235,354.9675212231868
436.5,-450.83804303385415,355.35573893644283
437.0,-451.1531154342428,355.7439632927614
437.5,-451.4681619187923,356.132208662863
438.0,-451.7831994435177,356.52046136614297
438.5,-452.09822205331056,356.9087262765668
439.0,-452.4132316056824,357.29700195333106
439.5,-452.7282334947384,357.6852839487908
440.0,-453.04321630500175,358.0735817249524
440.5,-453.35819380355,358.4618839020524
441.0,-453.67315389761285,358.8502005207085
441.5,-453.9881074392099,359.2385225205708
442.0,-454.30305095510147,359.62685275403413
442.5,-454.61798455908297,360.01519107591974
443.0,-454.9329128499205,360.4035337334935
443.5,-455.24782793107966,360.79188704195496
444.0,-455.56273997774673,361.18024273765036
444.5,-455.87764348852875,361.56860501524204
445.0,-456.1925447808101,361.95696880482694
445.5,-456.5074430609043,362.34533464733295
446.0,-456.8223404162147,362.73370055373823
446.5,-457.13723734510097,363.12206648960796
447.0,-457.45213109818536,363.5104336178734
447.5,-457.76702389808054,363.898801158693
448.0,-458.0819137765773,364.28717000332915
448.5,-458.39680163164456,364.67553988393286
449.0,-458.71168723833745,365.06391091567264
449.5,-459.02657062591146,365.4522829055375
450.0,-459.3414531941711,365.84065525904225
450.5,-459.6563311119875,366.22903075640767
451.0,-459.9712056502587,366.61740901470586
451.5,-460.28607146182355,367.00579440232116
452.0,-460.60092840333317,367.3941870813715
452.5,-460.91577813996196,367.78258568303664
453.0,-461.230613797607,368.17099622466964
453.5,-461.5454443874923,368.55941110856264
454.0,-461.8602567397062,368.94784184251375
454.5,-462.17506111521027,369.33627942678874
455.0,-462.48985268165785,369.72472801136166
455.5,-462.80462988488,370.11318892689644
456.0,-463.11939988581344,370.5016560256627
456.5,-463.43415126060535,370.89013926705616
457.0,-463.7488961915091,371.27862793617163
457.5,-464.0636235983028,371.66713129084116
458.0,-464.3783390953147,372.05564447354715
458.5,-464.6930439649997,372.44416642599873
459.0,-465.0077335127295,372.8327012657504
459.5,-465.3224179967476,373.2212403031646
460.0,-465.6370894443129,373.60978984420217
460.5,-465.95175417338663,373.9983447574749
461.0,-466.26640948514387,374.38690720101533
461.5,-466.58105167127934,374.7754804237055
462.0,-466.8956882055117,375.1640582808583
462.5,-467.21030358757884,375.5526532126971
463.0,-467.5249119992839,375.94125359885214
463.5,-467.8395063413287,376.32986499453233
464.0,-468.1540880433661,376.71848627122995
464.5,-468.4686627098733,377.10711304778164
465.0,-468.78321701399614,377.49575574600254
465.5,-469.09776356324585,377.8844044729762
466.0,-469.4122920239127,378.273067251303
466.5,-469.7268055054709,378.66174133879224
467.0,-470.04130878561824,379.0504231283026
467.5,-470.3557867420242,379.4391239414159
468.0,-470.6702563552418,379.82783099770324
468.5,-470.98470725683734,380.21655203578786
469.0,-471.29914351239563,380.6052837840917
469.5,-471.61356901044076,380.9940233990507
470.0,-471.92796609557575,381.38278459787466
470.5,-472.24235113884225,381.77155530754675
471.0,-472.5567081247362,382.160348433065
471.5,-472.8710464608106,382.5491567758145
472.0,-473.1853717772069,382.93797574190825
472.5,-473.49966811845064,383.32681840019745
473.0,-473.813952330657,383.71567126351573
473.5,-474.12821086384184,384.1045458574224
474.0,-474.4424491113125,384.4934381675007
474.5,-474.7566756108774,384.8823407374058
475.0,-475.0708761977723,385.2712661113803
475.5,-475.3850678917117,385.66019926835696
476.0,-475.69924345715935,386.0491465380764
476.5,-476.0134023977285,386.4381082472157
477.0,-476.3275532969815,386.82707691044055
477.5,-476.6416889888613,387.21605841803085
478.0,-476.9558193039388,387.605044451537
478.5,-477.26994295032665,387.9940360984035
479.0,-477.5840546167083,388.38303757917
479.5,-477.8981608547431,388.77204349942036
480.0,-478.212255703575,389.16105870172225
480.5,-478.5263424412455,389.55008040637296
481.0,-478.8404232600514,389.9391068559079
481.5,-479.15448888377404,390.3281455199173
482.0,-479.46854792045787,390.7171894432751
482.5,-479.7825958753226,391.1062422089344
483.0,-480.0966300490551,391.49530580283766
483.5,-480.41065666158465,391.8843753333289
484.0,-480.7246659401767,392.27345845596767
484.5,-481.0386651724994,392.6625495590196
485.0,-481.3526558082039,393.0516474909314
485.5,-481.6666295253099,393.44075921314493
486.0,-481.9805962765097,393.8298764564017
486.5,-482.2945519947335,394.21900240079316
487.0,-482.6084959430367,394.60813756004023
487.5,-482.92243368856435,394.9972776460138
488.0,-483.23635969857145,395.38642725071776
488.5,-483.5502777327244,395.7755836220799
489.0,-483.864190092028,396.1647448026856
489.5,-484.1780890297829,396.55391706691694
490.0,-484.49198050990464,396.94309546054603
490.5,-484.80586263204725,397.33228154545947
491.0,-485.11973172595776,397.721478479777
491.5,-485.43359500533626,398.11068025203656
492.0,-485.7474494413837,398.4998893792902
492.5,-486.06129201777213,398.88910808230145
493.0,-486.3751262220667,399.2783335339616
493.5,-486.6889416644712,399.6675740859392
494.0,-487.0027432132319,400.0568257208945
494.5,-487.3165350901183,400.4460850456356
495.0,-487.63030894195475,400.8353584650415
495.5,-487.9440755034681,401.22463749321946
496.0,-488.25783573645043,401.6139213902197
496.5,-488.5715783572778,402.00321905074424
497.0,-488.8853133442572,402.3925224722413
497.5,-489.1990392554151,402.7818327382552
498.0,-489.51275025491645,403.1711543370626
498.5,-489.8264555910967,403.56048017392703
499.0,-490.1401540191505,403.94981115472956
499.5,-490.453840994395,404.33915078961496
500.0,-490.7675209848183,404.7284956471715
500.5,-491.08119071858346,405.1178481423562
501.0,-491.39484398583875,405.5072135859127
501.5,-491.7084875411294,405.89658684126437
502.0,-492.02211692234704,406.2859716698782
502.5,-492.3357307147909,406.6753692020827
503.0,-492.64933683021275,407.06477297519524
503.5,-492.9629341486579,407.4541838749523
504.0,-493.2765180579954,407.8436058102292
504.5,-493.59009079301387,408.23303709867406
505.0,-493.90364336021867,408.62248544327707
505.5,-494.2171762626779,409.0119500278238
506.0,-494.5306974972783,409.40142426541854
506.5,-494.8442035931939,409.7909110544895
507.0,-495.15769952873717,410.18040628572055
507.5,-495.4711884289931,410.5699073853806
508.0,-495.7846670647321,410.95941707331906
508.5,-496.09813653316377,411.34893413356934
509.0,-496.41160000269065,411.7384559359994
509.5,-496.72505547574826,412.127983986176
510.0,-497.03850383320577,412.51751746703655
510.5,-497.3519513895198,412.9070513877252
511.0,-497.66540011109845,413.29658410885844
511.5,-497.9788482416596,413.68611718145684
512.0,-498.29229569386297,414.07565057351127
512.5,-498.6057423050709,414.4651843483066
513.0,-498.9191862057989,414.85471970952216
513.5,-499.2326299254156,415.24425511339706
514.0,-499.5460736325486,415.63379044436465
514.5,-499.8595183435957,416.0233247675104
515.0,-500.17296382984256,416.41285865490346
515.5,-500.4864097611826,416.80239229663204
516.0,-500.799854899394,417.1919264147857
516.5,-501.1132996737321,417.58146087341834
517.0,-501.42674371435345,417.97099600598386
517.5,-501.74018595654815,418.36053278114844
518.0,-502.0536281803615,418.7500696658223
518.5,-502.36706983022293,419.13960702448503
519.0,-502.68051047774355,419.5291451690878
519.5,-502.99395034494563,419.9186835701934
520.0,-503.3073893571864,420.3082224448029
520.5,-503.620827572119,420.697761740813
521.0,-503.9342657844862,421.08730061292965
521.5,-504.24770704003646,421.47683671161843
522.0,-504.56115061096233,421.8663706294735
522.5,-504.87459644503275,422.2559022491729
523.0,-505.1880401253419,422.64543510133285
523.5,-505.5014841898038,423.0349673700458
524.0,-505.81492955530666,423.4244983530744
524.5,-506.1283802462015,423.8140245418583
525.0,-506.4418337815115,424.20354847798717
525.5,-506.75528958426446,424.59307065296133
526.0,-507.0687466750228,424.98259194777444
526.5,-507.38220420959,425.372113486689
527.0,-507.6956632648327,425.76163415833565
527.5,-508.0091245233837,426.15115335803046
528.0,-508.32258853989686,426.54067112376043
528.5,-508.6360531610666,426.9301890583895
529.0,-508.9495182978361,427.3197072896346
529.5,-509.2629838977826,427.70922616856836
530.0,-509.57645188678316,428.0987440377817
530.5,-509.8899216667041,428.4882610111448
531.0,-510.2033932378038,428.8777770478487
531.5,-510.5168672865813,429.2672918678693
532.0,-510.83034851203627,429.656801520308
532.5,-511.14383529533217,430.0463072552185
533.0,-511.45732716530495,430.43580949252026
533.5,-511.7708232614201,430.82530893812657
534.0,-512.0843245341707,431.2148044115245
534.5,-512.3978329180956,431.6042942958644
535.0,-512.7113530020187,431.99377482631104
535.5,-513.0248879377036,432.38324335185155
536.0,-513.338432713275,432.7727038949883
536.5,-513.6519872834727,433.1621564577532
537.0,-513.9655544411869,433.5515986772986
537.5,-514.2791361114602,433.94102878947393
538.0,-514.5927310827624,434.33044771991206
538.5,-514.9063404075415,434.7198545467489
539.0,-515.2199696876636,435.1092444935748
539.5,-515.5336187249958,435.49861764931575
540.0,-515.8472838823092,435.8879771285414
540.5,-516.1609656682272,436.2773225454016
541.0,-516.4746706737728,436.6666484859799
541.5,-516.7883985259032,437.05595545017945
542.0,-517.102145263687,437.4452467906169
542.5,-517.4159116238044,437.8345219554196
543.0,-517.7297043025596,438.22377554335225
543.5,-518.0435259678052,438.61300559796337
544.0,-518.3573732969262,439.002215105317
544.5,-518.6712480008485,439.3914027305632
545.0,-518.9851559078752,439.78056372105726
545.5,-519.299100203553,440.16969586363143
546.0,-519.6130729587256,440.5588053479965
546.5,-519.9270755888546,440.94789103695524
547.0,-520.2411097588003,441.33695160996206
547.5,-520.5551868757867,441.7259783027269
548.0,-520.8692942290278,442.1149809034718
548.5,-521.1834310105418,442.5039601646203
549.0,-521.4975966870502,442.8929165378883
549.5,-521.8117980079583,443.2818443587392
550.0,-522.126031715448,443.670746083055
550.5,-522.4402914985621,444.0596268542668
551.0,-522.7545774542762,444.4484865328794
551.5,-523.0688911270415,444.83732373507394
552.0,-523.383242907035,445.22613023337476
552.5,-523.6976213253038,445.6149150837472
553.0,-524.0120255669682,446.00367896579974
553.5,-524.3264552964313,446.392422125806
554.0,-524.6409145873366,446.7811410990933
554.5,-524.9554051340106,447.1698347644154
555.0,-525.2699215223496,447.55850735226534
555.5,-525.5844642126204,447.94715851551257
556.0,-525.8990334662757,448.3357881332109
556.5,-526.2136333574844,448.72439316636
557.0,-526.5282634718382,449.11297361038487
557.5,-526.8429177646228,449.5015346359386
558.0,-527.1575970326571,449.8900755218651
558.5,-527.4723024844965,450.27859515634475
559.0,-527.7870380524016,450.6670903923382
559.5,-528.1018006320971,451.05556396171727
560.0,-528.4165874454151,451.4440180539094
560.5,-528.7313974999606,451.8324534236913
561.0,-529.0462295193142,452.2208710785949
561.5,-529.3610845389173,452.60927023660076
562.0,-529.6759642606294,452.997649558624
562.5,-529.9908633049388,453.3860133148487
563.0,-530.3057798713436,453.77436306648406
563.5,-530.6207129547662,454.16269960497306
564.0,-530.9356626251985,454.55102269683323
564.5,-531.2506321554994,454.9393297480305
565.0,-531.5656170449009,455.3276244752517
565.5,-531.8806150955023,455.71590862711577
566.0,-532.1956247210449,456.10418350952
566.5,-532.5106444004128,456.4924502925344
567.0,-532.8256731058549,456.8807095142439
567.5,-533.1407145417577,457.2689582139368
568.0,-533.4557647499138,457.6571998765856
568.5,-533.7708210175056,458.04543655152133
569.0,-534.0858823862095,458.4336688446596
569.5,-534.4009492536816,458.82189635588264
570.0,-534.7160227138511,459.2101183425819
570.5,-535.0311019508651,459.59833542220906
571.0,-535.3461872978211,459.9865477835021
571.5,-535.6612791669744,460.37475497199443
572.0,-535.976376891343,460.76295740280494
572.5,-536.2914800654765,461.1511555267349
573.0,-536.60658955256,461.53934902164883
573.5,-536.9217089021578,461.92753474282205
574.0,-537.2368371510265,462.3157136738496
574.5,-537.5519678730054,462.70389111498946
575.0,-537.8671002953777,463.0920675214331
575.5,-538.1822346715754,463.48024263254274
576.0,-538.4973715328855,463.8684160001783
576.5,-538.8125111969791,464.25658725333227
577.0,-539.127652350563,464.6447574325666
577.5,-539.4427934334799,465.03292791612614
578.0,-539.7579351022525,465.4210980120854
578.5,-540.073077454452,465.8092674141241
579.0,-540.3882195547905,466.19743674559265
579.5,-540.703359213071,466.58560778242156
580.0,-541.0184948873926,466.97378180709245
580.5,-541.3336293700266,467.3619564056751
581.0,-541.6487638589786,467.7501305199916
581.5,-541.9638948229258,468.1383069028437
582.0,-542.279021151678,468.5264863660638
582.5,-542.5941444736853,468.9146676826371
583.0,-542.9092666304507,469.3028495178673
583.5,-543.2243872808243,469.6910321689504
584.0,-543.5395050425409,470.07921669170275
584.5,-543.8546206538368,470.4674025276532
585.0,-544.169736052443,470.85558808303523
585.5,-544.4848504231826,471.243773923727
586.0,-544.7999617488297,471.63196218447405
586.5,-545.1150728631278,472.0201505062224
587.0,-545.4301830675975,472.4083394363177
587.5,-545.7452908630701,472.7965302847288
588.0,-546.060396588626,473.18472266860954
588.5,-546.375501032527,473.57291598551427
589.0,-546.6906038821887,473.9611107698341
589.5,-547.005705152422,474.34930699672486
590.0,-547.320805624914,474.7375040614703
590.5,-547.6359024484068,475.1257049263113
591.0,-547.9509956296304,475.5139094638941
591.5,-548.2660872177541,475.90211548058966
592.0,-548.5811760855734,476.2903243262954
592.5,-548.8962624205367,476.6785354157071
593.0,-549.2113468099968,477.0667482004653
593.5,-549.526429545686,477.4549628353903
594.0,-549.8415118768312,477.84317830149524
594.5,-550.1565946188603,478.23139369508436
595.0,-550.4716779499031,478.61960886047115
595.5,-550.7867627973949,479.0078229238704
596.0,-551.1018494336918,479.39603532535244
596.5,-551.416938535774,479.78424560635335
597.0,-551.7320302321567,480.17245358912896
597.5,-552.0471267328301,480.56065724958114
598.0,-552.3622270042744,480.9488574196956
598.5,-552.6773302311476,481.3370546351429
599.0,-552.9924366582215,481.7252485310501
599.5,-553.3075454336707,482.11343983199527
600.0,-553.6226562115984,482.5016289510529
600.5,-553.9377696653646,482.8898153211257
601.0,-554.2528855830179,483.2779993482807
601.5,-554.5680020693793,483.66618292916195
602.0,-554.8831190519651,484.05436604348057
602.5,-555.1982367868031,484.4425484294316
603.0,-555.5133539689072,484.83073159375783
603.5,-555.8284680607945,485.2189177937268
604.0,-556.1435774320706,485.6071083698116
604.5,-556.4586817511953,485.9953039348531
605.0,-556.7737797940265,486.38350544424543
605.5,-557.088869874771,486.7717139809424
606.0,-557.4039504412846,487.1599309034538
606.5,-557.7190210421771,487.54815643991606
607.0,-558.0340823354344,487.93638981030364
607.5,-558.3491354067412,488.3246302121686
608.0,-558.6641820485959,488.71287600749105
608.5,-558.9792224670382,489.1011268723962
609.0,-559.294256553427,489.4893829693396
609.5,-559.6092859122111,489.877642666842
610.0,-559.9243131345803,490.2659035582691
610.5,-560.2393373530239,490.6541664234526
611.0,-560.5543580008793,491.04243179417256
611.5,-560.869377679961,491.4306975304622
612.0,-561.1843977801987,491.81896236767994
612.5,-561.4994185630178,492.2072259126009
613.0,-561.8144375306069,492.59549019484984
613.5,-562.1294506785823,492.98375850595534
614.0,-562.4444588877801,493.3720303375025
614.5,-562.7594650906627,493.7603036600798
615.0,-563.0744673630662,494.14857978247204
615.5,-563.3894631916448,494.5368605770619
616.0,-563.704454126675,494.9251450686277
616.5,-564.019444190177,495.31342987733575
617.0,-564.3344334343122,495.7017150704483
617.5,-564.6494201460898,496.0900023330115
618.0,-564.9644039282175,496.47829201036376
618.5,-565.2793865270684,496.86658270897857
619.0,-565.594367620273,497.2548749296553
619.5,-565.9093483638025,497.6431676356879
620.0,-566.2243278201857,498.03146159614374
620.5,-566.5393061293215,498.4197567371963
621.0,-566.8542836247234,498.80805290807075
621.5,-567.1692591370734,499.1963515190011
622.0,-567.4842347200444,499.5846507450036
622.5,-567.7992096086679,499.9729513915639
623.0,-568.1141821346755,500.3612546125573
623.5,-568.4291522291087,500.74956031068865
624.0,-568.7441195817763,501.13786872392063
624.5,-569.0590838950302,501.52617983890815
625.0,-569.374046147339,501.91449247151263
625.5,-569.689003302134,502.3028090267673
626.0,-570.0039527556864,502.6911315360374
626.5,-570.3188976624785,503.07945755452346
627.0,-570.6338399879486,503.4677853672761
627.5,-570.9487754164189,503.856118108364
628.0,-571.2637024025876,504.24445704151583
628.5,-571.5786237412585,504.6327997602754
629.0,-571.893540680532,505.0211455355106
629.5,-572.2084511245754,505.40949664272716
630.0,-572.5233532404736,505.7978546804452
630.5,-572.8382465176187,506.1862197764447
631.0,-573.153133912649,506.57458969111644
631.5,-573.4680159858374,506.96296414486767
632.0,-573.7828931627547,507.3513426367176
632.5,-574.0977646763145,507.73972655397927
633.0,-574.4126316504602,508.12811542051327
633.5,-574.7274932425539,508.516509355599
634.0,-575.0423483854506,508.904908925632
634.5,-575.3572005386396,509.29331135265784
635.0,-575.6720566261973,509.6817103637095
635.5,-575.9869169129075,510.07010592901963
636.0,-576.3017802045143,510.4584996583303
636.5,-576.6166485595771,510.84688924295585
637.0,-576.9315212416725,511.2352749439608
637.5,-577.2463983295604,511.6236567433321
638.0,-577.5612834941812,512.0120313133075
638.5,-577.8761783784983,512.4003970128516
639.0,-578.1910825200998,512.7887545579789
639.5,-578.505993886513,513.1771056998172
640.0,-578.8209101708329,513.5654522144854
640.5,-579.1358309823594,513.9537947164077
641.0,-579.450755161845,514.342134502632
641.5,-579.765681571588,514.7304720157643
642.0,-580.0806079892136,515.1188093046478
642.5,-580.3955330813666,515.5071477954093
643.0,-580.71045881595,515.8954858124858
643.5,-581.0253835579593,516.2838245789586
644.0,-581.340304592854,516.6721666090167
644.5,-581.6552204172687,517.0605129681733
645.0,-581.970133179839,517.4488614246161
645.5,-582.2850439932404,517.8372114598671
646.0,-582.599950900098,518.2255648183594
646.5,-582.9148563410711,518.6139190500863
647.0,-583.2297610376961,519.0022736666679
647.5,-583.5446666123008,519.3906276217599
648.0,-583.8595732837592,519.778980793992
648.5,-584.1744802346219,520.1673338342133
649.0,-584.4893900906462,520.5556851785437
649.5,-584.8043069484105,520.944031312943
650.0,-585.1192312799297,521.3323715215063
650.5,-585.4341619772129,521.7207067592007
651.0,-585.7490972436622,522.1090391399333
651.5,-586.0640353542514,522.4973702467483
652.0,-586.3789791704415,522.8856977678074
652.5,-586.6939303399704,523.2740197855292
653.0,-587.0088904149118,523.6623343505134
653.5,-587.3238586013906,524.050642018158
654.0,-587.6388385773342,524.4389397307032
654.5,-587.9538293119081,524.8272290278566
655.0,-588.268835371123,525.2155060957425
655.5,-588.5838635679074,525.6037652620121
656.0,-588.8989189786255,525.9920019449994
656.5,-589.2140029705323,526.3802155372304
657.0,-589.5291202233515,526.7684018190791
657.5,-589.8442754203825,527.156556899382
658.0,-590.1594709306149,527.5446789111172
658.5,-590.4747145978124,527.9327615152919
659.0,-590.7900134851427,528.3207990082464
659.5,-591.1053611766041,528.7087971360359
660.0,-591.4207648230966,529.0967496816162
660.5,-591.7362311174884,529.4846512981151
661.0,-592.0517553733322,529.872505788227
661.5,-592.3673429725435,530.2603089524268
662.0,-592.6829983453225,530.6480570706221
662.5,-592.9987121746685,531.0357575562763
663.0,-593.3144916081667,531.4234043259103
663.5,-593.6303342130666,531.8109997523935
664.0,-593.9462337694914,532.1985490301579
664.5,-594.2621993865145,532.5860448790437
665.0,-594.5782195103463,532.9734963987872
665.5,-594.8942899707952,533.3609065934146
666.0,-595.2104190591549,533.7482683822794
666.5,-595.5265962035578,534.1355906717546
667.0,-595.8428261072191,534.5228701582175
667.5,-596.1591069417553,534.9101082935678
668.0,-596.4754335972598,535.2973091718766
668.5,-596.7918170753536,535.6844635193881
669.0,-597.1082460709988,536.0715805049117
669.5,-597.4247234448137,536.4586580262333
670.0,-597.7412460881272,536.8456988314473
670.5,-598.0578097541347,537.2327062597379
671.0,-598.3744196480437,537.6196758436903
671.5,-598.69106993499,538.0066114857365
672.0,-599.0077698172904,538.393505515737
672.5,-599.3245143786565,538.7803623882543
673.0,-599.6413086060032,539.1671781897865
673.5,-599.9581535288576,539.553952122808
674.0,-600.2750509071676,539.9406832541775
674.5,-600.5920075114169,540.3273659133573
675.0,-600.9090164583994,540.7140056455671
675.5,-601.2260900233769,541.1005920909477
676.0,-601.543219705907,541.4871324916775
676.5,-601.8604190481062,541.8736159863682
677.0,-602.1776773984903,542.26005156755
677.5,-602.495013650368,542.6464239337802
678.0,-602.8124159190419,543.0327426906002
678.5,-603.1298958844997,543.4189977499154
679.0,-603.447442788086,543.805197378087
679.5,-603.7650706611317,544.191330300878
680.0,-604.0827678024441,544.5774064343864
680.5,-604.4005415270118,544.9634192201942
681.0,-604.718379875872,545.3493788523202
681.5,-605.0362915468396,545.7352781083865
682.0,-605.3542634625977,546.1211276713818
682.5,-605.6723089373529,546.5069164298887
683.0,-605.9904172787387,546.8926537541884
683.5,-606.3086002104801,547.2783293576497
684.0,-606.6268440733201,547.6639548261836
684.5,-606.9451562158685,548.0495239825683
685.0,-607.2635265563216,548.4350459170988
685.5,-607.5819555227105,548.8205203165713
686.0,-607.900439947868,549.2059500913455
686.5,-608.2189729336363,549.591340853598
687.0,-608.5375590224445,549.9766880807787
687.5,-608.8561915591038,550.3619978896735
688.0,-609.1748796628958,550.7472610537948
688.5,-609.4936176154313,551.1324822770673
689.0,-609.8124047641672,551.5176618513324
689.5,-610.1312456719929,551.9027964949229
690.0,-610.450138132538,552.2878881978561
690.5,-610.7690861747027,552.6729352344546
691.0,-611.0880807376419,553.0579432177583
691.5,-611.4071259246592,553.4429085633303
692.0,-611.7262246947498,553.8278283832828
692.5,-612.0453788887838,554.2127012045177
693.0,-612.3645978667673,554.5975204244511
693.5,-612.6838822293714,554.9822853707574
694.0,-613.0032263547087,555.3670008461232
694.5,-613.3226305707815,555.7516670208714
695.0,-613.6420850759735,556.1362913408996
695.5,-613.9615880008423,556.5208755400895
696.0,-614.2811465217193,556.9054142504436
696.5,-614.6007525184651,557.289913798667
697.0,-614.9204031187214,557.674376176939
697.5,-615.2401022243602,558.0587982447723
698.0,-615.559848189743,558.4431808192865
698.5,-615.8796433377829,558.8275216435002
699.0,-616.1994964550944,559.211813594138
699.5,-616.5194051386724,559.5960587792603
700.0,-616.8393657548224,559.9802602005764
700.5,-617.1593774977495,560.3644191045992
701.0,-617.4794435935045,560.7485336522512
701.5,-617.7995485518003,561.1326165764746
702.0,-618.1196870196488,561.5166718381099
702.5,-618.4398477026398,561.9007075983112
703.0,-618.7600070803832,562.2847435306825
703.5,-619.0801538914684,562.6687885915964
704.0,-619.4002796719734,563.0528502138978
704.5,-619.7203728253364,563.4369386201084
705.0,-620.0404087871153,563.8210753207288
705.5,-620.3603632859343,564.205280438307
706.0,-620.680209275441,564.589577754237
706.5,-620.9999292984264,564.973981595078
707.0,-621.3194929804599,565.358516175535
707.5,-621.6388626190959,565.7432129465394
708.0,-621.9580283048456,566.1280793593115
708.5,-622.2769881756634,566.5131168334915
709.0,-622.5957421709036,566.8983250729075
709.5,-622.9142853231295,567.2837079389765
710.0,-623.2326182452418,567.6692640108045
710.5,-623.5507433277363,568.054992145157
711.0,-623.868669820871,568.4408842059775
711.5,-624.1864047935201,568.826933914082
712.0,-624.5039631640079,569.2131282320381
712.5,-624.8213575204175,569.5994563913807
713.0,-625.138602905969,569.9859057367196
713.5,-625.4557128738984,570.3724655063429
714.0,-625.772696920733,570.7591290565389
714.5,-626.0895591227204,571.1458935198386
715.0,-626.4063020572352,571.5327564996576
715.5,-626.7229357076966,571.9197092226533
716.0,-627.0394737220906,572.3067400077506
716.5,-627.3559176839676,572.6938462353803
717.0,-627.6722630778748,573.0810317963447
717.5,-627.988499536688,573.4683063829295
718.0,-628.3046280461479,573.8556690629102
718.5,-628.620661342626,574.2431084468687
719.0,-628.9366027932406,574.6306220395403
719.5,-629.2524391489088,575.0182206476481
720.0,-629.5681717888857,575.4059028460714
720.5,-629.8838044322456,575.7936664690943
721.0,-630.1993312967978,576.1815177798906
721.5,-630.5147539720806,576.5694545108593
722.0,-630.8300730124229,576.9574747367286
722.5,-631.1452830975252,577.3455826435236
723.0,-631.4603697206038,577.7337893563496
723.5,-631.7753215867626,578.122103157468
724.0,-632.0901100619592,578.5105494936857
724.5,-632.4047054948895,578.8991551816935
725.0,-632.7190820511261,579.2879408593907
725.5,-633.0332099109758,579.6769292626877
726.0,-633.3470710552576,580.0661318990743
726.5,-633.6606411387652,580.455566052065
727.0,-633.9738756397438,580.8452675862887
727.5,-634.2867170142573,581.2352834938886
728.0,-634.5990660179617,581.6256958821219
728.5,-634.9108788178652,582.0165395685668
729.0,-635.2220998696038,582.4078558145601
729.5,-635.5326157039941,582.7997309031896
730.0,-635.8423277549215,583.1922396400624
730.5,-636.151095693246,583.5854890150778
731.0,-636.4586513255326,583.9796856048999
731.5,-636.7648239971119,584.3749573485519
732.0,-637.0694038505467,584.7714582634352
732.5,-637.372175532286,585.1693391734094
733.0,-637.673015144833,585.5686792026197
733.5,-637.9714994739603,585.9697783494776
734.0,-638.2673512059649,586.3728219767847
734.5,-638.5602065378671,586.7780478366492
735.0,-638.8498859552565,587.1855480988505
735.5,-639.1361878220614,587.5954221711056
736.0,-639.4186065033556,588.0079759789791
736.5,-639.6968638597759,588.423342447403
737.0,-639.9703853468925,588.8418399527864
737.5,-640.2391450386278,589.2634068931917
738.0,-640.5028405811138,589.6881510687031
738.5,-640.7611767382941,590.1161652472257
739.0,-641.0134887737385,590.5477540462558
739.5,-641.2593743964915,590.9830330584216
740.0,-641.49889760449,591.4218400912175
740.5,-641.7316649038552,591.8642555523169
741.0,-641.9577223480345,592.3101205618749
741.5,-642.1763821904802,592.7596442814905
742.0,-642.3867388291301,593.2131073992019
742.5,-642.5885074037318,593.670459555541
743.0,-642.7813502087944,594.1316487761221
743.5,-642.9655326880726,594.5963563013574
744.0,-643.1412057238163,595.064331802777
744.5,-643.3080885954585,595.5354921899367
745.0,-643.4654680144707,596.0098918747349
745.5,-643.6127716522388,596.4875136140357
746.0,-643.7497132601088,596.9682171050102
746.5,-643.8761355109802,597.4517984208092
747.0,-643.9928826686862,597.9377944354476
747.5,-644.1003308312485,598.4259074761555
748.0,-644.1982630403896,598.9159934760027
748.5,-644.2860151250935,599.4079788180654
749.0,-644.3633096970797,599.9016982981445
749.5,-644.4293973838672,600.397046699306
750.0,-644.4841570337569,600.89378636199
750.5,-644.5277830578345,601.3916232345822
751.0,-644.561196270285,601.8902240285162
751.5,-644.5845606598294,602.3893633242734
752.0,-644.5973389999815,602.8888573623872
752.5,-644.5984941040182,603.3885128170589
753.0,-644.5880156438559,603.8880654571827
753.5,-644.5670036722423,604.3872780853349
754.0,-644.5357396079871,604.8859306228317
754.5,-644.4944514701776,605.3838301798748
755.0,-644.4426758956337,605.880731820465
755.5,-644.3804280702495,606.3764330065335
756.0,-644.3081810732164,606.8707743508687
756.5,-644.226604615163,607.3636457818309
757.0,-644.1359204730967,607.8548874180983
757.5,-644.0365131029573,608.3444005599367
758.0,-643.9281526942623,608.8319825643383
758.5,-643.8104374820726,609.3173880042631
759.0,-643.6834811008625,609.8004559618837
759.5,-643.5481928921675,610.2812422477208
760.0,-643.4049885308677,610.7596950469457
760.5,-643.2536459761167,611.2356021540561
761.0,-643.0942107696084,611.7088316230884
761.5,-642.9264738714414,612.1791752182143
762.0,-642.7501719297745,612.6463688220423
762.5,-642.5659275607601,613.1104755440613
763.0,-642.3738723879318,613.5713815378462
763.5,-642.1740457464443,614.0289412622668
764.0,-641.9667790615474,614.4831492488116
764.5,-641.7518830164987,614.9337718204499
765.0,-641.52953613045,615.3807405311516
765.5,-641.3000484671718,615.8240590142353
766.0,-641.062768761205,616.263242500229
766.5,-640.818105832305,616.6983553779751
767.0,-640.5659546539836,617.1291705754177
767.5,-640.3068843036293,617.5558331533709
768.0,-640.0413812044735,617.9784740785987
768.5,-639.7695145653528,618.3969782729032
769.0,-639.491409980827,618.8113080721422
769.5,-639.2060619157445,619.220676352301
770.0,-638.9139083180402,619.6252425113704
770.5,-638.6150486470987,620.0249021333589
771.0,-638.3103128135913,620.4200923804807
771.5,-638.0000162649529,620.810886285503
772.0,-637.6844935645022,621.1974015346639
772.5,-637.363451041892,621.5792910536464
773.0,-637.0366940018907,621.9562792786354
773.5,-636.7040690315954,622.3281052932477
774.0,-636.3658332335953,622.6948352272544
774.5,-636.0220702582595,623.0563695482313
775.0,-635.6729543397046,623.4127076413982
775.5,-635.3183393951092,623.7635435243327
776.0,-634.9584781841827,624.108957471051
776.5,-634.5931573481597,624.4485516155396
777.0,-634.222707149611,624.78250339219
777.5,-633.8467189149014,625.1101606854352
778.0,-633.4655069394571,625.431696398793
778.5,-633.0786223388035,625.7463690343156
779.0,-632.6863906399462,626.0543334677619
779.5,-632.2887204558448,626.3552106684363
780.0,-631.8858510722949,626.6490636506066
780.5,-631.4778017574744,626.9356497222968
781.0,-631.0644308160545,627.2144738828646
781.5,-630.6458950320114,627.4854428722493
782.0,-630.2222528281764,627.7483070652722
782.5,-629.7938603572118,628.003283748491
783.0,-629.3606231061945,628.2498692375283
783.5,-628.9226060316588,628.4878231500563
784.0,-628.4796806602817,628.7165281907379
784.5,-628.0321342190431,628.9360662093384
785.0,-627.5802888714404,629.1465834177071
785.5,-627.1246019516966,629.3485482107146
786.0,-626.6653414453826,629.5421423612273
786.5,-626.2025479987446,629.7270330017183
787.0,-625.7362053529233,629.9027146131803
787.5,-625.266601439179,630.0694450968384
788.0,-624.7940222591666,630.2274805947754
788.5,-624.3189320106678,630.3776287891867
789.0,-623.8413171575844,630.519424437648
789.5,-623.3613839834867,630.6531030687078
790.0,-622.8792181826481,630.7784368304775
790.5,-622.395159197544,630.896200767052
791.0,-621.9092986660376,631.0062323565417
791.5,-621.4219727388758,631.1094816842373
792.0,-620.933277890398,631.2058617961553
792.5,-620.4433674651829,631.2957201754558
793.0,-619.9523109816221,631.3790403988855
793.5,-619.4602155878292,631.455924652289
794.0,-618.9671995528573,631.5266779014379
794.5,-618.4733001975608,631.5911321204659
795.0,-617.978699398082,631.649925365176
795.5,-617.483535068756,631.7034669715371
796.0,-616.9878729859432,631.751776886095
796.5,-616.4918330400633,631.7953464431572
797.0,-615.9954397305575,631.8339812407824
797.5,-615.4986825375207,631.8673344035674
798.0,-615.0016290410787,631.895734063575
798.5,-614.5043264816095,631.9190994307853
799.0,-614.0067907518498,631.9371698546362
799.5,-613.5091132935227,631.9505975699407
800.0,-613.0113810744856,631.9597894528073
800.5,-612.5136504750468,631.9648128945081
801.0,-612.0159777014678,631.9658612446391
801.5,-611.5183778023458,631.9630582874456
802.0,-611.0208351253556,631.9560245056167
802.5,-610.5233475583996,631.9447060352945
803.0,-610.0259565821591,631.9293068115562
803.5,-609.5286890437061,631.9104083552761
804.0,-609.0315816804332,631.8883413940297
804.5,-608.5346545915268,631.8631176908083
805.0,-608.0379304672463,631.834748044741
805.5,-607.5414205633612,631.8032322407336
806.0,-607.0451188735199,631.7686859326844
806.5,-606.5490038017986,631.7312899632242
807.0,-606.0530610482883,631.691378068977
807.5,-605.557272026796,631.6493181158764
808.0,-605.0616293370971,631.605389528293
808.5,-604.5661333535887,631.5598130465538
809.0,-604.0707853307168,631.5127657679525
809.5,-603.5755844775908,631.4644093050142
810.0,-603.0805158837358,631.414879372808
810.5,-602.5855607421162,631.3642905980993
811.0,-602.0907075105757,631.3127832279197
811.5,-601.5959414741963,631.2604780532183
812.0,-601.1012477559153,631.207504960907
812.5,-600.6066135347457,631.15397424447
813.0,-600.1120288445225,631.0999511237661
813.5,-599.6174928523996,631.0455045495291
814.0,-599.123001491877,630.990676757446
814.5,-598.6285583483701,630.9354990277045
815.0,-598.1341586800255,630.8799743830517
815.5,-597.6397968815091,630.8241005177667
816.0,-597.1454796929744,630.7678714216416
816.5,-596.6512164900089,630.7113180613032
817.0,-596.1569952644944,630.6544353725478
817.5,-595.6627961176533,630.5972429211819
818.0,-595.1686069043757,630.5397531471161
818.5,-594.6744076814706,630.4819606317245
819.0,-594.1802108263965,630.4239219227044
819.5,-593.6860357780591,630.3656794610013
820.0,-593.1918984112865,630.3072548099556
820.5,-592.697800594238,630.2486478137913
821.0,-592.2037388430687,630.1898793434386
821.5,-591.7097005975784,630.1309502440704
822.0,-591.2156750810962,630.0718645943934
822.5,-590.7216553019923,630.0126518358127
823.0,-590.2276370642845,629.953310473841
823.5,-589.7336314643256,629.8938259375786
824.0,-589.2396457602088,629.8342179064492
824.5,-588.7456840687876,629.7744865592574
825.0,-588.2517345411092,629.7145753162697
825.5,-587.757779014891,629.6544787769612
826.0,-587.2638078725106,629.5941984661587
826.5,-586.7698319520656,629.5337438749048
827.0,-586.2758711151013,629.4731508468559
827.5,-585.7819355126148,629.4124184345206
828.0,-585.2880156382464,629.3515616653897
828.5,-584.7940922546469,629.2905737192485
829.0,-584.3001637544928,629.2294555978966
829.5,-583.8062458573708,629.1682544404858
830.0,-583.3123405907389,629.106969154971
830.5,-582.8184465283238,629.0456174904289
831.0,-582.3245636026693,628.9842123407263
831.5,-581.8306847439768,628.9227443692398
832.0,-581.3368037065386,628.8612156150764
832.5,-580.8429388662169,628.7996226369074
833.0,-580.3490927133298,628.7379690162168
833.5,-579.8552578674579,628.6762292458573
834.0,-579.3614219096249,628.614396960335
834.5,-578.8675716887445,628.5524625307418
835.0,-578.3736947741298,628.4904279452442
835.5,-577.8797880043061,628.4282950509058
836.0,-577.3858578900189,628.3660690289526
836.5,-576.8919137678926,628.3037671128421
837.0,-576.3979634867302,628.2413740571352
837.5,-575.9040149932596,628.1788895440176
838.0,-575.410076587922,628.1163043827025
838.5,-574.9161467108335,628.053618620432
839.0,-574.4222284994871,627.9908136077692
839.5,-573.9283261169824,627.9278965622083
840.0,-573.4344442348922,627.8648627536355
840.5,-572.9405826745872,627.8017072367523
841.0,-572.4467378185036,627.7384345180872
841.5,-571.9529096102834,627.6750316961742
842.0,-571.4590990766549,627.6115025018872
842.5,-570.9653034853015,627.547810355993
843.0,-570.4715280463877,627.4839776767949
843.5,-569.9777672323764,627.41995325729
844.0,-569.4840176858042,627.355740851887
844.5,-568.9902785338438,627.2913325523448
845.0,-568.496553301744,627.226711174172
845.5,-568.0028393954132,627.1618956085567
846.0,-567.5091374055063,627.0968480934141
846.5,-567.0154474492524,627.0315971610586
847.0,-566.5217730574093,626.9661415837397
847.5,-566.0281180791867,626.9004660926528
848.0,-565.534482374225,626.834608285789
848.5,-565.0408716765666,626.7685497952945
849.0,-564.5472809646363,626.7022878665607
849.5,-564.0537080802395,626.6358390783815
850.0,-563.5601613036049,626.5691874872012
850.5,-563.0666368285737,626.5023477242256
851.0,-562.5731322807702,626.4353302756627
851.5,-562.0796469799419,626.3681019186075
852.0,-561.5861767252169,626.3006780809322
852.5,-561.092719802936,626.2330633477693
853.0,-560.5992795838993,626.165230410639
853.5,-560.1058576092352,626.0971847973915
854.0,-559.6124535701575,626.0289305178557
854.5,-559.1190700007991,625.9604409369377
855.0,-558.625703526918,625.8917043786851
855.5,-558.132354807431,625.8227448293261
856.0,-557.639025289227,625.7535556775861
856.5,-557.1457189472104,625.6841026505175
857.0,-556.652435987827,625.6144289493902
857.5,-556.1591841630802,625.5445370221927
858.0,-555.6659646015752,625.4743905339111
858.5,-555.172779889029,625.4039884210009
859.0,-554.679625129178,625.3333362703428
859.5,-554.1864974217339,625.262412028351
860.0,-553.6934039206508,625.1911629726349
860.5,-553.2003432594952,625.1196161168164
861.0,-552.7073162087132,625.047780414718
861.5,-552.2143252925217,624.9756574169938
862.0,-551.7213733949836,624.903194046504
862.5,-551.2284527318385,624.8304354602037
863.0,-550.7355658635597,624.7573828072947
863.5,-550.2427114338645,624.6840326105462
864.0,-549.7498971031606,624.6103551090349
864.5,-549.2571196674983,624.5363995447841
865.0,-548.7643806246722,624.4621684638438
865.5,-548.2716811956536,624.3876575645031
866.0,-547.7790263467551,624.3128149161581
866.5,-547.286408621007,624.2376768945766
867.0,-546.7938285132959,624.1622432203636
867.5,-546.3012855490211,624.0865110096099
868.0,-545.8087916319993,624.0104603362021
868.5,-545.3163489468329,623.9340997287593
869.0,-544.8239510286978,623.8574267759838
869.5,-544.3316014159008,623.7804191572075
870.0,-543.8392977589789,623.7030418007832
870.5,-543.34704682875,623.6252057103583
871.0,-542.8548478351269,623.5469602174218
871.5,-542.3627086718357,623.468304633352
872.0,-541.8706320526514,623.3892342387437
872.5,-541.378626845166,623.3097449149374
873.0,-540.8867035351943,623.2297478792838
873.5,-540.3948527756835,623.1492707996866
874.0,-539.9030785990816,623.0682897092262
874.5,-539.411387693952,622.9867744215588
875.0,-538.91977950197,622.904703529656
875.5,-538.4282698036952,622.822013750059
876.0,-537.9368598435025,622.7387183687633
876.5,-537.4455484646251,622.654808192455
877.0,-536.954340433079,622.5702594086017
877.5,-536.4632443119715,622.4850293100196
878.0,-535.9722616844127,622.399064894457
878.5,-535.4814116841072,622.3122703466103
879.0,-534.9906900173748,622.2246955203768
879.5,-534.500097209935,622.1363198734922
880.0,-534.0096362515936,622.047140988211
880.5,-533.5193111327084,621.9571588161924
881.0,-533.0291230180088,621.866368989436
881.5,-532.5390834866806,621.774753835643
882.0,-532.0492024309885,621.6822847121784
882.5,-531.5594728088092,621.5889869260553
883.0,-531.0699001962284,621.4948562296692
883.5,-530.5804914660393,621.3998797319366
884.0,-530.0912532153864,621.3040200855302
884.5,-529.6021878615346,621.2072778064428
885.0,-529.113307178719,621.1096346314433
885.5,-528.6246347263382,621.0109660999266
886.0,-528.1361574191324,620.9113491936033
886.5,-527.6478863465194,620.810757915961
887.0,-527.159830499733,620.7091307635196
887.5,-526.6719998935359,620.6064135539664
888.0,-526.1844092187007,620.5025492408016
888.5,-525.6970646604319,620.3974967569546
889.0,-525.2099757808703,620.2912305017334
889.5,-524.7231675929654,620.1836478353453
890.0,-524.2366487867303,620.0747024274068
890.5,-523.7504180145579,619.9644106823491
891.0,-523.2644930286302,619.8527097739732
891.5,-522.7788863644768,619.7395391074706
892.0,-522.2936056947324,619.6248838282845
892.5,-521.8086579269865,619.5087398835275
893.0,-521.3240467905241,619.3911138002682
893.5,-520.8397728147643,619.2720328887712
894.0,-520.3558356413977,619.1515245430372
894.5,-519.8722371699803,619.0296053576792
895.0,-519.3889899842261,618.9062550323379
895.5,-518.9060738891528,618.7815852282985
896.0,-518.4234858630622,618.6556350518636
896.5,-517.9412212641813,618.5284449917954
897.0,-517.4592818416874,618.4000357740343
897.5,-516.9776675398448,618.270428431761
898.0,-516.4963814200845,618.1396301704607
898.5,-516.0154308787916,618.0076292378386
899.0,-515.5348306127255,617.8743807924717
899.5,-515.0545924890571,617.7398412480107
900.0,-514.5747309064166,617.603972094532
900.5,-514.0952573024308,617.4667441965264
901.0,-513.6161977258307,617.3280720797131
901.5,-513.1375866222409,617.1878349666085
902.0,-512.6594490307399,617.0459631385805
902.5,-512.181802878256,616.9024060110938
903.0,-511.7046626734751,616.7571190151037
903.5,-511.22803975691806,616.6100923549329
904.0,-510.751938106511,616.4613406611726
904.5,-510.2763654494396,616.310861078409
905.0,-509.80132036836517,616.1586825600486
905.5,-509.32680753761866,616.0048162769057
906.0,-508.85283163777916,615.8492639439836
906.5,-508.3793897262443,615.6920649880099
907.0,-507.9064809420988,615.5332492821452
907.5,-507.43410536058053,615.3728343194628
908.0,-506.96226293240403,615.2108448281473
908.5,-506.49096404188714,615.0472736281341
909.0,-506.02022116677193,614.8820965236342
909.5,-505.5500349720304,614.715329031457
910.0,-505.08042390205446,614.5469394532377
910.5,-504.61140546067924,614.376886858653
911.0,-504.1429922746332,614.205153182271
911.5,-503.67520774009853,614.0316959595991
912.0,-503.20808154470706,613.8564388767637
912.5,-502.7416370356512,613.6793329043463
913.0,-502.27588409693664,613.5003772323475
913.5,-501.8108274104762,613.319581871301
914.0,-501.3464609200702,613.1369843785981
914.5,-500.8828049170684,612.9525595996411
915.0,-500.4198489665342,612.7663507349667
915.5,-499.9575967215347,612.5783698866423
916.0,-499.4960447997307,612.3886475175048
916.5,-499.0351894484133,612.1972155613382
917.0,-498.5750097679198,612.0041499672918
917.5,-498.11551098425997,611.809462214446
918.0,-497.656693205542,611.613163014439
918.5,-497.1985590073758,611.4152657595541
919.0,-496.7411027895429,611.2158039574678
919.5,-496.28433848426425,611.0147567315337
920.0,-495.8282682928348,610.8121318800769
920.5,-495.3729001150072,610.6079331762777
921.0,-494.9182462782435,610.4021412350496
921.5,-494.46430864143883,610.1947658873686
922.0,-494.01110994050913,609.9857768893474
922.5,-493.55866822602667,609.7751386422574
923.0,-493.10700087902694,609.562825818897
923.5,-492.6561168563071,609.348837160639
924.0,-492.2060300832528,609.1331560416122
924.5,-491.7567427579682,608.9157929316418
925.0,-491.30825887254485,608.696759380744
925.5,-490.860580471405,608.4760659184411
926.0,-490.4137188282624,608.2537041557451
926.5,-489.96768925009,608.029655273299
927.0,-489.52250899618195,607.8038995099802
927.5,-489.07819413108206,607.5764156539595
928.0,-488.6347532917507,607.3472001199847
928.5,-488.1921825583623,607.116282728436
929.0,-487.7505060886911,606.8836327519745
929.5,-487.3097679453018,606.6491705522188
930.0,-486.86996135104715,606.4129275582698
930.5,-486.43109627342244,606.1749028187003
931.0,-485.99317200438475,605.935111609106
931.5,-485.55618431825405,605.693583275468
932.0,-485.1201265722127,605.4503458508108
932.5,-484.68498698475327,605.2054351117706
933.0,-484.2507551574866,604.9588878076794
933.5,-483.8173953604243,604.7107853037579
934.0,-483.38486118638974,604.4612273219738
934.5,-482.95311257249296,604.2103025153293
935.0,-482.5221181190429,603.9580801534304
935.5,-482.09185523015043,603.7046130930473
936.0,-481.6623174542098,603.4499218975242
936.5,-481.233492001546,603.194036359589
937.0,-480.80537840697116,602.9369688642118
937.5,-480.3779809563201,602.6787224242931
938.0,-479.95129905299905,602.4193076960834
938.5,-479.52534525694693,602.158711799348
939.0,-479.10013590291805,601.8969108526054
939.5,-478.67568570352574,601.6338846417584
940.0,-478.2520195676702,601.3695991605
940.5,-477.8291521610249,601.1040353372626
941.0,-477.4070824988359,600.8371995625305
941.5,-476.98580750088223,600.5691045266797
942.0,-476.5653466252307,600.2997251825269
942.5,-476.14570980375123,600.0290515822733
943.0,-475.72690718623767,599.7570786464106
943.5,-475.30892663293787,599.4838306487841
944.0,-474.8917683424329,599.2093159559956
944.5,-474.4754490001124,598.9335174609616
945.0,-474.05994981076805,598.6564717551947
945.5,-473.64524704910485,598.3782226448262
946.0,-473.23133304309044,598.0987882334094
946.5,-472.8181875884895,597.8182054889369
947.0,-472.405782983799,597.5365252859541
947.5,-471.9941041883945,597.2537772027858
948.0,-471.5831361152327,596.9699885769339
948.5,-471.1728696127188,596.6851806015083
949.0,-470.7632992757714,596.399365577613
949.5,-470.35440893012225,596.1125710274282
950.0,-469.94617106117863,595.8248457642542
950.5,-469.5385697209613,595.5362211563996
951.0,-469.13160169107385,595.2467048509365
951.5,-468.7252569393713,594.9563148681942
952.0,-468.31953926142853,594.6650505605296
952.5,-467.9144508007742,594.3729078756135
953.0,-467.5099850195322,594.0798992282771
953.5,-467.1061443066938,593.7860297250966
954.0,-466.702956919563,593.4912615068731
954.5,-466.300375686267,593.1956605195189
955.0,-465.8984161221063,592.8992125879624
955.5,-465.49707394302175,592.6019205250052
956.0,-465.0963306425383,592.3038139307745
956.5,-464.69617560812134,592.0049135060593
957.0,-464.2965992304673,591.705234201001
957.5,-463.89758651569105,591.4047975017933
958.0,-463.4991241623595,591.1036252879395
958.5,-463.10120009112546,590.8017368718905
959.0,-462.7037934657511,590.4991614367764
959.5,-462.3068836048286,590.1959335009229
960.0,-461.9104697892245,589.892058043413
960.5,-461.5145581023603,589.587522751791
961.0,-461.11916019676977,589.2823157843895
961.5,-460.7242473865042,588.9764774304922
962.0,-460.32980781683665,588.6700210896311
962.5,-459.93583574086557,588.362959044454
963.0,-459.54233290739535,588.0552903062764
963.5,-459.1492964713321,587.7470162974782
964.0,-458.7567191101849,587.4381471100539
964.5,-458.3645955040638,587.1286915277097
965.0,-457.9729197637801,586.8186564188836
965.5,-457.5816763358485,586.5080621471652
966.0,-457.1908491840958,586.1969327305427
966.5,-456.8004361593433,585.8852725247395
967.0,-456.4104219837396,585.5731041424998
967.5,-456.02076268444733,585.2604827691432
968.0,-455.63143929116893,584.9474347275866
968.5,-455.2424297912542,584.6339899181215
969.0,-454.8537113829509,584.3201785916716
969.5,-454.465261507728,584.0060316056528
970.0,-454.0770614276475,583.6915745057078
970.5,-453.68909549945744,583.3768266559127
971.0,-453.30134445801673,583.0618112937434
971.5,-452.9137921071733,582.7465494515643
972.0,-452.52644212632214,582.431035164758
972.5,-452.13925383178906,582.1153193362233
973.0,-451.7522104595245,581.799423133249
973.5,-451.3652978491784,581.4833627727389
974.0,-450.9785027442917,581.1671535691087
974.5,-450.5918105328153,580.8508122788743
975.0,-450.2052057902094,580.5343571678848
975.5,-449.8186737036877,580.2178060800318
976.0,-449.4321995278631,579.9011744682838
976.5,-449.04577153821833,579.5844758610893
977.0,-448.65937532968445,579.2677307117201
977.5,-448.2729953167172,578.9509558020703
978.0,-447.8866228419618,578.6341630286706
978.5,-447.5002520950477,578.3173615835871
979.0,-447.1138765431334,578.000560236553
979.5,-446.72748994578063,577.6837676288994
980.0,-446.3410879998238,577.3669908359717
980.5,-445.9546668910392,577.0502338636109
981.0,-445.56822055435316,576.733503384468
981.5,-445.18174690451633,576.4168024571304
982.0,-444.79524826674265,576.100130174299
982.5,-444.4087246342159,575.7834892050994
983.0,-444.02217289441273,575.4668828423899
983.5,-443.6355896648206,575.1503137216808
984.0,-443.24897322437306,574.833782608279
984.5,-442.8623233486777,574.5172879206714
985.0,-442.4756377950951,574.2008290088891
985.5,-442.0889101923983,573.8844119724688
986.0,-441.70214421411913,573.568031865298
986.5,-441.31534081281563,573.2516865715073
987.0,-440.9285011198182,572.9353728814009
987.5,-440.5416267568186,572.6190878069839
988.0,-440.154719685705,572.3028285773214
988.5,-439.7677817179693,571.9865918440184
989.0,-439.3808123181851,571.6703748788117
989.5,-438.99381409524017,571.3541766809595
990.0,-438.60679182616525,571.0379929425969
990.5,-438.219749456407,570.7218214304593
991.0,-437.8326902785688,570.4056610554063
991.5,-437.44561599568095,570.089511336148
992.0,-437.0585276724119,569.773371493799
992.5,-436.6714284112522,569.4572395357908
993.0,-436.28431890951106,569.1411153646833
993.5,-435.89720267220105,568.824996332678
994.0,-435.51008118465575,568.5088818792914
994.5,-435.1229551049694,568.1927720296181
995.0,-434.73582535315705,567.8766668087687
995.5,-434.3486933282924,567.5605655942409
996.0,-433.9615606816748,567.2444666785418
996.5,-433.5744288905572,566.9283692818366
997.0,-433.1872958862814,566.6122759088558
997.5,-432.8001613798877,566.2961853996669
998.0,-432.41302546943217,565.9800979373747
998.5,-432.025887177933,565.6640144418349
999.0,-431.638745339529,565.3479356827355
999.5,-431.2516000875429,565.0318615138543
1000.0,-430.8644512526385,564.7157950846909
1000.5,-430.4772948841079,564.3997390333877
1001.0,-430.0901304930414,564.0836925977826
1001.5,-429.70295706044044,563.7676552266207
1002.0,-429.31577331839196,563.4516277213244
1002.5,-428.92857731394025,563.1356127299368
1003.0,-428.5413657525095,562.8196146040643
1003.5,-428.15413266450935,562.5036398819201
1004.0,-427.76687780213354,562.1876874917056
1004.5,-427.37959821801934,561.8717591639383
1005.0,-426.99229189920334,561.5558566491194
1005.5,-426.60495791779425,561.2399813001817
1006.0,-426.2175960401638,560.9241340128522
1006.5,-425.83020158443935,560.6083191344097
1007.0,-425.44276959538604,560.2925409927864
1007.5,-425.0553027143095,559.976796903962
1008.0,-424.6677982300259,559.6610890792651
1008.5,-424.28025577958095,559.3454178195198
1009.0,-423.89267577403484,559.029783226008
1009.5,-423.50505421449367,558.7141903885338
1010.0,-423.1173775944525,558.3986531546673
1010.5,-422.7296595325603,558.0831588586724
1011.0,-422.3419023614213,557.7677057321528
1011.5,-421.95410492597665,557.4522958110947
1012.0,-421.5662655443544,557.1369317130799
1012.5,-421.1783851072237,556.8216132232327
1013.0,-420.7904633197089,556.5063403041927
1013.5,-420.4025074642748,556.1911063098219
1014.0,-420.01451564073386,555.8759145559493
1014.5,-419.6264889390601,555.5607642403866
1015.0,-419.23842978416036,555.2456529381727
1015.5,-418.85034012473534,554.930579100657
1016.0,-418.4622089318284,554.6155575176278
1016.5,-418.074041631259,554.300581028771
1017.0,-417.6858429043931,553.985643997511
1017.5,-417.2976138806956,553.6707449319633
1018.0,-416.9093542410075,553.3558838758931
1018.5,-416.5210628751111,553.0410616011133
1019.0,-416.1327331724965,552.7262866158956
1019.5,-415.7443768223042,552.4115441858875
1020.0,-415.3559941518882,552.0968332996475
1020.5,-414.9675858671874,551.7821526194134
1021.0,-414.57915295302143,551.4675005265167
1021.5,-414.19069528944334,551.1528766284259
1022.0,-413.8022082595907,550.8382854827379
1022.5,-413.41369888903944,550.5237187412487
1023.0,-413.0251709166604,550.2091718953529
1023.5,-412.63662631958493,549.8946422624014
1024.0,-412.24806557881885,549.5801288125027
1024.5,-411.8594868421654,549.265633198344
1025.0,-411.47089277146574,548.9511531502194
1025.5,-411.08228704514215,548.6366846547182
1026.0,-410.6936702773506,548.3222275725317
1026.5,-410.3050427188686,548.0077820665091
1027.0,-409.9164043776265,547.6933482336419
1027.5,-409.5277519489291,547.378929080137
1028.0,-409.13908751359304,547.064524060592
1028.5,-408.75041046068037,546.7501338280448
1029.0,-408.3617205565185,546.4357589405304
1029.5,-407.97301790403645,546.1213996962118
1030.0,-407.5843009822583,545.8070582919797
1030.5,-407.195565994904,545.4927383467538
1031.0,-406.8068147886849,545.1784378865087
1031.5,-406.4180462672652,544.864157768976
1032.0,-406.02925964373253,544.5498988166469
1032.5,-405.6404546697108,544.2356618311528
1033.0,-405.2516224772379,543.9214565572987
1033.5,-404.86276704378884,543.6072776131185
1034.0,-404.4738894684302,543.2931242009041
1034.5,-404.08498979374417,542.9789962962641
1035.0,-403.69606750104583,542.6648942071482
1035.5,-403.30711891050277,542.3508217548251
1036.0,-402.9181464359516,542.0367760327193
1036.5,-402.5291522189589,541.722754732981
1037.0,-402.14013679696905,541.4087573327652
1037.5,-401.7511008475157,541.0947831952699
1038.0,-401.36204245701754,540.7808348106917
1038.5,-400.97296021636186,540.4669134565019
1039.0,-400.58385755708844,540.1530147623383
1039.5,-400.1947338351203,539.8391393585439
1040.0,-399.80558797345424,539.5252886909283
1040.5,-399.4164174392976,539.2114663178874
1041.0,-399.02721309414414,538.8976838230988
1041.5,-398.6379819687564,538.583933357514
1042.0,-398.2487234266884,538.2702152921992
1042.5,-397.8594363357005,537.9565307900866
1043.0,-397.4701191429194,537.6428817752162
1043.5,-397.0807617983768,537.3292810204866
1044.0,-396.691372742122,537.0157192155777
1044.5,-396.3019536474967,536.7021943681577
1045.0,-395.91250355383625,536.3887075169168
1045.5,-395.52302094795357,536.0752602954032
1046.0,-395.13349993275415,535.7618599707374
1046.5,-394.74394541127594,535.4485011008801
1047.0,-394.35436045957516,535.1351801553196
1047.5,-393.96474483795333,534.8218972231851
1048.0,-393.57509816100753,534.5086523126189
1048.5,-393.18541424851765,534.1954520083076
1049.0,-392.7956945295227,533.8822942391333
1049.5,-392.4059427340775,533.5691745228387
1050.0,-392.01615978205115,533.256092014272
1050.5,-391.6263467220253,532.9430457159107
1051.0,-391.2364984517116,532.6300416846691
1051.5,-390.8466106579153,532.3170844880717
1052.0,-390.4566879295211,532.0041687800857
1052.5,-390.0667316664334,531.6912929503736
1053.0,-389.6767436898502,531.3784548803484
1053.5,-389.2867202959881,531.0656590400043
1054.0,-388.8966606340109,530.7529071853738
1054.5,-388.50657012023953,530.4401925415464
1055.0,-388.1164493577259,530.1275145331822
1055.5,-387.7262991382633,529.8148724346485
1056.0,-387.33611526891804,529.502271607879
1056.5,-386.94589679111823,529.1897125278357
1057.0,-386.55564929361293,528.877188488337
1057.5,-386.1653744692183,528.5646975808538
1058.0,-385.77507416891393,528.25223776096
1058.5,-385.3847441119594,527.9398146839128
1059.0,-384.9943870073176,527.6274242099876
1059.5,-384.6040073757378,527.3150610839755
1060.0,-384.2136074479269,527.0027225108953
1060.5,-383.82318974813984,526.6904052060161
1061.0,-383.43275087493373,526.3781128532229
1061.5,-383.0422943613822,526.0658417413686
1062.0,-382.6518217707602,525.7535896955372
1062.5,-382.2613345162622,525.4413549770917
1063.0,-381.87083480952754,525.1291350654134
1063.5,-381.4803218922987,524.8169311612312
1064.0,-381.0897970196104,524.5047410519619
1064.5,-380.6992615800328,524.1925635350328
1065.0,-380.3087171302374,523.88039702556
1065.5,-379.9181650184692,523.5682399662533
1066.0,-379.52760712603174,523.2560892709554
1066.5,-379.137046488822,522.9439419130726
1067.0,-378.74648121599563,522.6317999140958
1067.5,-378.3559093962233,522.3196653590334
1068.0,-377.9653292197253,522.0075407141635
1068.5,-377.57474375447276,521.6954222838265
1069.0,-377.1841545543277,521.3833079274079
1069.5,-376.7935614047361,521.071197749795
1070.0,-376.4029636433081,520.7590924293604
1070.5,-376.01235912388734,520.4469936733494
1071.0,-375.62174672486367,520.1349030468474
1071.5,-375.2311249019127,519.8228223841703
1072.0,-374.84049206908674,519.5107535783333
1072.5,-374.44984484245225,519.1987005795446
1073.0,-374.05918077884525,518.8866665187595
1073.5,-373.668502136477,518.5746493062125
1074.0,-373.27780828745506,518.2626497917313
1074.5,-372.8870986158977,517.9506687866101
1075.0,-372.49636667641846,517.6387141929163
1075.5,-372.1056156146627,517.3267826068942
1076.0,-371.7148480492828,517.014871157692
1076.5,-371.3240641055467,516.7029798600375
1077.0,-370.93326152148813,516.3911115921277
1077.5,-370.54243613363417,516.0792717355448
1078.0,-370.1515915874904,515.7674557395658
1078.5,-369.7607273176266,515.4556642780203
1079.0,-369.3698430717532,515.1438976588007
1079.5,-368.9789342752341,514.8321618268752
1080.0,-368.58800421573414,514.5204525605318
1080.5,-368.197053337898,514.2087693585382
1081.0,-367.8060806041823,513.8971134059641
1081.5,-367.41508228241975,513.5854889845151
1082.0,-367.0240556746781,513.273899518721
1082.5,-366.633008371801,512.9623355352172
1083.0,-366.24194080647885,512.6507963853859
1083.5,-365.85085331995697,512.3392815309356
1084.0,-365.4597398326007,512.0277983627626
1084.5,-365.06860646276067,511.7163392433705
1085.0,-364.67745431898027,511.4049028346378
1085.5,-364.28628363681634,511.0934888098375
1086.0,-363.8950910105352,510.78210108182566
1086.5,-363.5038787928268,510.47073683123176
1087.0,-363.1126520330717,510.159389918376
1087.5,-362.7214111413798,509.8480598411857
1088.0,-362.33015510624176,509.5367478303829
1088.5,-361.938877463112,509.2254618203285
1089.0,-361.5475841196833,508.9141948893202
1089.5,-361.15627491902217,508.6029473756034
1090.0,-360.7649498088576,508.2917194739883
1090.5,-360.37360503519926,507.98051583245024
1091.0,-359.9822452839297,507.669330757604
1091.5,-359.59087177208,507.3581627838612
1092.0,-359.19948435138565,507.0470121316492
1092.5,-358.8080781865435,506.73588487474615
1093.0,-358.41665517442596,506.42477878938314
1093.5,-358.0252203429492,506.1136876950179
1094.0,-357.63377363452594,505.8026117172648
1094.5,-357.2423115176932,505.4915553413577
1095.0,-356.8508323708862,505.18052066858604
1095.5,-356.4593421066467,504.86950022648267
1096.0,-356.06784083300124,504.5584939182556
1096.5,-355.6763279497586,504.2475025568035
1097.0,-355.2847976802881,503.93653355401267
1097.5,-354.89325441655865,503.6255811382073
1098.0,-354.50169852043757,503.3146447398974
1098.5,-354.110130304789,503.003723852469
1099.0,-353.71854373556005,502.6928258770074
1099.5,-353.3269444470369,502.3819434614024
1100.0,-352.93533198123794,502.0710770972486
1100.5,-352.5437054836181,501.76022778211694
1101.0,-352.15205975671785,501.4494018177016
1101.5,-351.7603951462417,501.13859899931214
1102.0,-351.368715088444,500.82781525239153
1102.5,-350.97702029275723,500.5170498323224
1103.0,-350.5853077592093,500.2063067647749
1103.5,-350.19357762693534,499.89558627589184
1104.0,-349.8018336713167,499.58488369692077
1104.5,-349.41007575807464,499.27419925061935
1105.0,-349.0182997686307,498.963538232978
1105.5,-348.62650345600747,498.65290334907337
1106.0,-348.2346912692913,498.34228872277816
1106.5,-347.8428636132296,498.0316937503752
1107.0,-347.4510189145705,497.72112030897466
1107.5,-347.0591552511855,497.4105705587961
1108.0,-346.66727696283994,497.10003901891594
1108.5,-346.2753839025061,496.78952584647845
1109.0,-345.8834739887177,496.4790336001329
1109.5,-345.4915451926531,496.16856461488226
1110.0,-345.0996023911353,495.85811303821566
1110.5,-344.70764551942295,495.54767902106977
1111.0,-344.31567302198437,495.2372645886081
1111.5,-343.92367950572526,494.9268765959009
1112.0,-343.5316708354723,494.6165077106614
1112.5,-343.13964755747924,494.3061572459284
1113.0,-342.747609201824,493.9958257888565
1113.5,-342.35554946322446,493.68552148077043
1114.0,-341.96347306777017,493.3752383994314
1114.5,-341.5713804203244,493.06497606944873
1115.0,-341.1792708971396,492.75473534162944
1115.5,-340.7871405140154,492.44452145212824
1116.0,-340.39499586121633,492.1343260336931
1116.5,-340.0028364743176,491.82414975204574
1117.0,-339.61066003245094,491.51399570323036
1117.5,-339.21846186702436,491.20387002572033
1118.0,-338.8262501882345,490.89376218078667
1118.5,-338.4340254845522,490.58367159625857
1119.0,-338.0417866469294,490.2735998299143
1119.5,-337.6495313569259,489.96355001258803
1120.0,-337.25726379612786,489.6535165167708
1120.5,-336.86498407623,489.3434991748908
1121.0,-336.47269068107846,489.0334999755842
1121.5,-336.0803823422286,488.72352072650466
1122.0,-335.68806339916574,488.413555600963
1122.5,-335.2957346923129,488.1036034467368
1123.0,-334.90339621636093,487.7936641991348
1123.5,-334.5110480471079,487.4837376861554
1124.0,-334.11869267216844,487.17382056536053
1124.5,-333.7263306056026,486.86391211968794
1125.0,-333.3339617541845,486.5540123665535
1125.5,-332.94158648510455,486.24412095084926
1126.0,-332.5492069543953,485.93423511590083
1126.5,-332.1568233886205,485.6243545958211
1127.0,-331.7644344200604,485.3144812542533
1127.5,-331.3720400089917,485.00461514505116
1128.0,-330.97964172194594,484.6947541559816
1128.5,-330.5872399484917,484.3848977755263
1129.0,-330.19483430477135,484.07504666003945
1129.5,-329.8024242593961,483.76520157964416
1130.0,-329.41000998460754,483.4553621871285
1130.5,-329.0175913018313,483.14552867522815
1131.0,-328.6251676191467,482.8357021303933
1131.5,-328.232740283644,482.52588037716373
1132.0,-327.8403091346634,482.21606362841175
1132.5,-327.4478737217722,481.9062524769961
1133.0,-327.05543454822737,481.5964461392154
1133.5,-326.66299446869505,481.2866412623194
1134.0,-326.2705535963554,480.9768376841832
1134.5,-325.87811195044463,480.66703537984245
1135.0,-325.4856685881807,480.3572354234927
1135.5,-325.093225404915,480.04743544715774
1136.0,-324.70078287104616,479.7376350302178
1136.5,-324.30834186319316,479.4278335826539
1137.0,-323.9159008253668,479.1180334621793
1137.5,-323.52345991918077,478.8082342458324
1138.0,-323.13101909474574,478.49843605417897
1138.5,-322.73857784762646,478.1886400910074
1139.0,-322.3461354065901,477.87884765217535
1139.5,-321.9536909031471,477.5690595614812
1140.0,-321.56124361289096,477.25927678651396
1140.5,-321.16878981387174,476.94950527331946
1141.0,-320.77633025133747,476.6397435804845
1141.5,-320.38386468121047,476.329991684577
1142.0,-319.99139200188625,476.02025095874905
1142.5,-319.5989070077704,475.71052815820434
1143.0,-319.20641502902095,475.40081556847764
1143.5,-318.81391633101657,475.0911128083966
1144.0,-318.4214097667986,474.78142156233986
1144.5,-318.0288930658999,474.4717445398885
1145.0,-317.63636856295375,474.16207778290925
1145.5,-317.24383595911013,473.85242142487425
1146.0,-316.85129083859266,473.5427807781916
1146.5,-316.4587353463164,473.2331529035935
1147.0,-316.0661723427489,472.92353405337985
1147.5,-315.67360260230726,472.61392313554154
1148.0,-315.2810230644229,472.3043241313931
1148.5,-314.8884365437158,471.99473344014945
1149.0,-314.49584285527106,471.6851514686315
1149.5,-314.10324034255626,471.375580501969
1150.0,-313.71062681246156,471.06602355101114
1150.5,-313.3180062922029,470.75647576457493
1151.0,-312.9253791695805,470.4469368696822
1151.5,-312.53274416328907,470.13740937247263
1152.0,-312.14010531993796,469.8278882816977
1152.5,-311.7474642845241,469.51837155509514
1153.0,-311.35482155768943,469.2088587449577
1153.5,-310.9621767063014,468.8993513481948
1154.0,-310.5695308245871,468.58984740054035
1154.5,-310.17688455290715,468.2803461431526
1155.0,-309.78423869919015,467.97084712982655
1155.5,-309.39159809909495,467.66134498582
1156.0,-308.99896096780486,467.3518410141564
1156.5,-308.60632714569033,467.0423353691088
1157.0,-308.2136973239784,466.73282781202204
1157.5,-307.82107100630265,466.42331840656396
1158.0,-307.42844712564704,466.1138080423803
1158.5,-307.03582542028914,465.80429706403686
1159.0,-306.64320646707006,465.49478564016727
1159.5,-306.25058967770434,465.1852727422293
1160.0,-305.85797506811656,464.87575829153747
1160.5,-305.4653631961989,464.56624175785305
1161.0,-305.0727539629713,464.25672351711205
1161.5,-304.6801468159436,463.94720379840624
1162.0,-304.28754190196236,463.6376823566257
1162.5,-303.89494120515934,463.32815672436845
1163.0,-303.5023418785581,463.0186298630308
1163.5,-303.1097433604331,462.70910249183595
1164.0,-302.71714531641777,462.3995751702791
1164.5,-302.32455009822235,462.0900444528214
1165.0,-301.93195582501573,461.7805128371334
1165.5,-301.5393623589564,461.47098041575833
1166.0,-301.1467699712898,461.16144648062703
1166.5,-300.75417815403557,460.8519123373346
1167.0,-300.36158701283256,460.5423777244193
1167.5,-299.968996700927,460.23284243892726
1168.0,-299.576407498292,459.92330652757266
1168.5,-299.1838189777673,459.61377083803507
1169.0,-298.7912315390003,459.3042349053887
1169.5,-298.3986464540008,458.99469751003176
1170.0,-298.0060636061927,458.6851608790289
1170.5,-297.61348209232443,458.3756261038438
1171.0,-297.2209017275748,458.06609374568995
1171.5,-296.82832225361363,457.75656588142044
1172.0,-296.435744207899,457.44704067246755
1172.5,-296.0431672311368,457.1375184928669
1173.0,-295.6505911670945,456.828000596476
1173.5,-295.25801617190774,456.51848858374217
1174.0,-294.865441970595,456.20898036581275
1174.5,-294.4728690997209,455.8994748060895
1175.0,-294.0803004891533,455.5899678354524
1175.5,-293.6877388985084,455.28045474011094
1176.0,-293.29518316311044,454.9709352036093
1176.5,-292.9026333896515,454.6614083057512
1177.0,-292.51009434405455,454.35186802475886
1177.5,-292.11756622391266,454.04231438425137
1178.0,-291.72505021587057,453.73274519949746
1178.5,-291.3325507728763,453.4231536549766
1179.0,-290.940073702203,453.1135309991374
1179.5,-290.54761351196237,452.80388461313385
1180.0,-290.1551710630975,452.4942135308147
1180.5,-289.7627554538523,452.1845064218428
1181.0,-289.3703667831562,451.87476424883647
1181.5,-288.9780010745316,451.5649917830028
1182.0,-288.5856590169703,451.2551878807738
1182.5,-288.193354121132,450.9453341933829
1183.0,-287.80107939682676,450.63544079239574
1183.5,-287.40883340145473,450.3255100499445
1184.0,-287.016618095384,450.0155398951801
1184.5,-286.6244436886283,449.70551765424625
1185.0,-286.23229601626605,449.3954612065338
1185.5,-285.84017493665476,449.08537066076167
1186.0,-285.4480837418464,448.7752416877345
1186.5,-285.05602690879675,448.4650688022806
1187.0,-284.663993417343,448.1548672548217
1187.5,-284.2719835910623,447.84463669524075
1188.0,-283.8800026483209,447.53437040357613
1188.5,-283.4880513613983,447.2240682346667
1189.0,-283.09611950853343,446.9137424127468
1189.5,-282.7042060979132,446.60339454342756
1190.0,-282.31231329021557,446.2930231661865
1190.5,-281.92044061390476,445.98262993748097
1191.0,-281.52858280752724,445.6722198330097
1191.5,-281.1367389554976,445.36179378034245
1192.0,-280.7449090894254,445.0513518462103
1192.5,-280.353088794003,444.7409000723108
1193.0,-279.9612745376706,444.43044213950355
1193.5,-279.5694656252362,444.1199788645251
1194.0,-279.1776615269845,443.80951095261736
1194.5,-278.78585948373495,443.49904040962736
1195.0,-278.3940579911698,443.1885676301833
1195.5,-278.00225602944215,442.8780936215912
1196.0,-277.6104527811186,442.56761921346197
1196.5,-277.21865121208725,442.25713966648993
1197.0,-276.8268525940266,441.9466547817272
1197.5,-276.43505533962724,441.63616651168076
1198.0,-276.0432583088496,441.3256759498232
1198.5,-275.6514601701788,441.01518328682147
1199.0,-275.2596633836548,440.7046864492054
1199.5,-274.86787160486114,440.3941818348834
1200.0,-274.47608646059945,440.08366793079296
1200.5,-274.0843089169954,439.77314413474596
1201.0,-273.69253872446126,439.4626125325296
1201.5,-273.3007745723363,439.1520745091269
1202.0,-272.9090183267756,438.841528114498
1202.5,-272.51727181969665,438.53097142575865
1203.0,-272.1255379657191,438.22040136662093
1203.5,-271.73381814573577,437.9098169739881
1204.0,-271.3421097168761,437.59921987543385
1204.5,-270.95041205813214,437.28861067681856
1205.0,-270.55872475122993,436.97798983973377
1205.5,-270.1670494164919,436.66735548888886
1206.0,-269.7753872932355,436.35670483170526
1206.5,-269.38373424842666,436.04604262948004
1207.0,-268.9920895424127,435.7353689846685
1207.5,-268.6004531577376,435.4246831917046
1208.0,-268.20882707283243,435.1139822655912
1208.5,-267.8172117737123,434.8032654191237
1209.0,-267.4256043184288,434.4925368590401
1209.5,-267.03400543905497,434.1817959418823
1210.0,-266.6424156057752,433.87104202803886
1210.5,-266.25083483553493,433.5602746421664
1211.0,-265.85926823507515,433.24948704070204
1211.5,-265.4677155849013,432.93868073786444
1212.0,-265.0761748488806,432.6278595502835
1212.5,-264.6846466158472,432.3170230826637
1213.0,-264.2931325130786,432.00616938319524
1213.5,-263.9016348334705,431.6952963438175
1214.0,-263.5101547335163,431.38440233418595
1214.5,-263.1186898844705,431.07349093216146
1215.0,-262.72723973373814,430.76256398530484
1215.5,-262.3358049433203,430.4516207596078
1216.0,-261.9443868074364,430.14065925243966
1216.5,-261.55298633627456,429.8296790468132
1217.0,-261.16160011472056,429.5186842902693
1217.5,-260.7702253281583,429.2076770707924
1218.0,-260.37886277653377,428.89665620637953
1218.5,-259.9875119849688,428.58562204400744
1219.0,-259.5961713198211,428.27457638865286
1219.5,-259.20483851114557,427.963521964469
1220.0,-258.8135127350357,427.65245993906683
1220.5,-258.4221913239082,427.34139157435914
1221.0,-258.03087556844395,427.0303145370458
1221.5,-257.63956508312725,426.7192293681447
1222.0,-257.2482586957428,426.40813746359584
1222.5,-256.85695564125774,426.0970396657658
1223.0,-256.4656562819648,425.7859356401545
1223.5,-256.07436025166675,425.4748256287881
1224.0,-255.68306632723488,425.16371030842856
1224.5,-255.2917769218485,424.85258764291353
1225.0,-254.90049235839004,424.54145766166
1225.5,-254.50921109767052,424.2303222387234
1226.0,-254.1179329405295,423.9191821063076
1226.5,-253.72665852718129,423.60803729078026
1227.0,-253.3353865834944,423.29688956997694
1227.5,-252.94411531027723,422.9857410103675
1228.0,-252.55284372618775,422.67459396928604
1228.5,-252.16157227673793,422.36344659366074
1229.0,-251.7702996639582,422.0523018326007
1229.5,-251.37902438918985,421.74116153560476
1230.0,-250.98774512880055,421.4300264429065
1230.5,-250.59645983059949,421.1188990910889
1231.0,-250.20516706432002,420.8077817643733
1231.5,-249.81386639449852,420.49667526680173
1232.0,-249.42255637650757,420.18558198342635
1232.5,-249.031236800863,419.87450180820815
1233.0,-248.63990554972753,419.5634354469597
1233.5,-248.248555665362,419.25239132407035
1234.0,-247.85719176799867,418.9413634469395
1234.5,-247.46581339154545,418.6303527380603
1235.0,-247.07441746318636,418.31936347052886
1235.5,-246.68300290449463,418.00839614879794
1236.0,-246.29157092196064,417.69744856604393
1236.5,-245.90012041758135,417.38652217797846
1237.0,-245.50864695089328,417.0756229566138
1237.5,-245.1171490882101,416.76475271713974
1238.0,-244.72562886276108,416.45390822597824
1238.5,-244.33408628570405,416.14308850117544
1239.0,-243.94251879123368,415.8322962084435
1239.5,-243.5509223558605,415.52153626790823
1240.0,-243.15929557544064,415.2108102481944
1240.5,-242.76763659172778,414.9001202560427
1241.0,-242.37594280490603,414.5894701112886
1241.5,-241.9842179322299,414.27885543591213
1242.0,-241.59246386540082,413.9682723857297
1242.5,-241.20067777908068,413.65772470815534
1243.0,-240.8088591158502,413.34721451893614
1243.5,-240.41701100772028,413.03673726574544
1244.0,-240.025131649743,412.72629673052995
1244.5,-239.63322183928813,412.41589297761567
1245.0,-239.24128020626696,412.10552563511806
1245.5,-238.84930590504032,411.7951964240058
1246.0,-238.45729763174808,411.4849102804969
1246.5,-238.0652602037294,411.17466076619843
1247.0,-237.67319425064835,410.8644472569925
1247.5,-237.28110142357804,410.5542686261491
1248.0,-236.88898357485914,410.2441198675134
1248.5,-236.49683740169203,409.93400555300184
1249.0,-236.10466172570443,409.6239288561877
1249.5,-235.7124622275016,409.3138813589442
1250.0,-235.32023994667279,409.0038622182344
1250.5,-234.92799349918224,408.6938734039306
1251.0,-234.53572380757174,408.38391225117056
1251.5,-234.14343062477204,408.07397972951924
1252.0,-233.7511151628064,407.7640751333705
1252.5,-233.35878018589622,407.45419398515173
1253.0,-232.96642445337912,407.14433830445813
1253.5,-232.57404211712884,406.83451537782463
1254.0,-232.18163147338078,406.52472628849
1254.5,-231.78919156648817,406.21497241991096
1255.0,-231.39671973258478,405.90525791759455
1255.5,-231.00421226488854,405.5955865599728
1256.0,-230.61166477202525,405.2859642307292
1256.5,-230.2190719757999,404.97639698591735
1257.0,-229.82643228480973,404.66688685755275
1257.5,-229.4337423812072,404.357438589447
1258.0,-229.04100096118427,404.04805324816175
1258.5,-228.6482068969998,403.73873193650707
1259.0,-228.25535588585655,403.4294806020225
1259.5,-227.8624452542399,403.1203031102435
1260.0,-227.46947557689623,402.8111983139616
1260.5,-227.0764473119162,402.50216641124405
1261.0,-226.68334908065668,402.19322160958535
1261.5,-226.29017660086788,401.8843699042106
1262.0,-225.89691907247703,401.57562553519216
1262.5,-225.50356965632224,401.2669979061308
1263.0,-225.11012419193688,400.9584915619838
1263.5,-224.7165785236847,400.6501115885834
1264.0,-224.32292874656687,400.34186288155985
1264.5,-223.92916702710752,400.03375500370095
1265.0,-223.53529556550797,399.7257853090225
1265.5,-223.14130527178696,399.4179653278472
1266.0,-222.74718789964183,399.1103057848184
1266.5,-222.35293279184367,398.80282091120347
1267.0,-221.95851650334194,398.4955405835283
1267.5,-221.56393496194718,398.18847043488665
1268.0,-221.16918567506892,397.8816142038503
1268.5,-220.7742611432776,397.5749819265263
1269.0,-220.37915210659892,397.26858591127757
1269.5,-219.98381298333382,396.9624857506398
1270.0,-219.5882564407726,396.6566657807231
1270.5,-219.19247222829722,396.3511398253073
1271.0,-218.7964455390584,396.045928089546
1271.5,-218.4001323317498,395.74108869746914
1272.0,-218.0035371583395,395.43661672293547
1272.5,-217.60666617379604,395.1325047816022
1273.0,-217.20951644393526,394.8287571874053
1273.5,-216.81204174987482,394.5254350336042
1274.0,-216.41426889866145,394.2225037701567
1274.5,-216.01619288318577,393.91997071309135
1275.0,-215.6177913792469,393.6178657980354
1275.5,-215.21903048360917,393.31623401653854
1276.0,-214.81993386870337,393.0150456449063
1276.5,-214.42048313822653,392.71432622972293
1277.0,-214.02058844853102,392.4141963784657
1277.5,-213.62029155676285,392.114602374243
1278.0,-213.219577142389,391.8155662037471
1278.5,-212.81835342871008,391.5172122335909
1279.0,-212.41665909408218,391.2194908954439
1279.5,-212.01448300729368,390.92241951160753
1280.0,-211.611688183346,390.6261864647021
1280.5,-211.20831928487203,390.3307349902455
1281.0,-210.80430990739032,390.0361595683119
1281.5,-210.39951711903586,389.74266135646644
1282.0,-209.99402342455826,389.45013202874264
1282.5,-209.58771729787054,389.1587319327804
1283.0,-209.18056112583062,388.8685203646335
1283.5,-208.77261285516968,388.57942286616947
1284.0,-208.36365170944805,388.29175975292264
1284.5,-207.95380612728638,388.0053580623426
1285.0,-207.54295666885278,387.72039835496753
1285.5,-207.1310706912848,387.436938760351
1286.0,-206.71818913557797,387.1549312933878
1286.5,-206.3041497745466,386.8746262703199
1287.0,-205.8891294838198,386.59577558865027
1287.5,-205.47292534062265,386.31869503289937
1288.0,-205.05569731439826,386.04315877368026
1288.5,-204.6372835177801,385.76942715056356
1289.0,-204.21771824054605,385.4974641554181
1289.5,-203.79691790755416,385.2274171113369
1290.0,-203.3748460819656,384.95936224503555
1290.5,-202.95151544120694,384.69330140628773
1291.0,-202.5268141068632,384.4294348356386
1291.5,-202.10076001481048,384.16775931759116
1292.0,-201.67322484041475,383.90851095974426
1292.5,-201.24428841228664,383.6515887055569
1293.0,-200.8138444338784,383.3972004101259
1293.5,-200.38200180146077,383.14519534493246
1294.0,-199.94868261015054,382.8957390372613
1294.5,-199.51392720642593,382.6487967085646
1295.0,-199.07768804974634,382.40448615290376
1295.5,-198.63994897581333,382.16287574408426
1296.0,-198.2006942839128,381.9240320015422
1296.5,-197.75978647131404,381.6882545480738
1297.0,-197.31740426603562,381.4552545352972
1297.5,-196.87342718373486,381.2253107615667
1298.0,-196.4281220668003,380.9979517289481
1298.5,-195.98125495216303,380.7736832229775
1299.0,-195.5330211083914,380.5521644467568
1299.5,-195.08320752197665,380.33387416055194
1300.0,-194.63191294988792,380.11866629855876
1300.5,-194.17916809805084,379.90652915196534
1301.0,-193.7248723912674,379.69773759715076
1301.5,-193.2692070912891,379.4919540824357
1302.0,-192.81193989411054,379.28975970846665
1302.5,-192.35327208895123,379.0907690479004
1303.0,-191.89311140064643,378.8952566509185
1303.5,-191.4314093730676,378.70341754467137
1304.0,-190.96826581931052,378.5150855363085
1304.5,-190.50345639370693,378.3309023524585
1305.0,-190.03720771570565,378.1503971092082
1305.5,-189.5694346609758,377.97387632968776
1306.0,-189.10007246109183,377.80162315174954
1306.5,-188.6293024615315,377.6332521999846
1307.0,-188.1570312088664,377.4691367450482
1307.5,-187.68341366047153,377.3089511276019
1308.0,-187.2085500051153,377.1524990785211
1308.5,-186.73228303758938,377.00037706005475
1309.0,-186.25477985084976,376.85218479399146
1309.5,-185.77597719515364,376.70824086257994
1310.0,-185.29585541364335,376.5687584359744
1310.5,-184.81455490343558,376.43339371377664
1311.0,-184.3319984013392,376.3025673276807
1311.5,-183.84827113399834,376.176137178838
1312.0,-183.36345828441932,376.0539251438082
1312.5,-182.87744196760542,375.93657935393014
1313.0,-182.3904096683988,375.8235181286359
1313.5,-181.90241452532192,375.7146739541976
1314.0,-181.41342461830416,375.61038445164445
1314.5,-180.92362061307693,375.5099879852407
1315.0,-180.4330091947013,375.4136117355471
1315.5,-179.9416455168573,375.32115324104086
1316.0,-179.44962437834675,375.23226235672206
1316.5,-178.95692076134458,375.1472405846558
1317.0,-178.46361634272824,375.06578908651306
1317.5,-177.96973829674513,374.9878918575852
1318.0,-177.4752430710296,374.91401916934296
1318.5,-176.98024315326117,374.8436189686516
1319.0,-176.4847309487858,374.77692516398145
1319.5,-175.98871044036977,374.71413342168046
1320.0,-175.49224588839422,374.6549526052153
1320.5,-174.99530314086772,374.5999259094119
1321.0,-174.49794276147318,374.5488023453798
1321.5,-174.00020245840614,374.5014952492037
1322.0,-173.50210170973853,374.45814604975845
1322.5,-173.00371274927744,374.41825224435297
1323.0,-172.5050395735343,374.38209165681894
1323.5,-172.00612715071384,374.3494281335508
1324.0,-171.5069954904553,374.320305385571
1324.5,-171.00764970198173,374.29512637481815
1325.0,-170.5081436708981,374.2733741330655
1325.5,-170.008483764855,374.2554955746309
1326.0,-169.5087068860677,374.24129063190475
1326.5,-169.00883835438958,374.23075834244037
1327.0,-168.50890089424638,374.2242565070667
1327.5,-168.0089297647823,374.2212812610538
1328.0,-167.50895077078562,374.22229085250433
1328.5,-167.00899243150312,374.2268486467374
1329.0,-166.509079005519,374.23495728724384
1329.5,-166.00923925686945,374.24669811192484
1330.0,-165.50948618268973,374.2616467240644
1330.5,-165.0098569892891,374.2802169504402
1331.0,-164.51035567521004,374.30188517588317
1331.5,-164.01101881911362,374.32700887957276
1332.0,-163.5118641397269,374.3554628280775
1332.5,-163.01290690741413,374.3871441542293
1333.0,-162.51419307572883,374.42238870348905
1333.5,-162.0157169274819,374.4608241246879
1334.0,-161.51755521897323,374.5031139971398
1334.5,-161.01968592517827,374.54869280324004
1335.0,-160.5221658413208,374.5979228192172
1335.5,-160.0250068555516,374.6506491383328
1336.0,-159.52823158281805,374.70686976750187
1336.5,-159.0318958042703,374.7668393414551
1337.0,-158.53597902444002,374.8301771126629
1337.5,-158.04056481207462,374.89731505822834
1338.0,-157.54560004835983,374.9676760624031
1338.5,-157.05121585104982,375.04200648035606
1339.0,-156.55738485353106,375.11993423766404
1339.5,-156.06419986465662,375.2018709591976
1340.0,-155.5716479601826,375.28754416611537
1340.5,-155.07975465553406,375.37693280871605
1341.0,-154.5885582596455,375.47007758595896
1341.5,-154.09804530577424,375.566764771629
1342.0,-153.60829791284448,375.667261901916
1342.5,-153.119240542254,375.7710718758478
1343.0,-152.63100845758703,375.87870016809086
1343.5,-152.1434616817025,375.98939114432
1344.0,-151.65673316185953,376.1036234808603
1344.5,-151.17068703900628,376.220720703521
1345.0,-150.68544294553348,376.3410893908414
1345.5,-150.20089472289996,376.4642190378608
1346.0,-149.71713176842687,376.59038445909556
1346.5,-149.2340940149284,376.7192846674856
1347.0,-148.75186291400627,376.8511596726695
1347.5,-148.27042833243434,376.9859050200711
1348.0,-147.78983288559508,377.12360621102283
1348.5,-147.31004686745507,377.2640942078558
1349.0,-146.8311003202508,377.40740993132687
1349.5,-146.3529701877191,377.55341592347764
1350.0,-145.87567960108782,377.70213101155144
1350.5,-145.39921495205735,377.8534608299901
1351.0,-144.92363002952817,378.0075299637141
1351.5,-144.4489289742389,378.16429962976997
1352.0,-143.9751509283923,378.3238385772606
1352.5,-143.50223221546506,378.48590414091296
1353.0,-143.03022101824757,378.6505881628566
1353.5,-142.5590699802822,378.8177101678201
1354.0,-142.088869732888,378.987484221042
1354.5,-141.61953756877475,379.1596395154081
1355.0,-141.15120356065773,379.33448938021536
1355.5,-140.68369972799712,379.51154232565494
1356.0,-140.2171351614835,379.69104518575375
1356.5,-139.75131947960094,379.872468637461
1357.0,-139.28639873631906,380.056157002268
1357.5,-138.82223771075164,380.24174300989205
1358.0,-138.35895617313642,380.42949540737237
1358.5,-137.896511282417,380.6192869223574
1359.0,-137.4349599593974,380.811231979334
1359.5,-136.97431984540373,381.00534261486206
1360.0,-136.5145578764979,381.2015168151961
1360.5,-136.05580984958948,381.4000452441232
1361.0,-135.5979328716616,381.6005706309209
1361.5,-135.1411444381375,381.8035601612945
1362.0,-134.68528593808384,382.00863219757167
1362.5,-134.23045087148674,382.2159665268243
1363.0,-133.77657889171738,382.42539854088244
1363.5,-133.3236216019366,382.6368009125981
1364.0,-132.87166309545003,382.8503297112942
1364.5,-132.42051311930604,383.06555485286185
1365.0,-131.97030390604436,383.2827357275186
1365.5,-131.52090300460338,383.5015782178387
1366.0,-131.07229155214247,383.72202207039396
1366.5,-130.6245155196574,383.9441434749315
1367.0,-130.1774663492984,384.16771338202847
1367.5,-129.7312652830533,384.39295478634705
1368.0,-129.2858376394965,384.61971191522605
1368.5,-128.84119265433677,384.84799221518045
1369.0,-128.3974181702393,385.077952469478
1369.5,-127.95439002678712,385.3093431372026
1370.0,-127.51218694095314,385.5423033579938
1370.5,-127.07077239537011,385.77674934340513
1371.0,-126.63007285302287,386.0125342439659
1371.5,-126.19020942495096,386.2498725173497
1372.0,-125.75106332778869,386.4885352654892
1372.5,-125.31261052117088,386.7284693204013
1373.0,-124.87494114298573,386.96983031091315
1373.5,-124.43788465018831,387.21229577449895
1374.0,-124.00143695128857,387.45585121969157
1374.5,-123.56564253483317,387.700566985651
1375.0,-123.1303935183804,387.94624553348325
1375.5,-122.69570227071732,388.192904874983
1376.0,-122.2616167379481,388.4406231257405
1376.5,-121.82803932017266,388.6892267754894
1377.0,-121.3949673732694,388.9387021808986
1377.5,-120.96242899102242,389.1890931419365
1378.0,-120.5303305474992,389.4402301519926
1378.5,-120.09865242867271,389.6920775068433
1379.0,-119.66745529913462,389.94472987065893
1379.5,-119.2366419345,390.1980216650967
1380.0,-118.80620008748936,390.4519260566177
1380.5,-118.37615908307455,390.7064917079121
1381.0,-117.94648819074992,390.96166708874324
1381.5,-117.51715825720807,391.217404448839
1382.0,-117.0881725572577,391.4737097661955
1382.5,-116.65953477734004,391.73058480172443
1383.0,-116.23120200752133,391.9879586744969
1383.5,-115.80317797678505,392.24584431123793
1384.0,-115.37551026337985,392.50431716374055
1384.5,-114.94818438536142,392.76335303413754
1385.0,-114.52117759138308,393.02291591950944
1385.5,-114.09446090942677,393.28295734151374
1386.0,-113.66803762469014,393.54347884260835
1386.5,-113.24184262391044,393.8043809144262
1387.0,-112.81583072516152,394.0655866451259
1387.5,-112.38996627641039,394.32703069763977
1388.0,-111.96423980559253,394.58869547963354
1388.5,-111.53861654705614,394.85052284389104
1389.0,-111.11307703405934,395.11247697341406
1389.5,-110.68761105212312,395.3745374176514
1390.0,-110.26221780992684,395.63670169797126
1390.5,-109.8368840557836,395.89894609783676
1391.0,-109.41159534961454,396.1612509582108
1391.5,-108.98634343981703,396.4236062269925
1392.0,-108.56112011943961,396.6859998474643
1392.5,-108.1359199797238,396.94841811287506
1393.0,-107.71073551061068,397.21084957633997
1393.5,-107.28556082988543,397.4732836217457
1394.0,-106.86038843995328,397.7357121948327
1394.5,-106.43520997085632,397.99812751666644
1395.0,-106.0100189361816,398.2605239206337
1395.5,-105.58481125167704,398.52289507739965
1396.0,-105.15958520055044,398.78523987589085
1396.5,-104.73434176181559,399.0475591977552
1397.0,-104.30908174811246,399.3098535962102
1397.5,-103.8838022825488,399.5721159079426
1398.0,-103.45850001410705,399.83434417094946
1398.5,-103.03317298863982,400.0965343092557
1399.0,-102.60782311564027,400.35868734660096
1399.5,-102.18245195036782,400.6208072687516
1400.0,-101.7570611359248,400.88289128836766
1400.5,-101.33165619303605,401.14494251068714
1401.0,-100.90623835415157,401.40696056965
1401.5,-100.48080723378634,401.6689444547359
1402.0,-100.05536112153298,401.9308905979612
1402.5,-99.62989696401262,402.192794282095
1403.0,-99.20440968713758,402.4546457854379
1403.5,-98.77889934563046,402.7164466840932
1404.0,-98.35336085491413,402.97819099016095
1404.5,-97.92778684841737,403.2398722929056
1405.0,-97.50217308119849,403.50148698203293
1405.5,-97.07651465464437,403.7630275504304
1406.0,-96.65080447709069,404.02448019327755
1406.5,-96.22504415210352,404.28584923264964
1407.0,-95.79922813553013,404.54712874081054
1407.5,-95.37335301336009,404.80831307871233
1408.0,-94.94741313874336,405.06939426806156
1408.5,-94.52140358886554,405.33036352326576
1409.0,-94.09532128559502,405.5912119532394
1409.5,-93.66915874656523,405.8519229115884
1410.0,-93.2429101158512,406.11248935457263
1410.5,-92.81656444718111,406.3728946842114
1411.0,-92.39011424616291,406.6331248123425
1411.5,-91.96354892543128,406.8931631013159
1412.0,-91.53685463469242,407.15299032407603
1412.5,-91.11002662220078,407.4125966294047
1413.0,-90.68304557345024,407.6719466326252
1413.5,-90.25589515923545,407.93102128527636
1414.0,-89.8285708813993,408.1898113796744
1414.5,-89.4010605811933,408.4482959000554
1415.0,-88.97335146199346,408.7064562164197
1415.5,-88.54543886124748,408.9642822814972
1416.0,-88.11731847810638,409.2217626048572
1416.5,-87.6889797351966,409.4788792808447
1417.0,-87.26041467987537,409.7356184202294
1417.5,-86.83160214948334,409.9919413626166
1418.0,-86.40254858750336,410.2478557623055
1418.5,-85.9732605762766,410.50336820823594
1419.0,-85.54373478609918,410.7584689644846
1419.5,-85.11396491546151,411.0131452508256
1420.0,-84.68394955031573,411.26739261412166
1420.5,-84.25368535490794,411.521201114749
1421.0,-83.82315625349477,411.7745413325774
1421.5,-83.39236020888747,412.02740976191325
1422.0,-82.96129180058767,412.27979102455225
1422.5,-82.52992225569976,412.5316382780789
1423.0,-82.09820915534786,412.78288327983694
1423.5,-81.66617041504001,413.03355104022114
1424.0,-81.2337846254069,413.28360286709
1424.5,-80.80102924084532,413.5330038585161
1425.0,-80.36789139837161,413.7817283589376
1425.5,-79.93434849061609,414.0297360179149
1426.0,-79.50036142812188,414.27696256849094
1426.5,-79.06590590766113,414.523365238697
1427.0,-78.63096094816628,414.76890452713724
1427.5,-78.19550132965182,415.01353722102004
1428.0,-77.75951691621427,415.2572442383358
1428.5,-77.32301330913604,415.5000289780429
1429.0,-76.88600941203553,415.74191823348514
1429.5,-76.44852408917411,415.98293453439237
1430.0,-76.01055446034928,416.2230680855615
1430.5,-75.57206880968529,416.4622621206355
1431.0,-75.13309173178571,416.70055625307333
1431.5,-74.69363036460126,416.93795832858353
1432.0,-74.25370249608852,417.1744947797761
1432.5,-73.81334806541082,417.4102245308713
1433.0,-73.37258878275695,417.6451775121518
1433.5,-72.93142636853447,417.8793528350753
1434.0,-72.48986542280836,418.1127550975031
1434.5,-72.04791745724965,418.34540123966383
1435.0,-71.60558732676816,418.57729484453625
1435.5,-71.16287171049667,418.808424246181
1436.0,-70.7197591430019,419.0387659071214
1436.5,-70.27622729232796,419.2682778689036
1437.0,-69.832258888373,419.49692623927234
1437.5,-69.38784536705876,419.72469238547563
1438.0,-68.94298333216247,419.95156538785403
1438.5,-68.49765590134143,420.1775088688732
1439.0,-68.05182493067642,420.40244931600125
1439.5,-67.60544652954401,420.62630334380657
1440.0,-67.15849669149692,420.84902281397495
1440.5,-66.71095242276407,421.07055742519196
1441.0,-66.26279998953575,421.29087927329635
1441.5,-65.81405329765714,421.5100071288707
1442.0,-65.36472338043095,421.7279526892784
1442.5,-64.91481491325564,421.9447196714148
1443.0,-64.46433637314153,422.1603184464007
1443.5,-64.01329971696161,422.37476563515344
1444.0,-63.56171294201593,422.5880695273553
1444.5,-63.109605674075546,422.8002843459949
1445.0,-62.65701573494065,423.0114698680412
1445.5,-62.20396146312568,423.221654742476
1446.0,-61.75046516365963,423.43088176653936
1446.5,-61.29653581797988,423.6391591770277
1447.0,-60.8421776308358,423.84649130326494
1447.5,-60.38740258980137,424.0528981618106
1448.0,-59.93222530119777,424.25839733855133
1448.5,-59.476630361747176,424.4629525199885
1449.0,-59.02060492030182,424.6665345935662
1449.5,-58.5641370674134,424.8691135901871
1450.0,-58.10722805767999,425.0706864780282
1450.5,-57.64986587800118,425.2712218978491
1451.0,-57.192041079568334,425.47069631357965
1451.5,-56.73373480628882,425.66906176504693
1452.0,-56.27491311563605,425.8662460526207
1452.5,-55.81556934040666,426.062233373739
1453.0,-55.355728764825066,426.2570669033776
1453.5,-54.89539870014654,426.45075214380137
1454.0,-54.434589591619314,426.6433116787331
1454.5,-53.973334393438165,426.834806858552
1455.0,-53.51164258857971,427.02525236369945
1455.5,-53.04952667671025,427.2146720983291
1456.0,-52.58699853346664,427.40308122185644
1456.5,-52.124054519582934,427.59047086913523
1457.0,-51.66070030496802,427.7768497667271
1457.5,-51.19695225136381,427.9622448548417
1458.0,-50.7328216725276,428.14667246982845
1458.5,-50.268318254321045,428.33014840201554
1459.0,-49.80344878479008,428.5126758061154
1459.5,-49.338200644726996,428.69422030808477
1460.0,-48.87256751931967,428.87476972605197
1460.5,-48.40655333811012,429.05432387917347
1461.0,-47.94014274267789,429.2328371422119
1461.5,-47.473340803699024,429.4103251552471
1462.0,-47.00616829142454,429.58682551927126
1462.5,-46.53862530896594,429.76232708526345
1463.0,-46.070712649602434,429.93683038462893
1463.5,-45.6024272966492,430.110321801103
1464.0,-45.13376180639845,430.2827750131297
1464.5,-44.66470898756229,430.4541730239543
1465.0,-44.19527420807963,430.62452007827807
1465.5,-43.725451792091455,430.7937931309581
1466.0,-43.25523635501818,430.96197566426474
1466.5,-42.78462701434716,431.12905779586725
1467.0,-42.31363012276608,431.2950493094769
1467.5,-41.84224954214469,431.45994947141213
1468.0,-41.370490808417514,431.62376391692595
1468.5,-40.898352557130806,431.78648344675054
1469.0,-40.4258406693682,431.9481178822867
1469.5,-39.95296686894181,432.1086874922042
1470.0,-39.47974497178105,432.26821891558666
1470.5,-39.00618758197588,432.42673555078693
1471.0,-38.53229474434924,432.5842295441243
1471.5,-38.05805907220297,432.74067379964873
1472.0,-37.58347740895372,432.896053054527
1472.5,-37.108540348863876,433.0503339704098
1473.0,-36.63324049504396,433.20348958653375
1473.5,-36.157570641044494,433.3554915817784
1474.0,-35.681524608861274,433.50631560939183
1474.5,-35.205095718995594,433.6559352067139
1475.0,-34.728282861341114,433.8043368562037
1475.5,-34.25108503613225,433.9515055423294
1476.0,-33.77350397075631,434.09743947905577
1476.5,-33.29554397181031,434.24214385947243
1477.0,-32.81721127000762,434.3856279867218
1477.5,-32.33851355461611,434.52790384623273
1478.0,-31.859461405617253,434.66899359214995
1478.5,-31.38006503698581,434.8089186099649
1479.0,-30.90033152487623,434.94768705783594
1479.5,-30.420267965254617,435.08530881436786
1480.0,-29.93988091704602,435.2217925064859
1480.5,-29.45917179741966,435.357128874069
1481.0,-28.97813474291536,435.49128869905985
1481.5,-28.49676370973751,435.6242439004037
1482.0,-28.015060418240434,435.755989170374
1482.5,-27.53302635699306,435.88651469309355
1483.0,-27.05065725069437,436.0157936801007
1483.5,-26.567945382626313,436.1437904544595
1484.0,-26.084878501805726,436.27045171846186
1484.5,-25.601446719803647,436.3957349025192
1485.0,-25.117650462862553,436.5196315178568
1485.5,-24.633500387687054,436.64216153412997
1486.0,-24.149000149497574,436.76331749473843
1486.5,-23.66415033643258,436.88309058808323
1487.0,-23.17895490219469,437.0014809187954
1487.5,-22.6934224967804,437.1185017948819
1488.0,-22.20756212720725,437.23417047683836
1488.5,-21.721387691977547,437.3485209458578
1489.0,-21.234907298766938,437.46156259197664
1489.5,-20.748131268190974,437.5733217400922
1490.0,-20.2610716267224,437.6838283606101
1490.5,-19.773735439803136,437.7930929422831
1491.0,-19.286135924093557,437.9011568508197
1491.5,-18.798280339263158,438.0080291119448
1492.0,-18.310163026855417,438.11366965138797
1492.5,-17.821778813027525,438.2180414270744
1493.0,-17.333129110254976,438.3211320808975
1493.5,-16.844212959706358,438.4229185282532
1494.0,-16.355030704340933,438.52338394357344
1494.5,-15.865577129570445,438.62248938651237
1495.0,-15.375848741822983,438.7202022189826
1495.5,-14.88583245544591,438.8164447834874
1496.0,-14.395520621421353,438.9111653771946
1496.5,-13.904916289407655,439.00435317962854
1497.0,-13.414025489276787,439.09600387289424
1497.5,-12.922851631896805,439.18611043494514
1498.0,-12.431396555387547,439.27465923386796
1498.5,-11.93965584374848,439.361602483099
1499.0,-11.447624137211083,439.4468968412057
1499.5,-10.955302136977568,439.5305191795502
1500.0,-10.462701455914237,439.6124963320667
1500.5,-9.969830967619643,439.6928393184658
1501.0,-9.476692948940734,439.7715362584305
1501.5,-8.98329107539072,439.84857767684673
1502.0,-8.489628177941553,439.9239443770604
1502.5,-7.995701543352867,439.99758800453856
1503.0,-7.501511599929576,440.0694815104115
1503.5,-7.00706172928446,440.13960444323413
1504.0,-6.51235358657329,440.2079296407133
1504.5,-6.017394748229114,440.2744692525845
1505.0,-5.522196100493284,440.3392482119932
1505.5,-5.026767519702811,440.4022913087457
1506.0,-4.531117490104453,440.46361601193274
1506.5,-4.035260250123458,440.5232820960612
1507.0,-3.539214309446704,440.581373381128
1507.5,-3.042994726490318,440.6379512199807
1508.0,-2.5466133026627653,440.6930684110597
1508.5,-2.0500772838557646,440.746757069112
1509.0,-1.553392068020876,440.79903339451704
1509.5,-1.0565672077279022,440.84994531425804
1510.0,-0.5596147593965467,440.8995643319009
1510.5,-0.06254542670993957,440.94791609163076
1511.0,0.4346308836542555,440.9950540376946
1511.5,0.9319110728840283,441.0409829979124
1512.0,1.4292931653294132,441.08570639091164
1512.5,1.9267809706848114,441.1291665929403
1513.0,2.4243790922361903,441.17132408737007
1513.5,2.9220803961303226,441.2122192601415
1514.0,3.4198757785008422,441.25188322922054
1514.5,3.917760462921489,441.29034207409114
1515.0,4.415729429066109,441.3276170109876
1515.5,4.91378192035371,441.3636836871454
1516.0,5.411921815315348,441.3985192319061
1516.5,5.910148453471762,441.4321090812733
1517.0,6.4084574578598925,441.46447792777377
1517.5,6.906844182896905,441.4956331021807
1518.0,7.405309218713833,441.5255422964291
1518.5,7.903855645487623,441.5541380096322
1519.0,8.402478781190991,441.5814769319673
1519.5,8.90117942972724,441.6074910582762
1520.0,9.399962431585234,441.63214515277144
1520.5,9.898822119121606,441.6554535521494
1521.0,10.397752214239423,441.6774389453334
1521.5,10.896746849910548,441.6981317288391
1522.0,11.39579798170954,441.71758294566433
1522.5,11.894899023266719,441.7358231935611
1523.0,12.394047768421194,441.7528646535029
1523.5,12.893238986091095,441.7687361402659
1524.0,13.392464700592646,441.7834568661273
1524.5,13.891713496958177,441.79717525831535
1525.0,14.390979585443953,441.8099031613893
1525.5,14.890260806804237,441.82164862034153
1526.0,15.389553434427892,441.83241562820746
1526.5,15.888854329043001,441.8421979188229
1527.0,16.388163274154138,441.8509569581731
1527.5,16.88747997379792,441.8586547474897
1528.0,17.386802713077973,441.8652485555529
1528.5,17.886135799617808,441.8705212850446
1529.0,18.38548294624682,441.8745111861468
1529.5,18.884839687065142,441.8772019987599
1530.0,19.384204853965034,441.8785555252407
1530.5,19.883577323854905,441.8785556748882
1531.0,20.382953676014566,441.8772132138936
1531.5,20.882332449031626,441.8745138212023
1532.0,21.381714637010358,441.8704430888263
1532.5,21.881095952350574,441.8649463105852
1533.0,22.380468558235563,441.858215474786
1533.5,22.879830420908103,441.85031010780943
1534.0,23.379177273638405,441.8412652583713
1534.5,23.878506085722524,441.8311219961551
1535.0,24.377813335756485,441.8199165819372
1535.5,24.87709509744506,441.80769441393215
1536.0,25.376345186184484,441.79441474019035
1536.5,25.875561232594748,441.78010976953755
1537.0,26.374742139090838,441.76481240449635
1537.5,26.87388718821845,441.7485005475818
1538.0,27.372996462491987,441.7311702802867
1538.5,27.872066273282574,441.7128163559401
1539.0,28.3710960272616,441.69342258461256
1539.5,28.870079941180066,441.6728880210665
1540.0,29.369017413038257,441.65126029454325
1540.5,29.867907792474696,441.62852972733623
1541.0,30.366750520459846,441.60467621753133
1541.5,30.865543522127236,441.57967952071704
1542.0,31.36428598098708,441.5535286030928
1542.5,31.862974026572154,441.5261832121535
1543.0,32.36160235869224,441.4975881285025
1543.5,32.860171657713316,441.4678694140893
1544.0,33.358678042221825,441.43702144213495
1544.5,33.85711911994871,441.40503955295577
1545.0,34.35549127190461,441.37191252787477
1545.5,34.853789952121105,441.33762542840515
1546.0,35.3520026604816,441.3020168568888
1546.5,35.850132677701595,441.26520992526173
1547.0,36.34817546936659,441.22718633306715
1547.5,36.84612698829872,441.1879390755473
1548.0,37.343982095015996,441.1474586158705
1548.5,37.84173669989558,441.1057213272061
1549.0,38.33937394110469,441.0625683402411
1549.5,38.836896617556235,441.0180750086887
1550.0,39.33430174402491,440.97222405744577
1550.5,39.83158455165471,440.9249953636465
1551.0,40.32873884006575,440.8763769914138
1551.5,40.82576120601077,440.8263611968229
1552.0,41.322629195532905,440.7747995859999
1552.5,41.81934922029973,440.72180291591934
1553.0,42.31591673431466,440.6673567541912
1553.5,42.812323984104886,440.6114226982876
1554.0,43.308564654887554,440.5539765863078
1554.5,43.804633893538075,440.4950263921704
1555.0,44.30050446237135,440.43441120002086
1555.5,44.79618938728993,440.37227305142596
1556.0,45.29168566824294,440.308621585561
1556.5,45.786984893143,440.2434394142096
1557.0,46.28208190799082,440.17670891189766
1557.5,46.776963128263375,440.1083686918899
1558.0,47.27160585603664,440.03828305101945
1558.5,47.76602570881493,439.9666088959543
1559.0,48.260221010217,439.89337695394266
1559.5,48.75418844464339,439.8186148222269
1560.0,49.247923397151375,439.74232470868753
1560.5,49.74140493960134,439.6644002586673
1561.0,50.23461880650648,439.5847609272537
1561.5,50.727581267030175,439.50354601133364
1562.0,51.220292222759916,439.42078405372007
1562.5,51.71275343623261,439.33652313312143
1563.0,52.20496476575478,439.250804266783
1563.5,52.69690864743914,439.16353461203016
1564.0,53.18858123118723,439.07471941101915
1564.5,53.679996676443615,438.9844684986759
1565.0,54.17115803399326,438.89281705265205
1565.5,54.66206798247017,438.79981192210965
1566.0,55.15272518129575,438.7054744034156
1566.5,55.64311165668386,438.6097225348099
1567.0,56.1332270088197,438.51256689776034
1567.5,56.62308597500091,438.41410584040705
1568.0,57.11269318704322,438.314383788108
1568.5,57.60205156334134,438.2134409896792
1569.0,58.09116132563208,438.11129947921745
1569.5,58.58000193455957,438.0078777486727
1570.0,59.068565620130016,437.90314149245773
1570.5,59.55686154563548,437.7971469876976
1571.0,60.04488762021367,437.6899002527783
1571.5,60.532635446091184,437.58137642863295
1572.0,61.0201029255371,437.47157238420203
1572.5,61.507273975234824,437.3604450958989
1573.0,61.99412967902016,437.2479204784118
1573.5,62.480681182864124,437.13405865269164
1574.0,62.96692747532247,437.0188744073241
1574.5,63.452865624939385,436.902379790044
1575.0,63.938489557262976,436.7845609054175
1575.5,64.42379561381873,436.66542227270276
1576.0,64.90874193541269,436.54482241496066
1576.5,65.39335750872087,436.4228869378031
1577.0,65.87763551346046,436.29960783195264
1577.5,66.3615740377613,436.1750017335743
1578.0,66.84515985868111,436.0490354204711
1578.5,67.32838200313866,435.92167530866857
1579.0,67.81119032825298,435.7927530873324
1579.5,68.29359746953648,435.66233426902267
1580.0,68.77560253123534,435.5304314307696
1580.5,69.25719868895726,435.3970430935466
1581.0,69.73836815826103,435.2621200460364
1581.5,70.21909289774935,435.1256085554716
1582.0,70.69933618226747,434.98740113945905
1582.5,71.17907460943552,434.8474342980698
1583.0,71.65832696299364,434.70579056456717
1583.5,72.13709109171553,434.56248750855315
1584.0,72.61535653077807,434.4175103738187
1584.5,73.09311829119024,434.27086129039503
1585.0,73.57037111906122,434.12254982450867
1585.5,74.04704786392372,433.97238399966193
1586.0,74.52319946370238,433.82054629769686
1586.5,74.99882362930522,433.667055390644
1587.0,75.4739088162909,433.5118960336688
1587.5,75.94844434111455,433.3550515103299
1588.0,76.4224227321591,433.1965243584461
1588.5,76.895795049501,433.0361887323262
1589.0,77.36855585578286,432.8740499743328
1589.5,77.840736722674,432.7102261759755
1590.0,78.31232187479578,432.5446923098291
1590.5,78.78329298113255,432.3774123170762
1591.0,79.25363415740647,432.2083593046765
1591.5,79.72333273034744,432.0375195391825
1592.0,80.19232454532381,431.86474200531916
1592.5,80.66068204811373,431.69024802915084
1593.0,81.12839603555157,431.51403329168664
1593.5,81.59545282459364,431.33607782543794
1594.0,82.06184066477954,431.1563686228017
1594.5,82.52756153722449,430.97493127544084
1595.0,82.99255966324517,430.79164551310794
1595.5,83.4568502346779,430.6065717433912
1596.0,83.92046016903757,430.4197995795306
1596.5,84.38337485001261,430.2313093050266
1597.0,84.84557861105796,430.0410795044962
1597.5,85.30705421960324,429.8490853439106
1598.0,85.76777223143334,429.6552731777264
1598.5,86.22764681723504,429.4594586341775
1599.0,86.68674934369403,429.2618344333598
1599.5,87.1450698027452,429.0623953130739
1600.0,87.60259045580024,428.861119444672
1600.5,88.05929718625663,428.65799277065946
1601.0,88.51518056131634,428.45301357016984
1601.5,88.9701886990337,428.24608850243663
1602.0,89.4243177675043,428.0372323595169
1602.5,89.87761288694563,427.8265654770142
1603.0,90.33006521747717,427.6140873438372
1603.5,90.78167559621191,427.39981831087164
1604.0,91.23244841821725,427.18378762425635
1604.5,91.68239667995176,426.9660415872936
1605.0,92.1314243560055,426.7464025763066
1605.5,92.57960127721331,426.52503077656473
1606.0,93.02693097104988,426.30195198108896
1606.5,93.47341463432106,426.0771851560733
1607.0,93.91904149494779,425.850725327946
1607.5,94.36379855477297,425.62256162004087
1608.0,94.80762654224561,425.3925950232798
1608.5,95.25045552757753,425.1607066195639
1609.0,95.69234640455541,424.92703189430256
1609.5,96.13328472713981,424.6915619345765
1610.0,96.57325476056613,424.45428282093343
1610.5,97.01222358285382,424.21515071768624
1611.0,97.45015758341098,423.9741191079461
1611.5,97.88695664853752,423.7310269829393
1612.0,98.32265611088364,423.4859601558769
1612.5,98.75729133039174,423.2390031772762
1613.0,99.1908395378702,422.9901337142004
1613.5,99.62328521530483,422.739343348104
1614.0,100.05461203890177,422.4866230029824
1614.5,100.48482187689388,422.2319954954737
1615.0,100.91381865737546,421.975320967628
1615.5,101.34175490758932,421.7168782841153
1616.0,101.76863425022593,421.45669028102975
1616.5,102.19444104504164,421.1947467889241
1617.0,102.6191705803867,420.9310562746952
1617.5,103.04282031100506,420.6656312933979
1618.0,103.46534350038417,420.3984127333402
1618.5,103.88670573208168,420.12936571767966
1619.0,104.30697218680257,419.85860922449586
1619.5,104.72611833170804,419.58611979066023
1620.0,105.14413022699085,419.3118910966823
1620.5,105.56100128575447,419.0359294931701
1621.0,105.97671327030879,418.75822258169154
1621.5,106.3911513803401,418.47861525736124
1622.0,106.80433023660055,418.1971479868427
1622.5,107.2162795428841,417.91388069825797
1623.0,107.62698787427047,417.62881323417855
1623.5,108.03647162033532,417.34198657740575
1624.0,108.44473846963952,417.05342822316226
1624.5,108.85177591697175,416.7631354683711
1625.0,109.25741457618473,416.4708885700938
1625.5,109.6617715345254,416.17686785732724
1626.0,110.06484643423877,415.88108908844123
1626.5,110.46664100330469,415.5835709783805
1627.0,110.86715609786698,415.284330052455
1627.5,111.2664004013481,414.9833942642799
1628.0,111.6643273508413,414.68071762391656
1628.5,112.06084913868577,414.3762007291632
1629.0,112.45606344304831,414.06998762065183
1629.5,112.8499609197364,413.7620814519475
1630.0,113.24253091796076,413.4524827161209
1630.5,113.63375324783438,413.14118077307137
1631.0,114.02362594232022,412.8281878318984
1631.5,114.41203487164711,412.5133783486053
1632.0,114.79901079167978,412.1968067473784
1632.5,115.1846223007562,411.87857358790245
1633.0,115.5688771130644,411.5587027721102
1633.5,115.9517538538279,411.2371826682305
1634.0,116.33323218494922,410.9140025169424
1634.5,116.71330514131061,410.58916857902534
1635.0,117.0918492852993,410.26255262074045
1635.5,117.4690024972382,409.9343309025735
1636.0,117.84479055797233,409.60454693861845
1636.5,118.2192054043636,409.273204253951
1637.0,118.59222451104274,408.9402901681723
1637.5,118.96383148245405,408.6057990425309
1638.0,119.3340065032209,408.269722377338
1638.5,119.7025988710487,407.93190952132437
1639.0,120.06973840264388,407.5925174012644
1639.5,120.43540319089531,407.25153570293884
1640.0,120.79955605039996,406.9089379851989
1640.5,121.16217383202992,406.56471357476323
1641.0,121.52324873777664,406.21886851201003
1641.5,121.88274634271455,405.87138168618986
1642.0,122.24056328142652,405.522162185698
1642.5,122.5968568794238,405.17138753628456
1643.0,122.95162917292451,404.8190728571058
1643.5,123.30489084155411,404.46524209964684
1644.0,123.65664268628721,404.1099088311078
1644.5,124.00687948952869,403.7530805641127
1645.0,124.35558772118775,403.3947567185545
1645.5,124.70266148608688,403.0348485177856
1646.0,125.04824990924466,402.6735134307976
1646.5,125.39235082524307,402.31076093224345
1647.0,125.734970723618,401.94660865778945
1647.5,126.07612408363865,401.58108151330595
1648.0,126.41582057229104,401.2141994351466
1648.5,126.75405947260097,400.8459724468744
1649.0,127.0906750174105,400.4762604639224
1649.5,127.42578180756736,400.10518016523787
1650.0,127.75940680909869,399.7327666899003
1650.5,128.09157915019128,399.35905659340716
1651.0,128.42232319522182,398.9840815122506
1651.5,128.75165886112464,398.6078685451482
1652.0,129.07959683748572,398.23043625638235
1652.5,129.40606222486198,397.85172934350487
1653.0,129.7310350319043,397.4717407484061
1653.5,130.05458016673964,397.0905358373002
1654.0,130.37669856142784,396.7081245227972
1654.5,130.69740099864373,396.32452481644134
1655.0,131.01669448353965,395.9397513919564
1655.5,131.33457236883848,395.5538073928583
1656.0,131.65098933930946,395.1666643564598
1656.5,131.9658188708431,394.7782290611558
1657.0,132.27916087665284,394.38859290968765
1657.5,132.59107892221297,393.9978160405535
1658.0,132.90159076498296,393.60592097928435
1658.5,133.2106927440723,393.21291304484225
1659.0,133.51836938303236,392.8187883609169
1659.5,133.82462206907206,392.4235562953875
1660.0,134.12947571658395,392.0272442327285
1660.5,134.43284571803196,391.62979564958135
1661.0,134.73483931846718,391.23130072192833
1661.5,135.0355017441028,390.83180097446945
1662.0,135.33483798832827,390.431306998344
1662.5,135.63284283965993,390.02982179014793
1663.0,135.92948076703877,389.6273260994408
1663.5,136.22472858358563,389.2238103338163
1664.0,136.51858475279627,388.8192806889191
1664.5,136.81101778467274,388.4137218719375
1665.0,137.10206489982215,388.00716790735527
1665.5,137.39177794602497,387.5996629697154
1666.0,137.68010799345092,387.19117958629084
1666.5,137.96701973176022,386.7817003851095
1667.0,138.25252854930733,386.3712433707864
1667.5,138.53666649800235,385.95983740106516
1668.0,138.81946399899118,385.5475096044182
1668.5,139.10093429568806,385.1342751387465
1669.0,139.38096641131986,384.7200655399723
1669.5,139.6596042472311,384.30491806987277
1670.0,139.93686082710698,383.88884817995677
1670.5,140.21274318534878,383.4718668617992
1671.0,140.48727665214776,383.053996857345
1671.5,140.76045354387549,382.6352392778491
1672.0,141.03226036306907,382.21559161650765
1672.5,141.30269418507933,381.795057992499
1673.0,141.57175443018653,381.37364443437986
1673.5,141.83933092789738,380.9512878383252
1674.0,142.10547352340978,380.5280268457175
1674.5,142.37019168535915,380.10387429757947
1675.0,142.6334625341656,379.67882322171647
1675.5,142.8952838462101,379.25287863870216
1676.0,143.15565302259623,378.8260456898036
1676.5,143.41456611155846,378.3983288273684
1677.0,143.67201048705942,377.96972710607923
1677.5,143.92796775794827,377.54023678385914
1678.0,144.18241001996867,377.10984857085083
1678.5,144.43522434133385,376.6785038419275
1679.0,144.68652433853478,376.24627692099085
1679.5,144.9363420563114,375.81319328195184
1680.0,145.18469986311388,375.37927196780964
1680.5,145.43161284877687,374.94452778423806
1681.0,145.67710314555436,374.508979194559
1681.5,145.92117811654407,374.07263650593273
1682.0,146.1638323736052,373.63550274332914
1682.5,146.40505997303453,373.1975807068848
1683.0,146.64486309937908,372.75887770738103
1683.5,146.88312741370618,372.31933795012765
1684.0,147.11997508385863,371.879033742895
1684.5,147.35542075193047,371.43797832483386
1685.0,147.58945783265918,370.99617418682885
1685.5,147.82206999856214,370.55361847620753
1686.0,148.05323350510412,370.1103050299712
1686.5,148.28290605897035,369.6662187276406
1687.0,148.5110802777391,369.2213625584675
1687.5,148.73776721221185,368.77574796495816
1688.0,148.96299393359794,368.329394659406
1688.5,149.18672900416206,367.8822926248329
1689.0,149.40890334061194,367.4344141649999
1689.5,149.62959798026444,366.9858062468039
1690.0,149.84880809595919,366.53647255470975
1690.5,150.0665547078389,366.086429050415
1691.0,150.28285374823048,365.63568874904433
1691.5,150.49771042173467,365.18425947492585
1692.0,150.71112139618606,364.73214557119644
1692.5,150.9231057077698,364.27936110665183
1693.0,151.13367482281976,363.8259163367218
1693.5,151.34283694533661,363.3718204303089
1694.0,151.55057972411976,362.9170727332875
1694.5,151.75680176936936,362.4616329670538
1695.0,151.9615552254979,362.0055305160006
1695.5,152.16482862032723,361.54876658769143
1696.0,152.36660091413953,361.0913377483364
1696.5,152.566866001339,360.6332469549739
1697.0,152.76560067594178,360.17449042263746
1697.5,152.96276758295699,359.7150585553976
1698.0,153.1583353380849,359.2549446096151
1698.5,153.35226069858072,358.79413741409303
1699.0,153.5445120440427,358.33263128558457
1699.5,153.7350721705873,357.870426431938
1700.0,153.9239451713649,357.40753161575896
1700.5,154.11100314736242,356.9439029295018
1701.0,154.29635121822662,356.47959110886586
1701.5,154.47998590378148,356.01460212908233
1702.0,154.66189140719956,355.5489370798548
1702.5,154.84207005766055,355.082604519478
1703.0,155.02052649336704,354.6156133050461
1703.5,155.1972743843663,354.14797560179386
1704.0,155.37232861419923,353.67970389297693
1704.5,155.54570941148296,353.2108122403252
1705.0,155.71745091244216,352.74131907602026
1705.5,155.88758374319767,352.27124110970107
1706.0,156.05611845636008,351.8005880105866
1706.5,156.22294627228948,351.3293277157789
1707.0,156.3881368280583,350.8574915204538
1707.5,156.55168505445118,350.38508454035457
1708.0,156.71358928822005,349.91211295202095
1708.5,156.87385971318866,349.43858593917184
1709.0,157.03249148717364,348.9645076353912
1709.5,157.1894541449815,348.48987466118894
1710.0,157.34473478717985,348.01468997473415
1710.5,157.49831326517923,347.5389532983302
1711.0,157.65016811335272,347.06266524650573
1711.5,157.80029453317323,346.5858310387858
1712.0,157.94867394027722,346.1084517271305
1712.5,158.0952164035698,345.6305078313705
1713.0,158.23990802655828,345.1520033996396
1713.5,158.38284682514882,344.6729744127162
1714.0,158.52404786243235,344.19343174807244
1714.5,158.66350535668983,343.7133804638788
1715.0,158.8012089329296,343.2328241815647
1715.5,158.93714498712586,342.7517660353681
1716.0,159.07131601912232,342.27021383788775
1716.5,159.20374822174222,341.7881806372236
1717.0,159.33444591217685,341.30567374980114
1717.5,159.46339839600296,340.8226971763067
1718.0,159.59059647271812,340.3392545769045
1718.5,159.7159990716884,339.85534239120057
1719.0,159.8395013602859,339.37094077806427
1719.5,159.9611764867098,338.88607727554086
1720.0,160.0809895493883,338.4007503609188
1720.5,160.1989094539007,337.9149603079687
1721.0,160.31489776828306,337.42870643632926
1721.5,160.42892929015375,336.94199116452387
1722.0,160.54097154939188,336.4548153739167
1722.5,160.65099030585316,335.96718040379017
1723.0,160.75893667341882,335.47908516162613
1723.5,160.86478363119366,334.9905333289549
1724.0,160.96849839297465,334.50152783710166
1724.5,161.07003066452424,334.01206858260394
1725.0,161.16933506881082,333.5221565548408
1725.5,161.2665598509227,333.0318309109937
1726.0,161.36169696438054,332.541098437888
1726.5,161.45477461243513,332.0499739351049
1727.0,161.54578241274544,331.5584639802011
1727.5,161.63471039038578,331.06657639447076
1728.0,161.72157145828115,330.57432189967716
1728.5,161.8064102786698,330.0817163477473
1729.0,161.88922377940884,329.5887670716499
1729.5,161.97002211167327,329.09548436575045
1730.0,162.0488046112386,328.60187582831634
1730.5,162.12540330421967,328.10792479948475
1731.0,162.19992723632086,327.6136586056965
1731.5,162.27238996759462,327.11908703376656
1732.0,162.3427704548021,326.6242162158668
1732.5,162.4110237276147,326.12905036621805
1733.0,162.4771354608191,325.6335969285061
1733.5,162.541113449408,325.1378662441584
1734.0,162.60295415794883,324.6418669911942
1734.5,162.66264439856508,324.1456077739816
1735.0,162.72015882774528,323.6490950844661
1735.5,162.77550934785748,323.15234055062876
1736.0,162.82855502445517,322.65533849755053
1736.5,162.8794335143621,322.1581143291408
1737.0,162.9281864004846,321.660680400341
1737.5,162.9748204536222,321.16304679077393
1738.0,163.01933815452782,320.66522354671474
1738.5,163.06176219552285,320.1672209062766
1739.0,163.10213116354618,319.6690498755406
1739.5,163.1404792139039,319.1707205677326
1740.0,163.17682591040864,318.67224183135414
1740.5,163.2111486201252,318.17362029294856
1741.0,163.2434079835636,317.67486341253056
1741.5,163.2734966208871,317.17597268446275
1742.0,163.30153200670745,316.6769646809918
1742.5,163.32752940861033,316.17785005636387
1743.0,163.35148471852173,315.67863547035563
1743.5,163.37337335964185,315.1793293624109
1744.0,163.39317404531232,314.6799407321459
1744.5,163.4108823390467,314.18047770209364
1745.0,163.4264856653135,313.6809492115771
1745.5,163.43995743449406,313.18136471243304
1746.0,163.45128228718843,312.68173325987885
1746.5,163.4603529080073,312.1820625095413
1747.0,163.4672756595913,311.6823635063226
1747.5,163.4720941939171,311.1826466158993
1748.0,163.47483041399022,310.6829206878606
1748.5,163.4755114892637,310.18319319202044
1749.0,163.47413176652208,309.6834732988092
1749.5,163.47071454523083,309.1837691912463
1750.0,163.46528597654176,308.68408669049404
1750.5,163.4578629530572,308.1844343203694
1751.0,163.44844648106465,307.68481924429733
1751.5,163.43693015852966,307.18525301429935
1752.0,163.4233516829689,306.6857429151953
1752.5,163.40780447206348,306.18629387666596
1753.0,163.39032929491793,305.6869109490757
1753.5,163.3708804214523,305.1876028905465
1754.0,163.34942232013682,304.68838049876393
1754.5,163.32591424507146,304.189255982409
1755.0,163.30034967965645,303.69023909832345
1755.5,163.27275778768896,303.1913347817146
1756.0,163.2431831607076,302.6925482207425
1756.5,163.21152103123438,302.19389198693614
1757.0,163.17779353278723,301.6953740832051
1757.5,163.14201840788851,301.19700436065136
1758.0,163.10414984414038,300.69879535191455
1758.5,163.06417835260257,300.20075791420874
1759.0,163.02207166657223,299.7029043033344
1759.5,162.97782749466728,299.20524455773995
1760.0,162.93146034918811,298.7077856630271
1760.5,162.88297888013224,298.2105364584639
1761.0,162.8323744624943,297.71350479106906
1761.5,162.77947923295076,297.2167187912806
1762.0,162.7244477576574,296.72017251587107
1762.5,162.66729209426978,296.22387344022917
1763.0,162.6080469504271,295.72782614318686
1763.5,162.54672310084393,295.23203673756757
1764.0,162.48336092673554,294.73650681303695
1764.5,162.41796195598135,294.24124375537485
1765.0,162.35049919675413,293.7462612314969
1765.5,162.28095230901874,293.2515708709159
1766.0,162.20921149156027,292.75719673155015
1766.5,162.13537847327578,292.2631321607983
1767.0,162.0595082771635,291.76937555536534
1767.5,161.98154850302427,291.27594549678247
1768.0,161.90141925372515,290.7828670923177
1768.5,161.8190561457091,290.29016241271603
1769.0,161.73442423798477,289.7978492517418
1769.5,161.6475350733909,289.30593553124805
1770.0,161.55840997890306,288.8144269253893
1770.5,161.46682198076303,288.3233779717516
1771.0,161.37282504183247,287.83279520521853
1771.5,161.27643799184418,287.3426875192722
1772.0,161.17766869357567,286.85306575696313
1772.5,161.07652475721417,286.36393961138964
1773.0,160.97302387152115,285.87531691304645
1773.5,160.867191157333,285.3872028965043
1774.0,160.7590235722573,284.8996103652612
1774.5,160.64852816048258,284.41255035570686
1775.0,160.5355228536187,283.92607516641715
1775.5,160.42029041720147,283.4401303262217
1776.0,160.30285979257567,282.95471569328106
1776.5,160.18323292084287,282.4698413970146
1777.0,160.0614260083548,281.9855133126828
1777.5,159.93747924958606,281.50172965488406
1778.0,159.81139715180845,281.01849862106974
1778.5,159.68318627386566,280.53582875810054
1779.0,159.552734269313,280.0537584202108
1779.5,159.4200770260205,279.572289424367
1780.0,159.28525490216634,279.09142435420574
1780.5,159.14828843135678,278.61116710618467
1781.0,159.00918358255151,278.13152408950526
1781.5,158.867914376325,277.6525141204495
1782.0,158.72446330380563,277.1741542255448
1782.5,158.5788078807868,276.6964618800877
1783.0,158.43075211216797,276.21951302511474
1783.5,158.28030464053285,275.74332013620415
1784.0,158.12755692635926,275.2678646116085
1784.5,157.97249138664787,274.79316751693835
1785.0,157.81507820233108,274.3192508966514
1785.5,157.65528064006062,273.84614220118857
1786.0,157.49305615099402,273.37387165877453
1786.5,157.32840137118757,272.9024556083851
1787.0,157.16119484522284,272.4319510626337
1787.5,156.99151271136915,271.9623452539732
1788.0,156.81945811679063,271.49361396193314
1788.5,156.64501368940287,271.02577896274755
1789.0,156.46817650348066,270.5588555915581
1789.5,156.2889365822351,270.09286206370217
1790.0,156.10731892282476,269.6278031786903
1790.5,155.92338642265565,269.1636639724403
1791.0,155.73697007636824,268.70052346655683
1791.5,155.54834590388617,268.2382836285372
1792.0,155.35753574441802,267.7769447601554
1792.5,155.16455160724266,267.31651410175186
1793.0,154.96939819275198,266.85700178719316
1793.5,154.77209942280797,266.3984082286526
1794.0,154.57266237465782,265.9407420226073
1794.5,154.37098249478998,265.4840613193395
1795.0,154.16700906306366,265.0284030894144
1795.5,153.96081111423294,264.5737545219402
1796.0,153.75235898473002,264.12014311890033
1796.5,153.5416419870615,263.6675888867825
1797.0,153.32863338821352,263.21611935524857
1797.5,153.11333956584483,262.7657471025165
1798.0,152.89570577768288,262.3165101257027
1798.5,152.67562390205694,261.8684792399666
1799.0,152.45326934859858,261.42158270272375
1799.5,152.22865103962158,260.9758311385012
1800.0,152.00179128616765,260.53122732469933
1800.5,151.772710996503,260.08777528796764
1801.0,151.541467269062,259.64545623786523
1801.5,151.3080480137089,259.2042867034579
1802.0,151.07231713729,258.7643552766614
1802.5,150.83447118565607,258.32557036963436
1803.0,150.5945548310771,257.88791812492576
1803.5,150.3526027477522,257.4513879537257
1804.0,150.1086271163277,257.01598528874246
1804.5,149.86260398358837,256.5817370486525
1805.0,149.61440697812466,256.14873104906576
1805.5,149.36393512115274,255.71704306398075
1806.0,149.11135608869634,255.28659191274105
1806.5,148.85669486376472,254.85737415431322
1807.0,148.5999518976642,254.4294036308969
1807.5,148.34110183642696,254.0027115560104
1808.0,148.0801376238477,253.577318203329
1808.5,147.81688907182905,253.15334470855822
1809.0,147.55142479683371,252.73076760407992
1809.5,147.28384616285544,252.30953670814628
1810.0,147.01417949607549,251.88964910652325
1810.5,146.7424292701285,251.47111601088025
1811.0,146.46861556984175,251.0539394185028
1811.5,146.1927339574099,250.63813500700303
1812.0,145.91457320613193,250.223862593541
1812.5,145.63437196001885,249.81097695570446
1813.0,145.3521277532469,249.39949456265748
1813.5,145.06784973112397,248.98942517614745
1814.0,144.78156585933436,248.58076199815847
1814.5,144.49330850651512,248.1734931345243
1815.0,144.20297506955328,247.76770822052657
1815.5,143.91063657947336,247.36336802061996
1816.0,143.61632250722414,246.96047164101498
1816.5,143.32003153414183,246.5590394695842
1817.0,143.02180236872607,246.15905326761813
1817.5,142.72168776046055,245.7604840911819
1818.0,142.4196641435702,245.36336200603517
1818.5,142.1156889834015,244.96773270732015
1819.0,141.8099019996568,244.57350332027585
1819.5,141.50228747888806,244.18070381942314
1820.0,141.1928679864484,243.7893279800566
1820.5,140.88165036905184,243.39938253199173
1821.0,140.56862908556704,243.01088728737136
1821.5,140.2536365877311,242.62399040020262
1822.0,139.93689737223173,242.23852472905622
1822.5,139.61841550528692,241.85450023385127
1823.0,139.2982090283545,241.4719154376186
1823.5,138.97625299316064,241.090804804319
1824.0,138.65256270419442,240.71117361688027
1824.5,138.32698126633352,240.33316745998576
1825.0,137.99972771369997,239.9566101408741
1825.5,137.67087548575788,239.58144633392808
1826.0,137.34049085926827,239.20762412436633
1826.5,137.0085847548441,238.83514213580378
1827.0,136.67515947146,238.46401027132356
1827.5,136.34009471501727,238.09435227103734
1828.0,136.00347498736434,237.72610329614747
1828.5,135.6653766182833,237.35920407434725
1829.0,135.32581791946558,236.99364739602404
1829.5,134.9848130841118,236.6294303220624
1830.0,134.6423870899103,236.26653597541753
1830.5,134.29846170984962,235.90505322634542
1831.0,133.95302628237636,235.54500589960787
1831.5,133.60617036575596,235.18632039509228
1832.0,133.2578936512665,234.8290101274349
1832.5,132.90820192098445,234.4730842319215
1833.0,132.55715036324878,234.11849532496177
1833.5,132.20473178700868,233.76525641399678
1834.0,131.85090453548483,233.4134210408239
1834.5,131.4958050933742,233.06286042211724
1835.0,131.139418263096,232.71360283681162
1835.5,130.78174252908755,232.36566431354373
1836.0,130.4227964047969,232.0190322454911
1836.5,130.06259843246178,231.67369635411595
1837.0,129.7010160167976,231.3298049244474
1837.5,129.3382240504288,230.9871828565478
1838.0,128.9742167463771,230.64584559067566
1838.5,128.60900938653188,230.30578964062562
1839.0,128.24260808413302,229.9670163611622
1839.5,127.87502270792656,229.62952439711097
1840.0,127.5061953979393,229.2933872023597
1840.5,127.13617184166489,228.95856265174848
1841.0,126.76502754323543,228.62497712272088
1841.5,126.39278634522992,228.2926101939296
1842.0,126.01947907931077,227.96143348764534
1842.5,125.64511923487832,227.6314358988625
1843.0,125.26969791931455,227.30263846502294
1843.5,124.8931051909391,226.97517642442986
1844.0,124.51545873623911,226.6489261008445
1844.5,124.13677975488588,226.3238698712878
1845.0,123.75709149306353,225.9999860770775
1845.5,123.37644568997078,225.67721760243234
1846.0,122.99487258970231,225.35552955725998
1846.5,122.61232324674336,225.03498627783875
1847.0,122.22879926905547,224.7155929319137
1847.5,121.84437297451161,224.39727268637546
1848.0,121.45904404155118,224.08003444956282
1848.5,121.07283976538004,223.76385113162996
1849.0,120.68579225780385,223.44868326294264
1849.5,120.29790840088549,223.13452503537837
1850.0,119.90912514847784,222.82146191310244
1850.5,119.51945309547622,222.50949169103706
1851.0,119.12891408071765,222.19859964243906
1851.5,118.7375087564779,221.88879324880858
1852.0,118.34525676434089,221.58005331968207
1852.5,117.9521685074684,221.27237439955528
1853.0,117.55827452036547,220.96572730152113
1853.5,117.16356515953396,220.66012468326352
1854.0,116.76811569967293,220.35547306201016
1854.5,116.3719822970151,220.05170572693243
1855.0,115.97520890687612,219.7487680886664
1855.5,115.57782302737162,219.4466245124765
1856.0,115.1798585839629,219.14523681340077
1856.5,114.78135466979865,218.84455235227335
1857.0,114.3823154884645,218.54456326079017
1857.5,113.98275706408346,218.24525134413727
1858.0,113.582744726847,217.9465285001589
1858.5,113.18229367742371,217.64837358903665
1859.0,112.78141572885518,217.35077614287184
1859.5,112.38012916102699,217.0537158533523
1860.0,111.97844512176384,216.75717939924223
1860.5,111.57638102542778,216.46115014759798
1861.0,111.1739336975095,216.16562960590164
1861.5,110.7711596888177,215.8705421373719
1862.0,110.36807629123662,215.57586935258075
1862.5,109.9647010450439,215.28158879668536
1863.0,109.56105345212214,214.9876756440897
1863.5,109.15714851720097,214.6941116086345
1864.0,108.75300245084058,214.4008802123952
1864.5,108.34862421141365,214.10796907955714
1865.0,107.94402747094487,213.81535937455024
1865.5,107.53924452114002,213.5230023841119
1866.0,107.13428799946189,213.23087831223162
1866.5,106.72916893398082,212.93897380231573
1867.0,106.32389788280835,212.6472750349975
1867.5,105.91848528853987,212.35576529310632
1868.0,105.51293952720452,212.064433737826
1868.5,105.10726418785897,211.7732740822418
1869.0,104.70146219724656,211.4822818451796
1869.5,104.29554722606188,211.19144364680963
1870.0,103.88952432935643,210.9007542258428
1870.5,103.48339799081654,210.61020489960558
1871.0,103.07717133267097,210.31979122329136
1871.5,102.6708465736306,210.02951275428114
1872.0,102.2644264641148,209.73936930857815
1872.5,101.85791287705743,209.44935664692315
1873.0,101.45130211836315,209.15948267446254
1873.5,101.0446041415641,208.86972980392443
1874.0,100.63781905106195,208.58009527970606
1874.5,100.2309493439021,208.2905745474597
1875.0,99.82399607992178,208.0011661734554
1875.5,99.41695754461678,207.7118713456788
1876.0,99.00983400076835,207.42269268709916
1876.5,98.60262787535174,207.13362535521972
1877.0,98.1953356602451,206.84467256181128
1877.5,97.78795581899753,206.5558355316622
1878.0,97.3804939147335,206.2671017006525
1878.5,96.97294692556609,205.97847681582178
1879.0,96.56531452687956,205.68997005178966
1879.5,96.1575968916306,205.40158111852088
1880.0,95.7497960368803,205.11330684312017
1880.5,95.34191268212585,204.82514470870015
1881.0,94.93394795626895,204.5370896052887
1881.5,94.5258984919689,204.24914576044486
1882.0,94.1177666419129,203.9613185260298
1882.5,93.70955757878515,203.67359862160671
1883.0,93.30127389566955,203.3859827733761
1883.5,92.8929176321114,203.0984648814807
1884.0,92.48449091126311,202.81104022663968
1884.5,92.0759965105679,202.52370591293243
1885.0,91.6674370615711,202.23645789918447
1885.5,91.25881740733922,201.94928874539585
1886.0,90.85014114286012,201.66219434799754
1886.5,90.44141126022255,201.37517175196407
1887.0,90.03264090833731,201.0882047252737
1887.5,89.62383025700547,200.80129295143942
1888.0,89.2149742024511,200.5144441730434
1888.5,88.80608004705078,200.22764546715766
1889.0,88.39715953499949,199.9408798293677
1889.5,87.9882138161993,199.65414673853527
1890.0,87.57924304443098,199.3674474639688
1890.5,87.17024989028111,199.0807765799587
1891.0,86.76123514686351,198.7941287193109
1891.5,86.35220200318653,198.50750097976305
1892.0,85.9431530355075,198.2208903605686
1892.5,85.53409030234972,197.934292645145
1893.0,85.12501449699036,197.64770579235199
1893.5,84.71592509197757,197.36112906900075
1894.0,84.30682169304681,197.0745603107081
1894.5,83.89770460715525,196.7879972219306
1895.0,83.48857587223517,196.50143847177577
1895.5,83.07943695674578,196.21488551084883
1896.0,82.67028979208246,195.92833800785553
1896.5,82.26113750633789,195.6417923351438
1897.0,81.85198175564602,195.35524924401605
1897.5,81.44282302799657,195.06870936611023
1898.0,81.03366151335696,194.78217314704176
1898.5,80.62449762883477,194.49564006307037
1899.0,80.21533317102063,194.20910909569756
1899.5,79.80616847790634,193.92258060276117
1900.0,79.39700498875966,193.63605466607524
1900.5,78.98784418416614,193.34953203641027
1901.0,78.57868365910926,193.0630135364988
1901.5,78.16952040011775,192.77649854814828
1902.0,77.76035403222835,192.48998583215183
1902.5,77.35118249711563,192.20347447897774
1903.0,76.94200482570778,191.91696594282863
1903.5,76.53282150219643,191.630461595742
1904.0,76.12363235482142,191.34396012337967
1904.5,75.71443653984234,191.0574617509535
1905.0,75.30523607431103,190.7709650614097
1905.5,74.89603089786812,190.4844674436407
1906.0,74.48682188261323,190.19796898720656
1906.5,74.07760950795992,189.91147004766182
1907.0,73.6683944515241,189.62497174861562
1907.5,73.25917620304844,189.33847487485212
1908.0,72.84995740028987,189.05197961827923
1908.5,72.44073620401792,188.7654874449801
1909.0,72.03151035971572,188.4790017032883
1909.5,71.62227877523162,188.1925242049966
1910.0,71.21304119927545,187.90605453388147
1910.5,70.80379907524085,187.619588187696
1911.0,70.3945555463004,187.3331197584473
1911.5,69.9853098914005,187.04665132424586
1912.0,69.57606099380267,186.76018375076063
1912.5,69.16681136923388,186.47371365189193
1913.0,68.75756481391008,186.18723114632442
1913.5,68.34832269137411,185.9007350531482
1914.0,67.93908346961307,185.61422245568554
1914.5,67.52985085912442,185.32768872700416
1915.0,67.12063160146766,185.04112808535606
1915.5,66.71142658645921,184.75453917205058
1916.0,66.30223674213886,184.4679204671384
1916.5,65.89306644574492,184.18126561740604
1917.0,65.48392128578132,183.89457153395125
1917.5,65.0748016721165,183.6078415501041
1918.0,64.66570626748843,183.32107790598985
1918.5,64.25664001058112,183.03427449615452
1919.0,63.847598724365994,182.74743506682918
1919.5,63.43858073686602,182.46056218676776
1920.0,63.02958701177128,182.1736586554705
1920.5,62.620617943614164,181.88672641480585
1921.0,62.21167116763057,181.59976492108487
1921.5,61.80274746965511,181.31277342918708
1922.0,61.393847131823826,181.02574660800386
1922.5,60.98496306435903,180.73868997258901
1923.0,60.576095675168254,180.45160079962142
1923.5,60.167249175647754,180.16447229011624
1924.0,59.75841937142096,179.8773106386275
1924.5,59.34960555030041,179.59011689823797
1925.0,58.94080786717371,179.30288679354803
1925.5,58.532023551395255,179.01562720726298
1926.0,58.12325447570063,178.72833872633052
1926.5,57.71450166865645,178.44101960840328
1927.0,57.305759922093316,178.15367640928923
1927.5,56.89702860690187,177.86630942012505
1928.0,56.48830907026318,177.57891484872297
1928.5,56.0795972081503,177.29149922475176
1929.0,55.6708961638146,177.0040620376769
1929.5,55.2622139861113,176.71659658368668
1930.0,54.85354921240707,176.42910530110956
1930.5,54.4449038860889,176.14158720508638
1931.0,54.036280526333144,175.85404230223583
1931.5,53.62767680301783,175.56646892448163
1932.0,53.21909489825332,175.27886097597155
1932.5,52.810535387954076,174.9912164800744
1933.0,52.40199822105387,174.7035388351452
1933.5,51.993485026729594,174.4158231096638
1934.0,51.584992821482366,174.12807869327338
1934.5,51.17652211010668,173.84030764678258
1935.0,50.768071416868764,173.55251008489864
1935.5,50.359639969214136,173.26468252401415
1936.0,49.951232263555454,172.9768155840897
1936.5,49.54284004464275,172.68891846915858
1937.0,49.13446189077579,172.40099464064852
1937.5,48.72610052437263,172.1130420872414
1938.0,48.31775142364838,171.82506817166185
1938.5,47.90941470429989,171.53707356134603
1939.0,47.50108653434951,171.24905911282056
1939.5,47.09276893030058,170.96102068944415
1940.0,46.68445995239578,170.67296129067117
1940.5,46.27615776059002,170.3848867709402
1941.0,45.86786446642524,170.0967945376237
1941.5,45.45958077885151,169.80868843734075
1942.0,45.05130844261193,169.52056872727488
1942.5,44.643049228502875,169.23243437977712
1943.0,44.23480470825378,168.9442806348374
1943.5,43.826574147418434,168.65610847756494
1944.0,43.41835845526275,168.36791561824282
1944.5,43.01016051822245,168.0796956004256
1945.0,42.6019863818815,167.79144097466843
1945.5,42.19384746374844,167.50313761680792
1946.0,41.78574367429013,167.21478316540237
1946.5,41.37768950826083,166.92635428095457
1947.0,40.96968751779549,166.6378500834893
1947.5,40.56174935354186,166.34925095486844
1948.0,40.153857889895946,166.0605801174769
1948.5,39.74602277036492,165.77182094104464
1949.0,39.338237948273914,165.48298624969212
1949.5,38.9305236269231,165.19404852961407
1950.0,38.522867021741085,164.9050263278982
1950.5,38.11527203341061,164.615912512782
1951.0,37.70771751231071,164.32673708355074
1951.5,37.30020634797574,164.0374928791848
1952.0,36.89272379586645,163.74820347773218
1952.5,36.48526690681958,163.45887105427144
1953.0,36.07782738814646,163.1695028444264
1953.5,35.670404244210275,162.88009952117486
1954.0,35.26299004707909,162.5906747208437
1954.5,34.85559025780317,162.30122324315926
1955.0,34.4482108935324,162.01173635494573
1955.5,34.04085959751745,161.7222042774311
1956.0,33.63354892393994,161.4326076302122
1956.5,33.22628726927404,161.14293881655155
1957.0,32.81910444048672,160.85315934481366
1957.5,32.412002332504876,160.56327147135474
1958.0,32.005002807823686,160.2732436755594
1958.5,31.598105052941964,159.98306737069723
1959.0,31.191324994406063,159.6927203493415
1959.5,30.784685084595544,159.4021701570311
1960.0,30.37817805367304,159.111426002647
1960.5,29.971848781654458,158.82043251195788
1961.0,29.56567936780054,158.5292178104078
1961.5,29.159667754949414,158.23777471161642
1962.0,28.753828593122346,157.9460867004624
1962.5,28.3481682390576,157.65415098475367
1963.0,27.942723416081183,157.36191701087944
1963.5,27.537480097146236,157.0694091088832
1964.0,27.132454975241128,156.77660886978856
1964.5,26.72765928262638,156.4835007832461
1965.0,26.32307574751508,156.19010514995145
1965.5,25.918732489869264,155.8963853465548
1966.0,25.51462035116228,155.60235214379736
1966.5,25.110728465160253,155.30801483191152
1967.0,24.70709404525248,155.0133180764498
1967.5,24.303704838605146,154.71827744007265
1968.0,23.900575008313496,154.4228690721177
1968.5,23.49775555836771,154.1270200643038
1969.0,23.09524939302237,153.8307327753269
1969.5,22.69308665563379,153.5339627771243
1970.0,22.29131644659073,153.23663948609104
1970.5,21.889950574329134,152.9387533717668
1971.0,21.489064003011773,152.64020758679882
1971.5,21.088731793338464,152.34090820303456
1972.0,20.688979697552288,152.04083121332008
1972.5,20.28990456389734,151.73985434990547
1973.0,19.89154404258042,151.43793092748857
1973.5,19.49388813801979,151.13507684743817
1974.0,19.097024822459215,150.83118063846527
1974.5,18.70100039307563,150.52618765771848
1975.0,18.305838325846032,150.22007786067095
1975.5,17.91166642449065,149.91269444786766
1976.0,17.518505110795438,149.60402017966481
1976.5,17.126330200855943,149.29409019483515
1977.0,16.73524266457288,148.9827852174326
1977.5,16.3452421278721,148.67010953188483
1978.0,15.95634674389014,148.35605402322108
1978.5,15.56868701943848,148.0404681901849
1979.0,15.182349188419224,147.72326207663048
1979.5,14.797327841269826,147.40445630650123
1980.0,14.413756541677397,147.083906752535
1980.5,14.031741526164256,146.76150124742693
1981.0,13.651236160402403,146.43731253854614
1981.5,13.272281576081806,146.11130441706308
1982.0,12.89503372084089,145.7833115428681
1982.5,12.519416854215864,145.45344224049654
1983.0,12.145511715168997,145.121622693625
1983.5,11.77361683793663,144.7875422420181
1984.0,11.403721902856473,144.45124641352817
1984.5,11.035871651460171,144.11271179806295
1985.0,10.670210421440116,143.77180681186715
1985.5,10.306716936144444,143.42858436269873
1986.0,9.945381891042889,143.08308145366064
1986.5,9.58635310184015,142.7351725785467
1987.0,9.22985908791205,142.38465830766174
1987.5,8.875879933516186,142.03159907887886
1988.0,8.52445194998333,141.67599334959348
1988.5,8.175788577162882,141.31766882704773
1989.0,7.829804616144697,140.95675051097643
1989.5,7.486458191590328,140.59331536123054
1990.0,7.145844576226537,140.22730930049235
1990.5,6.808245674374438,139.85851560278132
1991.0,6.473690941378429,139.48695605357946
1991.5,6.142218432585171,139.11263986771155
1992.0,5.81413219472507,138.7353482079263
1992.5,5.489369141233565,138.3551901718462
1993.0,5.167842801936314,137.9722882044366
1993.5,4.849775919705262,137.58650478781698
1994.0,4.535732349923722,137.19743806806486
1994.5,4.225606339973153,136.80524300501236
1995.0,3.91951911730015,136.40988776661075
1995.5,3.617550185399372,136.01137604493232
1996.0,3.3199223040649644,135.60961138962534
1996.5,3.02641976052546,135.20482489448435
1997.0,2.7371803392960126,134.79698109463996
1997.5,2.4523192657182897,134.38606548211365
1998.0,2.1722492751696056,133.97186960475943
1998.5,1.8967498260151696,133.55462176436558
1999.0,1.6258334307802775,133.13438329448277
1999.5,1.3593951675505807,132.71129005924556
2000.0,1.0979355079534332,132.28510193545083
2000.5,0.8411151215569088,131.85610397378173
2001.0,0.5889649808742355,131.4243455385698
2001.5,0.341635338840458,130.98980759112536
2002.0,0.09948921887088003,130.55235878929537
2002.5,-0.13746193087609926,130.11207568050503
2003.0,-0.3692178186696883,129.66903741414114
2003.5,-0.5957920796407014,129.22332681229588
2004.0,-0.8171337547157668,128.7749936395874
2004.5,-1.0327513437383056,128.32387923153124
2005.0,-1.2427054444041756,127.87010246064675
2005.5,-1.4471960720683732,127.4138382624412
2006.0,-1.6463015435554165,126.95519828875435
2006.5,-1.840142647998922,126.49430804934863
2007.0,-2.0284997747067486,126.03115034934139
2007.5,-2.2112960681030374,125.56577245026759
2008.0,-2.388357665435979,125.09818393027217
2008.5,-2.559658116900412,124.6284543853255
2009.0,-2.725118916203654,124.15663576449623
2009.5,-2.8845030018246853,123.68272867514553
2010.0,-3.037486651053204,123.2067171642971
2010.5,-3.1842620647701376,122.72875623639503
2011.0,-3.324656104611691,122.2488825317452
2011.5,-3.4586559836691415,121.76718325894592
2012.0,-3.586235005497174,121.2837425314293
2012.5,-3.7074144143177143,120.79865646648136
2013.0,-3.8220395345065508,120.31198042069526
2013.5,-3.9303256793716765,119.82385668556951
2014.0,-4.032237294278322,119.33436355810045
2014.5,-4.127637455010079,118.84356024783357
2015.0,-4.216384358735528,118.35150997100119
2015.5,-4.298447197695856,117.85829961095284
2016.0,-4.373941478900741,117.36404001694426
2016.5,-4.4425195505460335,116.86877393959516
2017.0,-4.504352021081518,116.37262205042094
2017.5,-4.559375747704177,115.87567006719003
2018.0,-4.607564178180953,115.37800964997217
2018.5,-4.648881846925574,114.87973168066243
2019.0,-4.683401827283594,114.38093673085953
2019.5,-4.710946635352573,113.88170827404903
2020.0,-4.731371678724723,113.38213656613934
2020.5,-4.744836063161448,112.88232740002532
2021.0,-4.751450997637733,112.38238129719163
2021.5,-4.751235397510384,111.88239364624884
2022.0,-4.7442814731961445,111.38245679067781
2022.5,-4.730522497938126,110.88266346948497
2023.0,-4.709656017422868,110.38311784956709
2023.5,-4.681636162748632,109.88392231547499
2024.0,-4.6466839936621716,109.38516499902519
2024.5,-4.6047720259433556,108.88694630300618
2025.0,-4.555808465901371,108.3893726894949
2025.5,-4.499747950700407,107.89254972064634
2026.0,-4.436462134310154,107.39659592023064
2026.5,-4.365808615160527,106.90163785948458
2027.0,-4.287882532225552,106.40777280721741
2027.5,-4.202916360395998,105.91507056263724
2028.0,-4.110872961317325,105.42364220752071
2028.5,-4.0114862692183255,104.93364634122673
2029.0,-3.9046687558428252,104.44521528351622
2029.5,-3.7905449779297125,103.95843779434637
2030.0,-3.669347964651817,103.47337191540133
2030.5,-3.5410703449345045,102.99012957918825
2031.0,-3.405831413923083,102.50878888746983
2031.5,-3.2636789762826894,102.02944397717815
2032.0,-3.11463131383128,101.55219775979957
2032.5,-2.9589000027874697,101.07709130708271
2033.0,-2.796658096184473,100.60416962099369
2033.5,-2.6280317978987493,100.13348715988295
2034.0,-2.4531560963482297,99.66509118427068
2034.5,-2.2720877795231447,99.19905440212004
2035.0,-2.0850703792684193,98.73537358455872
2035.5,-1.8921775165248809,98.27410801646205
2036.0,-1.6931908220234473,97.81543917497746
2036.5,-1.4878693658307414,97.35956921548642
2037.0,-1.2762261810437392,96.9065966195068
2037.5,-1.0583060180703616,96.45660764654623
2038.0,-0.8342876958263602,96.00962054043312
2038.5,-0.6043273094370325,95.56566001489304
2039.0,-0.36846724073592674,95.124803880021
2039.5,-0.1268416713534295,94.68707967440622
2040.0,0.12039298365955367,94.25249799514627
2040.5,0.37324074581954025,93.82115747154597
2041.0,0.6319392428102527,93.39329810409272
2041.5,0.8965302452352103,92.96905357195858
2042.0,1.166921330875273,92.54847864690868
2042.5,1.4429714127632685,92.1315950049379
2043.0,1.7243005714925554,91.71825607665913
2043.5,2.010784675210863,91.30847409430783
2044.0,2.302531191647364,90.9024227187654
2044.5,2.599517255523451,90.50018715896103
2045.0,2.901460908973772,90.10165899967143
2045.5,3.2082050275854166,89.70681340500312
2046.0,3.5196903432536075,89.3156963841972
2046.5,3.835814803480898,88.92831804815832
2047.0,4.15658586539305,88.54477766858116
2047.5,4.481800880625165,88.16499895408631
2048.0,4.811179334767224,87.78882663498362
2048.5,5.144595599043965,87.41622981139193
2049.0,5.482025830278564,87.04726528368377
2049.5,5.823443824234146,86.6819876038808
2050.0,6.168687879818317,86.32032379714622
2050.5,6.517670186919866,85.96226678244606
2051.0,6.870330909634933,85.60783514087575
2051.5,7.226594254815179,85.25702834894832
2052.0,7.586454480911911,84.90991492868439
2052.5,7.949926899984157,84.56658678051578
2053.0,8.317037600099642,84.22715134766035
2053.5,8.687943033589548,83.8918666762778
2054.0,9.062437728943673,83.56059841533919
2054.5,9.440397626288712,83.23329090237242
2055.0,9.821669664763952,82.90984894534027
2055.5,10.206154145293935,82.59023233571205
2056.0,10.593877153198479,82.27455483435273
2056.5,10.98460579492418,81.96260986704158
2057.0,11.378131602193884,81.65420560143897
2057.5,11.774356054416701,81.34928092035064
2058.0,12.173300845634104,81.0479287395431
2058.5,12.57497959852832,80.75023668468798
2059.0,12.979244088416932,80.45607160544742
2059.5,13.386144644345531,80.16556551923419
2060.0,13.795729264036922,79.87885458128308
2060.5,14.207884750983094,79.59585470721109
2061.0,14.622335818170242,79.3162334693383
2061.5,15.03897465742562,79.03988728917042
2062.0,15.457817338462643,78.76689810977216
2062.5,15.878701645586098,78.49707549256641
2063.0,16.301513148237152,78.23028885475121
2063.5,16.726197091053933,77.96649678516765
2064.0,17.152742459904736,77.70573083710713
2064.5,17.580936235644277,77.44768583110732
2065.0,18.010762764403374,77.19237055257898
2065.5,18.442315755538537,76.93998731790242
2066.0,18.8753369502354,76.69013793213773
2066.5,19.309823328897856,76.4428492809872
2067.0,19.74593201769388,76.19843664458423
2067.5,20.183389421999976,75.95645005344733
2068.0,20.622143635745548,75.71682557502469
2068.5,21.06223182379657,75.47966034054942
2069.0,21.503462198899612,75.2446256180794
2069.5,21.94582222650792,75.0117242645736
2070.0,22.389218453656657,74.78080720047521
2070.5,22.833535171958193,74.55167137191185
2071.0,23.278861062485834,74.32451374443963
2071.5,23.725092256321876,74.09914816840134
2072.0,24.172332660759,73.8757937599374
2072.5,24.620597053407323,73.6544997417564
2073.0,25.0697935723137,73.43510007364429
2073.5,25.520028831422135,73.21783841488322
2074.0,25.971101875241647,73.0023217830084
2074.5,26.42309692831105,72.78874904366292
2075.0,26.875909615881074,72.57691763040724
2075.5,27.329602316932124,72.3669776046229
2076.0,27.78415125219547,72.15889583767844
2076.5,28.239546876555348,71.95267119177774
2077.0,28.69580133562077,71.74835189837397
2077.5,29.152862540608492,71.54584304314453
2078.0,29.610765263231674,71.34524508803707
2078.5,30.06947589556746,71.14650104099071
2079.0,30.529057739784125,70.94977804698411
2079.5,30.989450212028615,70.7549585853924
2080.0,31.450681997635186,70.5621348893538
2080.5,31.91269072860991,70.37118222194349
2081.0,32.37547923720158,70.18213110825072
2081.5,32.83906630373021,69.99504433868742
2082.0,33.303405511959646,69.80983006996351
2082.5,33.768496054114735,69.626513194907
2083.0,34.23421773184541,69.44481143463103
2083.5,34.7006581464557,69.26497215827929
2084.0,35.167699100160775,69.08670447050869
2084.5,35.63548382313888,68.91040051691937
2085.0,36.10389745308646,68.73577695007758
2085.5,36.57297804378622,68.5629615238908
2086.0,37.04272059818508,68.39196124835765
2086.5,37.513099874237255,68.22272863441592
2087.0,37.98424762113636,68.05564960224616
2087.5,38.456037847471485,67.8903938440591
2088.0,38.92856054640402,67.72724576164367
2088.5,39.40174494369145,67.56602915747787
2089.0,39.87554269768859,67.40662676944171
2089.5,40.350037157936306,67.24931608004232
2090.0,40.8251122898942,67.09376834559114
2090.5,41.30082228550681,66.94017498659929
2091.0,41.777160550672825,66.78854223425705
2091.5,42.254052311489104,66.63865981641501
2092.0,42.731557823200596,66.49075171236024
2092.5,43.209610192661636,66.34462710833135
2093.0,43.68817273398481,66.200189521201
2093.5,44.16735529448624,66.05783115042988
2094.0,44.64706475859201,65.91726324283087
2094.5,45.12728407125473,65.77845033290575
2095.0,45.60812169004804,65.64179573693579
2095.5,46.089466004449115,65.50693487292686
2096.0,46.57129289176228,65.37380936014019
2096.5,47.05368437838955,65.24274376409619
2097.0,47.536542248024794,65.11340297231384
2097.5,48.019844296716656,64.98573123808883
2098.0,48.503654887350976,64.85999910736084
2098.5,48.98793241193103,64.73607250208222
2099.0,49.47265120166634,64.61387715728115
2099.5,49.95783503209331,64.49353917545899
2100.0,50.443464507692674,64.3750111832453
2100.5,50.92948019958802,64.2580775784003
2101.0,51.415869743587436,64.14271014002598
2101.5,51.90267721567452,64.029118747129
2102.0,52.38982754159113,63.917003319150766
2102.5,52.877300861886525,63.806301162635116
2103.0,53.365108246414515,63.69708252060519
2103.5,53.8532383426024,63.58931996866703
2104.0,54.341655362045586,63.482872960657154
2104.5,54.830360770197636,63.377761643619166
2105.0,55.31938242897184,63.27413696536079
2105.5,55.808695980653745,63.171907548682505
2106.0,56.298285335488394,63.07101206804741
2106.5,56.78814804292965,62.971454986440754
2107.0,57.278309866031776,62.87338360093973
2107.5,57.7687482296409,62.77670429775229
2108.0,58.25944143542959,62.68132863288026
2108.5,58.75038052685016,62.58722931268691
2109.0,59.241573514044276,62.494469818292906
2109.5,59.733022306122756,62.40308262516421
2110.0,60.22470969688405,62.31298782061853
2110.5,60.71663817444823,62.22421536596567
2111.0,61.208807187785425,62.13678029757741
2111.5,61.70124248168928,62.05085410625307
2112.0,62.19390890815328,61.96626325146468
2112.5,62.68679873399321,61.88298142247278
2113.0,63.17990674839837,61.800998638518955
2113.5,63.67323004239834,61.7203150549909
2114.0,64.16678300668222,61.6410459040221
2114.5,64.66052734128873,61.56298138409335
2115.0,65.15445592542257,61.486101748516994
2115.5,65.64856799918832,61.41041376502889
2116.0,66.14286152820696,61.33592619642754
2116.5,66.6373587696918,61.262800660435836
2117.0,67.13203823063155,61.19091431174539
2117.5,67.62689301813839,61.12024010271062
2118.0,68.12191753117722,61.050765723815246
2118.5,68.61710946503727,60.982492936764075
2119.0,69.11247608022518,60.91549839339913
2119.5,69.60802890687594,60.849879778901126
2120.0,70.10375296130587,60.78554178503443
2120.5,70.59964044785153,60.72245461719459
2121.0,71.09568390868134,60.660589773932266
2121.5,71.59187732801422,60.599925772463195
2122.0,72.08822260929135,60.54051040554333
2122.5,72.58472701434893,60.4824166656839
2123.0,73.08137320641517,60.4255211527418
2123.5,73.57815257846852,60.369787968888815
2124.0,74.07505969401129,60.31519900510157
2124.5,74.5720872612839,60.26171775031634
2125.0,75.06922946159631,60.20932613716012
2125.5,75.56649703313575,60.158139804451274
2126.0,76.06387683886952,60.10805329359565
2126.5,76.56136503759186,60.059060615059835
2127.0,77.05896068096145,60.01116945462015
2127.5,77.55666048386739,59.96436614013512
2128.0,78.05446111762896,59.91864409159908
2128.5,78.5523677795794,59.87407135413057
2129.0,79.05038173254636,59.830683051874765
2129.5,79.54849203923494,59.78838913325945
2130.0,80.04669492199463,59.747172983752044
2130.5,80.54498565556814,59.70701101234731
2131.0,81.04336038953312,59.66788503995628
2131.5,81.54181728407409,59.62979487462378
2132.0,82.0403547506683,59.59274127717226
2132.5,82.53897625488848,59.55679710058453
2133.0,83.0376677930168,59.52182552474304
2133.5,83.53642296378813,59.487778799087025
2134.0,84.03523785839361,59.454631667329025
2134.5,84.53411042512931,59.422384011348434
2135.0,85.03304064226838,59.39106174163559
2135.5,85.53202988521963,59.36069567839519
2136.0,86.03107744344025,59.3313013470468
2136.5,86.53018105612564,59.30289303907547
2137.0,87.02933914678957,59.2754947292709
2137.5,87.52854794335522,59.249062685171246
2138.0,88.02780615622684,59.22361410989027
2138.5,88.52711342184388,59.19916842620443
2139.0,89.0264702975421,59.175763766483406
2139.5,89.52587712691326,59.15343316072611
2140.0,90.02533218728495,59.13218431370475
2140.5,90.52483412025536,59.112041028476035
2141.0,91.02438266461095,59.093033246963564
2141.5,91.52397409093473,59.07514722742533
2142.0,92.02360692129504,59.05844362943156
2142.5,92.52327799251837,59.04288036695746
2143.0,93.02298640918845,59.0284843289431
2143.5,93.52272839136684,59.01524752679242
2144.0,94.02250254066621,59.003202653089986
2144.5,94.5223064741937,58.99234526415663
2145.0,95.02213601750192,58.98265331482623
2145.5,95.52198773108549,58.9741051206133
2146.0,96.02185825254031,58.96667567818038
2146.5,96.52174368550325,58.96032824608909
2147.0,97.02164111901001,58.95505727424224
2147.5,97.52154856240156,58.950869076367724
2148.0,98.02146417839577,58.947779826051494
2148.5,98.52138520792627,58.94582746848784
2149.0,99.02130829084179,58.94494275372472
2149.5,99.52123009984402,58.94509654572822
2150.0,100.02114817073986,58.946302912958274
2150.5,100.52106094559063,58.94860026186855
2151.0,101.02096663339435,58.952036811050284
2151.5,101.52086325858666,58.95664532540123
2152.0,102.0207478698131,58.96243300763985
2152.5,102.52061719834037,58.96939186280245
2153.0,103.02046825195589,58.977541051479704
2153.5,103.52029848934846,58.98691483335557
2154.0,104.02010469837434,58.99754855323478
2154.5,104.5198839965365,59.00946143330487
2155.0,105.0196335219899,59.0226300026972
2155.5,105.51935018559337,59.03701305380773
2156.0,106.0190311002163,59.052616048251366
2156.5,106.51867404210923,59.069443312792735
2157.0,107.01827577423134,59.08750402344519
2157.5,107.51783438472428,59.10678129180403
2158.0,108.01734774490525,59.12723081888805
2158.5,108.5168137217425,59.148811904629085
2159.0,109.01623044139818,59.17150614841148
2159.5,109.51559436880729,59.19533149551487
2160.0,110.01490239356174,59.22032093600947
2160.5,110.51415351437076,59.246454739442335
2161.0,111.0133452458284,59.27370445662888
2161.5,111.51247563037573,59.30206284431429
2162.0,112.01154325990377,59.3315188854452
2162.5,112.51054510616521,59.36206559114688
2163.0,113.00947891538463,59.393720408614705
2163.5,113.50834262875966,59.42648607387452
2164.0,114.00713528653458,59.460329007459244
2164.5,114.50585631491036,59.49521635368636
2165.0,115.00450504501777,59.53112356287994
2165.5,115.50308151888446,59.56801590255728
2166.0,116.00158521572867,59.60587290900301
2166.5,116.5000129696965,59.64471131038689
2167.0,116.99836193572317,59.68455243301927
2167.5,117.49663183232717,59.72537868919769
2168.0,117.99482125701242,59.76717745390912
2168.5,118.49292960831956,59.80993361854272
2169.0,118.99095720175652,59.8536131752208
2169.5,119.48890147809725,59.89821781611178
2170.0,119.98675842373224,59.94378269536173
2170.5,120.48452738946612,59.990300065130384
2171.0,120.98220626755433,60.037767970820006
2171.5,121.47979389262541,60.08618219667004
2172.0,121.97729027241361,60.135521921190154
2172.5,122.47469454332871,60.185773942435794
2173.0,122.97200635238039,60.23692654819381
2173.5,123.46922511945859,60.28896965115521
2174.0,123.96635176409062,60.341874762075804
2174.5,124.46338598588054,60.39562679551005
2175.0,124.96032667380331,60.450221013555584
2175.5,125.45717177945723,60.50566275986527
2176.0,125.95391863026524,60.56196482036806
2176.5,126.45056559114228,60.61913326479147
2177.0,126.9471112973533,60.67716471974426
2177.5,127.4435538263198,60.73605902450481
2178.0,127.93989159492268,60.79582137011374
2178.5,128.43612206478974,60.85645847021986
2179.0,128.93224553772424,60.91795692802682
2179.5,129.42825934317457,60.98032475945941
2180.0,129.9241654894214,61.043531378342095
2180.5,130.41996452494465,61.10755953880711
2181.0,130.91565409138613,61.17241854768761
2181.5,131.41123289518646,61.2381130114824
2182.0,131.9067010867868,61.304630662973025
2182.5,132.40205796853715,61.37196280050145
2183.0,132.89730332483904,61.440103517635904
2183.5,133.39243718881676,61.50904296321693
2184.0,133.88745905418673,61.57877405129828
2184.5,134.38236629572728,61.64931002156282
2185.0,134.87715784215067,61.72065492756908
2185.5,135.37183399488075,61.79279582702804
2186.0,135.8663960254748,61.865713928872516
2186.5,136.36084631696932,61.939382988173584
2187.0,136.85518770553293,62.01377196148484
2187.5,137.3494212272844,62.08886431725862
2188.0,137.84354742059492,62.164652696317894
2188.5,138.33756858996475,62.24111838465323
2189.0,138.83148731202684,62.318235082528915
2189.5,139.32530694839997,62.39597271067088
2190.0,139.81903063962622,62.474303519485794
2190.5,140.31265906570442,62.55321598548295
2191.0,140.80619339552268,62.63270074762437
2191.5,141.29963504600136,62.712745504713915
2192.0,141.79298527565993,62.79333692344665
2192.5,142.28624004354825,62.87449683046406
2193.0,142.77940516495104,62.9561890522244
2193.5,143.27248233062613,63.03840090519363
2194.0,143.7654726571964,63.12112504307546
2194.5,144.25837850420632,63.20434736428797
2195.0,144.751201757735,63.288053419236405
2195.5,145.24394423235177,63.372235010766154
2196.0,145.73660892498668,63.456879490098196
2196.5,146.22919898022633,63.541966409211426
2197.0,146.72171790339624,63.62747364948379
2197.5,147.2141696167181,63.71337958025781
2198.0,147.70655783789763,63.7996629049796
2198.5,148.1988862597207,63.88630382705996
2199.0,148.69115933291098,63.97327968909545
2199.5,149.1833821567063,64.06055927126474
2200.0,149.67555925974807,64.14811157084173
2200.5,150.16769623599907,64.2359067099204
2201.0,150.6597973734794,64.3239172447206
2201.5,151.15186633413992,64.41212121206013
2202.0,151.64390810925838,64.50048607841163
2202.5,152.13592817814475,64.58897687999072
2203.0,152.62792959242387,64.6775718069248
2203.5,153.1199148963327,64.76625572052154
2204.0,153.6118871709711,64.85501034721304
2204.5,154.10384884028275,64.94382018834732
2205.0,154.59580140709792,65.03267324281677
2205.5,155.08774623315833,65.12155782578672
2206.0,155.57968489350216,65.21046303184382
2206.5,156.07161884882623,65.29938142973917
2207.0,156.56354918717932,65.38830840654322
2207.5,157.0554766573695,65.47723936224213
2208.0,157.5474017476002,65.56617105324862
2208.5,158.03932502222617,65.65510047068972
2209.0,158.53124831827736,65.74402377956216
2209.5,159.02317239175994,65.83293932231003
2210.0,159.51509826966162,65.92184480999158
2210.5,160.00702601428546,66.01073829259794
2211.0,160.49895567113666,66.09961892849996
2211.5,160.9908882145423,66.18848436136119
2212.0,161.4828246115334,66.27733312316718
2212.5,161.97476525978797,66.36616484064506
2213.0,162.46670999948336,66.45497944952125
2213.5,162.9586582256281,66.5437780311345
2214.0,163.4506097787503,66.63256139541424
2214.5,163.94256554020205,66.72132920376917
2215.0,164.43452621526663,66.8100774708083
2215.5,164.92649255559684,66.89880414217471
2216.0,165.41846499962142,66.98750674305789
2216.5,165.91044347075365,67.07618323028872
2217.0,166.4024281284374,67.1648336035079
2217.5,166.89441878930154,67.25345836721813
2218.0,167.38641550300105,67.3420560154527
2218.5,167.87841898699156,67.4306237168365
2219.0,168.37043017411492,67.5191599623132
2219.5,168.86244956591764,67.607664283917
2220.0,169.35447581683033,67.69613711511913
2220.5,169.8465087329688,67.78457488221197
2221.0,170.33854864142435,67.87297807995085
2221.5,170.83059598598595,67.96134420986807
2222.0,171.32265101591346,68.04967052976896
2222.5,171.8147139131506,68.13795638848227
2223.0,172.30678453542342,68.22620091539048
2223.5,172.79886267847465,68.31440174043348
2224.0,173.29094891564492,68.40255540513793
2224.5,173.7830451341348,68.49065683622244
2225.0,174.2751523244997,68.57869869236634
2225.5,174.7672696372912,68.66668014381301
2226.0,175.25939803449944,68.7546000333847
2226.5,175.7515373233592,68.8424595478744
2227.0,176.24368668041015,68.93025912262549
2227.5,176.73584587583528,69.01800008757122
2228.0,177.22801513697604,69.10568402223187
2228.5,177.72019456715725,69.19331047344883
2229.0,178.2123842966433,69.28087621849797
2229.5,178.70458634762372,69.36837880616191
2230.0,179.19679896707993,69.4558229998808
2230.5,179.68902098159649,69.5432117804226
2231.0,180.18125328461542,69.63054463003161
2231.5,180.67349678554686,69.71781585246214
2232.0,181.16575227806786,69.80502195308836
2232.5,181.65802032611438,69.89216304008966
2233.0,182.15030115096883,69.97923898800279
2233.5,182.64259519760085,70.06624720983537
2234.0,183.13490558183858,70.15317611833596
2234.5,183.62722893464897,70.2400399911751
2235.0,184.11956418326133,70.32684225305319
2235.5,184.61191143859233,70.41358154960257
2236.0,185.1042708592413,70.5002567344411
2236.5,185.59664232627998,70.58686886084192
2237.0,186.08902544406175,70.67342116027139
2237.5,186.58141928337176,70.75991779992314
2238.0,187.07382359838402,70.84635379957305
2238.5,187.56623712299788,70.93273187980527
2239.0,188.05865995215436,71.01904997733722
2239.5,188.5510921132266,71.10530658442698
2240.0,189.04353362023926,71.19150120742086
2240.5,189.53598479574978,71.27763131470878
2241.0,190.02844657332398,71.3636897801523
2241.5,190.52092108216138,71.44966758778666
2242.0,191.01340991665984,71.53555482338906
2242.5,191.50591355447443,71.62135196368745
2243.0,191.99843357099272,71.7070525090195
2243.5,192.4909712734817,71.79264950465266
2244.0,192.9835283644609,71.87813513062966
2244.5,193.4761071027011,71.9635011234747
2245.0,193.96870969229246,72.04874002751517
2245.5,194.46134182255,72.13382167630007
2246.0,194.95400039115393,72.21876023244066
2246.5,195.4466854257479,72.30355392309328
2247.0,195.93939732810912,72.38819805650937
2247.5,196.43213722534963,72.4726851817747
2248.0,196.9249067853296,72.55700610904363
2248.5,197.41770756749483,72.641152257772
2249.0,197.91054473415704,72.72509254967603
2249.5,198.40341846936167,72.80882143241249
2250.0,198.8963277151661,72.89234366403663
2250.5,199.3892739558073,72.97564836027912
2251.0,199.88225948093574,73.05872161587072
2251.5,200.37528706616936,73.14154827702731
2252.0,200.86835917932308,73.22411539940035
2252.5,201.3614805151018,73.30639474566415
2253.0,201.8546540945944,73.3883627502251
2253.5,202.34787643116906,73.47004183130983
2254.0,202.8411490612663,73.55142186171885
2254.5,203.3344732190505,73.63249478377976
2255.0,203.82784953041408,73.71325532410621
2255.5,204.32127797575203,73.79370000112525
2256.0,204.81476425688442,73.87378826553669
2256.5,205.3083078546791,73.95352120428704
2257.0,205.80190485376826,74.03291954400679
2257.5,206.29555621437706,74.11197485700995
2258.0,206.7892622138229,74.19068354506165
2258.5,207.28302333723704,74.26903976768172
2259.0,207.77684117531692,74.3470287781239
2259.5,208.27072524172382,74.42458899298245
2260.0,208.76467127196238,74.5017425832832
2260.5,209.25867783324765,74.5784976086049
2261.0,209.75274661512262,74.6548439144968
2261.5,210.24687895117447,74.73077085815093
2262.0,210.74107647496984,74.80626461302748
2262.5,211.2353443902052,74.88129321430634
2263.0,211.7296981410487,74.95575554441544
2263.5,212.2241280483122,75.0297130054937
2264.0,212.7186368723225,75.10314918295043
2264.5,213.2132257631304,75.17605428789712
2265.0,213.70789439267324,75.24842578798324
2265.5,214.20264118630496,75.32026853827699
2266.0,214.69747464766604,75.3915175167483
2266.5,215.19238735995418,75.46221473485647
2267.0,215.68737174606304,75.53240973652294
2267.5,216.18242590128978,75.6021101924344
2268.0,216.67754667329288,75.67133061652414
2268.5,217.17273001397933,75.74008994580714
2269.0,217.66797815170935,75.8083560282375
2269.5,218.16329589325414,75.87608226492146
2270.0,218.65867580686552,75.94332251519053
2270.5,219.15411903550415,76.01006086714109
2271.0,219.64962802077505,76.076273359945
2271.5,220.14520637000683,76.141929215787
2272.0,220.64086203831909,76.20696381702803
2272.5,221.1366149581869,76.27121877202997
2273.0,221.63245785460597,76.33475717279275
2273.5,222.12839518533232,76.3975410163604
2274.0,222.62443201556098,76.45952466016001
2274.5,223.1205740084718,76.52065783198614
2275.0,223.61683122987415,76.5808587721871
2275.5,224.11322921772256,76.63991142404996
2276.0,224.60974233756747,76.69800570554621
2276.5,225.1063690556054,76.75514143641858
2277.0,225.60310696117168,76.8113211436952
2277.5,226.09995315137934,76.86655006687921
2278.0,226.5969092265491,76.92079596425388
2278.5,227.0939935668295,76.97386855028971
2279.0,227.5911830477068,77.02595844046745
2279.5,228.0884738282053,77.07707984580249
2280.0,228.58586342958097,77.12723427737465
2280.5,229.08334987742265,77.17641965191292
2281.0,229.58093604768644,77.22458323951732
2281.5,230.07863197891393,77.27158087210238
2282.0,230.576422904842,77.31755285058283
2282.5,231.07430605313328,77.36250896999452
2283.0,231.57228012263468,77.40643738248278
2283.5,232.07034510687154,77.44931067501757
2284.0,232.56850992131353,77.49100157168577
2284.5,233.066775493091,77.53145100601633
2285.0,233.56512922536078,77.57078300910023
2285.5,234.06357030880366,77.60898483577697
2286.0,234.56209827769734,77.64603247346257
2286.5,235.06071313936013,77.68188920218044
2287.0,235.55942878783608,77.716323349394
2287.5,236.0582374698081,77.74938966214927
2288.0,236.55712819210183,77.7811966589636
2288.5,237.05610007940692,77.81171525902828
2289.0,237.55515264312285,77.84091010671926
2289.5,238.05428519159176,77.86874540987598
2290.0,238.55351295270543,77.8948727322427
2290.5,239.0528157485758,77.91956175499973
2291.0,239.5521837541936,77.94291668616879
2291.5,240.05161304824057,77.96493670713643
2292.0,240.55110072424512,77.9856105450895
2292.5,241.05064406710352,78.00493674087755
2293.0,241.55025167486392,78.0225636399933
2293.5,242.04990319217276,78.03889151848615
2294.0,242.54959456474256,78.05393539681893
2294.5,243.04932205556864,78.06770881947139
2295.0,243.54908213193934,78.08021934236454
2295.5,244.04887237647768,78.09140736594367
2296.0,244.5486929703122,78.10106838518546
2296.5,245.0485341202173,78.10948343050417
2297.0,245.54839232222204,78.1166562861311
2297.5,246.04826459580994,78.12258298661995
2298.0,246.54814822944581,78.12725716627894
2298.5,247.04804051929048,78.13058434586125
2299.0,247.54793807397522,78.13240063742093
2299.5,248.04783685577416,78.1329068862747
2300.0,248.54773349413716,78.1321093144679
2300.5,249.0476245775051,78.13000772726569
2301.0,249.54750681948042,78.12658955190999
2301.5,250.0473755377167,78.12167730995674
2302.0,250.54722533363434,78.11519488071968
2302.5,251.04705353554849,78.1072952593758
2303.0,251.54685682068197,78.09794309895852
2303.5,252.0466313090511,78.08710781159141
2304.0,252.54637246246963,78.0747644447839
2304.5,253.0460701235067,78.06069964849073
2305.0,253.54571799899566,78.04491355792199
2305.5,254.0453159986995,78.02757713932833
2306.0,254.54485993151934,78.00868977115091
2306.5,255.04434536405435,77.98825389826739
2307.0,255.5437676712262,77.96627413900127
2307.5,256.0431130768301,77.94255595264718
2308.0,256.5423789435718,77.9171957965733
2308.5,257.0415686405577,77.89036927433926
2309.0,257.5406791651641,77.8620960774995
2309.5,258.0397073342376,77.83239296554859
2310.0,258.53864971063643,77.80127352887494
2310.5,259.03749011873396,77.76855876458117
2311.0,259.5362288016735,77.73434239553616
2311.5,260.0348728272942,77.69879326454557
2312.0,260.53341896741625,77.66191787509563
2312.5,261.0318633967706,77.62371117348813
2313.0,261.5302022773928,77.58416540118307
2313.5,262.028416651658,77.5431006161923
2314.0,262.5265066194586,77.50057966522049
2314.5,263.0244810794447,77.4567505963118
2315.0,263.52233596058915,77.41160755320601
2315.5,264.0200658972128,77.36512812541142
2316.0,264.51766518426206,77.31728312775881
2316.5,265.01511112041663,77.2678796297198
2317.0,265.51240315035085,77.21697204133044
2317.5,266.0095518727611,77.16470095280106
2318.0,266.5065525044298,77.11105541537349
2318.5,267.003399985704,77.05602257235684
2319.0,267.5000891739624,76.99958852642862
2319.5,267.9965901813296,76.94152713008856
2320.0,268.49289972582096,76.88185406932925
2320.5,268.9890308104038,76.8207218133149
2321.0,269.48497851522245,76.7581230863247
2321.5,269.9807390303107,76.69406001283015
2322.0,270.4763086313221,76.62853697859329
2322.5,270.97165625640184,76.56135862749605
2323.0,271.4667694482852,76.4924727699454
2323.5,271.9616620223196,76.42201762748986
2324.0,272.45632567473956,76.34996477553683
2324.5,272.95075469202226,76.276306696171
2325.0,273.4449452181987,76.20105136643284
2325.5,273.9388750565133,76.12409128195539
2326.0,274.43251739566824,76.04530152063452
2326.5,274.92590370686685,75.9649198852141
2327.0,275.41903034188744,75.88295334907622
2327.5,275.91189539063697,75.79942106907103
2328.0,276.40449786199383,75.71434817141115
2328.5,276.8968282934454,75.62771027231676
2329.0,277.3888369205149,75.53926562956536
2329.5,277.8805732888031,75.44932303993554
2330.0,278.3720364389734,75.35790217866072
2330.5,278.86322495670913,75.2650212038486
2331.0,279.3541367425218,75.17069385296956
2331.5,279.84476911654497,75.07492838338561
2332.0,280.33506481754097,74.97746527687204
2332.5,280.8250729427715,74.8785812546556
2333.0,281.31479425151133,74.77830027187474
2333.5,281.8042251132094,74.67662379175104
2334.0,282.2933614411169,74.5735510301961
2334.5,282.78219791235466,74.4690750037601
2335.0,283.27068868940745,74.36300442878532
2335.5,283.75884295445223,74.2554105937152
2336.0,284.2466775394284,74.14638931246415
2336.5,284.7341841968056,74.03591880336626
2337.0,285.22135481347135,73.92398025025152
2337.5,285.7081811724527,73.8105568203584
2338.0,286.19463141990474,73.69553161843204
2338.5,286.68066289650693,73.57875304924967
2339.0,287.16632339357375,73.46044311762434
2339.5,287.65160717534496,73.34059709625097
2340.0,288.1365071273532,73.21920553841001
2340.5,288.621016698164,73.09626071042617
2341.0,289.1051325994165,72.97176618082237
2341.5,289.5887643542055,72.84539849997134
2342.0,290.071982524926,72.71745521813668
2342.5,290.5547963176209,72.58799126660664
2343.0,291.03720308294714,72.45701609436563
2343.5,291.51920110360356,72.32454143622178
2344.0,292.0007903710787,72.19058408918137
2344.5,292.48192342291196,72.05499413336602
2345.0,292.96259361577813,71.91776966219624
2345.5,293.44285411267003,71.77911701446429
2346.0,293.92271092315764,71.63907422630898
2346.5,294.4021695514913,71.49767569484008
2347.0,294.8812341194649,71.35494917316538
2347.5,295.359903109358,71.21090267543741
2348.0,295.83809979112834,71.06529926143916
2348.5,296.3159146389718,70.91845084512384
2349.0,296.7933531339148,70.7703880286887
2349.5,297.27042221237036,70.62114466114886
2350.0,297.74712664398714,70.4707458642988
2350.5,298.22346785274567,70.31920430914019
2351.0,298.69940405457584,70.16640015192274
2351.5,299.1749645861388,70.01243969989663
2352.0,299.65017881901656,69.85742179625726
2352.5,300.12504479436257,69.7013472797083
2353.0,300.599560673602,69.5442163451554
2353.5,301.07372539230005,69.38603144064571
2354.0,301.5475135570538,69.22672582151287
2354.5,302.0208879621898,69.06619891579476
2355.0,302.49390289323617,68.9046166645973
2355.5,302.966555950041,68.74197895300624
2356.0,303.43884330748267,68.57828113362488
2356.5,303.9107604815459,68.41351623862475
2357.0,304.3823025771456,68.24767615287952
2357.5,304.853375707423,68.08050272782029
2358.0,305.32407033089777,67.91226106144909
2358.5,305.7943829429439,67.742949114207
2359.0,306.26431398472937,67.57257507295674
2359.5,306.7338628779231,67.40114443286505
2360.0,307.20302489025096,67.22865181913131
2360.5,307.67172969170065,67.05491327047167
2361.0,308.14004597744383,66.8801281218559
2361.5,308.60799758148056,66.70436958717832
2362.0,309.0755926834356,66.5276657797691
2362.5,309.5428360882071,66.35003565730413
2363.0,310.0097280752479,66.17148677673626
2363.5,310.4762227054526,65.99190713022976
2364.0,310.94236380921024,65.8114202298581
2364.5,311.40816993171444,65.63007924962274
2365.0,311.8736455117113,65.44790026184158
2365.5,312.3387913222584,65.26489036508771
2366.0,312.80360038588634,65.08103703333269
2366.5,313.2680134014957,64.89619496959224
2367.0,313.73204457187546,64.71040644061304
2367.5,314.19570566004006,64.5237024292695
2368.0,314.6589923109005,64.33607394416954
2368.5,315.1219035713714,64.14752248494793
2369.0,315.5844380683977,63.95805084443552
2369.5,316.0465218175231,63.767484860607546
2370.0,316.5081998184996,63.575938276654725
2370.5,316.9695038723306,63.38349227733654
2371.0,317.4304399616704,63.190165336181394
2371.5,317.89101817332994,62.99598546104008
2372.0,318.35125322605575,62.80099137543222
2372.5,318.81108825238243,62.6050580425647
2373.0,319.27059838751444,62.40836666992876
2373.5,319.72980833531733,62.210976748685475
2374.0,320.18872697156706,62.01291233134364
2374.5,320.6473620761634,61.81419437514225
2375.0,321.1057143953365,61.61482513816936
2375.5,321.56374076194277,61.41471101583824
2376.0,322.0215066612306,61.21400394809186
2376.5,322.47902180330095,61.012726638908404
2377.0,322.9362931088768,60.81089748539922
2377.5,323.3933264850493,60.608533345458234
2378.0,323.8501045374098,60.40559619202137
2378.5,324.3066360024695,60.20210940634562
2379.0,324.7629624203863,59.99816852856461
2379.5,325.2190900868312,59.79378978780416
2380.0,325.67502325589766,59.588984802649165
2380.5,326.1307641813085,59.383760681998794
2381.0,326.5862678134298,59.1780198367606
2381.5,327.0415831646093,58.97186970016552
2382.0,327.49671671807977,58.76532713494405
2382.5,327.9516681914544,58.55839338394166
2383.0,328.406435733145,58.35106510560735
2383.5,328.8609930593817,58.14328354269686
2384.0,329.31533392615626,57.93503633771506
2384.5,329.76948587201036,57.726380470089424
2385.0,330.2234467888283,57.51731110397603
2385.5,330.6772149559899,57.30782445942112
2386.0,331.13078358926384,57.09790548764156
2386.5,331.5841068283658,56.88745265355482
2387.0,332.0372391632824,56.6765857485846
2387.5,332.4901836678262,56.46531144346722
2388.0,332.94294356225726,56.253636034877346
2388.5,333.3955224243101,56.04156619185944
2389.0,333.8478862420379,55.82902932394957
2389.5,334.30007636268294,55.6161170360554
2390.0,334.7521119617168,55.402871906542785
2390.5,335.2040014920281,55.189314208263504
2391.0,335.6557531631273,54.97546378975354
2391.5,336.1073541683867,54.76129429999212
2392.0,336.5588219273424,54.546845428606595
2392.5,337.0101790891231,54.33216717598977
2393.0,337.4614333641102,54.117277907075824
2393.5,337.91259226977024,53.90219568118401
2394.0,338.3636504720394,53.686913635430464
2394.5,338.8146126168866,53.471446651906206
2395.0,339.265495613152,53.25582878604833
2395.5,339.71630139928976,53.040063204376025
2396.0,340.16703167035337,52.82415251350657
2396.5,340.6176800242544,52.60808445437843
2397.0,341.0682397413068,52.39184438577323
2397.5,341.51872841701254,52.17546646690055
2398.0,341.96914725644376,51.95895150420717
2398.5,342.4194973489483,51.74229974314282
2399.0,342.86977377226304,51.525498901784644
2399.5,343.319968441839,51.3085299177951
2400.0,343.7700993769002,51.09142730681472
2400.5,344.2201691541479,50.874195689078626
2401.0,344.6701805077867,50.65684089139927
2401.5,345.12013157043936,50.43936052877979
2402.0,345.5700175570782,50.22174521417283
2402.5,346.0198563459345,50.004030721478934
2403.0,346.4696501567389,49.78622214401102
2403.5,346.9194012838712,49.568324770079805
2404.0,347.36910876013974,49.35033681517637
2404.5,347.81877184961104,49.132260313352994
2405.0,348.2684010019257,48.91411641010138
2405.5,348.7179979045646,48.69590767205494
2406.0,349.1675641924222,48.477636938498556
2406.5,349.61709750971386,48.25930056582258
2407.0,350.0665960936095,48.04089449666494
2407.5,350.51606707935156,47.82243137595831
2408.0,350.9655120202031,47.603913625215164
2408.5,351.414931960024,47.38534309553417
2409.0,351.8643204241957,47.166707293984736
2409.5,352.3136776477976,46.94800633705614
2410.0,352.76300725304014,46.72924830706238
2410.5,353.2123094745672,46.5104333866985
2411.0,353.66158492287053,46.291562290742924
2411.5,354.1108282036669,46.072623307929994
2412.0,354.5600428424405,45.85362732666716
2412.5,355.0092311189897,45.63457954254343
2413.0,355.45839283562833,45.41548026111174
2413.5,355.9075277730222,45.1963298083035
2414.0,356.3566265370171,44.97710941310168
2414.5,356.805698805811,44.75783740466153
2415.0,357.25474550135004,44.538517123875735
2415.5,357.70376697879396,44.31915037915827
2416.0,358.15276112430905,44.09973405440466
2416.5,358.60172439420194,43.88026131748915
2417.0,359.0506637284146,43.66074580959145
2417.5,359.49957900861665,43.44118791825593
2418.0,359.9484698637136,43.221587169170796
2418.5,360.3973298047344,43.00193073794438
2419.0,360.84616049467695,42.78222058991407
2419.5,361.29496711867984,42.562464376658355
2420.0,361.74374912095817,42.34266055255612
2420.5,362.1925053568388,42.12280699317122
2421.0,362.64122548243364,41.90288518803356
2421.5,363.08991971070145,41.68291217687369
2422.0,363.53858884915735,41.462889982460986
2422.5,363.9872326004033,41.24281731942476
2423.0,364.43584780933384,41.02268532433922
2423.5,364.88443133817435,40.802489598116644
2424.0,365.33299193068416,40.5822466417421
2424.5,365.7815288127276,40.36195573469304
2425.0,366.2300409806464,40.14161599620708
2425.5,366.67852140715985,39.92121545182665
2426.0,367.126976058837,39.70076423004246
2426.5,367.57540761439486,39.48026930064641
2427.0,368.0238157700064,39.25973018486403
2427.5,368.4721990515447,39.039143076325786
2428.0,368.9205470536044,38.81849006941136
2428.5,369.3688695556812,38.59778860998288
2429.0,369.8171664019788,38.37703833790875
2429.5,370.26543709537833,38.15623806026084
2430.0,370.71367424491694,37.93537244573958
2430.5,371.1618756238381,37.71443703390663
2431.0,371.6100451031822,37.49344105081151
2431.5,372.0581817576198,37.27238193600801
2432.0,372.5062848383896,37.05125644025974
2432.5,372.95433696579227,36.830031356351675
2433.0,373.4023509707508,36.608729451992886
2433.5,373.8503279990622,36.3873527018355
2434.0,374.2982679340141,36.16590114968292
2434.5,374.7461605092728,35.94435629787893
2435.0,375.1940036527884,35.722710353616684
2435.5,375.6418041301414,35.50097652682829
2436.0,376.0895611934139,35.279152466668
2436.5,376.53727437527874,35.05723624699717
2437.0,376.9849261504921,34.8351930034723
2437.5,377.43253253765255,34.61306152001831
2438.0,377.88009342803053,34.39084113939657
2438.5,378.32760860418057,34.16853130031913
2439.0,378.77506761970443,33.94611242092823
2439.5,379.2224698619255,33.7235836110949
2440.0,379.6698240866005,33.500963268843066
2440.5,380.1171297947727,33.2782513356466
2441.0,380.56438326486574,33.05544166680193
2441.5,381.0115679831112,32.832504544534274
2442.0,381.458701326949,32.60947359878851
2442.5,381.9057826784979,32.38634728581693
2443.0,382.35281113579117,32.16312343657688
2443.5,382.7997644873668,31.939760453907937
2444.0,383.24665533567804,31.716276036574392
2444.5,383.6934891762944,31.49268107059828
2445.0,384.14026537395574,31.26897430064348
2445.5,384.5869704413037,31.045129092639023
2446.0,385.033601426662,30.821137750288013
2446.5,385.4801712465374,30.59702592124217
2447.0,385.92668015679726,30.372793977131643
2447.5,386.3731253772839,30.14843612915526
2448.0,386.81949070102803,29.9239229172406
2448.5,387.26579735041804,29.69929629822031
2449.0,387.7120452541386,29.474555809346214
2449.5,388.15823438911616,29.249700981227797
2450.0,388.60434213655253,29.02468658767494
2450.5,389.0503876147826,28.79955077944361
2451.0,389.49637454243276,28.574301211071237
2451.5,389.94230329763906,28.34893893885822
2452.0,390.38815761056986,28.123432857719052
2452.5,390.8339466656235,27.897801282265977
2453.0,391.2796780995976,27.672059593590163
2453.5,391.72535118375146,27.446206370137737
2454.0,392.17095377231414,27.220217347340096
2454.5,392.61648461125503,26.994087505432073
2455.0,393.0619581649919,26.76784384936528
2455.5,393.50737429864535,26.541487176435915
2456.0,393.9527258326896,26.31500640222164
2456.5,394.39799994552646,26.08838055750888
2457.0,394.8432180001616,25.86164746256507
2457.5,395.2883799504773,25.634805905600206
2458.0,395.73348231681206,25.407847959540838
2458.5,396.17850428325494,25.180735057218932
2459.0,396.62346885827094,24.95351487664392
2459.5,397.0683760163083,24.726186960630585
2460.0,397.5132257608187,24.498750649864572
2460.5,397.9579915224269,24.271152338229875
2461.0,398.4026992653013,24.043443742042268
2461.5,398.84734835729535,23.815623245192906
2462.0,399.29193823871606,23.58768939314885
2462.5,399.7364467277173,23.359599144814627
2463.0,400.1808933722952,23.13139217031825
2463.5,400.62528100445115,22.903073318304983
2464.0,401.06960962826355,22.674642343626097
2464.5,401.51385531392424,22.44605574446969
2465.0,401.9580374353249,22.217347260416414
2465.5,402.40216229220044,21.98852854497208
2466.0,402.84623078872966,21.759601344755524
2466.5,403.29021989048675,21.5305249115946
2467.0,403.73414787352795,21.301335833414925
2467.5,404.17801981844593,21.072043644605866
2468.0,404.621835205852,20.8426474026515
2468.5,405.0655715060066,20.613104667204972
2469.0,405.50924252685155,20.38343941798085
2469.5,405.9528541336451,20.153661880129278
2470.0,406.39640537363033,19.923769926410372
2470.5,406.8398682732361,19.693712195666308
2471.0,407.28325809177545,19.463515459398955
2471.5,407.7265818958213,19.233193498553877
2472.0,408.1698390502222,19.00274548222069
2472.5,408.61299770553313,18.77211310943081
2473.0,409.056075186436,18.54132785409157
2473.5,409.499078520568,18.31040274643442
2474.0,409.9420070218238,18.079336316381674
2474.5,410.38482150071474,17.848053970355718
2475.0,410.82754706999435,17.6166052042046
2475.5,411.27018744266405,17.384998477989033
2476.0,411.7127402213601,17.153230389324378
2476.5,412.1551526903212,16.921200342517754
2477.0,412.5974603610984,16.688973537773357
2477.5,413.03966314234793,16.456550014413292
2478.0,413.48175645486117,16.223921371843307
2478.5,413.9236758858966,15.990964469121048
2479.0,414.3654733744023,15.757777847201874
2479.5,414.807145425839,15.524353433851527
2480.0,415.24867959909864,15.29066587640818
2480.5,415.6900163042538,15.056600802380297
2481.0,416.1312156558997,14.822276544020072
2481.5,416.57227705495154,14.587693344699959
2482.0,417.01318077941096,14.35281611956062
2482.5,417.4538835110064,14.117565411102445
2483.0,417.8944394226946,13.882042290419863
2483.5,418.33484698437167,13.646244583795756
2484.0,418.77507058345094,13.41010790843154
2484.5,419.2150909482728,13.173601932409994
2485.0,419.6549533418373,12.936810546931287
2485.5,420.0946552427218,12.69972961140647
2486.0,420.5341396518086,12.46225610417705
2486.5,420.97341354068567,12.224405388891164
2487.0,421.41250836143854,11.986233112708167
2487.5,421.8514190671147,11.747729580715212
2488.0,422.2900546452402,11.508728051439329
2488.5,422.72846033731753,11.269310581824334
2489.0,423.16665820753025,11.029516395638117
2489.5,423.6046449077665,10.789338949679962
2490.0,424.0422860385137,10.548537550102886
2490.5,424.4796924692698,10.307309799730229
2491.0,424.9168653133185,10.065658379803363
2491.5,425.3537752645521,9.823531008053033
2492.0,425.7903256201376,9.580754169971124
2492.5,426.22662321297986,9.337520046100535
2493.0,426.6626663040804,9.093825963034101
2493.5,427.09838807861115,8.849552661633847
2494.0,427.53377055617824,8.604673062522522
2494.5,427.96889435909185,8.359334559281155
2495.0,428.4037591367102,8.11353786545586
2495.5,428.8382616318808,7.86710186862158
2496.0,429.27245202500046,7.62011764657885
2496.5,429.7063823473712,7.372678751033008
2497.0,430.14005614680013,7.124792957572994
2497.5,430.5733160970747,6.876194465215268
2498.0,431.0063030576888,6.627125924920815
2498.5,431.439020667675,6.377594509303385
2499.0,431.8714262268757,6.127528185194913
2499.5,432.3034417673771,5.87679969910013
2500.0,432.7351841261785,5.62561026258932
2500.5,433.16664804561594,5.373951672450758
2501.0,433.5977212860511,5.121635388140182
2501.5,434.0284116331312,4.868671507772564
2502.0,434.45879422644094,4.615188943457705
2502.5,434.88886683969685,4.3611851725713775
2503.0,435.31845607647097,4.10637516436408
2503.5,435.74770309889465,3.8509951194006486
2504.0,436.1766233691366,3.595072049584826
2504.5,436.60516538901237,3.3385219158458144
2505.0,437.03320249372405,3.081133815415205
2505.5,437.4608909972212,2.8231691368198115
2506.0,437.88822784057,2.5646236896011754
2506.5,438.31508381737206,2.305286223542884
2507.0,438.7414789841972,2.0451921157139945
2507.5,439.16750874257593,1.7845000154311794
2508.0,439.5931726502357,1.523210359319678
2508.5,440.0182660385632,1.260992837346879
2509.0,440.4429652814158,0.9981373945448245
2509.5,440.86728136240606,0.7346612479644313
2510.0,441.2911331318701,0.4704320855921432
2510.5,441.714421570271,0.20529093376659827
2511.0,442.13733026588073,-0.06045817754149754
2511.5,442.55986496970223,-0.32680309224135273
2512.0,442.9818802511806,-0.5939674096188149
2512.5,443.4034570735099,-0.861819823745406
2513.0,443.82466645106064,-1.130248351431694
2513.5,444.24548787033876,-1.3992847327345854
2514.0,444.66574772906375,-1.6691945127794452
2514.5,445.085655944015,-1.939644664649662
2515.0,445.5052119344793,-2.2106352303070214
2515.5,445.9243009685462,-2.482340923110861
2516.0,446.34291802790943,-2.7547651027387148
2516.5,446.76117127279997,-3.02774148798881
2517.0,447.1790584089083,-3.3012727346927835
2517.5,447.59635819888456,-3.5756915248414263
2518.0,448.01324792529164,-3.850728161148804
2518.5,448.42973987993963,-4.1263651368047025
2519.0,448.84572979401895,-4.402761599335322
2519.5,449.2611321894818,-4.680043962252657
2520.0,449.67611142844225,-4.9579620724212585
2520.5,450.09066519203463,-5.2365183065702166
2521.0,450.5045612543627,-5.516056416781566
2521.5,450.9179709303356,-5.796318128013358
2522.0,451.33095366087133,-6.07721302859977
2522.5,451.7434421845229,-6.358838231974764
2523.0,452.1553300932401,-6.641342130445804
2523.5,452.5668172797526,-6.924428826334607
2524.0,452.9779056009899,-7.208094180664661
2524.5,453.3884000217742,-7.492616122400001
2525.0,453.7984504700801,-7.7777738031270935
2525.5,454.20813211629405,-8.063455323200786
2526.0,454.61740203646707,-8.349716781630487
2526.5,455.02612500913426,-8.63674048138134
2527.0,455.43448589197664,-8.924266665638712
2527.5,455.84248193963174,-9.212298511616739
2528.0,456.2499177079845,-9.501105293571296
2528.5,456.65690084211536,-9.790535445014957
2529.0,457.06348849297706,-10.08050888708345
2529.5,457.46960631238693,-10.371126338705409
2530.0,457.8750602651981,-10.66265714460963
2530.5,458.2800530520459,-10.954822841430275
2531.0,458.68457632509273,-11.24763487988928
2531.5,459.08836471521096,-11.541457786604395
2532.0,459.49155230948776,-11.836103708276246
2532.5,459.8942196876862,-12.131460724961018
2533.0,460.29626321056725,-12.427668727263043
2533.5,460.69747968171146,-12.725002711964644
2534.0,461.0981324448736,-13.023102071815492
2534.5,461.4982192594111,-13.321968594911693
2535.0,461.89743350717896,-13.622010223835751
2535.5,462.2960169620067,-13.922894267915138
2536.0,462.69405121331204,-14.224508780261662
2536.5,463.09141526217354,-14.527010288157182
2537.0,463.488006827867,-14.830526345975489
2537.5,463.8840786910145,-15.13472055666875
2538.0,464.27963535684347,-15.43958517196118
2538.5,464.67437924600625,-15.745497578540977
2539.0,465.0685786718236,-16.052107712267343
2539.5,465.46227783982965,-16.359357284338472
2540.0,465.8553307053351,-16.667429542340432
2540.5,466.24769160854396,-16.976373833599755
2541.0,466.6395596063752,-17.285937097803206
2541.5,467.03093429044986,-17.5961188461029
2542.0,467.4214645178703,-17.907350357569673
2542.5,467.81149860747377,-18.219196289983312
2543.0,468.2010379544797,-18.531653488049688
2543.5,468.5898835079367,-18.84496306574625
2544.0,468.9780848661061,-19.159059759646645
2544.5,469.3657829374635,-19.4737695288368
2545.0,469.7529157063658,-19.789166480751426
2545.5,470.1392364380934,-20.105545895887335
2546.0,470.5250340525279,-20.422555734994607
2546.5,470.91030427016403,-20.74020047998086
2547.0,471.2947444374272,-21.05884194141906
2547.5,471.6785308542767,-21.3782650602897
2548.0,472.061760369315,-21.698352065544697
2548.5,472.44429354205954,-22.019266372338343
2549.0,472.8259660244702,-22.341199324371676
2549.5,473.20702936482866,-22.663853553842525
2550.0,473.5874760831359,-22.987237897505768
2550.5,473.9668605399361,-23.31187430293681
2551.0,474.34559464173117,-23.637271400088377
2551.5,474.72370076429445,-23.963401366061454
2552.0,475.1009234204104,-24.290557407975466
2552.5,475.4773074421306,-24.61868266489304
2553.0,475.8530539388351,-24.947542207033408
2553.5,476.2280815530043,-25.27722784170254
2554.0,476.602090541349,-25.608077033289433
2554.5,476.975464102434,-25.939647497097734
2555.0,477.3482048513719,-26.271934873507252
2555.5,477.71996397795385,-26.605327652144926
2556.0,478.0910254888227,-26.9394988516048
2556.5,478.46148333797873,-27.274340945525893
2557.0,478.8311574237451,-27.61004920004758
2557.5,479.2000056122053,-27.946664071184646
2558.0,479.5682728125396,-28.283913043769402
2558.5,479.93593461804585,-28.621821034180723
2559.0,480.30263841550806,-28.960764597994554
2559.5,480.6687815301974,-29.300309198300642
2560.0,481.03436459393725,-29.640452935306975
2560.5,481.3990996939898,-29.981498549575484
2561.0,481.7631362913996,-30.323283675825195
2561.5,482.1266009426756,-30.66567322192399
2562.0,482.4893472010163,-31.008820480348188
2562.5,482.8512393641525,-31.35286142109562
2563.0,483.21255654675963,-31.69750184608901
2563.5,483.5732989867047,-32.04274076978746
2564.0,483.93298070437316,-32.38908148020373
2564.5,484.2920481879423,-32.736059983172986
2565.0,484.65050051083364,-33.08367600760456
2565.5,485.0080241795139,-33.43224917482912
2566.0,485.364767639788,-33.781623459618224
2566.5,485.7208850145788,-34.131638766911756
2567.0,486.0762193769406,-34.482453596441005
2567.5,486.43058887341437,-34.834251535012044
2568.0,486.7843228155882,-35.18669430231495
2568.5,487.1374226417055,-35.53977953473508
2569.0,487.4894313037932,-35.89396246749333
2569.5,487.8408171562773,-36.24876852298164
2570.0,488.1915888941351,-36.60418803183811
2570.5,488.5414529989859,-36.960509874191935
2571.0,488.89057223433184,-37.3175674535368
2571.5,489.23910804459996,-37.675200000291575
2572.0,489.5869209026125,-38.033543317110855
2572.5,489.9338960811006,-38.392701868156244
2573.0,490.2803261309181,-38.75238892031724
2573.5,490.62620320348464,-39.11261132451643
2574.0,490.9711684885798,-39.473711085798875
2574.5,491.31560612206994,-39.83531468774586
2575.0,491.6595188196596,-40.19741935387202
2575.5,492.00262947584315,-40.560289087127074
2576.0,492.3451078101352,-40.92375782996468
2576.5,492.687064484966,-41.28772031243927
2577.0,493.02833040406205,-41.65233585542096
2577.5,493.36883930349296,-42.01766351548407
2578.0,493.70881535565127,-42.38349149718816
2578.5,494.0482022079216,-42.749872235008404
2579.0,494.38668558756103,-43.11709965772577
2579.5,494.7246279389941,-43.48483158689056
2580.0,495.0620304576917,-43.853066376175946
2580.5,495.39855405694266,-44.22211693801476
2581.0,495.7344863806248,-44.59171343203519
2581.5,496.0698962130955,-44.9617917509293
2582.0,496.40456335268095,-45.332553367008146
2582.5,496.7385512379996,-45.70393645186866
2583.0,497.0720426688237,-46.0757712321291
2583.5,497.4049384733015,-46.448145602383946
2584.0,497.7370866930447,-46.821192660497076
2584.5,498.068767683607,-47.19465798869504
2585.0,498.3999841168835,-47.56853859733703
2585.5,498.7303869597622,-47.94314126524469
2586.0,499.0603357308787,-48.31814439317788
2586.5,499.38983103040994,-48.693547037707525
2587.0,499.71860733066836,-49.06958076466449
2587.5,500.04682802799675,-49.44610033269615
2588.0,500.37459378958465,-49.82301652888672
2588.5,500.7017418080569,-50.20046909982329
2589.0,501.02822829250204,-50.578493384068246
2589.5,501.354247782022,-50.95692112318621
2590.0,501.6797230658767,-51.33581893368964
2590.5,502.0044148210466,-51.71539101445197
2591.0,502.3286250991504,-52.095376396147984
2591.5,502.652353602386,-52.47577503258339
2592.0,502.9752258138632,-52.85690393492193
2592.5,503.29758899823526,-53.2384663550069
2593.0,503.6194618807106,-53.62044590428584
2593.5,503.9405614720715,-54.0030811762972
2594.0,504.2610557012016,-54.386227404747814
2594.5,504.5810606421373,-54.76978566916444
2595.0,504.9003940073697,-55.15390782157522
2595.5,505.2190226815591,-55.538620581546276
2596.0,505.53715566200657,-55.92374773713985
2596.5,505.8547025192484,-56.30936418047304
2597.0,506.17143963914856,-56.6956544774161
2597.5,506.48768403973435,-57.082352750515376
2598.0,506.80343678135495,-57.469457661986645
2598.5,507.11832179567165,-57.8572777403362
2599.0,507.43270764768056,-58.245507603859025
2599.5,507.7466037069164,-58.63413973013439
2600.0,508.0597211559361,-59.02341240141571
2600.5,508.37226304262157,-59.41315403693615
2601.0,508.6843324613394,-59.80328021459418
2601.5,508.99574007707685,-60.19394407133075
2602.0,509.3065211542465,-60.58511298448806
2602.5,509.61685885106544,-60.97663830279078
2603.0,509.92665033434344,-61.36860172427694
2603.5,510.2357759687011,-61.7610968537368
2604.0,510.54449240890784,-62.153917609944536
2604.5,510.85277672497546,-62.547081824245076
2605.0,511.1603836288903,-62.94078066025382
2605.5,511.4676156472551,-63.33477420618833
2606.0,511.7744752618525,-63.72906038888185
2606.5,512.0807274459282,-64.12382343006874
2607.0,512.3865973768237,-64.51888509459407
2607.5,512.6921318430601,-64.91420851095221
2608.0,512.9971798031704,-65.30991039850608
2608.5,513.3018331961601,-65.70591816989638
2609.0,513.6061929612754,-66.10215361860939
2609.5,513.9101733956485,-66.49868326486063
2610.0,514.2137620432549,-66.8955162217851
2610.5,514.5171028929332,-67.29254105938848
2611.0,514.8201658986609,-67.6897810700164
2611.5,515.1228715113468,-68.08729740262564
2612.0,515.4253840718509,-68.48496323120571
2612.5,515.7277081732835,-68.8827750501028
2613.0,516.0297378751353,-69.28081510766931
2613.5,516.3316291365628,-69.6789619818962
2614.0,516.6333878663183,-70.07721116859119
2614.5,516.9349577169538,-70.47560658360595
2615.0,517.2364150203515,-70.8740898037616
2615.5,517.5377835709794,-71.2726428972624
2616.0,517.8390376728836,-71.67128796759748
2616.5,518.1402079890324,-72.07000161234296
2617.0,518.4413240614118,-72.46876030409585
2617.5,518.7423779810072,-72.86757155228706
2618.0,519.0433793213748,-73.26642945366642
2618.5,519.3443525528089,-73.66531375376331
2619.0,519.6452966215022,-74.06422647720466
2619.5,519.9462098622558,-74.4631723517655
2620.0,520.2471102649678,-74.86213374045784
2620.5,520.5479987440475,-75.26111006725931
2621.0,520.8488675934021,-75.66011255154343
2621.5,521.1497272903785,-76.05912786855166
2622.0,521.4505779280286,-76.45815584098138
2622.5,521.7514134135118,-76.85720417023379
2623.0,522.0522378848036,-77.25626507371572
2623.5,522.3530515937395,-77.65533769227297
2624.0,522.6538438790669,-78.05443132528823
2624.5,522.9546156518027,-78.45354424522374
2625.0,523.2553695508676,-78.85267334565779
2625.5,523.556093720574,-79.25182813352298
2626.0,523.8567834360699,-79.65101096694112
2626.5,524.1574459808792,-80.05021558025415
2627.0,524.4580693558145,-80.44945124393095
2627.5,524.758640857155,-80.84872775513689
2628.0,525.0591779023442,-81.24803100089844
2628.5,525.3596730141885,-81.64736655022298
2629.0,525.6601032024805,-82.04675093787208
2629.5,525.960492863518,-82.44616658602891
2630.0,526.26083823543,-82.84561660373537
2630.5,526.5611084977377,-83.24512612599439
2631.0,526.8613351812454,-83.64466980379221
2631.5,527.1615181989462,-84.04424765621967
2632.0,527.4616219525799,-84.44388669155187
2632.5,527.7616825068229,-84.84356023973451
2633.0,528.0617013855137,-85.24326740195923
2633.5,528.3616476630318,-85.64303623266346
2634.0,528.6615461478282,-86.04284631152578
2634.5,528.9614038396292,-86.44269178742422
2635.0,529.2611983545729,-86.84259296921276
2635.5,529.5609419971213,-87.24253939215696
2636.0,529.8606449453689,-87.64252231915312
2636.5,530.1602853525067,-88.04256214168976
2637.0,530.4598704983379,-88.44265215703054
2637.5,530.7594175051564,-88.84277699765877
2638.0,531.0589144790016,-89.24294780968984
2638.5,531.3583563197259,-89.64316867697234
2639.0,531.6577628167433,-90.04342184206226
2639.5,531.9571260151266,-90.44371475424742
2640.0,532.2564347704911,-90.84405406423063
2640.5,532.5557110488768,-91.24442001970871
2641.0,532.8549512286954,-91.64481515521123
2641.5,533.1541456338148,-92.04524610962888
2642.0,533.4533154448079,-92.44569589900885
2642.5,533.7524609438829,-92.84616421799221
2643.0,534.051570057114,-93.24665806819068
2643.5,534.35066047557,-93.64716369882
2644.0,534.6497330604906,-94.04768046335987
2644.5,534.9487802693208,-94.44821226329259
2645.0,535.247811337623,-94.84875289357946
2645.5,535.5468301677507,-95.24930009950499
2646.0,535.8458350697481,-95.64985442577621
2646.5,536.1448313779173,-96.05041332500397
2647.0,536.4438210147287,-96.45097647741677
2647.5,536.7428018878734,-96.85154594942853
2648.0,537.0417709585206,-97.25212567468432
2648.5,537.3407346976657,-97.65271076670801
2649.0,537.6396937316189,-98.05330098698288
2649.5,537.9386466940186,-98.45390018826693
2650.0,538.237595196767,-98.85450553624621
2650.5,538.5365390364274,-99.2551174151483
2651.0,538.8354746173808,-99.65574164083075
2651.5,539.1344048248475,-100.05637310413667
2652.0,539.4333289050984,-100.45701160490954
2652.5,539.7322423346573,-100.85766083409632
2653.0,540.0311425419408,-101.25832237279442
2653.5,540.3300331169014,-101.65899330283827
2654.0,540.6289136812438,-102.05967416915692
2654.5,540.9277757236118,-102.46037230012449
2655.0,541.226627451332,-102.86107930870583
2655.5,541.5254682870406,-103.26179563454262
2656.0,541.8242917033123,-103.66252671173686
2656.5,542.1231017311104,-104.06326959352327
2657.0,542.4219008747925,-104.46402225870352
2657.5,542.7206878914158,-104.86478596135512
2658.0,543.0194537963245,-105.26556834236489
2658.5,543.3182095266934,-105.66636027319062
2659.0,543.6169558867373,-106.06716129218975
2659.5,543.9156914313917,-106.46797378497557
2660.0,544.2144155212509,-106.86879837371464
2660.5,544.5131284302223,-107.26963407417055
2661.0,544.8118286002367,-107.6704820672217
2661.5,545.1105113500627,-108.07134683395644
2662.0,545.409186495473,-108.47221985387127
2662.5,545.7078542259625,-108.87310094396366
2663.0,546.0065130923181,-109.27399167961993
2663.5,546.3051587163404,-109.67489547146758
2664.0,546.6037960100767,-110.07580748106942
2664.5,546.9024262848478,-110.47672659268989
2665.0,547.2010527850839,-110.8776508701239
2665.5,547.4996746260814,-111.27858055285934
2666.0,547.7982928506226,-111.67951445938867
2666.5,548.0969077059439,-112.08045231022798
2667.0,548.3955177651715,-112.48139521622714
2667.5,548.6941265185427,-112.88234016295337
2668.0,548.9927339446771,-113.28328708286664
2668.5,549.291339895803,-113.68423608446618
2669.0,549.5899448185727,-114.08518723082271
2669.5,549.8885482527667,-114.48613995837097
2670.0,550.1871511251517,-114.88709377793424
2670.5,550.4857548918557,-115.28804802504924
2671.0,550.7843595290414,-115.68900308220299
2671.5,551.0829612481416,-116.08996121462626
2672.0,551.3815580587523,-116.4909238744308
2672.5,551.6801468517584,-116.89189342975243
2673.0,551.9787299778535,-117.29286809765672
2673.5,552.2773122202119,-117.69384464935179
2674.0,552.5758929395353,-118.09482365221534
2674.5,552.8744706957887,-118.4958062815111
2675.0,553.1730368379915,-118.89679953452033
2675.5,553.4715933698806,-119.29780100175336
2676.0,553.7701418014994,-119.69880955876974
2676.5,554.0686840305752,-120.0998238028604
2677.0,554.3672254591871,-120.50083997300868
2677.5,554.6657640102151,-120.90185953690619
2678.0,554.9642970931395,-121.30288431122055
2678.5,555.2628232302344,-121.70391535325581
2679.0,555.5613424958316,-122.10495284571982
2679.5,555.8598633283557,-122.50599049355488
2680.0,556.1583849210424,-122.90702919420787
2680.5,556.4569052659008,-123.30807061700689
2681.0,556.7554205928043,-123.70911769765078
2681.5,557.05393150984,-124.11017058237366
2682.0,557.352441502207,-124.51122583036909
2682.5,557.6509523924925,-124.91228210589549
2683.0,557.9494654196825,-125.31333858362221
2683.5,558.2479801116867,-125.7143964281481
2684.0,558.5464975397744,-126.11545452560618
2684.5,558.8450180574387,-126.51651256380761
2685.0,559.1435409483545,-126.9175710678059
2685.5,559.4420648425729,-127.31863091840751
2686.0,559.7405881941172,-127.71969336070961
2686.5,560.0391133589995,-128.1207555909059
2687.0,560.3376409064587,-128.52181727995534
2687.5,560.6361706955718,-128.92287851607725
2688.0,560.9347019654608,-129.32393972311095
2688.5,561.2332340289755,-129.7250017876454
2689.0,561.5317687108144,-130.12606286396414
2689.5,561.8303054867172,-130.5271230973963
2690.0,562.1288431967589,-130.92818315351485
2690.5,562.4273802380907,-131.329244038124
2691.0,562.7259169726007,-131.73030521729078
2691.5,563.0244525757278,-132.13136724010775
2692.0,563.3229881555199,-132.53242944022065
2692.5,563.6215221312237,-132.93349304803382
2693.0,563.9200522822324,-133.33455968507405
2693.5,564.2185803323515,-133.735627879238
2694.0,564.5171066510993,-134.13669730609627
2694.5,564.8156277345072,-134.53777061583264
2695.0,565.1141433756721,-134.93884827206332
2695.5,565.4126546915784,-135.3399297052819
2696.0,565.7111636023927,-135.74101353447566
2696.5,566.0096723658049,-136.14209782908557
2697.0,566.3081801528926,-136.54318312744778
2697.5,566.6066860193762,-136.94427013890825
2698.0,566.9051896802075,-137.3453594098706
2698.5,567.203691295177,-137.74645120791538
2699.0,567.5021910003343,-138.1475454229673
2699.5,567.8006917629041,-138.54863992250986
2700.0,568.0991908447534,-138.9497359204032
2700.5,568.3976895991453,-139.3508323247717
2701.0,568.6961883781607,-139.75192891585746
2701.5,568.994686388023,-140.15302634847188
2702.0,569.2931822197099,-140.5541256188571
2702.5,569.5916788919072,-140.95522490818593
2703.0,569.8901755799168,-141.35632488180244
2703.5,570.1886745828673,-141.75742384946307
2704.0,570.4871768467592,-142.15852114331324
2704.5,570.7856815331678,-142.5596175172494
2705.0,571.0841863194039,-142.96071498260775
2705.5,571.3826938744525,-143.36181204020176
2706.0,571.6812033480452,-143.76290941322986
2706.5,571.9797126429761,-144.1640089281319
2707.0,572.2782206322229,-144.56511137934626
2707.5,572.5767265384499,-144.96621730734077
2708.0,572.8752293498916,-145.36732747172567
2708.5,573.1737269923134,-145.76844324655812
2709.0,573.4722112493951,-146.1695709903862
2709.5,573.770678860912,-146.57071257500814
2710.0,574.0691301599511,-146.9718674420909
2710.5,574.3675646550075,-147.37303563257993
2711.0,574.6659825088163,-147.77421675423668
2711.5,574.9643837342674,-148.17541059952356
2712.0,575.2627663814822,-148.5766184668346
2712.5,575.5611306332452,-148.97784006706024
2713.0,575.8594791759546,-149.37907328653614
2713.5,576.157812716749,-149.7803175710193
2714.0,576.4561332769123,-150.18157142852354
2714.5,576.7544441292413,-150.58283245041304
2715.0,577.0527491419797,-150.98409779412205
2715.5,577.3510507271436,-151.38536569106827
2716.0,577.6493470134973,-151.78663751890875
2716.5,577.9476409105964,-152.18791116134452
2717.0,578.245935521194,-152.58918432062134
2717.5,578.5442333655544,-152.99045511307057
2718.0,578.8425337556724,-153.39172402942043
2718.5,579.1408364610475,-153.7929912250105
2719.0,579.439142662782,-154.1942558112513
2719.5,579.7374542770254,-154.5955163623648
2720.0,580.0357722106728,-154.99677220372317
2720.5,580.3340947337117,-155.3980245813427
2721.0,580.6324204672945,-155.79927450406947
2721.5,580.9307480472519,-156.20052293642487
2722.0,581.2290779793816,-156.60176945714448
2722.5,581.5274107135845,-157.00301373102664
2723.0,581.8257468784975,-157.40425528975115
2723.5,582.1240862652226,-157.8054943107076
2724.0,582.4224281347741,-158.20673137317806
2724.5,582.7207708100532,-158.6079676631525
2725.0,583.0191115823873,-159.00920504351396
2725.5,583.3174506662738,-159.41044342558857
2726.0,583.615788942707,-159.8116821417272
2726.5,583.9141234012028,-160.21292341652432
2727.0,584.2124541159965,-160.614167304682
2727.5,584.5107810139643,-161.01541370738545
2728.0,584.8091021980366,-161.41666394090026
2728.5,585.1074152405041,-161.8179198544111
2729.0,585.4057169027435,-162.21918383274027
2729.5,585.7040047438588,-162.62045774906053
2730.0,586.0022767409961,-163.02174313370367
2730.5,586.3005291361546,-163.42304267365114
2731.0,586.5987572713324,-163.82435988050688
2731.5,586.8969600637488,-164.22569574004316
2732.0,587.1951398495803,-164.62704840608353
2732.5,587.4932953448283,-165.02841888567548
2733.0,587.7914228030494,-165.42981010306846
2733.5,588.0895230774698,-165.8312212761692
2734.0,588.3875944163332,-166.2326538602239
2734.5,588.6856351139658,-166.6341092809454
2735.0,588.9836452808845,-167.03558743699065
2735.5,589.2816259650785,-167.43708743291901
2736.0,589.5795757074537,-167.8386101427914
2736.5,589.87749329164,-168.24015640193377
2737.0,590.1753811541745,-168.64172440750238
2737.5,590.4732418492828,-169.04331230963763
2738.0,590.7710752882432,-169.44492026462686
2738.5,591.0688801339015,-169.84654925171046
2739.0,591.3666543574146,-170.24820048112764
2739.5,591.6643951923915,-170.64987557202272
2740.0,591.9620998059746,-171.0515764466881
2740.5,592.259768308743,-171.4533027541055
2741.0,592.5574051328298,-171.85505101476778
2741.5,592.8550165232816,-172.25681686878625
2742.0,593.1526027251069,-172.65860033739443
2742.5,593.4501596920956,-173.06040416795167
2743.0,593.7476861445992,-173.46222932090072
2743.5,594.0451813844475,-173.86407630620147
2744.0,594.3426456150928,-174.26594487249412
2744.5,594.6400798367523,-174.6678344674809
2745.0,594.9374856903079,-175.0697442060229
2745.5,595.2348658740055,-175.47167238655825
2746.0,595.5322232417549,-175.87361689178758
2746.5,595.8295598970934,-176.27557616816497
2747.0,596.1268734131597,-176.67755255172133
2747.5,596.424158619355,-177.0795499647796
2748.0,596.7214159277777,-177.48156783205036
2748.5,597.0186505894376,-177.8836022393203
2749.0,597.3158646160285,-178.2856516478616
2749.5,597.613053359175,-178.68771899048124
2750.0,597.9102142231699,-179.08980656418981
2750.5,598.2073493875952,-179.49191291650143
2751.0,598.5044567403536,-179.89403914914934
2751.5,598.8015358474285,-180.296185415125
2752.0,599.0985873470906,-180.6983510025248
2752.5,599.3956140894776,-181.1005336289829
2753.0,599.6926178349041,-181.50273229318984
2753.5,599.9895951883294,-181.90494990373554
2754.0,600.286545842912,-182.30718643329897
2754.5,600.5834672868568,-182.70944370500425
2755.0,600.8803609384601,-183.11172060871124
2755.5,601.1772303104444,-183.51401491097073
2756.0,601.474077363319,-183.91632565634424
2756.5,601.7709013558484,-184.31865378432488
2757.0,602.0677055097848,-184.72099698074547
2757.5,602.3644906229396,-185.12335459134852
2758.0,602.661253699378,-185.52572875564445
2758.5,602.9579962851881,-185.92811855120166
2759.0,603.2547186495929,-186.3305239213104
2759.5,603.5514231230094,-186.7329432095917
2760.0,603.8481111175314,-187.13537540653363
2760.5,604.1447865979328,-187.53781741807651
2761.0,604.4414525823197,-187.94026674277748
2761.5,604.7381077132927,-188.34272422209762
2762.0,605.0347515177256,-188.74518986519018
2762.5,605.331387080982,-189.14766097650275
2763.0,605.6280209669226,-189.55013254309398
2763.5,605.9246545467598,-189.95260361979828
2764.0,606.2212805075031,-190.3550790438949
2764.5,606.5179006515891,-190.7575579143943
2765.0,606.8145212226134,-191.16003553012635
2765.5,607.1111379048314,-191.56251558100348
2766.0,607.4077504590165,-191.96499797638393
2766.5,607.7043589184108,-192.3674832900364
2767.0,608.0009599659309,-192.7699743199913
2767.5,608.2975479232405,-193.17247535396547
2768.0,608.5941225167572,-193.5749873855239
2768.5,608.8906865702769,-193.97750909050947
2769.0,609.1872431526583,-194.38003809342268
2769.5,609.4837974912833,-194.78257061009808
2770.0,609.7803447595716,-195.18511016727086
2770.5,610.0768788493517,-195.587660543674
2771.0,610.3734007422119,-195.99022072832844
2771.5,610.6699107178006,-196.3927906951317
2772.0,610.9664077281873,-196.79537032648082
2772.5,611.2628886239003,-197.19796133862474
2773.0,611.5593540305941,-197.6005629162886
2773.5,611.8558042759804,-198.00317442909653
2774.0,612.1522363059798,-198.40579799984076
2774.5,612.4486430750401,-198.80843826867454
2775.0,612.7450237703866,-199.21109502900782
2775.5,613.0413772860701,-199.613768882436
2776.0,613.337702147341,-200.01646133814813
2776.5,613.6339969453804,-200.4191741552613
2777.0,613.9302625971587,-200.82190825328732
2777.5,614.2264985638066,-201.22466464973553
2778.0,614.5227020954038,-201.6274452823901
2778.5,614.8188708144219,-202.03025200086304
2779.0,615.1150003858987,-202.43308883532274
2779.5,615.4110918773553,-202.83595463467472
2780.0,615.7071378273831,-203.23885323091625
2780.5,616.0031371454915,-203.6417851965889
2781.0,616.2990783456153,-204.04475874600163
2781.5,616.5949574730488,-204.44777724721277
2782.0,616.8907778181848,-204.85083875386522
2782.5,617.1865356744554,-205.25394580149725
2783.0,617.4822184380063,-205.65710605652004
2783.5,617.7778293739697,-206.0603172225262
2784.0,618.0733752826318,-206.46357522860805
2784.5,618.368853231276,-206.86688341761575
2785.0,618.6642592839933,-207.27024590990138
2785.5,618.959582427852,-207.67366945550526
2786.0,619.2548063388891,-208.07716693503536
2786.5,619.549922561315,-208.4807459629054
2787.0,619.8449342006435,-208.88440510332944
2787.5,620.139857064562,-209.2881334437259
2788.0,620.434688407686,-209.69193346971966
2788.5,620.7294026193933,-210.0958223985626
2789.0,621.0240063778451,-210.49979327621278
2789.5,621.3184871229981,-210.903854087944
2790.0,621.6128250679861,-211.30801796836838
2790.5,621.9070439739058,-211.71226737567153
2791.0,622.2011279464922,-212.11661411934458
2791.5,622.4950269244478,-212.52109422738093
2792.0,622.7887505579721,-212.92569997187488
2792.5,623.0822727417066,-213.33044921945978
2793.0,623.375602013137,-213.73533567082623
2793.5,623.668756688386,-214.14034588229418
2794.0,623.9617182520485,-214.54549266668874
2794.5,624.2545359131458,-214.95074277705018
2795.0,624.5471977165928,-215.3561058389197
2795.5,624.8397204192502,-215.76156979055816
2796.0,625.1321061890594,-216.16713323458868
2796.5,625.424353752419,-216.57279621833493
2797.0,625.7164647589666,-216.9785567821118
2797.5,626.0084424575294,-217.3844138261356
2798.0,626.3003050703431,-217.79035452750855
2798.5,626.5920367531907,-218.19639006291985
2799.0,626.8836574071486,-218.60250632846825
2799.5,627.1751595344285,-219.00870788932932
2800.0,627.4665500841343,-219.41498940255903
2800.5,627.7578235211039,-219.82135543092198
2801.0,628.0489884353726,-220.2278003072896
2801.5,628.3400481261222,-220.63432091360627
2802.0,628.630998294158,-221.04092029810735
2802.5,628.9218501402673,-221.4475902835319
2803.0,629.2125843879375,-221.85434497161998
2803.5,629.5032091974928,-222.26117825580656
2804.0,629.7937177690596,-222.66809498096615
2804.5,630.0840931992319,-223.0751078956169
2805.0,630.374330284705,-223.48222011800019
2805.5,630.6643976168352,-223.88945207347567
2806.0,630.9542810228169,-224.2968144778636
2806.5,631.243990269394,-224.7043006984418
2807.0,631.5335246453456,-225.1119117244185
2807.5,631.8228650991537,-225.5196609525279
2808.0,632.1120179527916,-225.9275439508834
2808.5,632.4009599287183,-226.33557555795483
2809.0,632.6896652448318,-226.74377217620886
2809.5,632.9781289196369,-227.15213802107917
2810.0,633.2663542856315,-227.5606728277595
2810.5,633.5543145166278,-227.9693942309476
2811.0,633.8419779261782,-228.37832443229667
2811.5,634.1293283749135,-228.78747622183252
2812.0,634.416352330335,-229.1968581943203
2812.5,634.7030391382806,-229.60647723497095
2813.0,634.9893707479594,-230.01634633097737
2813.5,635.2753255551057,-230.42648008296365
2814.0,635.5608586797156,-230.83690829404742
2814.5,635.8459161729039,-231.2476663741237
2815.0,636.1304554362516,-231.65878323543984
2815.5,636.4144211794827,-232.070295735725
2816.0,636.6977379073384,-232.4822546383302
2816.5,636.9803299664084,-232.89471050130112
2817.0,637.2621214773934,-233.30771398798754
2817.5,637.543033058278,-233.7213176345751
2818.0,637.8229333761633,-234.13560720947595
2818.5,638.1016542390105,-234.55069072913705
2819.0,638.3790655555748,-234.96665064778023
2819.5,638.6550305731554,-235.3835715924385
2820.0,638.929394598398,-235.80154763055904
2820.5,639.2020736705357,-236.22062680664746
2821.0,639.4729043592033,-236.64090509240225
2821.5,639.741576013329,-237.06256623305325
2822.0,640.0078803218709,-237.4857255588153
2822.5,640.271726961174,-237.91042179944182
2823.0,640.5328486475177,-238.3367968558517
2823.5,640.791251948468,-238.7648263925969
2824.0,641.0467741236649,-239.1945848800512
2824.5,641.2990647330147,-239.62624996433075
2825.0,641.5479884949004,-240.05986537954516
2825.5,641.7932030026825,-240.49558712763664
2826.0,642.034364140476,-240.93355957250745
2826.5,642.2713597489777,-241.3737963803145
2827.0,642.5043926625257,-241.81614368752756
2827.5,642.733345947628,-242.26061843515734
2828.0,642.957824964494,-242.70737129535846
2828.5,643.1773315629752,-243.15658684717306
2829.0,643.3917959859946,-243.60822732988572
2829.5,643.6010670430705,-244.0622929097337
2830.0,643.8051432338482,-244.51871632580446
2830.5,644.0043405844477,-244.97729251648144
2831.0,644.1980960833098,-245.4381952150199
2831.5,644.3857768993036,-245.9016034126725
2832.0,644.5674415304558,-246.36740075430427
2832.5,644.7428005948781,-246.83560733122096
2833.0,644.9119674110997,-247.30608964507778
2833.5,645.0751228290333,-247.77869474388544
2834.0,645.231210192119,-248.25368065142254
2834.5,645.3798179741323,-248.73105544016624
2835.0,645.5205000296228,-249.2108182023504
2835.5,645.6527505300991,-249.6929632562828
2836.0,645.7771958009358,-250.17717337049865
2836.5,645.8939177922566,-250.66330305372915
2837.0,646.0031749593427,-251.15116894591299
2837.5,646.104511132644,-251.64074278906492
2838.0,646.1963020729111,-252.13218318859987
2838.5,646.2784294340217,-252.6253105892728
2839.0,646.3503647859508,-253.12000440595142
2839.5,646.4133681828334,-253.6159061922586
2840.0,646.4675649939371,-254.1128512098456
2840.5,646.5128275111277,-254.6106949925243
2841.0,646.5479686055687,-255.10934520396128
2841.5,646.5721767397325,-255.60862173441615
2842.0,646.5854101457007,-256.108278608952
2842.5,646.5878051358608,-256.6080801509319
2843.0,646.5799209082804,-257.10780937309215
2843.5,646.5618294556339,-257.60727035364044
2844.0,646.5339572830206,-258.106284284242
2844.5,646.4958223043659,-258.60462049229545
2845.0,646.4468244021436,-259.1019946918933
2845.5,646.3866996609747,-259.59813136859736
2846.0,646.3151062607399,-260.0927250282303
2846.5,646.2324712741554,-260.58558150606194
2847.0,646.1384903908798,-261.0763903501635
2847.5,646.0337900083866,-261.5650228352007
2848.0,645.9179592760045,-262.0511398041271
2848.5,645.7914263078641,-262.53458447032216
2849.0,645.6540703572138,-263.01507248613035
2849.5,645.505323022492,-263.4921552322093
2850.0,645.3454358768391,-263.965616014483
2850.5,645.1739405750961,-264.43499164974696
2851.0,644.9908634965244,-264.899962880429
2851.5,644.7965583410781,-265.36035206715644
2852.0,644.590910935168,-265.8157931323325
2852.5,644.3742713361803,-266.2661177316027
2853.0,644.1470615607076,-266.7112189891073
2853.5,643.9092546248884,-267.1507684077426
2854.0,643.660315293688,-267.5841202629594
2854.5,643.4001027455035,-268.01078562344026
2855.0,643.1283449696945,-268.4301768013253
2855.5,642.8453416848149,-268.8420619146532
2856.0,642.5514739334991,-269.24627607126376
2856.5,642.2473737507398,-269.6428657188097
2857.0,641.9330985350718,-270.0314551426061
2857.5,641.6086614063769,-270.4116183909878
2858.0,641.2743048893592,-270.78310850077264
2858.5,640.9301657606901,-271.1455781999979
2859.0,640.5759792249532,-271.49824351154683
2859.5,640.2115749429381,-271.8403295680061
2860.0,639.8372260664628,-272.1714933718447
2860.5,639.4535903117096,-272.4918653610392
2861.0,639.0613298304816,-272.80165164682927
2861.5,638.6607122406762,-273.10058369276163
2862.0,638.251654323613,-273.38787890116515
2862.5,637.834013225346,-273.6625474669437
2863.0,637.4078874972365,-273.92384825650674
2863.5,636.9734987879478,-274.1711549605224
2864.0,636.5314636848308,-274.40452188974723
2864.5,636.0824091502514,-274.62410462715064
2865.0,635.6270634786797,-274.83038247849726
2865.5,635.1657029656899,-275.0228816759617
2866.0,634.6982990542281,-275.20021308901306
2866.5,634.2250683917159,-275.3613301201859
2867.0,633.7464718872861,-275.50569870916803
2867.5,633.2631406744285,-275.633311741271
2868.0,632.7759313060675,-275.74528029197836
2868.5,632.285518023364,-275.8423871441026
2869.0,631.7924547622799,-275.92512934561563
2869.5,631.2972940903369,-275.99431873292394
2870.0,630.8002849692929,-276.0486217348926
2870.5,630.3017569232903,-276.08651004977514
2871.0,629.8023047684693,-276.1092288622524
2871.5,629.3024233097409,-276.11899437771586
2872.0,628.8024349989157,-276.11917491173136
2872.5,628.3025089797326,-276.1109915535176
2873.0,627.80279725488,-276.0942738733661
2873.5,627.303437730189,-276.0691117247331
2874.0,626.8044600980389,-276.0372086667301
2874.5,626.3058232534422,-276.0003386151175
2875.0,625.8074865219784,-275.9596040920776
2875.5,625.3094096678418,-275.9158056152795
2876.0,624.811562130413,-275.8694829429267
2876.5,624.3139183555435,-275.82103675656424
2877.0,623.816455104087,-275.77078904244485
2877.5,623.3191483434404,-275.71901859476156
2878.0,622.8219692653871,-275.6660198406051
2878.5,622.3248813842563,-275.61214843319806
2879.0,621.8278463355236,-275.5577796278538
2879.5,621.33083568672,-275.5031867210842
2880.0,620.8338246401817,-275.44859731501094
2880.5,620.3367886609902,-275.3942381843718
2881.0,619.8397038853623,-275.3403324441672
2881.5,619.3425496778708,-275.28706885990994
2882.0,618.8452982577554,-275.2347156733943
2882.5,618.3479270494552,-275.1835184355927
2883.0,617.8504250515315,-275.13362180345445
2883.5,617.3527695508905,-275.08529248489987
2884.0,616.8549500840807,-275.0386851059785
2884.5,616.3569493420703,-274.9940514676462
2885.0,615.8587455958403,-274.9517462489698
2885.5,615.360333566584,-274.9119729715328
2886.0,614.8617089384866,-274.8749622048676
2886.5,614.3628699004323,-274.8409812356381
2887.0,613.8637975804362,-274.81068256594426
2887.5,613.3645174255258,-274.7841291065783
2888.0,612.8650399374565,-274.7617775887278
2888.5,612.3654047576932,-274.74348884243375
2889.0,611.8656354131458,-274.7293583092711
2889.5,611.3657633077036,-274.71938071633303
2890.0,610.8658186087677,-274.71412888779076
2890.5,610.3658494569253,-274.71398420010684
2891.0,609.8659211904915,-274.7195812945531
2891.5,609.3661051897378,-274.73103636752916
2892.0,608.8664645542051,-274.74823274189595
2892.5,608.3670635789508,-274.7712294671287
2893.0,607.8679483954769,-274.79973121599176
2893.5,607.3692122906997,-274.8342221678909
2894.0,606.870928041547,-274.874660416921
2894.5,606.3732393558693,-274.92172924305373
2895.0,605.8762069717178,-274.97516304718874
2895.5,605.3799092330115,-275.0349648739829
2896.0,604.8844074270643,-275.10101757050717
2896.5,604.3897549852827,-275.17316117503066
2897.0,603.8961343694808,-275.252047203628
2897.5,603.4036299599356,-275.3375859500602
2898.0,602.91244063629,-275.43031823235066
2898.5,602.4226468525053,-275.5301167429117
2899.0,601.934352143093,-275.63698857854257
2899.5,601.447732654357,-275.7512418834614
2900.0,600.9628093542095,-275.8724982500343
2900.5,600.4798512998323,-276.00135484885686
2901.0,599.9990409644088,-276.1379816001914
2901.5,599.520613502508,-276.2826898937116
2902.0,599.0448606664883,-276.43591307512656
2902.5,598.5717588942399,-276.59710488478044
2903.0,598.1016937907995,-276.7669210578028
2903.5,597.6346174829148,-276.94477080058226
2904.0,597.1708535687201,-277.1310637226342
2904.5,596.7106733388505,-277.32601789795297
2905.0,596.2543536904459,-277.52981694369373
2905.5,595.80223120005,-277.7427263985117
2906.0,595.354434012434,-277.96454334795936
2906.5,594.911263343937,-278.19543291169396
2907.0,594.4727685769446,-278.4350494411969
2907.5,594.0393487096994,-278.6836973121739
2908.0,593.611066662612,-278.941061502491
2908.5,593.1884566315704,-279.20758994506696
2909.0,592.7715681349542,-279.48294017305307
2909.5,592.3606422337957,-279.76708660906337
2910.0,591.9558106238748,-280.0598240418434
2910.5,591.5574323627841,-280.3612499553274
2911.0,591.1658961866652,-280.6714647766142
2911.5,590.781275208556,-280.99016615512863
2912.0,590.4039180616489,-281.3173997109262
2912.5,590.0333471495959,-281.65228297821784
2913.0,589.6700798295559,-281.99506820021713
2913.5,589.3139730318563,-282.34526349164054
2914.0,588.9651983045602,-282.70273565182947
2914.5,588.6241925748965,-283.06759076520973
2915.0,588.2907469210878,-283.4393453188082
2915.5,587.9650402059627,-283.8178902396431
2916.0,587.6466757500901,-284.2026189957111
2916.5,587.336185134688,-284.59370994654245
2917.0,587.0334219259499,-284.9907871531008
2917.5,586.7383121690312,-285.3935638927237
2918.0,586.4511024347811,-285.801978319363
2918.5,586.1714479468171,-286.21557098998653
2919.0,585.8995626080522,-286.63428768040313
2919.5,585.6348403969224,-287.0575566398642
2920.0,585.3776206421729,-287.48541723655944
2920.5,585.1274271665825,-287.9174282038303
2921.0,584.8845890138858,-288.35360568734677
2921.5,584.6491285640858,-288.79378792309956
2922.0,584.4210596906996,-289.2378206114844
2922.5,584.2003196840777,-289.6855178496697
2923.0,583.986634956897,-290.1366038058775
2923.5,583.7797821262435,-290.5908599751587
2924.0,583.5794535817187,-291.04804078555526
2924.5,583.3860163695335,-291.50817355660564
2925.0,583.1993224797238,-291.97106690488306
2925.5,583.0192889106073,-292.43657355457367
2926.0,582.8456906481414,-292.904502623409
2926.5,582.6783684735908,-293.3746970244828
2927.0,582.5172397894074,-293.8470396099637
2927.5,582.3623416748845,-294.32142895118324
2928.0,582.2139013482064,-294.7978248302866
2928.5,582.0712246042169,-295.27593962208834
2929.0,581.9343958147974,-295.7557330451775
2929.5,581.8028613549235,-296.23699492622484
2930.0,581.6765259321517,-296.7196540116703
2930.5,581.5554020844341,-297.20365729175
2931.0,581.4394408388433,-297.68891479523154
2931.5,581.3290643885757,-298.17544273690936
2932.0,581.224261730289,-298.66316635133876
2932.5,581.1246647975354,-299.1519579439649
2933.0,581.030055314003,-299.6417451049297
2933.5,580.9402940556695,-300.1324651315332
2934.0,580.8553037083101,-300.6240554548909
2934.5,580.7755546415067,-301.11651879209086
2935.0,580.7014560948285,-301.6098483319913
2935.5,580.6326418632582,-302.10392992708785
2936.0,580.5690765555605,-302.5987004611698
2936.5,580.5107078457522,-303.09409323191466
2937.0,580.4574577310507,-303.59005147551113
2937.5,580.4091692041186,-304.08650685955956
2938.0,580.365614690305,-304.5833940196024
2938.5,580.3264266185994,-305.0806574530518
2939.0,580.2914139428709,-305.57826309937616
2939.5,580.2606432311873,-306.0761756150482
2940.0,580.2343129431481,-306.5743554779774
2940.5,580.2124928666866,-307.0727503580852
2941.0,580.1949886061051,-307.57131554837247
2941.5,580.1816708692385,-308.0700003724644
2942.0,580.1721577809034,-308.56878193531867
2942.5,580.1662204297946,-309.06764227680054
2943.0,580.1641479394455,-309.5665413936846
2943.5,580.1659989687976,-310.06544122037195
2944.0,580.1715975513426,-310.56432238963674
2944.5,580.1811165119806,-311.06313371202896
2945.0,580.1945213934495,-311.5618321416498
2945.5,580.2117006283931,-312.0603855965971
2946.0,580.2326445946633,-312.5587469230975
2946.5,580.2569284152971,-313.05692394448545
2947.0,580.2840591683525,-313.554948252098
2947.5,580.313912578262,-314.05279741138276
2948.0,580.3463452279067,-314.55044612248423
2948.5,580.3810781076984,-315.0479011076824
2949.0,580.4179188468177,-315.5451601770375
2949.5,580.4565555642596,-316.04225175854407
2950.0,580.4967242591387,-316.53920852827036
2950.5,580.538350966287,-317.0360210158295
2951.0,580.5813748714374,-317.53267395241465
2951.5,580.6256859605614,-318.02917029408917
2952.0,580.6711664632171,-318.52552074680926
2952.5,580.7177532633549,-319.0217270561295
2953.0,580.7653724166009,-319.51779025540606
2953.5,580.8139311679201,-320.01371184719414
2954.0,580.8633513312113,-320.50948867404736
2954.5,580.9135864000477,-321.0051180992535
2955.0,580.9644708299285,-321.5006243016385
2955.5,581.0158710673321,-321.996022123365
2956.0,581.0676997672549,-322.4913287650953
2956.5,581.1198737843486,-322.9865602473748
2957.0,581.1723612200958,-323.48171329312754
2957.5,581.2251211541592,-323.9767939583712
2958.0,581.2780720067324,-324.47182574673786
2958.5,581.3311413750642,-324.9668331255239
2959.0,581.3842620238612,-325.4618461861338
2959.5,581.4373687025783,-325.95689377244946
2960.0,581.49040425723,-326.4519890231129
2960.5,581.5433191191912,-326.9471356668663
2961.0,581.5960362877609,-327.44233414620896
2961.5,581.6484550255941,-327.9375886275473
2962.0,581.7005389809536,-328.4329095626272
2962.5,581.7522465862716,-328.92831240179925
2963.0,581.8035207749397,-329.4238173520103
2963.5,581.8542342457483,-329.9194341505598
2964.0,581.9042501992285,-330.4151407291723
2964.5,581.9534016745189,-330.91094076684243
2965.0,582.0014341354516,-331.4068517969873
2965.5,582.048244684033,-331.90287758955395
2966.0,582.0937974978489,-332.39902254193646
2966.5,582.1379641205691,-332.89531215453945
2967.0,582.1807887595875,-333.39172436321576
2967.5,582.2222271072653,-333.88826856058483
2968.0,582.2620926189834,-334.3849548593347
2968.5,582.3004834142388,-334.88176397483153
2969.0,582.3373288384207,-335.3787059717126
2969.5,582.3725264389712,-335.8757793446072
2970.0,582.406138594464,-336.3729790474515
2970.5,582.4379689613022,-336.8703183889353
2971.0,582.4680117179987,-337.36778652188934
2971.5,582.4962729749004,-337.86536811915204
2972.0,582.5225638432065,-338.36308915644304
2972.5,582.546995649944,-338.86091655996955
2973.0,582.5693046364436,-339.35884432231256
2973.5,582.589484224493,-339.85686264642305
2974.0,582.6076282819738,-340.3549552216713
2974.5,582.6233980629521,-340.8531204285935
2975.0,582.6372052291451,-341.3513488525486
2975.5,582.6488824829805,-341.8496442827745
2976.0,582.6584101429631,-342.34798965939274
2976.5,582.6658269746468,-342.84637762569645
2977.0,582.6707515405017,-343.3447998534133
2977.5,582.6732870137745,-343.8432230137868
2978.0,582.6730666437073,-344.34163136778625
2978.5,582.6705398320369,-344.8400269870061
2979.0,582.6656278065207,-345.338407057835
2979.5,582.6584602659267,-345.83677245117394
2980.0,582.6491132418028,-346.3351164406441
2980.5,582.6372423311659,-346.8334115847621
2981.0,582.623141281397,-347.3316417135851
2981.5,582.6064303304313,-347.8297910634258
2982.0,582.5875661809239,-348.32786551389955
2982.5,582.566200785308,-348.8258449115369
2983.0,582.5426718358816,-349.32373374740115
2983.5,582.5167256762197,-349.8215118711945
2984.0,582.4884137507267,-350.31916341649963
2984.5,582.4575792811853,-350.81666809311173
2985.0,582.4241110076338,-351.3139975127403
2985.5,582.3879830565352,-351.811130856216
2986.0,582.349123230741,-352.3080478865952
2986.5,582.3077735551317,-352.80475289595034
2987.0,582.2637756167921,-353.3012123044593
2987.5,582.2173964091145,-353.7974429315004
2988.0,582.1684790127338,-354.2934215685243
2988.5,582.1172798416678,-354.7891640624957
2989.0,582.06356751948,-355.2846363898399
2989.5,582.0076713008997,-355.7798679291215
2990.0,581.9493368948029,-356.27481808698724
2990.5,581.8887440111105,-356.7694933649644
2991.0,581.8256795912897,-357.26385664017306
2991.5,581.7604097161533,-357.75793171206885
2992.0,581.6927303965068,-358.2516751695717
2992.5,581.6227747806721,-358.7450960085679
2993.0,581.55056212886,-359.2381823776991
2993.5,581.4761461247599,-359.73093962548205
2994.0,581.3995635205443,-360.22335808413334
2994.5,581.3207891860233,-360.71542936599485
2995.0,581.2401497558579,-361.2072080181204
2995.5,581.1573836754014,-361.69864675449844
2996.0,581.0728446875964,-362.1897928347883
2996.5,580.9862319398228,-362.68060275549516
2997.0,580.8978282408906,-363.17110806297916
2997.5,580.8073343156688,-363.6612437146436
2998.0,580.7148964142262,-364.15103012656544
2998.5,580.6205024751171,-364.6404536543658
2999.0,580.5239779405132,-365.1294737537191
2999.5,580.4255450016617,-365.61811991572137
3000.0,580.3246790556195,-366.10626887849463
3000.5,580.2217173759202,-366.59397712133455
3001.0,580.1163534040287,-367.0811650379082
3001.5,580.0085344621709,-367.567803072401
3002.0,579.8984435491041,-368.0539180758689
3002.5,579.7856239110596,-368.53938385758596
3003.0,579.6705833001063,-369.02430895361823
3003.5,579.5531776345892,-369.5086489558734
3004.0,579.4334836300501,-369.9924167115924
3004.5,579.3117615941756,-370.4756718210889
3005.0,579.187616744459,-370.95829831992216
3005.5,579.0614397572051,-371.440386344091
3006.0,578.933289664427,-371.92194582433586
3006.5,578.8030665529442,-372.402948642482
3007.0,578.6711717195946,-372.88350067521833
3007.5,578.5375418492329,-373.3635807786436
3008.0,578.4022254576856,-373.8431952366688
3008.5,578.265417353692,-374.3223920594023
3009.0,578.1269984064551,-374.8011311108774
3009.5,577.9870756518874,-375.2794384229804
3010.0,577.8457502868106,-375.7573336066757
3010.5,577.7027754105563,-376.2347312783648
3011.0,577.5582686026795,-376.7116564455042
3011.5,577.4122704946162,-377.1881125333033
3012.0,577.264549767971,-377.66401263185145
3012.5,577.115321778816,-378.1394241840056
3013.0,576.9647115489382,-378.61438509999795
3013.5,576.8126232151342,-379.0888621275161
3014.0,576.6592229248121,-379.56290750351724
3014.5,576.5046251865125,-380.03655742743445
3015.0,576.3487416472155,-380.50977158636886
3015.5,576.1916359959802,-380.98257401218285
3016.0,576.033467411336,-381.4550237343013
3016.5,575.8742391867443,-381.92712821570535
3017.0,575.7138616604265,-382.39886196107955
3017.5,575.5524324170908,-382.87025001951594
3018.0,575.3899181996592,-383.34127408771684
3018.5,575.2261392157125,-383.81187304059756
3019.0,575.0611967738809,-384.28207488680346
3019.5,574.8950992173699,-384.7518791815368
3020.0,574.727739201872,-385.22124440942963
3020.5,574.5588996743139,-385.6900790449967
3021.0,574.3886404095591,-386.1583919111086
3021.5,574.2169287479018,-386.626166583388
3022.0,574.0435532485188,-387.0933141017869
3022.5,573.8685612989907,-387.5598461155934
3023.0,573.6920821082277,-388.02581107176235
3023.5,573.5141339030757,-388.49121114401686
3024.0,573.3345687573383,-388.95598774978845
3024.5,573.1534928441748,-389.42017746785
3025.0,572.9709520053684,-389.8837898570265
3025.5,572.7869816570546,-390.3468370616817
3026.0,572.601468545354,-390.8092781251469
3026.5,572.4145114062518,-391.2711478200752
3027.0,572.2262143605506,-391.73248539812636
3027.5,572.0365738575338,-392.1932894046661
3028.0,571.845451175919,-392.6534930415722
3028.5,571.6527566949704,-393.1130485831969
3029.0,571.4585460051461,-393.57197114644123
3029.5,571.2627238699326,-394.03020786595056
3030.0,571.0652410705178,-394.48772714693973
3030.5,570.865823375081,-394.94440465661097
3031.0,570.6647191405079,-395.40033412392717
3031.5,570.4619234845148,-395.85550778948635
3032.0,570.2574232688925,-396.309913058213
3032.5,570.0511317012965,-396.76350199797776
3033.0,569.8429370229471,-397.2162155726069
3033.5,569.6330344979548,-397.6681359121343
3034.0,569.4214461054594,-398.1192669950079
3034.5,569.2082252595023,-398.5696290311123
3035.0,568.9933711368635,-399.0192215968462
3035.5,568.7768927480324,-399.46804489596013
3036.0,568.5589321682365,-399.91615934426443
3036.5,568.3394559807036,-400.3635417611326
3037.0,568.1184044166453,-400.8101572829348
3037.5,567.8957457102641,-401.2559843920207
3038.0,567.6713905551561,-401.70097266784853
3038.5,567.4455313363144,-402.14520916230344
3039.0,567.2181962263916,-402.58870100760754
3039.5,566.9894210321694,-403.0314623290375
3040.0,566.7592329593552,-403.47349841635076
3040.5,566.5274851355326,-403.91472828127854
3041.0,566.2943646470076,-404.3552414266808
3041.5,566.0598959881725,-404.7950430681334
3042.0,565.8241283643733,-405.23415507970645
3042.5,565.5871154458205,-405.67260775742733
3043.0,565.3487911112479,-406.1103596605152
3043.5,565.1091971203102,-406.5474267252694
3044.0,564.8684168772016,-406.98384684770315
3044.5,564.6264536045782,-407.4196188904952
3045.0,564.3833071470766,-407.8547371339959
3045.5,564.1389483872722,-408.28918152411916
3046.0,563.8932833392122,-408.7228960425404
3046.5,563.6463941347846,-409.1559179089235
3047.0,563.3982831267034,-409.58824438287917
3047.5,563.1489205062464,-410.01985624018596
3048.0,562.8982501788727,-410.4507094294213
3048.5,562.6460712330576,-410.8806802890336
3049.0,562.392539909081,-411.3098561413793
3049.5,562.1376064252778,-411.7381957523354
3050.0,561.8812544003669,-412.1656829409013
3050.5,561.6234476610705,-412.5922926790491
3051.0,561.3639554705042,-413.01786678146567
3051.5,561.1029419793635,-413.4424965465039
3052.0,560.840390368326,-413.8661689328994
3052.5,560.5762770064031,-414.2888602815986
3053.0,560.3104793385122,-414.7104820429814
3053.5,560.0429431405198,-415.1309887285464
3054.0,559.7738000709421,-415.550453603452
3054.5,559.5030682879798,-415.9688800988436
3055.0,559.2307682014037,-416.38627747052743
3055.5,558.9566662039878,-416.8024849646097
3056.0,558.6810075481636,-417.2176555062911
3056.5,558.4038357647908,-417.6318164794139
3057.0,558.1251754002162,-418.04498167186324
3057.5,557.8448575405467,-418.45702867151886
3058.0,557.5630344287764,-418.8680525108211
3058.5,557.2797729719391,-419.278092842013
3059.0,556.9950709061998,-419.6871388468903
3059.5,556.7087743695406,-420.0950742116907
3060.0,556.4210527041713,-420.5020154029564
3060.5,556.1319399085817,-420.9079734484091
3061.0,555.8414414797564,-421.3129426813372
3061.5,555.5493948448836,-421.7168087887491
3062.0,555.2560358092343,-422.1197346992149
3062.5,554.9613648164614,-422.52171014269055
3063.0,554.6653090177599,-422.92267699724016
3063.5,554.3678293629309,-423.32259435107846
3064.0,554.0690521762407,-423.72154054704544
3064.5,553.7690146603271,-424.11953843456973
3065.0,553.4675784987397,-424.51648752438985
3065.5,553.1649614654892,-424.9125475888126
3066.0,552.8611868776985,-425.307731672926
3066.5,552.5561190490705,-425.7019271711573
3067.0,552.2497626717906,-426.0951215247111
3067.5,551.9422194555322,-426.4873851476875
3068.0,551.6334564008561,-426.8786857091811
3068.5,551.3234393416313,-427.26899596483
3069.0,551.0123311508715,-427.65843667559415
3069.5,550.7000755777517,-428.04695352941434
3070.0,550.386550077899,-428.4344364667617
3070.5,550.0719420718636,-428.8210326936701
3071.0,549.7562410401453,-429.2067267186244
3071.5,549.4393573060894,-429.5914442125864
3072.0,549.1214856534375,-429.97533998747303
3072.5,548.8026213607131,-430.3584045118338
3073.0,548.4827230954459,-430.74060638369286
3073.5,548.1619639285684,-431.1220847137111
3074.0,547.8403143549403,-431.50280880238444
3074.5,547.5177937425345,-431.88279971232686
3075.0,547.1945202583693,-432.2621563509575
3075.5,546.8704121170005,-432.6408025486346
3076.0,546.545535463807,-433.0187974953129
3076.5,546.2199510278236,-433.39619559447704
3077.0,545.8935100291891,-433.77286074964616
3077.5,545.5663628496794,-434.1489194326232
3078.0,545.238468918806,-434.5243353752145
3078.5,544.9097913290018,-434.89907054722164
3079.0,544.5804367366254,-435.27321277380014
3079.5,544.2503003485828,-435.6466639243675
3080.0,543.9195014174305,-436.01952704578105
3080.5,543.5880211926005,-436.3917789715192
3081.0,543.2558544191273,-436.76341401682936
3081.5,542.9231060631457,-437.1345314842899
3082.0,542.5896663262309,-437.5050278551176
3082.5,542.2556590254442,-437.8750170449659
3083.0,541.9210230424519,-438.2444476555674
3083.5,541.5857832719662,-438.6133380616637
3084.0,541.2499537166645,-438.98169631558306
3084.5,540.9134879029966,-439.34948053056326
3085.0,540.576465002904,-439.7167460777102
3085.5,540.2387824241732,-440.08339284449517
3086.0,539.9005702142878,-440.44954390510543
3086.5,539.5617223099446,-440.8150936459177
3087.0,539.2223345255744,-441.18013430822486
3087.5,538.8823366336773,-441.54460377973896
3088.0,538.5417592792353,-441.9085251587281
3088.5,538.2005609050437,-442.2718517331815
3089.0,537.8587725750197,-442.6346159990632
3089.5,537.5163845708414,-442.9968081484211
3090.0,537.1734004675905,-443.35843102186465
3090.5,536.8298224440617,-443.71948688031955
3091.0,536.4856251329649,-444.07994360915353
3091.5,536.1408093252927,-444.43979405517666
3092.0,535.795357385712,-444.79902654468737
3092.5,535.4492672219185,-445.1576488426264
3093.0,535.1025136950398,-445.51563893184203
3093.5,534.7550636453683,-445.8729668176153
3094.0,534.4069023727695,-446.2296131844058
3094.5,534.0579471005882,-446.5854931333609
3095.0,533.7082161950299,-446.9406149977262
3095.5,533.357588192184,-447.29485334235625
3096.0,533.0061180374048,-447.6482517427482
3096.5,532.653614307159,-448.0006117017168
3097.0,532.3002364696316,-448.3520996305617
3097.5,531.9457965748115,-448.7025394078852
3098.0,531.5903409544408,-449.0519599236062
3098.5,531.2337376429502,-449.4002235482797
3099.0,530.8759120600077,-449.74723840140666
3099.5,530.5168381513707,-450.09295841424176
3100.0,530.1563711985266,-450.4372225100396
3100.5,529.7946612367032,-450.78019066516396
3101.0,529.431477239168,-451.1215988392354
3101.5,529.0669116162113,-451.4615361136421
3102.0,528.7008882830062,-451.79990383746696
3102.5,528.3332885993906,-452.13656680704383
3103.0,527.9642483403252,-452.47165837564626
3103.5,527.5935784048964,-452.80497704820226
3104.0,527.2214087805729,-453.1366571789708
3104.5,526.8476951443994,-453.46664139063654
3105.0,526.4722349367988,-453.7946808894296
3105.5,526.0951975298307,-454.12095220376835
3106.0,525.7163924932036,-454.4452112197968
3106.5,525.3357393402865,-454.7673288613012
3107.0,524.9533229424592,-455.08737702183845
3107.5,524.5689473973058,-455.4051016932228
3108.0,524.1826851292016,-455.72055890514764
3108.5,523.794611120432,-456.03381784815974
3109.0,523.4045168758439,-456.3446092845023
3109.5,523.0124948801748,-456.6530025608378
3110.0,522.6185322433377,-456.95894620663114
3110.5,522.2223837636744,-457.26209037400093
3111.0,521.8241678371202,-457.56252661789614
3111.5,521.4238128396617,-457.86009927247795
3112.0,521.0211493491231,-458.15453629553684
3112.5,520.6164909406024,-458.44624105830206
3113.0,520.2099400066171,-458.7353424248349
3113.5,519.8013485258783,-459.0216058266129
3114.0,519.3907463109111,-459.30501606781684
3114.5,518.978099107793,-459.58545915477515
3115.0,518.5632536839628,-459.8626488052886
3115.5,518.1462498643774,-460.13657884558705
3116.0,517.7272627219476,-460.4074753488297
3116.5,517.3063104007781,-460.67534127105546
3117.0,516.8832825051556,-460.939943268548
3117.5,516.4583244097117,-461.20145565881717
3118.0,516.0314581967023,-461.45987975554135
3118.5,515.6023915124495,-461.7146576084037
3119.0,515.1713317448824,-461.9660594384758
3119.5,514.7383337390988,-462.21414259277435
3120.0,514.3032468675085,-462.458565602781
3120.5,513.8660552913208,-462.69922267943997
3121.0,513.4268461818212,-462.936188114394
3121.5,512.9856107871324,-463.16937680208923
3122.0,512.5421779485806,-463.39836622858957
3122.5,512.0967515525371,-463.6234699965353
3123.0,511.6493012227391,-463.84452402842675
3123.5,511.19981286918676,-464.06141800371427
3124.0,510.748177160491,-464.27380046468033
3124.5,510.29456688901234,-464.481930047884
3125.0,509.839056667051,-464.6858920857244
3125.5,509.38165413365834,-464.88561293754316
3126.0,508.92233131663045,-465.0809081553528
3126.5,508.4611760414105,-465.2718687623666
3127.0,507.9981495452874,-465.45824886702405
3127.5,507.5331965684812,-465.6397600324691
3128.0,507.06638690087976,-465.81644156326144
3128.5,506.59789132616214,-465.9886204241146
3129.0,506.12779581419966,-466.1564255620569
3129.5,505.6561183947389,-466.3198054672304
3130.0,505.18282481606855,-466.4785051288743
3130.5,504.70801942730327,-466.6326650205419
3131.0,504.2317299637379,-466.7822298643646
3131.5,503.7539887346694,-466.92714434106125
3132.0,503.2747444913064,-467.06704173209187
3132.5,502.7940365511391,-467.20184094808445
3133.0,502.31197559328507,-467.33174091049295
3133.5,501.8286309573241,-467.4568267920885
3134.0,501.3440915737628,-467.5772754082684
3134.5,500.8582967782942,-467.69264036281453
3135.0,500.3713264700328,-467.8029870834832
3135.5,499.8832277828429,-467.90825484235904
3136.0,499.3940524607396,-468.0084157905549
3136.5,498.9038562955242,-468.1034814376288
3137.0,498.41265538353616,-468.19324805020153
3137.5,497.9205747586407,-468.27812398086184
3138.0,497.4276701539513,-468.35816915596666
3138.5,496.9339975155453,-468.43343288185974
3139.0,496.43958737042715,-468.5037791232334
3139.5,495.94445162826895,-468.5688926644765
3140.0,495.4486815968905,-468.629015464923
3140.5,494.95234129922454,-468.68431168930215
3141.0,494.4554864293792,-468.73487966799365
3141.5,493.95816089067074,-468.78069763290483
3142.0,493.46039095126815,-468.82154021170186
3142.5,492.9622455824594,-468.85755375703167
3143.0,492.463770759308,-468.8887439631706
3143.5,491.96501546754496,-468.91524065017745
3144.0,491.466020760264,-468.93702178552394
3144.5,490.966827200699,-468.95393667450224
3145.0,490.46748946171243,-468.96631632361033
3145.5,489.96805201219604,-468.9740689274871
3146.0,489.46855970240847,-468.9771523156291
3146.5,488.96905475464484,-468.97544150667557
3147.0,488.46958315743973,-468.9688946408054
3147.5,487.9701876383499,-468.9577017194992
3148.0,487.4709038377833,-468.9419530858732
3148.5,486.9717740837423,-468.92161868609486
3149.0,486.47285482609084,-468.89645284901127
3149.5,485.974208112206,-468.86631673459914
3150.0,485.475871846024,-468.8313894794776
3150.5,484.97788556789425,-468.7917025972961
3151.0,484.4802920597754,-468.74726587702094
3151.5,483.9831735968596,-468.69775563084943
3152.0,483.4865793581814,-468.6432152128943
3152.5,482.9905566007899,-468.58370645868234
3153.0,482.495133702298,-468.5193534025459
3153.5,482.0003210977849,-468.4503749609189
3154.0,481.5062082727577,-468.37645779284946
3154.5,481.0128148794977,-468.29782814752065
3155.0,480.5201926667201,-468.21444984289656
3155.5,480.0283994918326,-468.12627485444466
3156.0,479.5374865292635,-468.03327482992347
3156.5,479.0475444500476,-467.9352480285354
3157.0,478.55859318022516,-467.8323624045995
3157.5,478.07069066822453,-467.72458996579377
3158.0,477.58390835035533,-467.61185379318
3158.5,477.09833391269854,-467.4940069618079
3159.0,476.6140079751625,-467.37110590733806
3159.5,476.13091573644925,-467.24341680188945
3160.0,475.64910208404274,-467.11095763403887
3160.5,475.1686145851115,-466.9737427802116
3161.0,474.6895506197356,-466.83161123049666
3161.5,474.2118935597405,-466.6847909019089
3162.0,473.7356355778931,-466.5334579141207
3162.5,473.26081593476744,-466.37763359506926
3163.0,472.7875004778539,-466.2172669787423
3163.5,472.3158510814837,-466.0520421192268
3164.0,471.8458457707526,-465.88217906276554
3164.5,471.377490274045,-465.7077994766545
3165.0,470.91083940150287,-465.52888454616
3165.5,470.44598223024434,-465.3453358248992
3166.0,469.98299178142526,-465.1571101313392
3166.5,469.5218184184713,-464.96445686180954
3167.0,469.0625176577871,-464.76735826097854
3167.5,468.6051509043755,-464.56579619304506
3168.0,468.14987750459795,-464.35953473536296
3168.5,467.69676213912913,-464.1485738755577
3169.0,467.24573070003254,-463.9331838602889
3169.5,466.79670365218266,-463.7136243619305
3170.0,466.3497396697044,-463.4898697258969
3170.5,465.9049963229395,-463.2617106198456
3171.0,465.46243347518305,-463.0293402415665
3171.5,465.02213320715475,-462.7927014583186
3172.0,464.5841591724393,-462.5517733742101
3172.5,464.1486641157721,-462.3063837310958
3173.0,463.7157962661991,-462.05638491213483
3173.5,463.285400312666,-461.8021461755155
3174.0,462.8575311466657,-461.5436691669956
3174.5,462.43221045105133,-461.2810089440956
3175.0,462.0096639873944,-461.01389805160306
3175.5,461.5898785989953,-460.7424647866657
3176.0,461.1728731931588,-460.46677699589577
3176.5,460.7586421763071,-460.1869302310246
3177.0,460.34730257889464,-459.90284176400894
3177.5,459.93899876947637,-459.61439992160933
3178.0,459.53365267230896,-459.32181119401235
3178.5,459.1313081608752,-459.02510222685777
3179.0,458.7320184910879,-458.72428642694376
3179.5,458.33584801606247,-458.41936505078996
3180.0,457.94293495568644,-458.1102502018569
3180.5,457.55312962858534,-457.797218823665
3181.0,457.16651952588063,-457.4802419711825
3181.5,456.78314989710236,-457.15934662621294
3182.0,456.4031713585878,-456.8344365536238
3182.5,456.0268172140625,-456.5053338853101
3183.0,455.653995828425,-456.1722347448871
3183.5,455.2846453471421,-455.8352877064193
3184.0,454.9187358070291,-455.4946004582506
3184.5,454.5562386689382,-455.1502759831745
3185.0,454.1974020991138,-454.8021320410757
3185.5,453.842071948075,-454.45040753085203
3186.0,453.4903702156452,-454.0950518268167
3186.5,453.1422965301809,-453.73613740964555
3187.0,452.7979038286731,-453.3736853856502
3187.5,452.45749856099445,-453.0074842017872
3188.0,452.1210343818478,-452.6376597543466
3188.5,451.7882931983905,-452.26448086801327
3189.0,451.4591859799953,-451.8880898622673
3189.5,451.1335572269111,-451.5086804870303
3190.0,450.81151823108524,-451.1262152731185
3190.5,450.4929913508541,-450.7408182657763
3191.0,450.17794706779364,-450.3525679146882
3191.5,449.8663104778596,-449.96157453320217
3192.0,449.5580690872661,-449.56789631115043
3192.5,449.25341061552234,-449.1714372355479
3193.0,448.9521721116102,-448.77237352014595
3193.5,448.6543764943962,-448.37073392906444
3194.0,448.36001330134775,-447.9665710715748
3194.5,448.0691542515371,-447.55987802231215
3195.0,447.7819460405237,-447.1505988488468
3195.5,447.4981204401963,-446.7389672100131
3196.0,447.2175813998762,-446.3250883522569
3196.5,446.9402670063429,-445.9090408522325
3197.0,446.6663007151662,-445.4907811466459
3197.5,446.3953668116527,-445.07055169027984
3198.0,446.1273750823285,-444.6484401259858
3198.5,445.86236975343655,-444.22444720146325
3199.0,445.6005358983583,-443.7984896053908
3199.5,445.34165903137153,-443.37072960502854
3200.0,445.0856854232198,-442.94122627849333
3200.5,444.83281982434806,-442.5098862879632
3201.0,444.5829198154639,-442.07682275294485
3201.5,444.335697153802,-441.6422266875713
3202.0,444.091074503779,-441.20616409057016
3202.5,443.8492456871484,-440.7685494040015
3203.0,443.6099956845774,-440.3295227136471
3203.5,443.37330035570216,-439.8891160461455
3204.0,443.1394454166504,-439.44719766733556
3204.5,442.90811330941114,-439.00395519597765
3205.0,442.6791737853009,-438.55947409761603
3205.5,442.45274959776475,-438.1137100662841
3206.0,442.2286024859514,-437.6667996907798
3206.5,442.00679065370286,-437.2187275572189
3207.0,441.7875616608834,-436.7693881536108
3207.5,441.57061767257863,-436.31894269580204
3208.0,441.35592969833095,-435.8674191046549
3208.5,441.1433375309864,-435.41490875813696
3209.0,440.9325143252703,-434.96157527315097
3209.5,440.72350691580596,-434.50740411879235
3210.0,440.5160973032933,-434.05250312757545
3210.5,440.3101184817721,-433.5969538265998
3211.0,440.10553733429094,-433.1407773490112
3211.5,439.90204014999904,-432.6841198108882
3212.0,439.69969164918297,-432.22695671416676
3212.5,439.49840262378314,-431.7693299874986
3213.0,439.2981645223452,-431.3112451620394
3213.5,439.09900798576257,-430.85268848174775
3214.0,438.90069405045756,-430.39376431857124
3214.5,438.7031432457112,-429.9345064434458
3215.0,438.50601714087486,-429.4750625885872
3215.5,438.3091768461042,-429.01549298705527
3216.0,438.1124372205942,-428.5558790923735
3216.5,437.915689800687,-428.0962677819874
3217.0,437.71882894688144,-427.63670557841886
3217.5,437.5217618244642,-427.17723165418886
3218.0,437.32439635500015,-426.717885991729
3218.5,437.12665855836786,-426.25870100589304
3219.0,436.928422594815,-425.79973027759263
3219.5,436.72962603290824,-425.34100162623594
3220.0,436.5301478187573,-424.8825679051992
3220.5,436.3299438467293,-424.42444863295015
3221.0,436.12891459528345,-423.96668878341234
3221.5,435.9270302028137,-423.5093038594017
3222.0,435.7242322684518,-423.0523220759041
3222.5,435.5204605679205,-422.59577203076975
3223.0,435.3157257360825,-422.1396519471274
3223.5,435.1099033132758,-421.68402054896296
3224.0,434.9030791195994,-421.2288417188874
3224.5,434.6950368402933,-420.7742179904734
3225.0,434.4859891141537,-420.32005623121455
3225.5,434.2757129398736,-419.866462613519
3226.0,434.0643420421023,-419.4133793257406
3226.5,433.8517748770788,-418.9608572844788
3227.0,433.6379477499601,-418.50893001053026
3227.5,433.42293840120675,-418.0575647443292
3228.0,433.2064039736396,-417.6069288497534
3228.5,432.9885458411635,-417.1569309841895
3229.0,432.7691837693277,-416.7076643274072
3229.5,432.54830738471344,-416.25914043176846
3230.0,432.32601065589404,-415.81131855055276
3230.5,432.1019350919511,-415.36438408232874
3231.0,431.87631940890657,-414.91822412163276
3231.5,431.6490496559995,-414.47290348302937
3232.0,431.41998088804775,-414.02850460765006
3232.5,431.18941412584667,-413.5848812934761
3233.0,430.957252996183,-413.1420916407334
3233.5,430.7234588440261,-412.7001636464749
3234.0,430.4881666723765,-412.2590316845187
3234.5,430.2511843685169,-411.8188067268037
3235.0,430.01252114780686,-411.3794912567761
3235.5,429.77222922235813,-410.94106387033753
3236.0,429.5301529502752,-410.5036196814686
3236.5,429.2863719422628,-410.06712422870794
3237.0,429.04092297093507,-409.6315639660039
3237.5,428.79359598982415,-409.1970666555508
3238.0,428.5442828990087,-408.763705280345
3238.5,428.29297920683416,-408.3314926305588
3239.0,428.03957851122607,-407.90050336126853
3239.5,427.7840097885232,-407.4707941958346
3240.0,427.52658853473764,-407.0421900308186
3240.5,427.2674257350016,-406.61463513989264
3241.0,427.0063735071704,-406.1882309732213
3241.5,426.743798635357,-405.76276282995667
3242.0,426.4797986945081,-405.3381776280823
3242.5,426.21428092628565,-404.9145412604728
3243.0,425.94742609058756,-404.49174663123
3243.5,425.6793648141967,-404.06971723998123
3244.0,425.41004130790765,-403.64849471022274
3244.5,425.1394663746463,-403.22807772906737
3245.0,424.8677787280173,-402.8083822972869
3245.5,424.5949369792948,-402.3894390509339
3246.0,424.32075697327105,-401.97137336057006
3246.5,424.0453958167651,-401.55408653017525
3247.0,423.76882141855333,-401.13760375097763
3247.5,423.49083919762194,-400.7220596644234
3248.0,423.2115482526764,-400.3073943013146
3248.5,422.93096217891247,-399.8936031762162
3249.0,422.6489528349196,-399.48077809871427
3249.5,422.36545523718434,-399.0689698740528
3250.0,422.0806360098113,-398.6580708326099
3250.5,421.7945080844946,-398.2480787567143
3251.0,421.50690734166545,-397.83911545046004
3251.5,421.2180902897069,-397.4310088963707
3252.0,420.9280540868651,-397.0237670954996
3252.5,420.6365601707275,-396.6175646385279
3253.0,420.3437332591641,-396.2123195596431
3253.5,420.049653330601,-395.80798143779106
3254.0,419.7542057093277,-395.40464018032486
3254.5,419.45736720352045,-395.0023200980542
3255.0,419.15926851855323,-394.60093241383817
3255.5,418.85982511478034,-394.20054591157583
3256.0,418.55882739515346,-393.80132441602484
3256.5,418.2564902051279,-393.4031152790745
3257.0,417.95279902992814,-393.005935977011
3257.5,417.6475493481043,-392.6099515141599
3258.0,417.34093477819323,-392.2150215113866
3258.5,417.03299727023267,-391.82112085228897
3259.0,416.72362148207645,-391.4283472028772
3259.5,416.41285153414674,-391.0366752725753
3260.0,416.10078278660984,-390.6460364327137
3260.5,415.78736633789646,-390.2564773661894
3261.0,415.4724934812632,-389.86809446773213
3261.5,415.15631730440884,-389.4807716488039
3262.0,414.83881767106584,-389.09453210649093
3262.5,414.51971187225024,-388.709618072822
3263.0,414.1991688644136,-388.325899136748
3263.5,413.8771374163371,-387.9434266521652
3264.0,413.5533841645826,-387.5624085462773
3264.5,413.2279912645657,-387.18278794381234
3265.0,412.90101572758067,-386.80452775377336
3265.5,412.57233108517465,-386.42774983618585
3266.0,412.2419236662452,-386.0524803251234
3266.5,411.9099699238826,-385.67857699105497
3267.0,411.57641650495543,-385.30609898565984
3267.5,411.24107420141297,-384.93522986141386
3268.0,410.9041898235719,-384.56576060839825
3268.5,410.565793706802,-384.19767484814236
3269.0,410.2256480758067,-383.8312050279961
3269.5,409.88395487485946,-383.4661777806953
3270.0,409.54072960132186,-383.1025905051957
3270.5,409.1957541953023,-382.74066336800763
3271.0,408.8491345711516,-382.38031058481306
3271.5,408.500983348585,-382.0214373060601
3272.0,408.1511100841637,-381.66424282706686
3272.5,407.7994019151455,-381.30885502358336
3273.0,407.4460291097891,-380.95512258186875
3273.5,407.0909426641377,-380.6031105504357
3274.0,406.7339958139074,-380.25298550288227
3274.5,406.37547025027726,-379.90447783328676
3275.0,406.01534530822835,-379.5576234683512
3275.5,405.6532790390909,-379.21279776624124
3276.0,405.28961130132166,-378.86966346294827
3276.5,404.92439762651696,-378.52817652830436
3277.0,404.5574442596116,-378.1885614723772
3277.5,404.1889573247414,-377.85061247552795
3278.0,403.81896941818053,-377.5143086179653
3278.5,403.44725919754,-377.1799123190101
3279.0,403.073904615692,-376.8473555863015
3279.5,402.69906765306706,-376.5164730766427
3280.0,402.32264437078715,-376.18739876435797
3280.5,401.9446256108013,-375.86016127928247
3281.0,401.5652038946377,-375.53455368610855
3281.5,401.18432017090294,-375.21066023034655
3282.0,400.8018616440596,-374.8886305887875
3282.5,400.4180373937572,-374.5682327655352
3283.0,400.0328132524718,-374.249522314668
3283.5,399.6459623065852,-373.9327928026886
3284.0,399.25774716025575,-373.61774077232496
3284.5,398.8681894419596,-373.304352731819
3285.0,398.4770559769609,-372.9929365536847
3285.5,398.0845318181798,-372.6832789477292
3286.0,397.6905942452326,-372.3754266416552
3286.5,397.295028852084,-372.0696759492418
3287.0,396.89802134724425,-371.7658067067517
3287.5,396.4996578962989,-371.46372351381024
3288.0,396.09979371549406,-371.1636370234801
3288.5,395.6985252711844,-370.86543736015193
3289.0,395.2959384989613,-370.56902778228255
3289.5,394.8919388179044,-370.27455478170714
3290.0,394.48659341419983,-369.9819408672184
3290.5,394.0800237643101,-369.6910332121397
3291.0,393.6721224980161,-369.40199956712644
3291.5,393.2628399817859,-369.11492877777545
3292.0,392.85230021932205,-368.82966308897846
3292.5,392.44043413752297,-368.5463203940759
3293.0,392.0271528279076,-368.2650496374176
3293.5,391.61260099390347,-367.9856583547744
3294.0,391.1966974805997,-367.70828864284505
3294.5,390.7792696247042,-367.4332256077528
3295.0,390.3605210177621,-367.16018436489486
3295.5,389.94042755898505,-366.8892244873596
3296.0,389.51879202644034,-366.6206805009727
3296.5,389.0958509365058,-366.3542065607215
3297.0,388.6716031183718,-366.0898276193113
3297.5,388.2458412119456,-365.82790460418545
3298.0,387.8188230190518,-365.5680418714546
3298.5,387.390539835206,-365.31027684371065
3299.0,386.9607507560808,-365.0550393911564
3299.5,386.5297089472459,-364.8019295925517
3300.0,386.0974300896284,-364.550943571177
3300.5,385.6637046602367,-364.30247219383796
3301.0,385.2287310824642,-364.0561972084883
3301.5,384.792499444817,-363.8121655769009
3302.0,384.3547575228635,-363.5708667625898
3302.5,383.9157038729683,-363.3319750108386
3303.0,383.4753977890914,-363.0954079457435
3303.5,383.0336556377266,-362.86154253769996
3304.0,382.5906565985873,-362.6300754608469
3304.5,382.1464275579579,-362.4009872597895
3305.0,381.7007560137609,-362.174731847335
3305.5,381.2538005430018,-361.95103784510997
3306.0,380.80561876404056,-361.7298222862978
3306.5,380.356035794879,-361.5114822632046
3307.0,379.9052420607615,-361.29565962140333
3307.5,379.4532686742749,-361.08232597298684
3308.0,378.9999169381374,-360.87194625720906
3308.5,378.5453452142537,-360.66422386745603
3309.0,378.08955354981566,-360.45920553012706
3309.5,377.6323130648668,-360.2574646288947
3310.0,377.17384053495584,-360.0585553668655
3310.5,376.71416999020704,-359.86244707906036
3311.0,376.25305699058094,-359.66978330585926
3311.5,375.79073703042775,-359.48005786617676
3312.0,375.32725604942266,-359.29320650272234
3312.5,374.86241273402254,-359.10979459358066
3313.0,374.39645882381706,-358.92924250718113
3313.5,373.9293868965021,-358.7516165331114
3314.0,373.4610578335501,-358.5773525461993
3314.5,372.99172335683784,-358.40582391736933
3315.0,372.52138716714694,-358.2370564000851
3315.5,372.04996536616557,-358.07133295758854
3316.0,371.5776048392237,-357.9082958771195
3316.5,371.1042255472548,-357.7482389657812
3317.0,370.6297836779047,-357.59136482164905
3317.5,370.1544187618777,-357.4373118943362
3318.0,369.6780393903452,-357.2864247956111
3318.5,369.200658618868,-357.1387402162774
3319.0,368.72237103745533,-356.99402949917925
3319.5,368.24300234439113,-356.8529616131555
3320.0,367.7626456346909,-356.7153352459378
3320.5,367.28136228168455,-356.5810223676512
3321.0,366.7990108451377,-356.45063846310404
3321.5,366.3158045594843,-356.3234886221548
3322.0,365.8317415142741,-356.1996689842102
3322.5,365.34674546290114,-356.07958277509834
3323.0,364.86097390225075,-355.9627103350481
3323.5,364.374378113149,-355.84935583519155
3324.0,363.8869821176968,-355.73952701369643
3324.5,363.39890405470226,-355.63279619158095
3325.0,362.91006783362786,-355.52961733433335
3325.5,362.42056550301527,-355.4296655305759
3326.0,361.93045239693413,-355.3327633435956
3326.5,361.4396356003572,-355.23949601057205
3327.0,360.94824316084276,-355.14933063750834
3327.5,360.4562396818733,-355.06260128743645
3328.0,359.9636129863185,-354.9795279053498
3328.5,359.47046324759367,-354.8996631587795
3329.0,358.97675144867657,-354.8234033053521
3329.5,358.4825471238927,-354.75044334148987
3330.0,357.9878857793706,-354.68070942537764
3330.5,357.4927082978362,-354.6148311725917
3331.0,356.9971298497126,-354.5521211995081
3331.5,356.50114111802066,-354.49282310950844
3332.0,356.00477614795915,-354.43681345302565
3332.5,355.50810007935536,-354.38364370241624
3333.0,355.01107131072,-354.3339056580136
3333.5,354.5137520175776,-354.28719604071824
3334.0,354.0161508795991,-354.2436320564887
3334.5,353.51826658314457,-354.2034795168524
3335.0,353.0201571429206,-354.1662596623749
3335.5,352.52181386485165,-354.1323829268222
3336.0,352.02327412709934,-354.10158281641884
3336.5,351.5245643854928,-354.07383122415257
3337.0,351.0256836004179,-354.0495469574761
3337.5,350.52667879762026,-354.02814474686147
3338.0,350.0275515793002,-354.0100588633094
3338.5,349.5283302344755,-353.99507418537775
3339.0,349.0290337008816,-353.98299582574145
3339.5,348.5296710639203,-353.974267291528
3340.0,348.030271341639,-353.9684139183872
3340.5,347.53085061323185,-353.9658985352918
3341.0,347.0314308133903,-353.96646222522764
3341.5,346.53203163896734,-353.9700588509351
3342.0,346.0326728595511,-353.9769386523433
3342.5,345.5333643518394,-353.986605959753
3343.0,345.03413943074355,-353.9996660751602
3343.5,344.53500596685035,-354.0156539083842
3344.0,344.0359864135397,-354.03475798484
3344.5,343.53709536774164,-354.0569536383758
3345.0,343.0383420500454,-354.0820545542658
3345.5,342.5397760281148,-354.11058006826244
3346.0,342.04138896539854,-354.14202492717413
3346.5,341.54324320007396,-354.17700993109975
3347.0,341.0453250885753,-354.2150245857911
3347.5,340.5476781498084,-354.25639720720363
3348.0,340.05032175663644,-354.3010421563831
3348.5,339.5532792114002,-354.34895875045225
3349.0,339.0565722667222,-354.4002047225486
3349.5,338.5601823467131,-354.45442617792486
3350.0,338.06418648741203,-354.5121118211018
3350.5,337.5685490100333,-354.57276625948606
3351.0,337.07339305037925,-354.6371414908995
3351.5,336.5786488352082,-354.70452400965496
3352.0,336.08440829261207,-354.7754408317533
3352.5,335.5905987459532,-354.8492654866127
3353.0,335.0973146364615,-354.9264952126569
3353.5,334.60452436082335,-355.0067747262587
3354.0,334.11231871946154,-355.0905103765226
3354.5,333.6206552101024,-355.17732846525035
3355.0,333.12959328928554,-355.26744794153814
3355.5,332.6390954925286,-355.3605526365815
3356.0,332.14919950773714,-355.4567578074859
3356.5,331.65986464893354,-355.55576379923787
3357.0,331.171152516372,-355.65777721783695
3357.5,330.68302114969214,-355.7625011557152
3358.0,330.1955203527353,-355.87010440313475
3358.5,329.7085947208107,-355.9802626895878
3359.0,329.2223147662471,-356.0932237870296
3359.5,328.73658453153,-356.2085306731013
3360.0,328.25153043520254,-356.32664327175513
3360.5,327.7670857023446,-356.4471739874375
3361.0,327.283360584845,-356.5704999657742
3361.5,326.8002418933772,-356.6961304993818
3362.0,326.3178236449647,-356.82434395756746
3362.5,325.8360131386958,-356.954773874543
3363.0,325.35481132466475,-357.0874086485197
3363.5,324.8742375860989,-357.22226541363267
3364.0,324.39427317359565,-357.35922865004176
3364.5,323.9149986532512,-357.4985407898943
3365.0,323.43634735996176,-357.6399174736021
3365.5,322.95840680894884,-357.78362447748253
3366.0,322.48108630319047,-357.9293483495763
3366.5,322.00441715330015,-358.07717339017324
3367.0,321.5284516553983,-358.22721542343504
3367.5,321.0531584623571,-358.3793344715584
3368.0,320.5786962505042,-358.5339336312238
3368.5,320.104958005541,-358.6906582908662
3369.0,319.63195933185847,-358.8495415962098
3369.5,319.1597382820186,-359.0106596366153
3370.0,318.68820541251034,-359.1737533254412
3370.5,318.21742260410804,-359.33899730946933
3371.0,317.7474049663309,-359.5063920544104
3371.5,317.2781500271537,-359.67589482947886
3372.0,316.80975263860944,-359.8477535765635
3372.5,316.3421489454828,-360.02176128246333
3373.0,315.87537652011264,-360.1979814954076
3373.5,315.40955805159444,-360.3766973470622
3374.0,314.94463287328927,-360.5577120065272
3374.5,314.4806457860279,-360.7411017485211
3375.0,314.01771320841,-360.92711472101035
3375.5,313.55574096786984,-361.1154932811072
3376.0,313.0947772083235,-361.3063001945313
3376.5,312.6349707244444,-361.49983716614713
3377.0,312.1762616748328,-361.6958975226428
3377.5,311.7186445271197,-361.8944265793355
3378.0,311.2621449062245,-362.0954600064967
3378.5,310.80671444234605,-362.2988815259374
3379.0,310.35234198339526,-362.50461878566006
3379.5,309.89902357737014,-362.7126435993153
3380.0,309.4468492032515,-362.92312506075325
3380.5,308.9957455738592,-363.13587205869817
3381.0,308.5456997108327,-363.35083245340314
3381.5,308.09671206140376,-363.5679903668704
3382.0,307.6489270466798,-363.7875835428475
3382.5,307.20227114071713,-364.0094358324325
3383.0,306.75674145586606,-364.2335223668074
3383.5,306.312368742806,-364.45987107469466
3384.0,305.8692574904669,-364.68863592408485
3384.5,305.42742667897164,-364.91982268574066
3385.0,304.9868292906135,-365.15331829004356
3385.5,304.5474522027262,-365.38908288879446
3386.0,304.1093061641276,-365.6271139498557
3386.5,303.6724195472338,-365.8674362442208
3387.0,303.23682996691787,-366.11008307741986
3387.5,302.80246747883206,-366.3549229683109
3388.0,302.3693353109377,-366.60194614994896
3388.5,301.93745284274945,-366.8511698158499
3389.0,301.5068464450794,-367.1026257341095
3389.5,301.0775509238465,-367.3563502039115
3390.0,300.64963244251146,-367.6124365799085
3390.5,300.2230964587706,-367.8708720574991
3391.0,299.7980586969156,-368.1317953870209
3391.5,299.37468722550886,-368.39540143089334
3392.0,298.9530620411566,-368.66175869687675
3392.5,298.5332059678594,-368.93086052314794
3393.0,298.1150995262437,-369.20264948189333
3393.5,297.69871580937456,-369.47706667503456
3394.0,297.28407095796086,-369.75411497417963
3394.5,296.8714290162478,-370.0340940066864
3395.0,296.4609624129329,-370.3171447332916
3395.5,296.05262728523616,-370.6031624558323
3396.0,295.64637397904323,-370.8920516751437
3396.5,295.24210147154344,-371.18367188762755
3397.0,294.83966395127294,-371.47784630320535
3397.5,294.43914728121194,-371.7746738307857
3398.0,294.0406855301912,-372.074275689315
3398.5,293.64426368790413,-372.3766004861652
3399.0,293.24994021056307,-372.68169068426135
3399.5,292.8579532543149,-372.989792077069
3400.0,292.468527286639,-373.30110327605
3400.5,292.08159935843423,-373.6155126481879
3401.0,291.69716121767055,-373.9329997118052
3401.5,291.315177696272,-374.2535016475021
3402.0,290.93570795943947,-374.5770623049899
3402.5,290.55901741703485,-374.9039410173216
3403.0,290.1854657206821,-375.23444013160656
3403.5,289.8151883338569,-375.5686056996258
3404.0,289.4482985182715,-375.90646660697274
3404.5,289.08476524655447,-376.2479102931823
3405.0,288.7243633202063,-376.5926608011747
3405.5,288.36691166299966,-376.9405213209259
3406.0,288.0123954291583,-377.2914600974558
3406.5,287.66083627732877,-377.6454591853523
3407.0,287.31246084123654,-378.0026832776345
3407.5,286.9675139441758,-378.36329178244034
3408.0,286.62634798744836,-378.727529655946
3408.5,286.28932130196506,-379.0956315047953
3409.0,285.9565181626762,-379.4675753069546
3409.5,285.62789384159515,-379.8432386301699
3410.0,285.3034520898389,-380.22254562356653
3410.5,284.98318398810704,-380.60542339380265
3411.0,284.6672957488609,-380.9919707560784
3411.5,284.35576165679043,-381.38207631876674
3412.0,284.0487160295711,-381.7757646478638
3412.5,283.746314609836,-382.1730715551956
3413.0,283.4489508264243,-382.57419297990157
3413.5,283.1566238734657,-382.97901933929285
3414.0,282.8694901695662,-383.38756138602196
3414.5,282.5878315149983,-383.79991136888475
3415.0,282.3115632608917,-384.21590925903956
3415.5,282.04059575190246,-384.6354041245181
3416.0,281.7751192352064,-385.05841992290243
3416.5,281.5155567970994,-385.48510783129046
3417.0,281.26190996370474,-385.9153490938586
3417.5,281.0143851688086,-386.3491495944658
3418.0,280.77352564169723,-386.7866895873152
3418.5,280.5390774086039,-387.2277073483952
3419.0,280.3111505782229,-387.6721411084915
3419.5,280.09046291932054,-388.1202206995955
3420.0,279.87694700305997,-388.57175948796305
3420.5,279.67090015801665,-389.02674972230204
3421.0,279.47292341613644,-389.4853002747596
3421.5,279.28259058871265,-389.9470705162721
3422.0,279.1001399789114,-390.4120135431073
3422.5,278.9257314301648,-390.8800400483773
3423.0,278.75922184358126,-391.3509413442225
3423.5,278.60119936510927,-391.82476488784766
3424.0,278.451618345846,-392.3013231524372
3424.5,278.31082956464894,-392.78055082261255
3425.0,278.17912762995917,-393.26235640866236
3425.5,278.05608433236273,-393.7464519433304
3426.0,277.94235372169516,-394.2328348303258
3426.5,277.83724223346667,-394.72117070971484
3427.0,277.74153457858847,-395.2114554042539
3427.5,277.6552102007179,-395.70349023347484
3428.0,277.57881423412795,-396.1971691815959
3428.5,277.5125964585051,-396.69231716024234
3429.0,277.4567537377617,-397.18873961302506
3429.5,277.411296544307,-397.68622472659945
3430.0,277.3759237678981,-398.184542553903
3430.5,277.35046408462455,-398.6834897129287
3431.0,277.3348300753807,-399.18286757467604
3431.5,277.32924779360604,-399.682481506818
3432.0,277.33386437988077,-400.18212050972426
3432.5,277.34866390316137,-400.681570816209
3433.0,277.37421935941836,-401.18059014327724
3433.5,277.41036139891014,-401.6789540651979
3434.0,277.4572222368896,-402.17642799733426
3434.5,277.5136596312786,-402.6729200432421
3435.0,277.57962885348127,-403.16825986903586
3435.5,277.6544157859711,-403.66236993592486
3436.0,277.7387548013946,-404.15495737644983
3436.5,277.83246686145816,-404.6458519802783
3437.0,277.9363270986522,-405.1346963363305
3437.5,278.04946519148166,-405.6214747497514
3438.0,278.17171450135163,-406.106054194401
3438.5,278.3020211139313,-406.58854426199844
3439.0,278.4405467626462,-407.06875283314855
3439.5,278.58686380655456,-407.5466548382566
3440.0,278.74102528682465,-408.02208954820037
3440.5,278.9026780963581,-408.49503481773934
3441.0,279.07137526230656,-408.96552238301285
3441.5,279.24713425220904,-409.4334256162122
3442.0,279.4294621031119,-409.898815185279
3442.5,279.61867667715154,-410.3614530012929
3443.0,279.81406575706063,-410.82152383461965
3443.5,280.0155077838357,-411.27898756562575
3444.0,280.22277811050515,-411.7338531762551
3444.5,280.4356772725667,-412.18611940895636
3445.0,280.65459496773303,-412.63550512324235
3445.5,280.87899632416776,-413.08217901326526
3446.0,281.1084914443494,-413.5262626112498
3446.5,281.3429959511171,-413.96772926648435
3447.0,281.58191425542805,-414.40683290756664
3447.5,281.82509154758094,-414.8436027080431
3448.0,282.07277869651375,-415.2778362262366
3448.5,282.3246611634564,-415.7096511496392
3449.0,282.5805625688649,-416.1390998191032
3449.5,282.8404656689032,-416.5661430658377
3450.0,283.10416508033364,-416.99085757549955
3450.5,283.3714545276382,-417.4133284301499
3451.0,283.64224463587243,-417.8335717403566
3451.5,283.91667945587227,-418.2514493055141
3452.0,284.19464110716655,-418.6669918596791
3452.5,284.47604383675207,-419.0802134201599
3453.0,284.76077918309795,-419.4911474405997
3453.5,285.0487083569153,-419.89985361795914
3454.0,285.33974959121224,-420.3063548346101
3454.5,285.633689605922,-420.71077129899805
3455.0,285.9304567444941,-421.11312451915427
3455.5,286.23005146753707,-421.5133826874435
3456.0,286.5324973816775,-421.9114954263677
3456.5,286.837826448009,-422.307405762701
3457.0,287.1459661723631,-422.7011368341907
3457.5,287.4568802052582,-423.0926861025005
3458.0,287.77043804539846,-423.48212639004896
3458.5,288.08660679218514,-423.8694545639888
3459.0,288.40536507570414,-424.2546583745625
3459.5,288.72671013137,-424.6377102246376
3460.0,289.0506764932191,-425.01855048294664
3460.5,289.37720737598545,-425.39719675952426
3461.0,289.7061521437798,-425.7737499510756
3461.5,290.03734952977703,-426.1483251099762
3462.0,290.37074237145487,-426.5209483414842
3462.5,290.70631116394725,-426.8916131999004
3463.0,291.0440426712696,-427.2603076492838
3463.5,291.38401605840596,-427.6269342411011
3464.0,291.72629785433935,-427.991405055292
3464.5,292.0708281609206,-428.3537488279403
3465.0,292.41761325957197,-428.7139318365692
3465.5,292.76664838236735,-429.071930946196
3466.0,293.11782426004225,-429.42782535952705
3466.5,293.47109011108967,-429.7816400177774
3467.0,293.8264542600459,-430.13334279502675
3467.5,294.183868419071,-430.4829578513495
3468.0,294.5432393361388,-430.8305565339102
3468.5,294.90453747134177,-431.176147983211
3469.0,295.2677329632745,-431.51973906307364
3469.5,295.6327037469524,-431.8614371443691
3470.0,295.9994217385674,-432.2012537822102
3470.5,296.3677915198738,-432.53927284960776
3471.0,296.7377518605952,-432.8755428321839
3471.5,297.1093431137033,-433.2100044515654
3472.0,297.48241735881805,-433.54280674432874
3472.5,297.8568083019958,-433.8741212612984
3473.0,298.2324448450747,-434.20401871644475
3473.5,298.609246918153,-434.5325794030591
3474.0,298.987070536693,-434.8599573815474
3474.5,299.36582971126967,-435.1862480212618
3475.0,299.74548762007333,-435.5114895360328
3475.5,300.12605639321663,-435.8356606640978
3476.0,300.507514578309,-436.15878249417415
3476.5,300.8898162226803,-436.4809054714017
3477.0,301.27294571878497,-436.8020439737887
3477.5,301.6568626363575,-437.1222414630235
3478.0,302.04146397111106,-437.4416177922181
3478.5,302.4267273252862,-437.76019537237363
3479.0,302.8126486782242,-438.0779768997745
3479.5,303.19913896792514,-438.395066512995
3480.0,303.5862041364543,-438.71145509973957
3480.5,303.97380575441395,-439.0271862671783
3481.0,304.3618726409487,-439.3423454026538
3481.5,304.75041259201356,-439.65691954169245
3482.0,305.13934844997897,-439.97100417243587
3482.5,305.52865103639414,-440.2846349275213
3483.0,305.9182953675017,-440.5978427053098
3483.5,306.3082056295681,-440.91072026222423
3484.0,306.6983793458429,-441.2232702359674
3484.5,307.0887399540792,-441.5355851352226
3485.0,307.47926622741807,-441.8476909215073
3485.5,307.86991845209747,-442.1596393136023
3486.0,308.26066081674304,-442.4714757686022
3486.5,308.65146277448844,-442.78323832545425
3487.0,309.04229674509105,-443.09496389504875
3487.5,309.4331434955935,-443.4066752585277
3488.0,309.8239871454011,-443.71839231434285
3488.5,310.2148033645351,-444.0301451481253
3489.0,310.6055797488077,-444.34194854503755
3489.5,310.9962910427208,-444.6538323634522
3490.0,311.3869335545522,-444.9658022215202
3490.5,311.77747813855194,-445.2778955916596
3491.0,312.1679299967628,-445.5901061376459
3491.5,312.5582627891897,-445.90246568155953
3492.0,312.94848730081355,-446.21496142686857
3492.5,313.3385845465076,-446.5276152089231
3493.0,313.7285640875253,-446.84041495438623
3493.5,314.1184113788398,-447.15337826559085
3494.0,314.5081087969359,-447.4665273117249
3494.5,314.89765558561356,-447.77986259128954
3495.0,315.28703442126505,-448.09340692165284
3495.5,315.6762602220096,-448.40714198498335
3496.0,316.0653014858084,-448.7211073437045
3496.5,316.4541945029787,-449.0352562507222
3497.0,316.8429093436694,-449.3496240483164
3497.5,317.2314680693161,-449.6641829513045
3498.0,317.619857874313,-449.9789479523215
3498.5,318.008075986423,-450.29392195943933
3499.0,318.396130570579,-450.60909714838476
3499.5,318.7840010627718,-450.9244992848298
3500.0,319.17171457500984,-451.24009419838734
3500.5,319.55924219923236,-451.55591754721866
3501.0,319.94660512705417,-451.8719412030717
3501.5,320.3337876444129,-452.1881848040743
3502.0,320.7207781446438,-452.50466232887334
3502.5,321.10758836093714,-452.82136015646705
3503.0,321.4941689703903,-453.1383398596272
3503.5,321.8805464776773,-453.45556915511423
3504.0,322.26670560384855,-453.77306517635475
3504.5,322.6526013158326,-454.09088424728793
3505.0,323.03824950399087,-454.40900683992925
3505.5,323.42360906675964,-454.72748106643303
3506.0,323.8086738207919,-455.0463137250957
3506.5,324.19345846068035,-455.3654861608916
3507.0,324.5779084725143,-455.6850611177324
3507.5,324.9620408858049,-456.0050177605789
3508.0,325.3458447995438,-456.3253691838382
3508.5,325.72925535902016,-456.64619232513184
3509.0,326.1123183353896,-456.96742980257363
3509.5,326.49503310443,-457.28908249687873
3510.0,326.87733828381806,-457.61121989123893
3510.5,327.25927959529656,-457.9337868793515
3511.0,327.64084491570804,-458.25679730102024
3511.5,328.02195884990584,-458.58034094139407
3512.0,328.40264361783954,-458.90438883735186
3512.5,328.7829001103941,-459.2289401182871
3513.0,329.16266407801083,-459.554069165148
3513.5,329.5418961131739,-459.8798208418126
3514.0,329.9206188206747,-460.2061677767191
3514.5,330.29881804973996,-460.5331251995319
3515.0,330.6764003448149,-460.86079861780496
3515.5,331.05344952617514,-461.1890875501876
3516.0,331.4299626159661,-461.51799385845607
3516.5,331.80591309776094,-461.84754513789125
3517.0,332.1812641092346,-462.1777812446299
3517.5,332.55606709660947,-462.5086424492828
3518.0,332.9303247225487,-462.8401232832217
3518.5,333.3039975445146,-463.17226490647585
3519.0,333.67707793552853,-463.50507407026635
3519.5,334.0495984348298,-463.83851221232163
3520.0,334.42154965499475,-464.1725871264322
3520.5,334.7928520408637,-464.5073858293637
3521.0,335.1634716828227,-464.84294421241475
3521.5,335.53343243917715,-465.1792327051406
3522.0,335.9027083812627,-465.5162775783161
3522.5,336.2712637239733,-465.8541156054136
3523.0,336.6390506307494,-466.19279415304
3523.5,337.0061564245528,-466.53221418787746
3524.0,337.3725731098269,-466.8723816848736
3524.5,337.73829174978243,-467.2133034103946
3525.0,338.1032522096223,-467.55504077953134
3525.5,338.4675067480545,-467.8975332750682
3526.0,338.8311026564264,-468.24072665727823
3526.5,339.194043557756,-468.58461408980946
3527.0,339.55632591168796,-468.92919649547656
3527.5,339.91786068458094,-469.2745643655433
3528.0,340.27869765253126,-469.6206626341714
3528.5,340.6388515001917,-469.967472551039
3529.0,340.99830959847515,-470.3150044061329
3529.5,341.3570625672096,-470.66326531481434
3530.0,341.71504732458686,-471.01231662318685
3530.5,342.0722738537896,-471.3621447982842
3531.0,342.4287607759717,-471.7127277151307
3531.5,342.7844955201304,-472.0640751614948
3532.0,343.1394582716583,-472.41620408347234
3532.5,343.4936465609541,-472.76911387355943
3533.0,343.84696954154003,-473.12289173355686
3533.5,344.19954231969206,-473.47741839298504
3534.0,344.5513770947323,-473.8326783351108
3534.5,344.90246443831325,-474.1886777167347
3535.0,345.25278410525783,-474.54543336020066
3535.5,345.60232635472255,-474.9029516296277
3536.0,345.9510037380738,-475.26131406913004
3536.5,346.298906402989,-475.62042889338255
3537.0,346.6460427814124,-475.9802845853614
3537.5,346.99243429617775,-476.34085726903317
3538.0,347.33808977222003,-476.7021354598995
3538.5,347.68301822982784,-477.06410762890965
3539.0,348.0271635435879,-477.42682401703576
3539.5,348.37056643877463,-477.79024282726294
3540.0,348.713242333543,-478.15434652190055
3540.5,349.0552173485383,-478.5191078780776
3541.0,349.39651420315187,-478.88450338732076
3541.5,349.7371415193142,-479.2505228205167
3542.0,350.0771037262675,-479.61715978451423
3542.5,350.41633380109073,-479.98447404955704
3543.0,350.75488461753696,-480.35241412502324
3543.5,351.09274105485656,-480.7209912991035
3544.0,351.42988710487845,-481.09021790464647
3544.5,351.76630906185954,-481.46010392914076
3545.0,352.10199532183645,-481.8306573151658
3545.5,352.4369270939252,-482.2018924829144
3546.0,352.7710306903445,-482.5738724460969
3546.5,353.10426473797486,-482.9466304421769
3547.0,353.43663814021664,-483.3201545803212
3547.5,353.76812051619225,-483.69446785787943
3548.0,354.09869969222996,-484.0695771085205
3548.5,354.42836769399696,-484.4454854802657
3549.0,354.7571177936198,-484.8221947796291
3549.5,355.08495914191536,-485.19969323985254
3550.0,355.4119116671246,-485.57796015636814
3550.5,355.73789154038906,-485.9570639238418
3551.0,356.0629610030035,-486.3369463513726
3551.5,356.38714080571754,-486.7175866880301
3552.0,356.71045566327496,-487.09896091800215
3552.5,357.03292650270754,-487.48104842928507
3553.0,357.35456884013627,-487.86383354841445
3553.5,357.67536246843,-488.2473302553011
3554.0,357.99526271902903,-488.63157167877006
3554.5,358.31425773401554,-489.01656370918977
3555.0,358.6323377414863,-489.40231130411945
3555.5,358.9494319759531,-489.78886828612883
3556.0,359.2655572383451,-490.1762167930898
3556.5,359.58067169633813,-490.56438617168953
3557.0,359.89472926835055,-490.9534080509462
3557.5,360.20771136119134,-491.3432914978183
3558.0,360.5196353016977,-491.73401772694814
3558.5,360.83052320054156,-492.12556438420654
3559.0,361.1404083570412,-492.5179007962671
3559.5,361.44931191110237,-492.91100653917897
3560.0,361.7572384176788,-493.3048735454453
3560.5,362.06420713384153,-493.6994825580205
3561.0,362.3702353185171,-494.09481702031053
3561.5,362.67527650736787,-494.4909091473037
3562.0,362.9794012339715,-494.8877015436325
3562.5,363.28262328962273,-495.2851807638775
3563.0,363.5849356245368,-495.6833496054843
3563.5,363.88634035572966,-496.0822033324165
3564.0,364.1868218405341,-496.4817508683539
3564.5,364.4863573233328,-496.8820055640382
3565.0,364.7849235810015,-497.2829808607857
3565.5,365.08250390848684,-497.68468494370705
3566.0,365.3790802244464,-498.08712780513036
3566.5,365.6746494151305,-498.49030686990034
3567.0,365.9691157963862,-498.894288399655
3567.5,366.26253844632055,-499.2990238829661
3568.0,366.554926465156,-499.70450321817253
3568.5,366.8462788989074,-500.1107236566157
3569.0,367.13658432332755,-500.51768912499176
3569.5,367.4258296954326,-500.9254041944944
3570.0,367.7140242501998,-501.33385874381094
3570.5,368.0011679705285,-501.7430493632297
3571.0,368.2872636286906,-502.15297040989475
3571.5,368.5722084714271,-502.56368940086895
3572.0,368.85607902985737,-502.9751495264708
3572.5,369.1388497818014,-503.38736272281096
3573.0,369.42051556165285,-503.8003282635534
3573.5,369.70106972960735,-504.21404665963615
3574.0,369.9805064668045,-504.6285174192625
3574.5,370.2588254834188,-505.0437364854055
3575.0,370.5360109726939,-505.45971027603474
3575.5,370.8119422617551,-505.8765136567295
3576.0,371.0867130671337,-506.2940781522055
3576.5,371.36032346825317,-506.71240009859116
3577.0,371.6327765735237,-507.1314730636539
3577.5,371.9040614520223,-507.5512989490472
3578.0,372.17417841589173,-507.9718728713407
3578.5,372.44308401473444,-508.39321793972294
3579.0,372.71068736548,-508.81538519884214
3579.5,372.9771113872937,-509.238292954105
3580.0,373.2423507100652,-509.6619401535586
3580.5,373.5064056975535,-510.0863217496745
3581.0,373.76927115160436,-510.5114368125032
3581.5,374.03094807452993,-510.93727952657866
3582.0,374.2912721609635,-511.3639447744946
3582.5,374.5503954193036,-511.79133405167306
3583.0,374.8083075356826,-512.2194490355963
3583.5,375.0650200628359,-512.6482772549313
3584.0,375.3205525328273,-513.0778045737007
3584.5,375.5748807514968,-513.5080409219241
3585.0,375.82791639898466,-513.939033125285
3585.5,376.07977473827833,-514.3707081521657
3586.0,376.3304506175955,-514.8030654673536
3586.5,376.57993551683495,-515.2361037542765
3587.0,376.82824142058206,-515.6698132215442
3587.5,377.0752242820075,-516.1042707670109
3588.0,377.3210310141355,-516.5393883114456
3588.5,377.5656644475401,-516.9751596629785
3589.0,377.80913108925324,-517.411578585874
3589.5,378.05141609330786,-517.8486488678793
3590.0,378.29234851575984,-518.2864596227495
3590.5,378.53208573306756,-518.7249195517971
3591.0,378.77061902457746,-519.1640288133026
3591.5,379.0080067883263,-519.6037509526406
3592.0,379.24424854947006,-520.0440816737473
3592.5,379.4791911445443,-520.4850996509625
3593.0,379.7128513348792,-520.9267917163437
3593.5,379.94522399663686,-521.3691581677365
3594.0,380.1762786372823,-521.8122112742153
3594.5,380.40582110698784,-522.2560461542018
3595.0,380.6340043406403,-522.7005776224672
3595.5,380.8608042832036,-523.1458129292869
3596.0,381.08619436825273,-523.5917596322182
3596.5,381.3099230262371,-524.0385376871808
3597.0,381.532197302246,-524.4860364202772
3597.5,381.75299154894265,-524.9342607458647
3598.0,381.9722961140527,-525.3832117076201
3598.5,382.18986358579866,-525.8330004844587
3599.0,382.4059022345431,-526.2835204037494
3599.5,382.6203841907214,-526.7347766421558
3600.0,382.8331729863341,-527.1868244855666
3600.5,383.0440966200858,-527.6397310038263
3601.0,383.2533692396279,-528.0933919417298
3601.5,383.4609920841788,-528.5477986031519
3602.0,383.66676838132537,-529.0030333960987
3602.5,383.87079248228184,-529.4590459134499
3603.0,384.0731368308384,-529.9157971753708
3603.5,384.2737113664687,-530.3733160202494
3604.0,384.47231772108717,-530.8316809686484
3604.5,384.66921297931924,-531.2907724762465
3605.0,384.86442264024225,-531.7505742485093
3605.5,385.0576911316722,-532.2111840083129
3606.0,385.24921143888855,-532.6725133790683
3606.5,385.4390382342311,-533.1345325532092
3607.0,385.62698657132074,-533.5973089511347
3607.5,385.8131013492196,-534.06081686102
3608.0,385.99753635261476,-534.5249894543967
3608.5,386.180134428961,-534.9898816712503
3609.0,386.3608166540229,-535.4555139908205
3609.5,386.539757868485,-535.9218115729566
3610.0,386.7167570895177,-536.3888420997345
3610.5,386.8917095788752,-536.8566304356785
3611.0,387.0648325482866,-537.325089834087
3611.5,387.2359466460302,-537.7942750206975
3612.0,387.405012910428,-538.2641917942345
3612.5,387.5722465014183,-538.7347557463614
3613.0,387.7373622501615,-539.2060575729064
3613.5,387.90036172603334,-539.678080313012
3614.0,388.0613748166326,-540.1507695153871
3614.5,388.22007905154624,-540.6242217882259
3615.0,388.37673684059854,-541.098343579645
3615.5,388.53137595775985,-541.5731147975879
3616.0,388.6836397185318,-542.0486402077579
3616.5,388.8338798443204,-542.5247962475993
3617.0,388.9818534295952,-543.0016476289236
3617.5,389.12751909938174,-543.4791950796246
3618.0,389.27110347609437,-543.9573637066545
3618.5,389.412146263137,-544.4362718883968
3619.0,389.5509403899258,-544.9158243025148
3619.5,389.6873862051466,-545.3960377801715
3620.0,389.8212931257108,-545.8769528190234
3620.5,389.9530107841291,-546.3584652567183
3621.0,390.0821254669481,-546.8406768206668
3621.5,390.20892299609716,-547.3234987216816
3622.0,390.3332765867906,-547.8069528204227
3622.5,390.45500851171903,-548.2910705752962
3623.0,390.5744137500107,-548.7757632406052
3623.5,390.69093641988616,-549.2611553535153
3624.0,390.805030609399,-549.7471221020745
3624.5,390.9163186730879,-550.2337369952695
3625.0,391.0248428152758,-550.7209720818165
3625.5,391.130581947747,-551.2088129834164
3626.0,391.23313147221984,-551.6973244067989
3626.5,391.33289235864777,-552.1864014434121
3627.0,391.4291874214849,-552.6761567060956
3627.5,391.52259546813895,-553.1664566483385
3628.0,391.61267041569613,-553.6573617596836
3628.5,391.699654653874,-554.1488073891552
3629.0,391.78346811791215,-554.6407859995326
3629.5,391.86400843248407,-555.1332920605904
3630.0,391.9415367920888,-555.6262642889641
3630.5,392.01569895862167,-556.1197400015883
3631.0,392.0870502352193,-556.6136192982955
3631.5,392.15490648141406,-557.1079786633858
3632.0,392.2199022771562,-557.6027104560447
3632.5,392.2815003534398,-558.0978621025217
3633.0,392.3401221086269,-558.59336419523
3633.5,392.39546146178816,-559.0892323946542
3634.0,392.44768053528094,-559.585427484353
3634.5,392.4967294755248,-560.0819375801445
3635.0,392.54246242954963,-560.5787497741443
3635.5,392.5849866413291,-561.0758302806001
3636.0,392.6240960032376,-561.5731785526907
3636.5,392.6601348233009,-562.0707497396135
3637.0,392.69265258483193,-562.5685524221707
3637.5,392.72213231286474,-563.0665371838841
3638.0,392.7478794420338,-563.564715936264
3638.5,392.7704716705606,-564.0630309815635
3639.0,392.7892064027908,-564.561490808353
3639.5,392.8048945802607,-565.0600473458016
3640.0,392.8168640161644,-565.5586997809571
3640.5,392.8257217280461,-566.0574127511444
3641.0,392.8307809347816,-566.5561685021437
3641.5,392.83254882140244,-567.0549348980164
3642.0,392.83040432752114,-567.5536837793786
3642.5,392.8249279477387,-568.052395150018
3643.0,392.81562154242965,-568.5510402932507
3643.5,392.80300454065576,-569.0496078538052
3644.0,392.78654382146755,-569.5480588412114
3644.5,392.7667212784087,-570.0463826791322
3645.0,392.7428776297103,-570.5445202886749
3645.5,392.71552743909496,-571.042465530341
3646.0,392.6840692439101,-571.5401532332872
3646.5,392.6491571871948,-572.0375995600757
3647.0,392.61018845378084,-572.5347363710249
3647.5,392.5678571500472,-573.0315909686117
3648.0,392.5213407470114,-573.5280601656056
3648.5,392.4713769776232,-574.0241842148649
3649.0,392.41721767825294,-574.519855700339
3649.5,392.35957428057645,-575.0151259156266
3650.0,392.2978323497603,-575.5098930786581
3650.5,392.23249494572804,-576.0041894940586
3651.0,392.163041126551,-576.4979103105219
3651.5,392.0898046367204,-576.9910700389963
3652.0,392.0126186916893,-577.4836167714249
3652.5,391.93159942519895,-577.9755370837877
3653.0,391.84673159019985,-578.4667948812996
3653.5,391.757928061703,-578.9573466626543
3654.0,391.6654458803934,-579.447206758996
3654.5,391.5689026114771,-579.9362707953624
3655.0,391.46891991414856,-580.424638651123
3655.5,391.36475801878373,-580.9121239825865
3656.0,391.2570711703777,-581.3988308078513
3656.5,391.1453643503661,-581.884625462372
3657.0,391.03001574025683,-582.3695606711713
3657.5,390.91080459196763,-582.8535525347453
3658.0,390.78780430199356,-583.33659084901
3658.5,390.6611991523694,-583.8186935647253
3659.0,390.5304938168264,-584.2996836078191
3659.5,390.3962260744175,-584.7796782528858
3660.0,390.2578268657867,-585.2584811879703
3660.5,390.11580188256477,-585.7362050994225
3661.0,389.96996102699717,-586.2127678393251
3661.5,389.8203608667357,-586.6881595539251
3662.0,389.6672209197745,-587.1624193066331
3662.5,389.5099911642324,-587.6353333033655
3663.0,389.34920703804556,-588.1070438753758
3663.5,389.1844367585591,-588.5773655201767
3664.0,389.0158296646068,-589.046310316219
3664.5,388.84354953003987,-589.5139065618916
3665.0,388.66712624107976,-589.9799380581951
3665.5,388.4871329901268,-590.4445931870911
3666.0,388.3033551409702,-590.9077627524248
3666.5,388.11572370873193,-591.3693800889569
3667.0,387.9244247032736,-591.8294770949653
3667.5,387.729002386156,-592.2878291226193
3668.0,387.5297419795085,-592.7445065133563
3668.5,387.3267179909568,-593.1995077664045
3669.0,387.11962038117184,-593.652663168145
3669.5,386.90893307684917,-594.1041549862299
3670.0,386.69449731654265,-594.553872236933
3670.5,386.4761493477321,-595.0017002869247
3671.0,386.2542311222882,-595.4477650627708
3671.5,386.028597355236,-595.8919593955671
3672.0,385.7991785087221,-596.3342088646511
3672.5,385.5662743919994,-596.7746343873999
3673.0,385.32972235347023,-597.2131145973315
3673.5,385.08943712382575,-597.649568114957
3674.0,384.8456756602715,-598.0840971830391
3674.5,384.59828857219065,-598.516581060296
3675.0,384.34701873691927,-598.9468206557224
3675.5,384.0920907674185,-599.3748975772784
3676.0,383.83343602956364,-599.8007245559365
3676.5,383.57076723137465,-600.2240840078958
3677.0,383.3045136878756,-600.6452007214885
3677.5,383.03469489131106,-601.0640525751548
3678.0,382.76106259437245,-601.480435948929
3678.5,382.4837752140823,-601.8944120875948
3679.0,382.20289300698875,-602.3059756818806
3679.5,381.9183418116419,-602.7150332264617
3680.0,381.6298780263897,-603.121363356518
3680.5,381.3377034827918,-603.5250470678473
3681.0,381.0418340612144,-603.926051155386
3681.5,380.7419866005496,-604.3241084874699
3682.0,380.43815542489796,-604.7191503474502
3682.5,380.13051246903416,-605.1112494634549
3683.0,379.8190245122395,-605.5003248218228
3683.5,379.5033289075965,-605.8860067430975
3684.0,379.18350129234983,-606.2682733203625
3684.5,378.8595587805649,-606.647056495202
3685.0,378.5314554795098,-607.0222359233609
3685.5,378.1989592781879,-607.3935217096373
3686.0,377.86224377659846,-607.7609749354756
3686.5,377.52139360258633,-608.1245901730791
3687.0,377.17646984486606,-608.4843401421472
3687.5,376.82749256133775,-608.8401723654733
3688.0,376.4745031173306,-609.192048998353
3688.5,376.1176978107196,-609.540077935884
3689.0,375.7570572551737,-609.8841537996733
3689.5,375.3925212943343,-610.2241130783318
3690.0,375.0238423586724,-610.5595816660585
3690.5,374.6513396394526,-610.8908145673438
3691.0,374.27504334701007,-611.2177498816524
3691.5,373.8950128343614,-611.5403592124485
3692.0,373.51126553272076,-611.8585598920196
3692.5,373.1236144826089,-612.1720200271096
3693.0,372.73232835576204,-612.4809493445213
3693.5,372.3374774360584,-612.785339619453
3694.0,371.9390882789573,-613.0851199322493
3694.5,371.5372023341337,-613.3802330315017
3695.0,371.13175880630314,-613.6704750817751
3695.5,370.7227253510914,-613.9556565155807
3696.0,370.31023765851324,-614.2358442331189
3696.5,369.89438813245073,-614.5110497084846
3697.0,369.4752193502621,-614.7812085475418
3697.5,369.05274674937056,-615.046208410059
3698.0,368.62703064191464,-615.3060021418728
3698.5,368.19796270496613,-615.5602581633963
3699.0,367.76573185215176,-615.8091296571248
3699.5,367.3303961096255,-616.0525616170369
3700.0,366.89200035782727,-616.2904754006993
3700.5,366.4505781738563,-616.522755814426
3701.0,366.0061880669145,-616.7493387436381
3701.5,365.55888464821095,-616.9701535463855
3702.0,365.10875871863635,-617.1851979342572
3702.5,364.6558359213437,-617.3943366639658
3703.0,364.2002019550362,-617.5975481787079
3703.5,363.74195107644357,-617.794833044346
3704.0,363.2811294640815,-617.9860838684027
3704.5,362.8178371645163,-618.171325048497
3705.0,362.35214298214345,-618.3505001056193
3705.5,361.88412940373985,-618.5235938079702
3706.0,361.41382596657786,-618.6904208780749
3706.5,360.94131741117934,-618.8509487789141
3707.0,360.4666680262953,-619.0050872649106
3707.5,359.98995814816067,-619.1527927530645
3708.0,359.5113101113805,-619.2941682325087
3708.5,359.030801983895,-619.4291792704784
3709.0,358.54850742466476,-619.5577562506685
3709.5,358.06451250921646,-619.6798757775557
3710.0,357.5788832027439,-619.7954112438032
3710.5,357.0916881935467,-619.9042454950023
3711.0,356.60302687251163,-620.0063864091399
3711.5,356.11298003940124,-620.1017589167208
3712.0,355.6216230870178,-620.1902106592074
3712.5,355.12902427460386,-620.2715140754636
3713.0,354.6352870740147,-620.3456573689537
3713.5,354.14052450241553,-620.4127035343819
3714.0,353.64482680253974,-620.4725796703958
3714.5,353.1483093834019,-620.5253643915827
3715.0,352.6510608217,-620.5708721300072
3715.5,352.1531848363235,-620.6089679176583
3716.0,351.65479288723,-620.6397530283111
3716.5,351.1559949878697,-620.6633700133541
3717.0,350.6568917258436,-620.6797743458051
3717.5,350.15758351467105,-620.6891737312504
3718.0,349.6581676540913,-620.6915664205965
3718.5,349.15875028079734,-620.6868214437774
3719.0,348.6594361053407,-620.6748630378188
3719.5,348.1603371818319,-620.655542419015
3720.0,347.6615803591211,-620.6286658035941
3720.5,347.1632770876292,-620.5942675771098
3721.0,346.66554715853573,-620.552244235678
3721.5,346.168496320057,-620.5027115088343
3722.0,345.6722135410595,-620.4458630929819
3722.5,345.1767954229516,-620.3817507295424
3723.0,344.6823536236707,-620.3103603509128
3723.5,344.1890237263794,-620.2315481107403
3724.0,343.696938218905,-620.1452217234712
3724.5,343.20625477826377,-620.0511935304756
3725.0,342.7171568420485,-619.9492134746799
3725.5,342.2296943203708,-619.8396368511281
3726.0,341.74395531831675,-619.7225961790524
3726.5,341.2600805957054,-619.5980242424063
3727.0,340.7781744954453,-619.4659801449147
3727.5,340.2984205566617,-619.3262589922576
3728.0,339.82093392393347,-619.1789371110292
3728.5,339.3458017422523,-619.0241505165144
3729.0,338.87313318858656,-618.8619423410715
3729.5,338.4031222210667,-618.6921395334073
3730.0,337.9359736355968,-618.5145781207856
3730.5,337.47178455744785,-618.3293888733447
3731.0,337.01075718102635,-618.1364456034208
3731.5,336.55310667787285,-617.935607149612
3732.0,336.0990314594443,-617.7267975097241
3732.5,335.6485149090903,-617.5103955901459
3733.0,335.20160247688636,-617.2866141548365
3733.5,334.7586165887412,-617.0551250878173
3734.0,334.3195786247987,-616.8162049521248
3734.5,333.88465174737064,-616.5698570207196
3735.0,333.4543200067095,-616.3155525815312
3735.5,333.02876904670126,-616.053317205703
3736.0,332.6081045181563,-615.7833044621048
3736.5,332.19260266807294,-615.5054002599851
3737.0,331.7821160173256,-615.2201226882139
3737.5,331.3765789840785,-614.927832359877
3738.0,330.9765130063036,-614.6280806451823
3738.5,330.5819529708401,-614.321105052935
3739.0,330.19273503359517,-614.0073718562429
3739.5,329.8092590937573,-613.6866337979857
3740.0,329.431333421113,-613.3593627882883
3740.5,329.0586428977061,-613.0261305652765
3741.0,328.69143477325935,-612.6868592553581
3741.5,328.329469147974,-612.3419939832918
3742.0,327.9724782671111,-611.9919723716245
3742.5,327.6204375978274,-611.6369637503605
3743.0,327.27285793151117,-611.2775804898237
3743.5,326.9294370659237,-610.9142170364001
3744.0,326.5899375220109,-610.5471845507933
3744.5,326.25387176781396,-610.177002618664
3745.0,325.9207791008119,-609.8041408086324
3745.5,325.5902930932176,-609.428964319234
3746.0,325.2620777866794,-609.0517959466094
3746.5,324.93570766263616,-608.6730265584802
3747.0,324.61093094189454,-608.2928879273455
3747.5,324.2875016332965,-607.9116009321962
3748.0,323.96522944577947,-607.5293344031658
3748.5,323.64386274854087,-607.1463048986911
3749.0,323.323217201156,-606.7626693635689
3749.5,323.00314317029427,-606.3785538222744
3750.0,322.6835538277946,-605.9940328254161
3750.5,322.36439206471437,-605.6091560447773
3751.0,322.0455731968064,-605.223993999045
3751.5,321.7270429286767,-604.8385916418645
3752.0,321.408761239771,-604.4529821467282
3752.5,321.0907052828035,-604.0671851373875
3753.0,320.77287246258305,-603.6812035035514
3753.5,320.455259931919,-603.2950401794161
3754.0,320.1378760004992,-602.9086887826189
3754.5,319.82072415683564,-602.5221468113957
3755.0,319.50379618657075,-602.1354213981614
3755.5,319.1871022880785,-601.7485044614085
3756.0,318.8706533187672,-601.361387249282
3756.5,318.55445076815386,-600.9740688082296
3757.0,318.23849437873344,-600.5865495781817
3757.5,317.9227840467439,-600.1988299472446
3758.0,317.60731301143375,-599.8109159791336
3758.5,317.2920795292956,-599.4228097070179
3759.0,316.9770895951612,-599.0345065100015
3759.5,316.66234489972317,-598.6460051559422
3760.0,316.34785251003154,-598.2572998348844
3760.5,316.03361637889225,-597.8683870856339
3761.0,315.7196343848586,-597.479268630646
3761.5,315.4058972426335,-597.0899526700608
3762.0,315.0923994607708,-596.700444050687
3762.5,314.77913062850456,-596.3107519144678
3763.0,314.466091455454,-595.9208760512489
3763.5,314.15328617609606,-595.5308132365934
3764.0,313.84072327841244,-595.1405563007842
3764.5,313.5284063533477,-594.7501021909711
3765.0,313.21632835188495,-594.3594564521651
3765.5,312.9044922376292,-593.9686166445414
3766.0,312.5928918865668,-593.5775880602432
3766.5,312.28151911451965,-593.186377760941
3767.0,311.9703586751525,-592.7949986764023
3767.5,311.65940714940473,-592.4034538448004
3768.0,311.3486661098559,-592.011742620938
3768.5,311.0381390403752,-591.619862371424
3769.0,310.7278253564456,-591.2278132719204
3769.5,310.41772430371213,-590.8355957831433
3770.0,310.10783616342616,-590.4432098785436
3770.5,309.79816967943503,-590.0506487367425
3771.0,309.4887243016511,-589.6579129647232
3771.5,309.1794785515129,-589.2650202476187
3772.0,308.87043167173726,-588.8719711875729
3772.5,308.5615819102634,-588.4787671501103
3773.0,308.2529401949427,-588.0853996890602
3773.5,307.944485793019,-587.6918852879647
3774.0,307.63621428167625,-587.2982273408336
3774.5,307.32811311076216,-586.9044363002339
3775.0,307.02017401501433,-586.5105189341633
3775.5,306.7123821844424,-586.116486750121
3776.0,306.40472875043304,-585.7223467269417
3776.5,306.097222260509,-585.3280922421238
3777.0,305.7898467948984,-584.9337354465222
3777.5,305.48259783648456,-584.5392800366365
3778.0,305.1754845271824,-584.1447190366134
3778.5,304.8684905099011,-583.7500656391269
3779.0,304.5616100997732,-583.3553244024324
3779.5,304.2548564751858,-582.9604849960955
3780.0,303.94821861222295,-582.5655553236201
3780.5,303.6417014324183,-582.1705312685614
3781.0,303.33530938776477,-581.7754090906423
3781.5,303.0290261239695,-581.3802020036305
3782.0,302.72285445237094,-580.9849082877013
3782.5,302.4167794980751,-580.5895397991906
3783.0,302.11079699458196,-580.1940999804477
3783.5,301.80490314297083,-579.7985918538619
3784.0,301.49908707350863,-579.4030235717116
3784.5,301.19336002502985,-579.0073863923052
3785.0,300.88770236228123,-578.6116957226175
3785.5,300.5821137393254,-578.215951830026
3786.0,300.2765804918822,-577.8201655774956
3786.5,299.97110813337457,-577.4243327187506
3787.0,299.6656982011057,-577.028452201092
3787.5,299.3603505406722,-576.6325239821872
3788.0,299.05507020520747,-576.236544173394
3788.5,298.7498530221732,-575.8405155179414
3789.0,298.4447027548025,-575.4444349647085
3789.5,298.1396209899263,-575.0483014235942
3790.0,297.83461397646255,-574.6521100990641
3790.5,297.52967371524704,-574.2558673985184
3791.0,297.2247943585808,-573.8595779384773
3791.5,296.91997180341855,-573.4632447727204
3792.0,296.61520426948,-573.0668692843968
3792.5,296.3104933683434,-572.6704503911467
3793.0,296.00583336896153,-572.2739922486517
3793.5,295.7012278051564,-571.8774921605623
3794.0,295.3966638453167,-571.4809599663678
3794.5,295.092145809462,-571.0843925956917
3795.0,294.7876635963932,-570.6877978374752
3795.5,294.48321679845105,-570.2911758811939
3796.0,294.17880214998985,-569.8945290966865
3796.5,293.87441489421894,-569.4978609949076
3797.0,293.57005409633126,-569.1011722883769
3797.5,293.2657133323905,-568.7044681011882
3798.0,292.96139549446855,-568.3077462318236
3798.5,292.6570959664017,-567.9110102385064
3799.0,292.3528129235367,-567.5142614803403
3799.5,292.04855086111235,-567.1174964321114
3800.0,291.74430258423274,-566.720720789001
3800.5,291.44006876694,-566.3239340886332
3801.0,291.1358449918903,-565.9271398473015
3801.5,290.83162565109603,-565.5303422323377
3802.0,290.52741039069156,-565.1335414850147
3802.5,290.2231965849798,-564.7367393904285
3803.0,289.9189857725836,-564.3399347508179
3803.5,289.6147781036315,-563.9431276526715
3804.0,289.3105674352695,-563.546323021169
3804.5,289.006353184787,-563.1495212503733
3805.0,288.7021346975533,-562.7527229547786
3805.5,288.39790888969907,-562.355930382217
3806.0,288.0936767122265,-561.9591424694202
3806.5,287.7894368224189,-561.562360251075
3807.0,287.48518242050363,-561.1655890689225
3807.5,287.1809120207428,-560.768830081761
3808.0,286.87662556480973,-560.3720833871371
3808.5,286.57231946687193,-559.9753518411576
3809.0,286.26799415465575,-559.578635051691
3809.5,285.96364863705304,-559.1819336974702
3810.0,285.6592821086838,-558.7852484555997
3810.5,285.3548924048627,-558.3885809227672
3811.0,285.05047964536925,-557.9919310708256
3811.5,284.7460431402742,-557.5952994678213
3812.0,284.4415817776432,-557.1986871218398
3812.5,284.13709672769653,-556.8020930600389
3813.0,283.83258928151787,-556.4055163076731
3813.5,283.52805553405585,-556.0089597689896
3814.0,283.22348850369946,-555.612428723741
3814.5,282.9188902619009,-555.2159215795865
3815.0,282.61426531289106,-554.8194349235581
3815.5,282.3096135835131,-554.42296873283
3816.0,282.0049291302157,-554.026527670565
3816.5,281.7002140418055,-553.6301100967592
3817.0,281.3954693636716,-553.2337151645268
3817.5,281.09069607118073,-552.8373421254255
3818.0,280.7858909558695,-552.4409934559012
3818.5,280.4810514022443,-552.0446711750545
3819.0,280.17617916247167,-551.6483741760555
3819.5,279.871276139199,-551.2521009495822
3820.0,279.56634068823627,-550.8558526487375
3820.5,279.26137098410345,-550.4596308318198
3821.0,278.9563682093486,-550.0634344627423
3821.5,278.65133644641196,-549.6672603873106
3822.0,278.3462754843147,-549.2711088885521
3822.5,278.0411842737386,-548.87498070766
3823.0,277.7360612988933,-548.478876912564
3823.5,277.43091007970946,-548.0827948935256
3824.0,277.12573159039846,-547.6867339470673
3824.5,276.8205271030495,-547.2906930848761
3825.0,276.5152957519891,-546.8946729885536
3825.5,276.2100334899677,-546.4986767230326
3826.0,275.90473948870255,-546.1027047472443
3826.5,275.59941828897985,-545.7067536443006
3827.0,275.2940705893387,-545.3108229543495
3827.5,274.9886954937678,-544.914913510132
3828.0,274.6832910837186,-544.5190268200511
3828.5,274.37785382493365,-544.1231655978634
3829.0,274.07238122636187,-543.7273316180793
3829.5,273.76687497967157,-543.331523518349
3830.0,273.46133549801317,-542.9357410306625
3830.5,273.15576347557015,-542.5399835911232
3831.0,272.8501587701834,-542.1442513261912
3831.5,272.5445216134238,-541.7485440824873
3832.0,272.2388550361774,-541.3528595254058
3832.5,271.9331622746348,-540.9571951526168
3833.0,271.62744297243927,-540.5615512456812
3833.5,271.321695108146,-540.1659294784155
3834.0,271.0159188828898,-539.7703296379896
3834.5,270.71011557465687,-539.374750721891
3835.0,270.4042805637461,-538.9791962975941
3835.5,270.09841595049494,-538.5836647456165
3836.0,269.7925240483794,-538.1881543427219
3836.5,269.4866032548489,-537.7926665596674
3837.0,269.1806527326348,-537.3972020461581
3837.5,268.87467433720417,-537.0017591737777
3838.0,268.56866763936347,-536.6063382736419
3838.5,268.26263387807427,-536.210938123383
3839.0,267.95657813931587,-535.8155547973375
3839.5,267.6505029379123,-535.4201865668018
3840.0,267.3444114142895,-535.0248309407426
3840.5,267.03830550681056,-534.6294863217873
3841.0,266.7321879947293,-534.2341505810298
3841.5,266.4260619299174,-533.8388212972491
3842.0,266.1199291520198,-533.4434971392883
3842.5,265.8137903165209,-533.0481776873726
3843.0,265.5076471620263,-532.652861542284
3843.5,265.2015034878525,-532.2575456521799
3844.0,264.8953617282177,-531.8622281405726
3844.5,264.5892236633616,-531.4669076630942
3845.0,264.28308891928083,-531.0715846152717
3845.5,263.97695811591177,-530.676258571077
3846.0,263.67083199298264,-530.2809288858241
3846.5,263.36471264482776,-529.8855939399314
3847.0,263.0586009395645,-529.4902530634815
3847.5,262.75249869217816,-529.0949048354327
3848.0,262.4464034426331,-528.6995513002857
3848.5,262.140313962517,-528.3041935044719
3849.0,261.8342296200929,-527.9088319216204
3849.5,261.5281512269301,-527.5134659318504
3850.0,261.2220799400464,-527.1180946413233
3850.5,260.9160162406457,-526.7227175670822
3851.0,260.6099598660283,-526.3273349742076
3851.5,260.3039091637279,-525.9319481909749
3852.0,259.9978627211417,-525.5365583040073
3852.5,259.6918214578349,-525.1411645110214
3853.0,259.3857872824323,-524.7457652633236
3853.5,259.0797628972387,-524.3503582473268
3854.0,258.77375063472374,-523.9549415235233
3854.5,258.4677492388626,-523.559516103463
3855.0,258.1617603260722,-523.1640806871218
3855.5,257.85578454260065,-522.7686348393864
3856.0,257.5498211781684,-522.373179272585
3856.5,257.24386835922195,-521.9777154834896
3857.0,256.9379225993066,-521.5822461692541
3857.5,256.6319812924253,-521.1867734182649
3858.0,256.326044696911,-520.7912970317991
3858.5,256.0201121218878,-520.3958175002062
3859.0,255.71418185466635,-520.0003362613724
3859.5,255.4082499493904,-519.6048564676704
3860.0,255.10231806682856,-519.2093768300718
3860.5,254.7963860391819,-518.8138975465835
3861.0,254.49045306455025,-518.4184193477553
3861.5,254.18451703151382,-518.0229438261644
3862.0,253.8785781626929,-517.6274705790611
3862.5,253.57263889041184,-517.2319976617609
3863.0,253.26670119124296,-516.836523423613
3863.5,252.96076695300027,-516.4410462554523
3864.0,252.6548364161817,-516.0455659049555
3864.5,252.34891013125053,-515.6500820343484
3865.0,252.0429895668376,-515.2545935546073
3865.5,251.73707487698704,-514.8591003279552
3866.0,251.4311660931442,-514.4636023108716
3866.5,251.1252645749518,-514.0680984317879
3867.0,250.819370063344,-513.6725888595321
3867.5,250.51347898599036,-513.2770764384745
3868.0,250.20758760371382,-512.8815642363992
3868.5,249.90169571410135,-512.486052443674
3869.0,249.59580391938974,-512.0905406244897
3869.5,249.28990928132382,-511.69503109147985
3870.0,248.98400927102358,-511.29952577971693
3870.5,248.67810256711627,-510.90402571502955
3871.0,248.37218882006553,-510.50853126115214
3871.5,248.06626712635898,-510.11304315293813
3872.0,247.76033551829974,-509.71756299874573
3872.5,247.45439040891847,-509.3220936004724
3873.0,247.14843094495453,-508.92663547620873
3873.5,246.84245564527504,-508.5311897410905
3874.0,246.53646437594048,-508.1357563730493
3874.5,246.2304555261533,-507.7403365747883
3875.0,245.92442918511404,-507.3449303044197
3875.5,245.61838599552834,-506.9495371502397
3876.0,245.3123245275478,-506.5541581706164
3876.5,245.00624422927135,-506.1587936694379
3877.0,244.70014303025036,-505.763445287877
3877.5,244.39402125565144,-505.36811280919744
3878.0,244.08787609005228,-504.97279848953013
3878.5,243.78170729122786,-504.5775024941586
3879.0,243.4755133598572,-504.1822260859666
3879.5,243.1692926055608,-503.78697049077334
3880.0,242.8630440105073,-503.3917364487474
3880.5,242.55676767396318,-502.99652401225075
3881.0,242.25045776675745,-502.60133789988015
3881.5,241.94411439374707,-502.2061778574503
3882.0,241.6377344129532,-501.8110462449881
3882.5,241.33131482620612,-501.4159453885749
3883.0,241.0248536553771,-501.02087663069443
3883.5,240.71834508700246,-500.62584438860927
3884.0,240.41178444674554,-500.23085234659106
3884.5,240.10516966088412,-499.83590204732826
3885.0,239.79849626931704,-499.44099704944847
3885.5,239.49175955519001,-499.04614109036044
3886.0,239.18495550365301,-498.6513372779368
3886.5,238.87807748155743,-498.2565908519977
3887.0,238.57112194176352,-497.86190453049454
3887.5,238.26408525370005,-497.46728117603993
3888.0,237.95696399535746,-497.07272358736054
3888.5,237.6497540789014,-496.6782350519919
3889.0,237.34245259649285,-496.28381789731253
3889.5,237.03505871130977,-495.88947284710974
3890.0,236.72757057787476,-495.4952014427599
3890.5,236.4199850020401,-495.10100621137417
3891.0,236.11229813121344,-494.7068901694252
3891.5,235.80450728432746,-494.3128555092757
3892.0,235.4966111814949,-493.91890326239957
3892.5,235.1886068648139,-493.52503571508515
3893.0,234.88049088932095,-493.1312556263011
3893.5,234.57226153007065,-492.73756433376025
3894.0,234.26391639435653,-492.34396369715336
3894.5,233.95545382029914,-491.9504550955522
3895.0,233.64687216846053,-491.55703987927313
3895.5,233.33816819529883,-491.16372053402904
3896.0,233.02934040706563,-490.77049823891474
3896.5,232.72039189707365,-490.3773706606643
3897.0,232.4113237618452,-489.98433708028625
3897.5,232.10213404834698,-489.5913991041657
3898.0,231.79282584693414,-489.19855437988065
3898.5,231.48340056933705,-488.8058018421693
3899.0,231.1738616360741,-488.4131388152637
3899.5,230.86421072549425,-488.0205641156053
3900.0,230.55445110159113,-487.62807524368515
3900.5,230.24458510782827,-487.2356703805336
3901.0,229.93461381716904,-486.8433487366266
3901.5,229.62453831528333,-486.4511094745528
3902.0,229.31436058046322,-486.05895101463034
3902.5,229.00408237834188,-485.66687198522175
3903.0,228.69370476011517,-485.2748715810975
3903.5,228.38323141800373,-484.8829468805339
3904.0,228.07266656112495,-484.49109460541297
3904.5,227.7620104749399,-484.0993145826522
3905.0,227.4512682548701,-483.70760272058754
3905.5,227.14044557100894,-483.31595462873787
3906.0,226.8295443405734,-482.9243689351227
3906.5,226.51856878572585,-482.53284230358935
3907.0,226.20752030000125,-482.1413736789988
3907.5,225.89639794815426,-481.74996388903406
3908.0,225.58520895765838,-481.358607088737
3908.5,225.27395651466585,-480.96730083283495
3909.0,224.96264132817973,-480.5760446984914
3909.5,224.6512638697412,-480.1848383304215
3910.0,224.33982695546797,-479.7936794422529
3910.5,224.02833262197828,-479.4025664152813
3911.0,223.71678221449073,-479.0114981256342
3911.5,223.40517861227138,-478.62047220639704
3912.0,223.0935237177285,-478.2294871523568
3912.5,222.7818183171881,-477.838542302671
3913.0,222.4700655160368,-477.4476350244194
3913.5,222.1582676106754,-477.0567634827547
3914.0,221.8464278104805,-476.6659251531061
3914.5,221.5345502073554,-476.2751167344122
3915.0,221.22263472282364,-475.8843383663481
3915.5,220.9106843874511,-475.49358761840745
3916.0,220.5987019884758,-475.10286228966686
3916.5,220.28669028606984,-474.71216025704024
3917.0,219.974653681355,-474.321478015418
3917.5,219.66259273848345,-473.9308151144279
3918.0,219.35050739524786,-473.54017162230105
3918.5,219.03840026482828,-473.14954547346366
3919.0,218.7262747941765,-472.7589339527703
3919.5,218.41413277185708,-472.368335674376
3920.0,218.10197451001184,-471.97775041315896
3920.5,217.7897996966218,-471.58717845868955
3921.0,217.4776093260916,-471.19661902046875
3921.5,217.16540449836634,-470.8060711705791
3922.0,216.8531864409828,-470.415534018537
3922.5,216.5409557751655,-470.02500704514915
3923.0,216.22871257532375,-469.63449016448106
3923.5,215.91645597559966,-469.24398410704833
3924.0,215.60418640714965,-468.85348857395945
3924.5,215.29190400579742,-468.4630034656941
3925.0,214.979608614182,-468.0725289171586
3925.5,214.66729979342634,-467.68206529736614
3926.0,214.35497664734865,-467.29161329148104
3926.5,214.0426392442211,-466.9011727394396
3927.0,213.73028752531712,-466.51074364322324
3927.5,213.41792048247368,-466.1203269359053
3928.0,213.1055405487738,-465.7299205542977
3928.5,212.7931470243972,-465.3395249518131
3929.0,212.4807404651036,-464.9491397180732
3929.5,212.16832023142769,-464.5587653510806
3930.0,211.8558860540596,-464.1684020404015
3930.5,211.54343843871166,-463.77804937251545
3931.0,211.23097823116007,-463.38770665982196
3931.5,210.91850641546057,-462.9973730754165
3932.0,210.60602395358404,-462.6070478085168
3932.5,210.29353148890257,-462.2167304648674
3933.0,209.98102880138563,-461.82642121593886
3933.5,209.6685165482015,-461.43611955248525
3934.0,209.35599386448206,-461.045826243133
3934.5,209.0434601409004,-460.6555417541627
3935.0,208.7309160314401,-460.265265527606
3935.5,208.41836180539684,-459.8749974084692
3936.0,208.10579647385097,-459.48473829764686
3936.5,207.79321949053642,-459.0944886111094
3937.0,207.4806291588134,-458.70424971936814
3937.5,207.16802627304526,-458.3140211048016
3938.0,206.85541069934638,-457.9238028494272
3938.5,206.5427820170385,-457.5335952441707
3939.0,206.23013835289498,-457.1433998802984
3939.5,205.91748052032196,-456.7532161319106
3940.0,205.60481053229853,-456.3630423127766
3940.5,205.29212915148798,-455.97287774712817
3941.0,204.97943605177537,-455.58272276356644
3941.5,204.66672998013178,-455.19257830462857
3942.0,204.3540121603351,-454.8024431660361
3942.5,204.04128474065672,-454.41231562451884
3943.0,203.72855070591478,-454.0221932362046
3943.5,203.41581184966628,-453.63207446752773
3944.0,203.10306839118385,-453.24195912580535
3944.5,202.79032109112958,-452.8518466456387
3945.0,202.477573073255,-452.4617345441337
3945.5,202.16482585026674,-452.0716216888631
3946.0,201.85207984585588,-451.68150773801773
3946.5,201.53933715483055,-451.29139092678633
3947.0,201.22660112301628,-450.9012686073052
3947.5,200.91387371956023,-450.5111392669069
3948.0,200.60115477217596,-450.12100307658204
3948.5,200.28844265606426,-449.73086137111164
3949.0,199.9757359592224,-449.340715363691
3949.5,199.66303626361625,-448.9505638118466
3950.0,199.35034163751354,-448.56040817624194
3950.5,199.0376500550459,-448.1702501125481
3951.0,198.72495842333964,-447.78009210634525
3951.5,198.41226646877513,-447.38993429920674
3952.0,198.099573387048,-446.9997773432574
3952.5,197.78687673821625,-446.60962328585697
3953.0,197.47417437810265,-446.21947384105664
3953.5,197.16146443793912,-445.829330407249
3954.0,196.8487454462471,-445.4391942372524
3954.5,196.5360183715179,-445.04906454151853
3955.0,196.22328222866088,-444.6589420594168
3955.5,195.9105358380619,-444.2688277349098
3956.0,195.59777863599646,-443.8787220556133
3956.5,195.2850109857021,-443.4886247545893
3957.0,194.9722321643054,-443.09853637153293
3957.5,194.65944044469694,-442.7084583164499
3958.0,194.34663577144903,-442.31839066491733
3958.5,194.0338192724708,-441.9283324963616
3959.0,193.72099077795764,-441.5382839373728
3959.5,193.40814948128588,-441.14824565132136
3960.0,193.09529518721305,-440.75821783360453
3960.5,192.7824268646479,-440.3682012898922
3961.0,192.46954653768867,-439.9781943974423
3961.5,192.15665403685372,-439.5881973000791
3962.0,191.84375026978847,-439.19820928481977
3962.5,191.53083629084105,-438.80822952892123
3963.0,191.21791224653964,-438.4182579267215
3963.5,190.90497678468452,-438.02829554492126
3964.0,190.59202721525884,-437.63834453696035
3964.5,190.2790645139974,-437.24840406755544
3965.0,189.96609014353356,-436.8584729457899
3965.5,189.6531046800385,-436.4685507269036
3966.0,189.34010829348026,-436.0786372412606
3966.5,189.02710067788558,-435.68873266353125
3967.0,188.7140806594079,-435.29883791192105
3967.5,188.40104721548875,-434.90895383240957
3968.0,188.08800476353343,-434.51907687946516
3968.5,187.77495209546362,-434.12920803118925
3969.0,187.46188994931654,-433.7393466945146
3969.5,187.14881934186127,-433.34949206069916
3970.0,186.83573992123996,-432.95964444137775
3970.5,186.5226475443415,-432.5698071987532
3971.0,186.2095395866011,-432.17998246418273
3971.5,185.89641463873423,-431.7901713873317
3972.0,185.58327294362883,-431.4003737824674
3972.5,185.27011536590803,-431.01058896428754
3973.0,184.95694231292282,-430.6208166235917
3973.5,184.64374993198672,-430.23105992858865
3974.0,184.3305375398485,-429.8413194660553
3974.5,184.01730702370975,-429.4515936959369
3975.0,183.7040582481087,-429.06188270704786
3975.5,183.39079023927997,-428.67218725771784
3976.0,183.07750117493384,-428.2825087995404
3976.5,182.76418653382152,-427.8928510157011
3977.0,182.45084606700934,-427.5032140712946
3977.5,182.13748649660943,-427.11359248312885
3978.0,181.8241060756789,-426.7239875947393
3978.5,181.51070265066014,-426.3344010827915
3979.0,181.19727493313516,-425.94483395251217
3979.5,180.88382224336877,-425.5552867832788
3980.0,180.57034420545304,-425.1657598882504
3980.5,180.25684590464564,-424.7762491889338
3981.0,179.9433269051646,-424.3867550452969
3981.5,179.62978768311552,-423.9972770920069
3982.0,179.31622970811608,-423.6078141719576
3982.5,179.0026519076274,-423.2183671852308
3983.0,178.6890553563358,-422.8289352886586
3983.5,178.37544454428703,-422.43951487775007
3984.0,178.06182049654305,-422.0501051352456
3984.5,177.74818417587642,-421.66070529174135
3985.0,177.43453657377168,-421.27131455058776
3985.5,177.12087406811068,-420.881935810631
3986.0,176.80720148994303,-420.4925652003975
3986.5,176.49351779775066,-420.10320353334225
3987.0,176.17982352752938,-419.71385037489034
3987.5,175.86612014037564,-419.32450455402017
3988.0,175.55240915203848,-418.935164857796
3988.5,175.23868768346583,-418.5458335981278
3989.0,174.92495614041678,-418.1565104512144
3989.5,174.6112139473232,-417.7671958820168
3990.0,174.29746142176631,-417.37788964110047
3990.5,173.9836995807756,-416.9885909159513
3991.0,173.66992866778992,-416.5992994982369
3991.5,173.35614799062625,-416.2100159453104
3992.0,173.04235843487254,-415.8207395488117
3992.5,172.72855881705928,-415.4314712687738
3993.0,172.4147486296453,-415.0422115231889
3993.5,172.10092879351177,-414.6529595837061
3994.0,171.78709820647802,-414.2637163310413
3994.5,171.4732546954685,-413.87448352412406
3995.0,171.15939725484463,-413.48526196150186
3995.5,170.84552744954556,-413.09605035751474
3996.0,170.53164832690715,-412.70684622846625
3996.5,170.21775646007504,-412.31765235447557
3997.0,169.90385210369462,-411.92846853154873
3997.5,169.58993934766812,-411.53929147734203
3998.0,169.2760198305271,-411.1501198750452
3998.5,168.96209434808955,-410.7609530906421
3999.0,168.64816192846098,-410.3717919422952
3999.5,168.33422337956313,-409.9826358164411
4000.0,168.02028262449969,-409.59348158166307
4000.5,167.70633733845116,-409.20433110586237
4001.0,167.3923855885562,-408.81518591374453
4001.5,167.07842725642547,-408.42604603446495
4002.0,166.76446398045553,-408.0369100751464
4002.5,166.4504983850407,-407.6477758895525
4003.0,166.1365299397582,-407.25864390168795
4003.5,165.82255903755686,-406.8695138112952
4004.0,165.50858718315862,-406.48038444064537
4004.5,165.19462002659307,-406.0912512764676
4005.0,164.88065686127078,-405.7021149372922
4005.5,164.5666945211501,-405.3129780099523
4006.0,164.25273121145406,-404.92384195206864
4006.5,163.93876627310408,-404.53470728787323
4007.0,163.6248019377907,-404.14557222325533
4007.5,163.31083900115902,-403.75643606712225
4008.0,162.99687439179652,-403.3673012355597
4008.5,162.68290737141464,-402.97816828578704
4009.0,162.36893848469572,-402.5890367510677
4009.5,162.05496938367762,-402.1999052516474
4010.0,161.74099850387108,-401.8107751315623
4010.5,161.4270254047008,-401.42164677818056
4011.0,161.1130506180587,-401.0325197728614
4011.5,160.79907497384548,-400.64339345098676
4012.0,160.48509791106196,-400.25426827776784
4012.5,160.17112069382244,-399.8651432472917
4013.0,159.85714564123154,-399.47601649578763
4013.5,159.54317179137527,-399.0868887940258
4014.0,159.22919777641607,-398.6977612397662
4014.5,158.91522599650602,-398.3086319177905
4015.0,158.60126145134495,-397.9194967962311
4015.5,158.28730622784306,-397.5303541628771
4016.0,157.97335886670984,-397.141205169948
4016.5,157.65941574801727,-396.7520527164267
4017.0,157.34546887403067,-396.3629032429867
4017.5,157.03151659875482,-395.97375810496624
4018.0,156.7175609737697,-395.5846156662375
4018.5,156.40360101065207,-395.195476728486
4019.0,156.08963523076773,-394.80634248143224
4019.5,155.7756614580467,-394.417214654317
4020.0,155.46168354682322,-394.0280901667509
4020.5,155.14770213891381,-393.6389685276305
4021.0,154.8337156943511,-393.2498509864354
4021.5,154.5197227592658,-392.8607387140948
4022.0,154.20572357243935,-392.4716315003231
4022.5,153.89171803724165,-392.0825294871346
4023.0,153.5777106150448,-391.693429018599
4023.5,153.26370395215423,-391.30432793848115
4024.0,152.94969979106367,-390.91522483132013
4024.5,152.6356953575385,-390.52612195155183
4025.0,152.32168755796172,-390.1370217773709
4025.5,152.00767782168646,-389.74792315767274
4026.0,151.69366766560952,-389.35882487304747
4026.5,151.37965858755726,-388.96972571831714
4027.0,151.06564578879326,-388.580629498844
4027.5,150.7516353019035,-388.1915313562329
4028.0,150.437633347369,-387.80242629525
4028.5,150.1236420349699,-387.4133126286505
4029.0,149.80966025394628,-387.0241912639132
4029.5,149.49567710895968,-386.6350710065681
4030.0,149.18168996606948,-386.2459539775622
4030.5,148.86769697110302,-385.85684166719506
4031.0,148.5536949709021,-385.46773661768907
4031.5,148.2396759007108,-385.07864534136644
4032.0,147.92563805253093,-384.6895692182025
4032.5,147.6115890340885,-384.3005021122029
4033.0,147.2975282457334,-383.911444507825
4033.5,146.98345364135767,-383.5223980601354
4034.0,146.66935466894026,-383.1333713153548
4034.5,146.35522584372154,-382.74436868934566
4035.0,146.04106807541916,-382.3553894338981
4035.5,145.72688287762787,-381.96643231797367
4036.0,145.41267394323603,-381.57749435184064
4036.5,145.09843513329812,-381.1885805186057
4037.0,144.7841755502943,-380.79968347052073
4037.5,144.46989627395217,-380.4108023377596
4038.0,144.15559853923494,-380.0219361270709
4038.5,143.8412823474008,-379.63308484912346
4039.0,143.52695502620136,-379.2442426158642
4039.5,143.2126260336815,-378.85540181561936
4040.0,142.89829831388144,-378.4665600946561
4040.5,142.583974153735,-378.0777156138228
4041.0,142.26965903243388,-377.688863814392
4041.5,141.95535422916558,-377.30000366712204
4042.0,141.6410552374822,-376.91113876603254
4042.5,141.32676067954026,-376.5222702104531
4043.0,141.0124716786607,-376.1333971046325
4043.5,140.69819048299388,-375.74451763214205
4044.0,140.38390853340863,-375.3556387097888
4044.5,140.0696231945085,-374.96676248962785
4045.0,139.755332272372,-374.5778907776847
4045.5,139.4410304331343,-374.1890279921693
4046.0,139.12671392665206,-373.80017727019043
4046.5,138.81238003659502,-373.41134078875695
4047.0,138.4980259763198,-373.0225207856757
4047.5,138.18364669614064,-372.6337213226313
4048.0,137.8692336518157,-372.24494918186457
4048.5,137.55479108594125,-371.8562009075062
4049.0,137.2403172576786,-371.4674778408449
4049.5,136.9258107953595,-371.0787810211004
4050.0,136.61126135203833,-370.69011876363123
4050.5,136.2966807326087,-370.301481580919
4051.0,135.98207233806363,-369.91286676407077
4051.5,135.6674380972043,-369.52427279086464
4052.0,135.35277746973316,-369.1357001648591
4052.5,135.03809890714209,-368.7471421780364
4053.0,134.72340732111888,-368.35859487100737
4053.5,134.40870391219903,-367.97005729490945
4054.0,134.09398961049416,-367.581528725366
4054.5,133.7792705297809,-367.1930041668305
4055.0,133.46455434568776,-366.80447728680286
4055.5,133.14984154998973,-366.41594766738194
4056.0,132.83513241440883,-366.02741506572875
4056.5,132.52042877795634,-365.6388778930469
4057.0,132.20572733159352,-365.25033876752474
4057.5,131.89102644821926,-364.86179903821807
4058.0,131.57632581658402,-364.47325898142105
4058.5,131.2616269123511,-364.0847174435748
4059.0,130.946933117204,-363.6961717229679
4059.5,130.63224457195898,-363.30762172656506
4060.0,130.31755982816108,-362.9190686392278
4060.5,130.00287592794788,-362.5305148720321
4061.0,129.68818736055326,-362.14196494179663
4061.5,129.37349443189214,-361.7534185909276
4062.0,129.05879907983694,-361.3648742341544
4062.5,128.74410352352422,-360.9763300554349
4063.0,128.42940848340734,-360.5877854306588
4063.5,128.1147102691639,-360.1992433948111
4064.0,127.8000099240361,-359.8107030837196
4064.5,127.48530807271369,-359.42216398065267
4065.0,127.17060375711772,-359.03362688051647
4065.5,126.85589478954627,-358.64509354543253
4066.0,126.54117839003274,-358.2565662155391
4066.5,126.22645341033669,-357.86804581778966
4067.0,125.91171968628123,-357.479532492201
4067.5,125.59697965714771,-357.091024246765
4068.0,125.28223726831797,-356.7025178921746
4068.5,124.96749342443617,-356.3140126948737
4069.0,124.65274796890577,-355.9255087747566
4069.5,124.33800410437026,-355.53700357921167
4070.0,124.02326565181913,-355.1484940512785
4070.5,123.70853504606504,-354.7599782376075
4071.0,123.39381606763727,-354.3714531030259
4071.5,123.07911494727001,-353.9829135946489
4072.0,122.76442664495234,-353.59436379961573
4072.5,122.44975291234513,-353.2058023450113
4073.0,122.13509681627069,-352.81722681159135
4073.5,121.82046780367638,-352.42862959386576
4074.0,121.50585336527071,-352.0400205423467
4074.5,121.19125175380478,-351.65140099692695
4075.0,120.87666131477192,-351.26277222647076
4075.5,120.56210042868778,-350.8741192939751
4076.0,120.24755479096302,-350.4854538395424
4076.5,119.93302204727311,-350.096777820923
4077.0,119.61850022149449,-349.7080928869355
4077.5,119.30400004662063,-349.31939038244934
4078.0,118.98951306102472,-348.93067722384865
4078.5,118.6750312251711,-348.54195993651126
4079.0,118.36054823617064,-348.1532436405869
4079.5,118.04606038402319,-347.7645314324856
4080.0,117.73157188484392,-347.37581972853167
4080.5,117.41707761298244,-346.9871126748008
4081.0,117.10257321658028,-346.5984137949414
4081.5,116.78804629950262,-346.209733183551
4082.0,116.47349268828647,-345.8210741972194
4082.5,116.15891324626604,-345.43243610707066
4083.0,115.84430703132053,-345.043819652453
4083.5,115.52965951227088,-344.65523654143806
4084.0,115.21497286158005,-344.2666850753192
4084.5,114.90024955547527,-343.87816328086575
4085.0,114.58548942829121,-343.489671313443
4085.5,114.27067900975335,-343.10122008972104
4086.0,113.95583097923786,-342.71279933678494
4086.5,113.64094911992797,-342.32440599447403
4087.0,113.32603449601409,-341.9360392052861
4087.5,113.01107528948741,-341.5477085726372
4088.0,112.69608818518277,-341.15940056236633
4088.5,112.3810767199624,-340.77111231071854
4089.0,112.06604281002608,-340.3828422674357
4089.5,111.75098499712958,-339.9945916182176
4090.0,111.43591729525383,-339.6063489900485
4090.5,111.12084074643083,-339.2181135398726
4091.0,110.80575600537811,-338.8298847387486
4091.5,110.49066211757417,-338.4416633600452
4092.0,110.17556456165804,-338.0534449560871
4092.5,109.86046591011743,-337.6652274405816
4093.0,109.54536919055168,-337.2770083581737
4093.5,109.23028412220815,-336.88877983448026
4094.0,108.91520775521279,-336.5005442507696
4094.5,108.6001406435499,-336.11230115923934
4095.0,108.28508472307718,-335.72404899296185
4095.5,107.97004575526222,-335.33578311076235
4096.0,107.655022761919,-334.94750426928624
4096.5,107.34001481832323,-334.55921321721524
4097.0,107.0250215057929,-334.1709102986654
4097.5,106.71003960206997,-333.78259813773053
4098.0,106.3950698349237,-333.3942761691051
4098.5,106.08011317104068,-333.00594361951255
4099.0,105.76517356225959,-332.61759731109464
4099.5,105.4502419117541,-332.2292444528085
4100.0,105.13531532665539,-331.84088744781724
4100.5,104.82039332056773,-331.4525267135863
4101.0,104.50547741100138,-331.06416107002724
4101.5,104.19055899689397,-330.6757974917443
4102.0,103.87563622566637,-330.28743746170375
4102.5,103.5607075448616,-329.89908222511275
4103.0,103.24576592627083,-329.51073739018045
4103.5,102.93081473453263,-329.1224003000013
4104.0,102.61585474637317,-328.7340703479163
4104.5,102.3008857638013,-328.34574771466816
4105.0,101.98589832201536,-327.957440015032
4105.5,101.67089535994654,-327.56914488768194
4106.0,101.35587720012418,-327.1808620738659
4106.5,101.04084225697356,-326.79259286186783
4107.0,100.72578864853064,-326.4043387917016
4107.5,100.41072020070769,-326.01609676804827
4108.0,100.0956362685578,-325.62786732437877
4108.5,99.78053131546604,-325.2396549856068
4109.0,99.46540737460563,-324.85145806920684
4109.5,99.15027023131057,-324.4632718585397
4110.0,98.83512039241154,-324.07509593714695
4110.5,98.51995153102692,-323.6869354517067
4111.0,98.20477329117426,-323.29878257004265
4111.5,97.88958776966696,-322.9106355948943
4112.0,97.574395616983,-322.52249400092876
4112.5,97.25919406750528,-322.134360025957
4113.0,96.94398765363019,-321.74623000887703
4113.5,96.62877721912109,-321.35810327076706
4114.0,96.31356346143774,-320.96997925754454
4114.5,95.99835145858097,-320.58185389071525
4115.0,95.68313957053041,-320.19372841471466
4115.5,95.36792816615562,-319.80560251509297
4116.0,95.05271971231302,-319.41747417008327
4116.5,94.73752368740136,-319.02933571301634
4117.0,94.42233665384374,-318.6411899572758
4117.5,94.10715792216193,-318.253037474356
4118.0,93.79198767880116,-317.86487816788303
4118.5,93.47682385376376,-317.4767137613144
4119.0,93.16166605039888,-317.08854456261946
4119.5,92.84651501719772,-316.7003699676144
4120.0,92.53137658713298,-316.31218524704167
4120.5,92.21624919185352,-315.92399159688927
4121.0,91.90113311317711,-315.53578877343836
4121.5,91.58603178865336,-315.147573959587
4122.0,91.27094391171619,-314.75934824381534
4122.5,90.95586536355037,-314.37111491041054
4123.0,90.64079575786481,-313.9828742448325
4123.5,90.32574204265332,-313.5946205251212
4124.0,90.01070322605177,-313.20635459782204
4124.5,89.69567852635367,-312.81807713406596
4125.0,89.38067031123062,-312.42978623685207
4125.5,89.06567968630965,-312.0414810709835
4126.0,88.75069820451291,-311.6531684998198
4126.5,88.43572484055538,-311.2648493583661
4127.0,88.12076021236189,-310.87652315705213
4127.5,87.80580608889001,-310.4881884829637
4128.0,87.49085939363206,-310.09984782281947
4128.5,87.17591945106777,-309.711501724348
4129.0,86.86097749371335,-309.32315723690726
4129.5,86.54603027045503,-308.9348169756846
4130.0,86.23107944977427,-308.5464795950265
4130.5,85.91612728001083,-308.1581432762209
4131.0,85.60117671344334,-307.7698056280454
4131.5,85.28622586443836,-307.38146819995063
4132.0,84.97127476438736,-306.9931309712897
4132.5,84.65632775598424,-306.60479042860885
4133.0,84.34138532787898,-306.2164461810774
4133.5,84.02644785540602,-305.8280979192369
4134.0,83.71151699998259,-305.43974429199176
4134.5,83.39659594188271,-305.0513827408495
4135.0,83.08168459256675,-304.66301332546306
4135.5,82.76678306484267,-304.2746359573538
4136.0,82.45189370984106,-303.88624875209916
4136.5,82.13701532403988,-303.49785265294526
4137.0,81.82214672111539,-303.1094486300197
4137.5,81.50728902814092,-302.72103577582624
4138.0,81.19244885441209,-302.33260876197727
4138.5,80.87761961534969,-301.94417290323497
4139.0,80.56280044064223,-301.5557288963387
4139.5,80.24799215162017,-301.16727605327173
4140.0,79.93319329334828,-300.7788155216344
4140.5,79.61839964047374,-300.39035074656596
4141.0,79.30361011528413,-300.0018826068516
4141.5,78.9888225805977,-299.6134128283664
4142.0,78.6740361020703,-299.2249421739385
4142.5,78.35924984215818,-298.83647132595473
4143.0,78.04446181116394,-298.4480019006067
4143.5,77.72966984206678,-298.0595356877894
4144.0,77.41487632589903,-297.6710707411034
4144.5,77.10008188237312,-297.2826065564365
4145.0,76.78528578402408,-296.89414370604413
4145.5,76.47049090844675,-296.5056798730078
4146.0,76.15569861951838,-296.1172139547321
4146.5,75.84091289039758,-295.72874274135694
4147.0,75.52613947884926,-295.3402615522089
4147.5,75.21137338571667,-294.95177442084105
4148.0,74.89661377898337,-294.56328201451646
4148.5,74.58185988499837,-294.1747849475884
4149.0,74.26711157945282,-293.7862833475705
4149.5,73.95236908038021,-293.3977770393541
4150.0,73.63763514464364,-293.0092637915081
4150.5,73.32290302667765,-292.62074906678293
4151.0,73.00817171613247,-292.23223368668346
4151.5,72.693440958101,-291.8437178586162
4152.0,72.37870975596977,-291.4552024060337
4152.5,72.06397723856175,-291.06668802964606
4153.0,71.74924322335454,-290.67817487607454
4153.5,71.43450661745138,-290.2896638304855
4154.0,71.11976739856411,-289.9011549002474
4154.5,70.8050253420667,-289.5126482714222
4155.0,70.49027974996898,-289.1241445119493
4155.5,70.17553044077225,-288.73564377340233
4156.0,69.86077768653927,-288.3471458349003
4156.5,69.54602172220719,-287.9586505015451
4157.0,69.23126245215254,-287.5701578320766
4157.5,68.91650223293797,-287.1816659221223
4158.0,68.60174089741528,-286.7931749075144
4158.5,68.28697795966536,-286.4046851792873
4159.0,67.97221314615503,-286.0161969643949
4159.5,67.657446816661,-285.6277099734614
4160.0,67.34267884993491,-285.23922430484424
4160.5,67.02790776505901,-284.8507411573354
4161.0,66.7131350790373,-284.46225930652844
4161.5,66.39836055627875,-284.0737789421492
4162.0,66.08358305065337,-283.68530099051947
4162.5,65.76880541297325,-283.2968231433878
4163.0,65.45402721451492,-282.90834574995375
4163.5,65.139248312291,-282.5198689264489
4164.0,64.82446886580291,-282.131392544393
4164.5,64.5096886651104,-281.7429167738998
4165.0,64.19490872489662,-281.35444079253494
4165.5,63.88013196076082,-280.96596223723463
4166.0,63.56536286792153,-280.57747748128827
4166.5,63.2505996580961,-280.1889879655188
4167.0,62.93584301742214,-279.80049313160856
4167.5,62.62109488729486,-279.4119914066986
4168.0,62.306353934596665,-279.0234838740926
4168.5,61.99162174694112,-278.63496925224683
4169.0,61.67691293953032,-278.2464357367071
4169.5,61.362222522365265,-277.8578873502717
4170.0,61.04754719807766,-277.4693267518005
4170.5,60.732889996963586,-277.0807514779216
4171.0,60.4182526968604,-276.692160097573
4171.5,60.103629522157185,-276.3035572690532
4172.0,59.78902052518379,-275.91494294449393
4172.5,59.474430519857336,-275.52631321009113
4173.0,59.15984976944922,-275.1376759683036
4173.5,58.84527787389081,-274.749031546954
4174.0,58.530718066610845,-274.3603773346683
4174.5,58.216166108804046,-273.9717167501787
4175.0,57.90161751292081,-273.5830534338921
4175.5,57.58707068950625,-273.194388673795
4176.0,57.272521459039325,-272.8057258705013
4176.5,56.95796860386249,-272.4170660143426
4177.0,56.64341168406028,-272.0284094634478
4177.5,56.328847130410864,-271.6397591240392
4178.0,56.01427571597896,-271.2511143696868
4178.5,55.699697183582714,-270.86247540642916
4179.0,55.385107208878225,-270.47384574733957
4179.5,55.070504482961574,-270.08522646688766
4180.0,54.755894077456944,-269.6966134203851
4180.5,54.44127624795101,-269.308006390855
4181.0,54.1266464480333,-268.9194090477035
4181.5,53.81201059670086,-268.53081658509734
4182.0,53.497369121042276,-268.14222865272376
4182.5,53.18272113374948,-267.75364593537097
4183.0,52.8680695985999,-267.3650660380578
4183.5,52.553416552638815,-266.9764873276355
4184.0,52.23876362611624,-266.58790848425633
4184.5,51.92411387839209,-266.19932704953254
4185.0,51.60946922149696,-265.81074149095093
4185.5,51.294830910911045,-265.422150795829
4186.0,50.980208764503196,-265.0335470559814
4186.5,50.66559946049823,-264.64493295646
4187.0,50.35100304991211,-264.25630845141615
4187.5,50.036426194759606,-263.8676681393694
4188.0,49.721864288755846,-263.4790157388317
4188.5,49.40731572398767,-263.09035255761495
4189.0,49.09278592077086,-262.7016742256153
4189.5,48.778283468826125,-262.3129737635191
4190.0,48.46379716149021,-261.9242602154056
4190.5,48.14932667089909,-261.5355338360108
4191.0,47.83487618254087,-261.14679118672626
4191.5,47.52043323118488,-260.7580424126165
4192.0,47.205997283124844,-260.3692879519035
4192.5,46.891570079944636,-259.9805264183587
4193.0,46.577144817666735,-259.5917633362845
4193.5,46.262719973668524,-259.2029999534427
4194.0,45.94829356798783,-258.8142379186836
4194.5,45.63386490574955,-258.4254778469678
4195.0,45.31943303687241,-258.0367204759687
4195.5,45.004996696038916,-257.6479668467768
4196.0,44.69054874180594,-257.259222774524
4196.5,44.3760913313528,-256.87048638839525
4197.0,44.061624184211,-256.481757899684
4197.5,43.747141027449416,-256.0930422937181
4198.0,43.43264796491891,-255.70433461020303
4198.5,43.11814685421089,-255.3156333600715
4199.0,42.803636461193655,-254.92693951918002
4199.5,42.489123645053816,-254.538247532705
4200.0,42.174609923300736,-254.1495561985724
4200.5,41.860095982017,-253.76086494215923
4201.0,41.54558893423713,-253.3721680210566
4201.5,41.23109024749402,-252.98346432333227
4202.0,40.9166012780813,-252.5947527649307
4202.5,40.60213197385336,-252.206025356141
4203.0,40.28767623712099,-251.8172870184288
4203.5,39.97323468236654,-251.42853726608627
4204.0,39.65881986830325,-251.03976605157638
4204.5,39.34442925305883,-250.6509753962759
4205.0,39.030057707670224,-250.26216939679747
4205.5,38.715710176578554,-249.8733440197193
4206.0,38.401385974122014,-249.4844997504876
4206.5,38.087077676287045,-249.0956425928192
4207.0,37.77278786345416,-248.70677044843052
4207.5,37.4585158032954,-248.31788388127597
4208.0,37.14425231141007,-247.92899033622166
4208.5,36.82999679962548,-247.54009028659314
4209.0,36.51575463190739,-247.15117935981127
4209.5,36.20151855188551,-246.76226345994112
4210.0,35.88728813810061,-246.37334293048116
4210.5,35.57306401066545,-245.98441725951037
4211.0,35.258842234097294,-245.595489674708
4211.5,34.944622115004755,-245.20656074233747
4212.0,34.630403585828645,-244.8176305225067
4212.5,34.31618528622508,-244.42870011959891
4213.0,34.00196614097894,-244.03977040237123
4213.5,33.68774491783237,-243.65084236775127
4214.0,33.37351625008716,-243.26192035022737
4214.5,33.05928381344334,-242.87300137952357
4215.0,32.74504768602795,-242.48408539277466
4215.5,32.430810204473126,-242.09517049298637
4216.0,32.116570438797986,-241.7062574370938
4216.5,31.802328126354677,-241.31734643759876
4217.0,31.488079197123874,-240.92844078309966
4217.5,31.173826451631122,-240.53953821195736
4218.0,30.85957084774923,-240.15063795017858
4218.5,30.545313507590144,-239.76173909076752
4219.0,30.23105251346749,-239.37284318301374
4219.5,29.91678875623454,-238.98394950760195
4220.0,29.60252135494682,-238.5950587768537
4220.5,29.28825516296179,-238.20616707088334
4221.0,28.973990962774057,-237.81727375886612
4221.5,28.659730187723923,-237.42837768512837
4222.0,28.34547468490226,-237.039477357154
4222.5,28.031223800765407,-236.6505732977902
4223.0,27.716978362294533,-236.26166483782706
4223.5,27.40274637478644,-235.87274550244697
4224.0,27.08852319048043,-235.48381905233433
4224.5,26.774308956406713,-235.09488536884732
4225.0,26.460111761346692,-234.70593791402177
4225.5,26.145925396156755,-234.31698172348706
4226.0,25.831748958045484,-233.92801753094193
4226.5,25.517587774642923,-233.53904107326835
4227.0,25.203439867160867,-233.15005394263957
4227.5,24.88930222670453,-232.76105856891635
4228.0,24.57517838616835,-232.372052144515
4228.5,24.261063563673535,-231.98303859689472
4229.0,23.946954905720844,-231.59402017218721
4229.5,23.632854014886572,-231.2049955920204
4230.0,23.3187636084244,-230.81596252930234
4230.5,23.00468125575623,-230.42692294186136
4231.0,22.69060933679904,-230.03787489692226
4231.5,22.37655172293178,-229.64881522449468
4232.0,22.062500562147857,-229.25975025250392
4232.5,21.748455713413506,-228.87068007642605
4233.0,21.434421978774413,-228.48160074173634
4233.5,21.120396392250278,-228.09251477967067
4234.0,20.806379028506182,-227.70342213705467
4234.5,20.49237437489417,-227.31431924027194
4235.0,20.178375035232634,-226.92521214382444
4235.5,19.864381039017996,-226.5361008246691
4236.0,19.550398491266154,-226.14698046017062
4236.5,19.236426200344503,-225.75785194641998
4237.0,18.92246220140372,-225.36871686017213
4237.5,18.60850992159674,-224.9795725434033
4238.0,18.294567211563095,-224.59042060786166
4238.5,17.980632887546864,-224.2012619197928
4239.0,17.666712894549978,-223.81209156082394
4239.5,17.35281034766681,-223.42290694537328
4240.0,17.038918370019108,-223.03371369363495
4240.5,16.725038718380745,-222.64451037091692
4241.0,16.41116469865165,-222.2553023449867
4241.5,16.097294604876733,-221.8660910546724
4242.0,15.783429554156188,-221.47687557984412
4242.5,15.469571312047947,-221.08765456824537
4243.0,15.15571601300051,-220.69843117873248
4243.5,14.841863631651712,-220.30920543949796
4244.0,14.52800872802022,-219.91998179546846
4244.5,14.21415196576928,-219.53075971240824
4245.0,13.90029321396718,-219.1415393024034
4245.5,13.586429194189645,-218.7523232028398
4246.0,13.272559564744121,-218.36311161841866
4246.5,12.958684031629286,-217.9739047858353
4247.0,12.644792124470506,-217.5847111708201
4247.5,12.330892007140706,-217.19552416980522
4248.0,12.016984248222721,-216.80634332277506
4248.5,11.703063808035271,-216.41717266951048
4249.0,11.38913592605624,-216.0280079831774
4249.5,11.07520137199608,-215.63884864298134
4250.0,10.761254461649486,-215.24969918567848
4250.5,10.447297226352301,-214.8605580272748
4251.0,10.133332410915036,-214.47142296891644
4251.5,9.819357802880884,-214.0822958165683
4252.0,9.505382745711861,-213.69316902736105
4252.5,9.191408291855032,-213.3040417590164
4253.0,8.87743674375945,-212.91491217270638
4253.5,8.563468960949132,-212.5257796392488
4254.0,8.249504526864321,-212.1366444499056
4254.5,7.935545897534086,-211.74750461619425
4255.0,7.621593985820813,-211.3583593552934
4255.5,7.3076477549402155,-210.9692095197992
4256.0,6.993710477655019,-210.58005248651682
4256.5,6.679785679803561,-210.19088538082377
4257.0,6.365868521419345,-209.80171210461288
4257.5,6.051961012748203,-209.4125310307169
4258.0,5.7380706608021566,-209.0233360715111
4258.5,5.424191531457884,-208.6341320412866
4259.0,5.110326593990515,-208.2449165456135
4259.5,4.7964787859544495,-207.8556872308141
4260.0,4.482639335940865,-207.4664511667597
4260.5,4.168809079428536,-207.07720767606853
4261.0,3.8549927135765047,-206.6879529185935
4261.5,3.5411815244286253,-206.29869397200937
4262.0,3.2273754905992442,-205.90943085702915
4262.5,2.9135742458014136,-205.520163898365
4263.0,2.5997797490076935,-205.13089152169923
4263.5,2.285993001134327,-204.74161292328137
4264.0,1.97222171465926,-204.35232193742286
4264.5,1.658456357898312,-203.96302624697816
4265.0,1.3446968633500007,-203.57372590994422
4265.5,1.0309407287354388,-203.18442298701908
4266.0,0.7171864910027833,-202.79511859676273
4266.5,0.40343416848575053,-202.4058127221442
4267.0,0.08968672506719066,-202.0165028824585
4267.5,-0.22405778760688536,-201.6271906318871
4268.0,-0.5377993260103636,-201.23787593531029
4268.5,-0.851531969631554,-200.8485539408626
4269.0,-1.1652612968681342,-200.45922920140472
4269.5,-1.478987681855256,-200.06990202549554
4270.0,-1.792711158571886,-199.68057242240326
4270.5,-2.10643324246882,-199.29124166919087
4271.0,-2.420153822747086,-198.901909683116
4271.5,-2.733868825592729,-198.5125732089267
4272.0,-3.047577817975633,-198.1232319093143
4272.5,-3.3612810186532815,-197.73388595921847
4273.0,-3.6749690842517726,-197.34452785058735
4273.5,-3.9886455320711844,-196.95516038202894
4274.0,-4.302311883447474,-196.56578477765294
4274.5,-4.615959148393873,-196.17639378142425
4275.0,-4.929592122508048,-195.78699126688122
4275.5,-5.243213196036422,-195.39757916031616
4276.0,-5.556813868611145,-195.0081506087741
4276.5,-5.870400063506895,-194.61871038982684
4277.0,-6.183974215900696,-194.2292604670593
4277.5,-6.49752665524794,-193.83979305456774
4278.0,-6.811064662348101,-193.4503140234172
4278.5,-7.124591299633323,-193.06082583897148
4279.0,-7.438100210902039,-192.67132338390874
4279.5,-7.7515965634265385,-192.28181082087093
4280.0,-8.06508283409242,-191.89229014391856
4280.5,-8.378551759986788,-191.5027555106532
4281.0,-8.692012431748127,-191.1132142418636
4281.5,-9.005466903684272,-190.72366798781658
4282.0,-9.318912707046147,-190.33411475673577
4282.5,-9.632351124953889,-189.94455559174315
4283.0,-9.945783908974859,-189.55499189940033
4283.5,-10.2592082060524,-189.1654213829074
4284.0,-10.572626800707926,-188.7758462797907
4284.5,-10.886040486099796,-188.38626722773876
4285.0,-11.199443631363149,-187.99667969602376
4285.5,-11.512842580628975,-187.60708880066377
4286.0,-11.82623816534375,-187.21749520338034
4286.5,-12.139627767567422,-186.82789677492877
4287.0,-12.453012653380272,-186.43829454303025
4287.5,-12.766393926625389,-186.0486893989128
4288.0,-13.07976988694971,-185.65907997860822
4288.5,-13.393143800557683,-185.26946890677235
4289.0,-13.706516134128007,-184.87985656092303
4289.5,-14.0198861883047,-184.49024238387668
4290.0,-14.333256859637723,-184.10062870804617
4290.5,-14.646628153332474,-183.7110155365001
4291.0,-14.960001464752272,-183.32140399253518
4291.5,-15.273374904421578,-182.93179256250312
4292.0,-15.586748542451032,-182.54218130045734
4292.5,-15.90012339142726,-182.1525710225567
4293.0,-16.213501042462735,-181.7629629872393
4293.5,-16.526881287009896,-181.37335702937054
4294.0,-16.840268730674534,-180.98375685740268
4294.5,-17.15366069563622,-180.5941603173771
4295.0,-17.46705647394476,-180.20456684047693
4295.5,-17.7804571120465,-179.81497726519862
4296.0,-18.093857286230758,-179.42538731580132
4296.5,-18.40725690705759,-179.03579692070326
4297.0,-18.72065189130338,-178.64620280198582
4297.5,-19.03404316785293,-178.25660570176754
4298.0,-19.34743097863504,-177.86700581453542
4298.5,-19.660811644291915,-177.4774001775963
4299.0,-19.974188954719583,-177.08779184208078
4299.5,-20.28756295301325,-176.6981808426499
4300.0,-20.600926885801023,-176.30856174381194
4300.5,-20.91428432885484,-175.91893742395408
4301.0,-21.227634835874685,-175.52930752404046
4301.5,-21.540973822738675,-175.13966836639014
4302.0,-21.85430807320834,-174.75002540684528
4302.5,-22.167637112465826,-174.36037826468717
4303.0,-22.480953829830295,-173.97072125489103
4303.5,-22.794264533909626,-173.58105942371617
4304.0,-23.107568225766816,-173.19139196925042
4304.5,-23.420863046722697,-172.8017173682667
4305.0,-23.73415349877159,-172.41203925026812
4305.5,-24.047438637293094,-172.0223568555794
4306.0,-24.36071812770353,-171.63266991179069
4306.5,-24.673994726660734,-171.24298062872754
4307.0,-24.98726764127706,-170.85328836036578
4307.5,-25.300532908258972,-170.46358992640472
4308.0,-25.613794084165185,-170.07388820275648
4308.5,-25.927049791129836,-169.68418208691767
4309.0,-26.240300274050316,-169.29447179200926
4309.5,-26.553549111641587,-168.90476020020117
4310.0,-26.866796807510827,-168.51504773970652
4310.5,-27.18004610609941,-168.12533661884544
4311.0,-27.493296518150434,-167.73562642277508
4311.5,-27.806548788425044,-167.34591776358837
4312.0,-28.119800272321264,-166.95620846733726
4312.5,-28.43305049033488,-166.56649813964924
4313.0,-28.746297310673125,-166.17678503930554
4313.5,-29.059539964766913,-165.78706854233826
4314.0,-29.372779361685,-165.3973493954807
4314.5,-29.686012091892483,-165.00762483776197
4315.0,-29.999238509185588,-164.61789518488766
4315.5,-30.312460144148286,-164.2281616808105
4316.0,-30.625672224136085,-163.83842051576764
4316.5,-30.938874459021594,-163.44867150930315
4317.0,-31.25206856671252,-163.05891602841734
4317.5,-31.565243314298517,-162.6691451162214
4318.0,-31.87840485422143,-162.27936366419337
4318.5,-32.19155553157118,-161.8895735428864
4319.0,-32.504685134697844,-161.49976658960435
4319.5,-32.81780134649639,-161.1099489142711
4320.0,-33.13090558727592,-160.7201216534312
4320.5,-33.443987466865465,-160.33027640174447
4321.0,-33.757058709147756,-159.94042258841566
4321.5,-34.07011856475933,-159.5505596103051
4322.0,-34.38315725177585,-159.16067953479507
4322.5,-34.69618901344418,-158.77079383110762
4323.0,-35.009212908422974,-158.3809017281208
4323.5,-35.32222363831288,-157.99099894838315
4324.0,-35.63522742183604,-157.60109055674246
4324.5,-35.94822209581115,-157.21117481242365
4325.0,-36.261205697466934,-156.82125013724087
4325.5,-36.574184456763575,-156.4313215666828
4326.0,-36.88715714013347,-156.04138811687886
4326.5,-37.2001237262042,-155.65144981350485
4327.0,-37.51308654392657,-155.26150850931785
4327.5,-37.826043342573506,-154.871562410769
4328.0,-38.1389923994057,-154.4816101283172
4328.5,-38.45193599285858,-154.09165347761132
4329.0,-38.764869335714174,-153.70168862318204
4329.5,-39.07779165389936,-153.3117149269816
4330.0,-39.39070650727707,-152.92173523882312
4330.5,-39.70360835913428,-152.53174509470796
4331.0,-40.01650144189207,-152.14174789349897
4331.5,-40.32938815459844,-151.7517455638499
4332.0,-40.642264428957326,-151.3617348136493
4332.5,-40.955134195856424,-150.9717188144198
4333.0,-41.267998579908095,-150.58169847413106
4333.5,-41.580853611286074,-150.19167061868578
4334.0,-41.893705133800516,-149.801639948259
4334.5,-42.20655308928679,-149.41160641618822
4335.0,-42.51939422809257,-149.02156742703858
4335.5,-42.8322318552575,-148.63152563323982
4336.0,-43.14506517186327,-148.24148039736752
4336.5,-43.45789482468466,-147.85143222308253
4337.0,-43.77072514354002,-147.46138458307502
4337.5,-44.08355738259739,-147.0713384832895
4338.0,-44.39638878405465,-146.68129179932416
4338.5,-44.70921974162954,-146.29124480956082
4339.0,-45.02205004794413,-145.90119737473134
4339.5,-45.33488244692711,-145.51115161857942
4340.0,-45.647716046242074,-145.12110682191937
4340.5,-45.9605515080038,-144.7310635073657
4341.0,-46.27338784164769,-144.3410209621782
4341.5,-46.5862258304152,-143.95097978213934
4342.0,-46.89907103457775,-143.5609444203675
4342.5,-47.211926839370165,-143.17091748786163
4343.0,-47.52479088155098,-142.78089710758363
4343.5,-47.83767372428409,-142.39089170392063
4344.0,-48.15056654972276,-142.00089425293595
4344.5,-48.463468053302186,-141.61090371535386
4345.0,-48.77638916158648,-141.22092887490453
4345.5,-49.08932075184329,-140.83096249461772
4346.0,-49.40226469290757,-140.4410060834004
4346.5,-49.71522886364161,-140.05106605900502
4347.0,-50.02820290823238,-139.6611340584927
4347.5,-50.341190222615445,-139.271212849271
4348.0,-50.65419361764509,-138.88130478878375
4348.5,-50.967205222430906,-138.49140342807732
4349.0,-51.2802288906183,-138.10151190021833
4349.5,-51.593263384974065,-137.71162906682116
4350.0,-51.9063031662655,-137.3217504600472
4350.5,-52.21934950963217,-136.93187705235408
4351.0,-52.53239698062498,-136.5420044677095
4351.5,-52.84544515369225,-136.1521323746279
4352.0,-53.158494345814205,-135.76226088460697
4352.5,-53.47154267353211,-135.37238853089605
4353.0,-53.78459006712351,-134.9825152992777
4353.5,-54.097630187535955,-134.592636046224
4354.0,-54.410663868001805,-134.20275159248314
4354.5,-54.723691074479945,-133.8128619105647
4355.0,-55.036705562087064,-133.42296201505485
4355.5,-55.34971354144986,-133.0330569056973
4356.0,-55.66271301473394,-132.6431449836768
4356.5,-55.975702438359924,-132.25322502047987
4357.0,-56.28868874207607,-131.8633025609957
4357.5,-56.60167174836244,-131.47337746328586
4358.0,-56.91465242492764,-131.08345047734971
4358.5,-57.22763212207543,-130.69352269446156
4359.0,-57.54061081412514,-130.3035940861984
4359.5,-57.853589804011065,-129.91366570794258
4360.0,-58.16656978753351,-129.52373812169705
4360.5,-58.47955539165217,-129.1338150385477
4361.0,-58.79254792495848,-128.74389752017592
4361.5,-59.10554602813445,-128.35398447538154
4362.0,-59.418561229170685,-127.96408517411601
4362.5,-59.73158681800225,-127.57419422430509
4363.0,-60.04462334952235,-127.18431207206511
4363.5,-60.35768245667376,-126.79444805289731
4364.0,-60.67075336841507,-126.40459351469231
4364.5,-60.983840520910874,-126.01475202026518
4365.0,-61.29695229668229,-125.62493029770586
4365.5,-61.61007796311803,-125.23511972670951
4366.0,-61.92322624376557,-124.84532730868943
4366.5,-62.23639900976377,-124.45555454828225
4367.0,-62.54958536070474,-124.0657926956794
4367.5,-62.862792964904024,-123.67604791192991
4368.0,-63.176017640486165,-123.28631685716029
4368.5,-63.489254277055004,-122.89659542354589
4369.0,-63.802514527336896,-122.50689300285592
4369.5,-64.11578915940595,-122.11720216802124
4370.0,-64.42907658394587,-121.7275216387011
4370.5,-64.74238232959962,-121.33785589380693
4371.0,-65.05569431547383,-120.9481951732388
4371.5,-65.36901421066196,-120.55854081976989
4372.0,-65.6823431590695,-120.16889374965801
4372.5,-65.99567696215647,-119.77925057378549
4373.0,-66.30901836301942,-119.38961348560056
4373.5,-66.62236715642871,-118.99998232874876
4374.0,-66.93571996347386,-118.61035439131116
4374.5,-67.2490792865203,-118.22073167848808
4375.0,-67.56244236085486,-117.83111197283296
4375.5,-67.87580786999574,-117.4414942172084
4376.0,-68.18917735535715,-117.05187963165673
4376.5,-68.50254948999027,-116.66226716792312
4377.0,-68.81592390640715,-116.27265653168419
4377.5,-69.12930983704844,-115.88305514477922
4378.0,-69.44269980093155,-115.49345699561923
4378.5,-69.75609494814704,-115.10386300729049
4379.0,-70.0694947051636,-114.7142727209652
4379.5,-70.38289734196576,-114.32468475117568
4380.0,-70.69630485044415,-113.93510070238258
4380.5,-71.00971872511653,-113.54552179243134
4381.0,-71.32313681583916,-113.15594628987394
4381.5,-71.63656377576889,-112.76637796433153
4382.0,-71.95000097936396,-112.37681791955647
4382.5,-72.2634453808877,-111.98726369278961
4383.0,-72.57690551325489,-111.59772217406575
4383.5,-72.89037251178442,-111.20818618824038
4384.0,-73.20384607585689,-110.818655493068
4384.5,-73.51733481046594,-110.42913697348871
4385.0,-73.83083176857625,-110.03962506098325
4385.5,-74.1443403713342,-109.65012250528687
4386.0,-74.45786444862478,-109.26063237293977
4386.5,-74.77139750383007,-108.87114944754701
4387.0,-75.08494643672759,-108.48167926712233
4387.5,-75.39851268357403,-108.092222995029
4388.0,-75.71208985789492,-107.70277550612832
4388.5,-76.02568919173041,-107.31334584904951
4389.0,-76.33930392806315,-106.9239286040609
4389.5,-76.65293028443271,-106.53452072314784
4390.0,-76.96658297405997,-106.14513406784368
4390.5,-77.28024754161427,-105.75575699033061
4391.0,-77.5939265301653,-105.36639154121815
4391.5,-77.9076260254728,-104.97704265850898
4392.0,-78.22133603379636,-104.58770226381627
4392.5,-78.53506263846387,-104.19837526614684
4393.0,-78.84880608679686,-103.80906184001599
4393.5,-79.16255990072402,-103.41975675668111
4394.0,-79.47633462831364,-103.03046848590341
4394.5,-79.79012464327819,-102.64119253502902
4395.0,-80.10392495353996,-102.25192488036969
4395.5,-80.41774371139546,-101.86267208250115
4396.0,-80.7315719521539,-101.47342691344936
4396.5,-81.04540991644824,-101.084189566799
4397.0,-81.35926743705258,-100.69496796653513
4397.5,-81.67313207311922,-100.30575210289886
4398.0,-81.98700664049233,-99.91654424894296
4398.5,-82.30088983478787,-99.5273433620615
4399.0,-82.61477772849702,-99.13814627436798
4399.5,-82.928674065526,-98.74895601924197
4400.0,-83.24257622293344,-98.3597704731934
4400.5,-83.55648228926341,-97.97058809019673
4401.0,-83.87039730817312,-97.58141295547227
4401.5,-84.18431890302811,-97.19224313149523
4402.0,-84.49824666345383,-96.80307828684624
4402.5,-84.81219058773746,-96.41392648023482
4403.0,-85.12614178966356,-96.02478053270616
4403.5,-85.44010354524822,-95.6356430793737
4404.0,-85.75407425977885,-95.2465128289903
4404.5,-86.06804938010455,-94.8573861227449
4405.0,-86.38203182091141,-94.46826530833772
4405.5,-86.69602397762317,-94.07915232260657
4406.0,-87.01002256192882,-93.69004451722354
4406.5,-87.3240359843062,-93.30094868028274
4407.0,-87.63805796989459,-92.91185975531285
4407.5,-87.9520878922039,-92.52277723662957
4408.0,-88.26613455531371,-92.13370823774629
4408.5,-88.58019072892186,-91.74464692111353
4409.0,-88.89426127000127,-91.35559721029519
4409.5,-89.20835253386446,-90.96656423214489
4410.0,-89.52245427858398,-90.57753971615121
4410.5,-89.83657414892443,-90.1885298335537
4411.0,-90.15070886004027,-89.79953193757866
4411.5,-90.4648533698288,-89.41054195484554
4412.0,-90.77902025485812,-89.0215700327035
4412.5,-91.0931989200819,-88.63260762358665
4413.0,-91.40738923792132,-88.2436546244695
4413.5,-91.72159834609567,-87.85471680355293
4414.0,-92.03581552153545,-87.4657855014679
4414.5,-92.35004485645028,-87.07686402575897
4415.0,-92.66429242641283,-86.6879572795383
4415.5,-92.97854846911349,-86.29905737943136
4416.0,-93.29281737160595,-85.91016787576095
4416.5,-93.60709623834678,-85.52128642230076
4417.0,-93.9213817271815,-85.13241031915396
4417.5,-94.23567937881771,-84.74354404800484
4418.0,-94.54997966031667,-84.35467990774141
4418.5,-94.86428294039452,-83.96581819712146
4419.0,-95.17859277166767,-83.5769617804865
4419.5,-95.49290663447319,-83.18810861875099
4420.0,-95.80722762813234,-82.79926121285476
4420.5,-96.12155051219106,-82.41041533860277
4421.0,-96.43587450064337,-82.0215703580015
4421.5,-96.75020077463287,-81.63272722279488
4422.0,-97.06453460237786,-81.24389018685866
4422.5,-97.3788740545154,-80.85505769233117
4423.0,-97.69323079878303,-80.4662391859835
4423.5,-98.00759372836924,-80.07742568230734
4424.0,-98.3219652844101,-79.68861915566526
4424.5,-98.63634716920458,-79.29982099285816
4425.0,-98.95073470640918,-78.91102740950352
4425.5,-99.26513288599561,-78.52224245093464
4426.0,-99.57953957253281,-78.1334643926158
4426.5,-99.89395199163758,-77.74469098096966
4427.0,-100.20838035031942,-77.35593046537574
4427.5,-100.522819224052,-76.96717845064624
4428.0,-100.8372683662747,-76.57843473744992
4428.5,-101.1517359499395,-76.18970591364463
4429.0,-101.46621193432532,-75.80098387462607
4429.5,-101.78070122286863,-75.41227258137963
4430.0,-102.09520519015702,-75.02357315162133
4430.5,-102.40971708272903,-74.63488012943827
4431.0,-102.72424429158971,-74.24619949690522
4431.5,-103.03878121176487,-73.85752672372037
4432.0,-103.35332497330803,-73.46885948727099
4432.5,-103.66788470822951,-73.08020518310958
4433.0,-103.98245292980116,-72.69155775097701
4433.5,-104.29703281249651,-72.30291976138969
4434.0,-104.61162908999108,-71.91429505483707
4434.5,-104.92623281177967,-71.5256763780169
4435.0,-105.24084916562244,-71.13706793083091
4435.5,-105.55547568853758,-70.74846770824753
4436.0,-105.87010872678859,-70.3598727561608
4436.5,-106.18475799645877,-69.97129094318637
4437.0,-106.49941545988648,-69.58271576584237
4437.5,-106.81408133262337,-69.19414739869107
4438.0,-107.12875972309193,-68.80558916667304
4438.5,-107.44344401463148,-68.41703571068653
4439.0,-107.75813811181287,-68.02849019004472
4439.5,-108.07284150680968,-67.63995220071013
4440.0,-108.38755025248464,-67.25141854538391
4440.5,-108.70227052954051,-66.86289423007165
4441.0,-109.01699803762955,-66.47437577141996
4441.5,-109.33173128071951,-66.08586195774124
4442.0,-109.64647501030359,-65.6973566367779
4442.5,-109.96122178637557,-65.30885378379467
4443.0,-110.275972974752,-64.92035450537414
4443.5,-110.59073066361519,-64.53186049349951
4444.0,-110.90549193347951,-64.14336938328415
4444.5,-111.22026056084069,-63.75488423556652
4445.0,-111.53503426465302,-63.36640320410247
4445.5,-111.84981135042325,-62.97792491506367
4446.0,-112.16459607311445,-62.589452824702406
4446.5,-112.47938394803204,-62.20098329205614
4447.0,-112.79417592848282,-61.812517090637556
4447.5,-113.10897232144444,-61.424054471377815
4448.0,-113.42377113296803,-61.03559381248905
4448.5,-113.7385746668325,-60.64713697826334
4449.0,-114.05338205143278,-60.25868326210149
4449.5,-114.36819171256734,-59.87023138862912
4450.0,-114.68300547838314,-59.481782829829164
4450.5,-114.99782163118452,-59.09333620313038
4451.0,-115.31264037141482,-58.70489167077789
4451.5,-115.62746222537977,-58.31644965540824
4452.0,-115.94228537256978,-57.92800868831966
4452.5,-116.25711066271327,-57.53956946039533
4453.0,-116.57193708728612,-57.15113115827198
4453.5,-116.88676417306003,-56.76269339642638
4454.0,-117.20159272817617,-56.374256839124115
4454.5,-117.51642140134147,-55.98582038541703
4455.0,-117.83125018444797,-55.5973840281899
4455.5,-118.146078397494,-55.2089472358038
4456.0,-118.46090589511182,-54.82050986964112
4456.5,-118.77573204019698,-54.43207141510197
4457.0,-119.09055444415203,-54.04362994854441
4457.5,-119.40537436372853,-53.65518647669604
4458.0,-119.72018739257506,-53.26673742651521
4458.5,-120.03499325523893,-52.87828256731122
4459.0,-120.34979323949119,-52.48982294297202
4459.5,-120.66458279967085,-52.10135486293997
4460.0,-120.97936810265071,-51.71288331878078
4460.5,-121.29414680883058,-51.32440640464575
4461.0,-121.60891659754297,-50.93592223737783
4461.5,-121.92368104258261,-50.547433728287835
4462.0,-122.23843320667727,-50.15893525069552
4462.5,-122.55317845258288,-49.7704311622082
4463.0,-122.86791888445288,-49.3819231693684
4463.5,-123.18265146602738,-48.99340883153068
4464.0,-123.49738134535865,-48.604892321330965
4464.5,-123.81210728789485,-48.21637264643032
4465.0,-124.12682734913128,-47.82784825422693
4465.5,-124.44154379070447,-47.43932095146658
4466.0,-124.75625220446416,-47.050787183922424
4466.5,-125.07095412651596,-46.6622481755647
4467.0,-125.38565193957021,-46.273705849055
4467.5,-125.70034265600447,-45.88515776684888
4468.0,-126.01503143659976,-45.49660810767226
4468.5,-126.3297177525306,-45.108056440734046
4469.0,-126.6444008893972,-44.719502166265976
4469.5,-126.95908318539615,-44.33094718876451
4470.0,-127.27376470246334,-43.9423915326819
4470.5,-127.58844789238334,-43.553837206615974
4471.0,-127.9031321786009,-43.165283754242964
4471.5,-128.21781984289547,-42.77673301913705
4472.0,-128.5325084931909,-42.3881830896594
4472.5,-128.84719827226314,-41.99963408246744
4473.0,-129.16189106326294,-41.611087562435344
4473.5,-129.47658570809622,-41.222542568955596
4474.0,-129.79128407280075,-40.83400063588438
4474.5,-130.10598615740295,-40.445461774057414
4475.0,-130.42069035835183,-40.056924661439645
4475.5,-130.7353985061029,-39.66839082898945
4476.0,-131.05010948878234,-39.27985930796823
4476.5,-131.36482349781502,-38.89133025445232
4477.0,-131.6795438248946,-38.502806291448
4477.5,-131.99426765496287,-38.114285148917936
4478.0,-132.30899812550115,-37.725769351947925
4478.5,-132.62373376020156,-37.3372576860958
4479.0,-132.9384723901699,-36.94874841316805
4479.5,-133.25321772462019,-36.56024447227374
4480.0,-133.56796728372507,-36.171743919402545
4480.5,-133.88272118328223,-35.78324684742006
4481.0,-134.19748165289417,-35.39475509357308
4481.5,-134.51224543815576,-35.006266043727784
4482.0,-134.827015293541,-34.617781955524734
4482.5,-135.14179109672983,-34.229302773961976
4483.0,-135.45656989183965,-33.840826068551316
4483.5,-135.77135233879667,-33.4523524514639
4484.0,-136.08613506626585,-33.06387911656233
4484.5,-136.4009180801143,-32.675406069748774
4485.0,-136.71570153237803,-32.28693344619851
4485.5,-137.030484107771,-31.898460117900775
4486.0,-137.34526444142986,-31.509984967630945
4486.5,-137.66004124392913,-31.12150690325427
4487.0,-137.9748155494681,-30.73302678650015
4487.5,-138.28958049002526,-30.34453902513829
4488.0,-138.6043391630127,-29.956046123487017
4488.5,-138.9190912415851,-29.567547813487177
4489.0,-139.2338333369332,-29.17904133321664
4489.5,-139.54857162647366,-28.790531746637086
4490.0,-139.86330353097014,-28.402016955859423
4490.5,-140.17802842367612,-28.013496461161644
4491.0,-140.4927491885661,-27.62497260838721
4491.5,-140.80745999629465,-27.236440653238887
4492.0,-141.12216790703945,-26.84790635042748
4492.5,-141.43687256026422,-26.459369407780915
4493.0,-141.75157047140078,-26.070827002103137
4493.5,-142.0662646667616,-25.682281585604837
4494.0,-142.38095131071964,-25.293730050373625
4494.5,-142.69563093135105,-24.905172823399095
4495.0,-143.01030644600277,-24.5166122696787
4495.5,-143.3249739453855,-24.128045234499695
4496.0,-143.6396375696582,-23.739475065247603
4496.5,-143.95429636852887,-23.350900993354685
4497.0,-144.26895139919566,-22.962323873297088
4497.5,-144.58360519199982,-22.573745752388202
4498.0,-144.8982572839048,-22.185166257163917
4498.5,-145.2129070493575,-21.796584895309945
4499.0,-145.52755536771548,-21.408002371874765
4499.5,-145.8422007016677,-21.019417428026767
4500.0,-146.15684696285263,-20.630833229602676
4500.5,-146.47149454870257,-20.24225009610751
4501.0,-146.7861476386163,-19.853671432744846
4501.5,-147.10080305902312,-19.46509466113188
4502.0,-147.41546253591397,-19.07652118004852
4502.5,-147.7301246419863,-18.68794981770824
4503.0,-148.04478859208152,-18.299379941385837
4503.5,-148.35945957992837,-17.910815742109868
4504.0,-148.67413374303703,-17.52225411237007
4504.5,-148.98881305358077,-17.133696648778827
4505.0,-149.30350056621504,-16.745145832751454
4505.5,-149.61819213725903,-16.356598305749543
4506.0,-149.93289201664578,-15.968057511294866
4506.5,-150.24759601145396,-15.579520050144822
4507.0,-150.56230349354237,-15.190985413533559
4507.5,-150.87701492173431,-14.802453997266495
4508.0,-151.19172782787118,-14.413923795126243
4508.5,-151.5064432487642,-14.02539566220753
4509.0,-151.8211602198597,-13.63686881853924
4509.5,-152.13587799167226,-13.248342643666637
4510.0,-152.45059728706653,-12.859817762248493
4510.5,-152.76531808657776,-12.471294144344663
4511.0,-153.08004047362533,-12.082771860030515
4511.5,-153.39476266006804,-11.694249483827319
4512.0,-153.70948391772865,-11.305726377190853
4512.5,-154.0242026434734,-10.917201252765006
4513.0,-154.33891979425732,-10.528674854453909
4513.5,-154.65363613922133,-10.140147803067471
4514.0,-154.96835363062357,-9.751621644836563
4514.5,-155.2830723697997,-9.363096468793733
4515.0,-155.59779280824569,-8.974572630335082
4515.5,-155.91251349764474,-8.586048900736136
4516.0,-156.22723421097456,-8.197525144899599
4516.5,-156.5419547805867,-7.809001176400136
4517.0,-156.85667696784452,-7.420478474290162
4517.5,-157.17140031859176,-7.031956683029083
4518.0,-157.4861271984652,-6.643437717711515
4518.5,-157.800855120818,-6.254919595113947
4519.0,-158.11558473957564,-5.866402845542362
4519.5,-158.43031744810975,-5.477888611710071
4520.0,-158.745051894387,-5.089375792672558
4520.5,-159.0597909334886,-4.700866712454007
4521.0,-159.37453234205879,-4.312359555062609
4521.5,-159.689276066753,-3.9238542772092604
4522.0,-160.00402389383265,-3.5353523164768044
4522.5,-160.31877305016522,-3.14685142539716
4523.0,-160.63352438909178,-2.7583522853921143
4523.5,-160.948278983777,-2.3698557735397694
4524.0,-161.26303560673267,-1.981360899897308
4524.5,-161.57780016444065,-1.59287245417782
4525.0,-161.89256899965204,-1.2043874815379825
4525.5,-162.20734370304746,-0.8159072735163482
4526.0,-162.5221269053905,-0.4274339996252065
4526.5,-162.83691389184972,-0.03896381878587525
4527.0,-163.15170837747468,0.3495002187836434
4527.5,-163.46650707345336,0.737960789920626
4528.0,-163.78130898274705,1.126418715498474
4528.5,-164.09611613146282,1.5148723246722555
4529.0,-164.41092471474798,1.9033247425202826
4529.5,-164.72573563974782,2.291775211866491
4530.0,-165.04054897071848,2.680223720114073
4530.5,-165.35536354287612,3.0686712203308946
4531.0,-165.67018071728586,3.457116636485731
4531.5,-165.98499804774755,3.845561974948743
4532.0,-166.2998155543678,4.234007225709695
4532.5,-166.61463453020116,4.622451387307962
4533.0,-166.92945444422554,5.010894830490083
4533.5,-167.24427664566792,5.399336500588101
4534.0,-167.55909949605706,5.787777680064228
4534.5,-167.8739227659228,6.176218542404297
4535.0,-168.18874599313517,6.564659435003923
4535.5,-168.5035685078886,6.9531008832404755
4536.0,-168.81838978015932,7.34154330054669
4536.5,-169.13320647712226,7.729989357471118
4537.0,-169.448020744883,8.118437351023848
4537.5,-169.76282884347748,8.506890283078938
4538.0,-170.0776339421876,8.895345647474505
4538.5,-170.39243600684094,9.28380347191789
4539.0,-170.70723243389514,9.672265928713166
4539.5,-171.02202592659282,10.060730799187963
4540.0,-171.33681307986254,10.449200886319646
4540.5,-171.65159567439048,10.837674697949447
4541.0,-171.96637555103317,11.226150729559826
4541.5,-172.28115281074201,11.614628736321377
4542.0,-172.595929736536,12.003106842236662
4542.5,-172.9107061152186,12.39158511061294
4543.0,-173.22548172338728,12.780063361269875
4543.5,-173.54025687432505,13.168541627175344
4544.0,-173.85503063822955,13.557020034295354
4544.5,-174.16980408312875,13.945498077951065
4545.0,-174.48457721450407,14.333975764387837
4545.5,-174.79935186480668,14.722451330530797
4546.0,-175.11412748088827,15.110925782980317
4546.5,-175.42890533129588,15.499397809184638
