lap_distance,x_position,y_position
0.0,191.93695147698838,-282.46264248564376
0.5,192.42152827944065,-282.34019173825175
1.0,192.90610192385375,-282.2177324468585
1.5,193.3906723363264,-282.09526453148413
2.0,193.8752388699316,-281.972786457519
2.5,194.35980096477658,-281.8502997510706
3.0,194.84435973974627,-281.7278050189785
3.5,195.32891536422505,-281.6053024076635
4.0,195.81346763043305,-281.4827914327286
4.5,196.29801892557754,-281.36027738894205
5.0,196.78257016697626,-281.23776285869656
5.5,197.26712164658636,-281.11524881358224
6.0,197.75167312353827,-280.99273639323684
6.5,198.2362249250907,-280.8702269941048
7.0,198.72077746929008,-280.7477213307527
7.5,199.20533111707087,-280.6252202360861
8.0,199.6898877140062,-280.50272914802594
8.5,200.17444671754893,-280.3802445161826
9.0,200.65900864649961,-280.2577672585456
9.5,201.1435745525649,-280.13529948115973
10.0,201.62814550035165,-280.01284564207464
10.5,202.11271923854775,-279.8903990432396
11.0,202.59729585922867,-279.7679601043586
11.5,203.08187636879487,-279.6455320703537
12.0,203.5664607144415,-279.52311098029685
12.5,204.05104736764602,-279.40069384283925
13.0,204.53563613253922,-279.27827990071336
13.5,205.02022740545266,-279.1558683894286
14.0,205.50482127976056,-279.03345939493937
14.5,205.9894167538377,-278.91105000283187
15.0,206.47401325352754,-278.7886378382956
15.5,206.958608786971,-278.6662132983862
16.0,207.44320191607102,-278.5437725909917
16.5,207.92779326232957,-278.42131911610664
17.0,208.41238285256904,-278.2988531752688
17.5,208.89696890926973,-278.1763679313125
18.0,209.3815505470867,-278.05386181564853
18.5,209.8661271789389,-277.9313342469098
19.0,210.350698044406,-277.80878312721154
19.5,210.83525992713433,-277.68619533402443
20.0,211.31981369024356,-277.56358045585773
20.5,211.80435956776827,-277.44093988770675
21.0,212.28889723925028,-277.3182730096091
21.5,212.77342192230904,-277.19556351942737
22.0,213.25793664925519,-277.07282334305404
22.5,213.7424420715316,-276.9500543810339
23.0,214.22693835823134,-276.82725703613886
23.5,214.7114217610205,-276.70441849711375
24.0,215.1958956260894,-276.58154989775
24.5,215.68036044264343,-276.4586507179322
25.0,216.16481640591996,-276.335719709138
25.5,216.64926081717175,-276.2127451729307
26.0,217.13369726018522,-276.08973914464195
26.5,217.6181257135874,-275.96670186397023
27.0,218.1025459463367,-275.84363281951363
27.5,218.58695393099885,-275.7205205308936
28.0,219.07135494343817,-275.5973787104666
28.5,219.5557492950512,-275.4742088503045
29.0,220.04013700252654,-275.3510114241895
29.5,220.52451486034659,-275.2277786510057
30.0,221.00888427400295,-275.1045184104973
30.5,221.49324615790212,-274.98123261208224
31.0,221.9776008935312,-274.8579215874552
31.5,222.46194677138095,-274.7345773465695
32.0,222.94628639674409,-274.6112111945705
32.5,223.4306201372057,-274.48782516420437
33.0,223.914947802617,-274.3644197679492
33.5,224.3992668731878,-274.240992380814
34.0,224.88357958838122,-274.1175466953844
34.5,225.3678874342271,-273.9940875831453
35.0,225.85219086382267,-273.8706163631067
35.5,226.33648936658946,-273.74713041738875
36.0,226.82078347900696,-273.6236290668886
36.5,227.30507342234364,-273.5001175788414
37.0,227.7893593708933,-273.3765959827004
37.5,228.27364170365064,-273.25305980820326
38.0,228.7579185709132,-273.129501548103
38.5,229.24219124319984,-273.0059240110486
39.0,229.72645992874558,-272.8823267402553
39.5,230.21072464230056,-272.75870797787803
40.0,230.69498217508493,-272.6350557698129
40.5,231.1792332177862,-272.511375222921
41.0,231.66347798947993,-272.3876648528011
41.5,232.1477168656513,-272.2639233068794
42.0,232.63194538148247,-272.1401318249291
42.5,233.11616531821434,-272.01630232083573
43.0,233.6003748686669,-271.89243136466405
43.5,234.0845722378503,-271.7685155799754
44.0,234.56875065284763,-271.64453774288626
44.5,235.0529120899591,-271.5205046732618
45.0,235.53705786835235,-271.39642103287275
45.5,236.0211870685331,-271.2722847567609
46.0,236.50529448141688,-271.1480817720273
46.5,236.9893760752151,-271.0238058721217
47.0,237.473438061817,-270.89947255559576
47.5,237.95748039673427,-270.77508191496247
48.0,238.44150192976008,-270.65063171591623
48.5,238.92549653434597,-270.5261003395772
49.0,239.40947154863886,-270.4015129212939
49.5,239.89342679572533,-270.2768703619384
50.0,240.37736240206434,-270.15217348879503
50.5,240.861275114678,-270.0274071665735
51.0,241.3451703226326,-269.9025815133589
51.5,241.82905160946916,-269.77770522659523
52.0,242.31291973379336,-269.6527789268786
52.5,242.7967729216166,-269.5277945734578
53.0,243.28060727390968,-269.4027385730277
53.5,243.76442783909968,-269.2776308338918
54.0,244.24823621805535,-269.15247625964395
54.5,244.73203425640617,-269.0272800131586
55.0,245.2158209190232,-268.9020287909482
55.5,245.6995980200785,-268.77673201914195
56.0,246.1833664660676,-268.6513939825835
56.5,246.66712645968778,-268.5260167936589
57.0,247.15087636134984,-268.4005972031338
57.5,247.6346149316159,-268.27513126842973
58.0,248.11834439712229,-268.1496293600277
58.5,248.60206531918615,-268.024092983412
59.0,249.08577843351603,-267.8985238409644
59.5,249.56948182430682,-267.7729147851611
60.0,250.05317768616504,-267.6472738791165
60.5,250.53686588476597,-267.5216013920544
61.0,251.02054634825322,-267.39589762887874
61.5,251.5042186041918,-267.27016128217826
62.0,251.98788501755317,-267.1443944113947
62.5,252.47154768744136,-267.01860368285105
63.0,252.95520565904096,-266.89278753219605
63.5,253.4388576857481,-266.76694440104677
64.0,253.92250119229755,-266.64106884147554
64.5,254.40613745070686,-266.51516660198814
65.0,254.8897664866249,-266.38923953705233
65.5,255.37338785189493,-266.2632863262303
66.0,255.85700087029468,-266.13730383104036
66.5,256.3406023191024,-266.01128548702286
67.0,256.8241933997212,-265.8852404195114
67.5,257.30777409285196,-265.75916833689445
68.0,257.7913442793805,-265.63306883068435
68.5,258.27490177821977,-265.5069369728844
69.0,258.7584464950992,-265.38077334172124
69.5,259.24198144366915,-265.25458433048635
70.0,259.7255071183536,-265.12836897956856
70.5,260.209024028201,-265.0021258368679
71.0,260.692531104057,-264.87584543666134
71.5,261.17603031472004,-264.74952985522947
72.0,261.65952212962935,-264.6231799082103
72.5,262.1430055521253,-264.4967938154255
73.0,262.62647920889077,-264.3703703578146
73.5,263.1099385008005,-264.24389902461553
74.0,263.5933877826294,-264.1173901378055
74.5,264.0768281447947,-263.99084550779986
75.0,264.56025965174985,-263.86426456480405
75.5,265.04368166020896,-263.7376453081348
76.0,265.52708790294184,-263.6109754361822
76.5,266.0104806054419,-263.48426752365
77.0,266.49386014262205,-263.3575227175855
77.5,266.9772268140231,-263.23074205341896
78.0,267.46058011600473,-263.1039246047829
78.5,267.9439176969245,-262.97706339071254
79.0,268.42724460192744,-262.8501722947299
79.5,268.9105617254419,-262.72325364576386
80.0,269.39387004871344,-262.5963079554916
80.5,269.8771702890571,-262.4693307909851
81.0,270.3604600851673,-262.34231028899393
81.5,270.843742158597,-262.2152563571946
82.0,271.3270160578273,-262.08816747798573
82.5,271.81028113173204,-261.9610418554797
83.0,272.29353582658933,-261.83387481467736
83.5,272.7767782864206,-261.7066558371931
84.0,273.26000961189885,-261.5793932401743
84.5,273.743229517669,-261.45208646887664
85.0,274.2264376133017,-261.3247346683023
85.5,274.70963259863134,-261.1973340533266
86.0,275.1928091621352,-261.0698706260657
86.5,275.6759708549997,-260.9423552290906
87.0,276.15911725470005,-260.81478825471083
87.5,276.6422485029462,-260.6871712706282
88.0,277.1253653372157,-260.55950674532744
88.5,277.60846572188154,-260.4317858140202
89.0,278.09155603053676,-260.30402639413455
89.5,278.5746382107138,-260.1762310368146
90.0,279.05771412932114,-260.0484021399853
90.5,279.54078547366527,-259.92054170509823
91.0,280.0238517462085,-259.7926394636534
91.5,280.5069152590094,-259.66469968158134
92.0,280.9899758549425,-259.536720037234
92.5,281.4730329042002,-259.40869769701897
93.0,281.95608556154576,-259.28063071883844
93.5,282.4391318001437,-259.15251013442895
94.0,282.92216931840034,-259.0243359332671
94.5,283.4051973990887,-258.89611182370516
95.0,283.888214798454,-258.7678346280133
95.5,284.37122002757826,-258.63950167397235
96.0,284.85420958711745,-258.5111078716789
96.5,285.3371773373875,-258.3826458617051
97.0,285.82012538570194,-258.25412952410875
97.5,286.303053294112,-258.1255582946191
98.0,286.78596153283166,-257.9969342740278
98.5,287.2688514510447,-257.8682629143162
99.0,287.75172062078565,-257.73954534111664
99.5,288.23457520935017,-257.61080037629927
100.0,288.71741767487066,-257.48203581221463
100.5,289.20025079293987,-257.35325819979505
101.0,289.68307785401805,-257.22447413874767
101.5,290.16590227507345,-257.0956910076838
102.0,290.64873020903013,-256.9669189249367
102.5,291.1315638446837,-256.83815567977246
103.0,291.6144050246519,-256.70940216949145
103.5,292.0972544138109,-256.580658613732
104.0,292.58011142357304,-256.45192419227874
104.5,293.0629785156998,-256.32320065095104
105.0,293.5458557122037,-256.1944886155428
105.5,294.02874350290205,-256.065789031229
106.0,294.5116422030275,-255.93710253638912
106.5,294.9945516928891,-255.80842926738515
107.0,295.4774719505952,-255.67976962787668
107.5,295.9604054868612,-255.55112920855578
108.0,296.4433494633463,-255.4225054444097
108.5,296.92630340345517,-255.29389836788442
109.0,297.40926675867473,-255.1653080524032
109.5,297.892238808654,-255.03673433296117
110.0,298.37521899321257,-254.9081773461365
110.5,298.8582053286891,-254.77963653752704
111.0,299.34119650452186,-254.65111007983498
111.5,299.8241924607435,-254.52259713017665
112.0,300.3071927127158,-254.39409555672418
112.5,300.790196320466,-254.2656022142359
113.0,301.2732032352262,-254.137115440873
113.5,301.7562133151924,-254.0086349836478
114.0,302.23922620146845,-253.88016112174478
114.5,302.7222424936125,-253.75169303421157
115.0,303.2052624336394,-253.6232293483195
115.5,303.6882855802587,-253.4947686804714
116.0,304.17131195511473,-253.36631137448452
116.5,304.6543416669203,-253.23785749773623
117.0,305.13737390795643,-253.10940761258001
117.5,305.6204083825203,-252.98096044048378
118.0,306.1034449029858,-252.85251480198892
118.5,306.58648335844236,-252.72407065356765
119.0,307.0695242101732,-252.5956305786663
119.5,307.55256803898646,-252.4671949299826
120.0,308.03561384432834,-252.33876303570236
120.5,308.51866051001326,-252.21033441754594
121.0,309.00170711558883,-252.0819091694726
121.5,309.48475320119394,-251.95348756849344
122.0,309.96779885418755,-251.82506630051023
122.5,310.45084530419206,-251.69664543378948
123.0,310.93389347891895,-251.568225007258
123.5,311.41694348150145,-251.43980803793178
124.0,311.89999504570835,-251.31139727448635
124.5,312.38304789187436,-251.18299418588614
125.0,312.8661025262454,-251.05459889479238
125.5,313.34916223755647,-250.9262159739802
126.0,313.83222701090506,-250.79784462960535
126.5,314.3152966396554,-250.66948316324144
127.0,314.7983702505786,-250.54112947482741
127.5,315.28144696434737,-250.4127815477605
128.0,315.7645266949486,-250.2844378688533
128.5,316.2476114948379,-250.1561017771246
129.0,316.730700339173,-250.02777502953973
129.5,317.21379414383125,-249.89946183349923
130.0,317.6968931879462,-249.77116412630576
130.5,318.17999715663933,-249.64288135070757
131.0,318.6631053666497,-249.51461097624528
131.5,319.1462176213508,-249.3863511144734
132.0,319.6293330105754,-249.25809794534683
132.5,320.1124500671603,-249.12984740324308
133.0,320.59556858036,-249.001598369896
133.5,321.0786882633496,-248.87335059546447
134.0,321.5618086212067,-248.7451042267929
134.5,322.044929061863,-248.6168592798244
135.0,322.5280506072183,-248.48861441721647
135.5,323.0111727092151,-248.36036692285478
136.0,323.4942945860753,-248.2321150037678
136.5,323.9774166695258,-248.10385927429812
137.0,324.46053943993223,-247.97560101909008
137.5,324.94366294221777,-247.84734065886906
138.0,325.4267865801557,-247.71907622287907
138.5,325.909909645754,-247.59080459786074
139.0,326.39303191354696,-247.46253104984973
139.5,326.87615454970313,-247.3342565540668
140.0,327.35927837289677,-247.20598104769155
140.5,327.8424034579644,-247.07770345990633
141.0,328.32552921239983,-246.9494222459173
141.5,328.8086549200146,-246.82113645806595
142.0,329.2917799226354,-246.69284390885142
142.5,329.7749053168647,-246.56454611783522
143.0,330.25803212995015,-246.43624477806284
143.5,330.74116069001,-246.30794000508783
144.0,331.2242909768387,-246.1796317071887
144.5,331.70742289714667,-246.0513203119941
145.0,332.1905564879945,-245.9230068671013
145.5,332.6736920279541,-245.7946888385432
146.0,333.15682918812206,-245.66636547387188
146.5,333.6399681325663,-245.5380369497571
147.0,334.123108939876,-245.4097042350629
147.5,334.60625137750475,-245.28136800296207
148.0,335.0893947654603,-245.15302793822912
148.5,335.57253795302364,-245.0246824949788
149.0,336.0556796964048,-244.8963286384136
149.5,336.5388200251738,-244.7679660698435
150.0,337.021959445814,-244.63959577793682
150.5,337.5050978305386,-244.51121824911607
151.0,337.988235111413,-244.38283475225344
151.5,338.4713714000819,-244.25444678468213
152.0,338.954506836377,-244.12605501361386
152.5,339.43764098377477,-243.99765836481336
153.0,339.9207746985125,-243.86925747470048
153.5,340.40390883779395,-243.74085357805416
154.0,340.8870438970863,-243.61244729507897
154.5,341.3701797597976,-243.4840387207393
155.0,341.8533158919512,-243.35562735042944
155.5,342.3364518211989,-243.2272121865232
156.0,342.81958787931234,-243.0987919893299
156.5,343.30272411270863,-242.9703648421596
157.0,343.7858590711462,-242.84192877306478
157.5,344.26899226991907,-242.7134801938963
158.0,344.7521230360148,-242.58501699716388
158.5,345.2352510219285,-242.4565387858905
159.0,345.71837597304074,-242.32804480963637
159.5,346.20149715673665,-242.19953166569152
160.0,346.6846130334968,-242.0709946399537
160.5,347.1677210444015,-241.9424295069198
161.0,347.6508214357757,-241.8138366812635
161.5,348.1339140584455,-241.68521515866001
162.0,348.61699764869513,-241.5565619317506
162.5,349.1000715869154,-241.42787508532774
163.0,349.5831363175718,-241.29915474259806
163.5,350.0661917966511,-241.17040074913587
164.0,350.5492355078592,-241.0416089430509
164.5,351.03226825856876,-240.91277864615688
165.0,351.51528991390654,-240.78391103893588
165.5,351.9983007758982,-240.65500765347753
166.0,352.4813020876785,-240.52607045516015
166.5,352.96429489409354,-240.3970999598983
167.0,353.4472795735504,-240.26809530777294
167.5,353.9302566188181,-240.13905670851133
168.0,354.4132257836231,-240.00998137444083
168.5,354.8961880750156,-239.88087358061608
169.0,355.37914349541194,-239.75173497939437
169.5,355.86209166566476,-239.62256387265225
170.0,356.34503209667423,-239.49335651080023
170.5,356.8279644969958,-239.36411063320526
171.0,357.3108889322717,-239.23482702795798
171.5,357.7938056331367,-239.10550757876356
172.0,358.276713887924,-238.97615010326942
172.5,358.7596129915553,-238.8467535852126
173.0,359.2425042066407,-238.71731920022071
173.5,359.72538747050913,-238.58784698073143
174.0,360.20826265508197,-238.45833804875707
174.5,360.69112987584873,-238.32879406688767
175.0,361.17398937653553,-238.1992167288617
175.5,361.6568414428301,-238.06960772579092
176.0,362.13968684949924,-237.93996965450472
176.5,362.62252735915854,-237.8103071125178
177.0,363.1053642822539,-237.6806248444218
177.5,363.588198248288,-237.55092839862675
178.0,364.07102889669534,-237.42121951596334
178.5,364.5538570162343,-237.29150141918188
179.0,365.03668422149445,-237.16177933780742
179.5,365.51951178735897,-237.03205748038116
180.0,366.0023401823576,-236.90233721650452
180.5,366.48516978191174,-236.77261963232596
181.0,366.96800073461793,-236.64290856264842
181.5,367.4508336819851,-236.5132071196538
182.0,367.93366869581723,-236.38351275699534
182.5,368.4165058542231,-236.2538250133692
183.0,368.899345608838,-236.124145997224
183.5,369.3821876416434,-235.99447560189637
184.0,369.8650325260989,-235.86481531039337
184.5,370.3478813193995,-235.73516658287474
185.0,370.83073482198444,-235.60553136345752
185.5,371.31359387840007,-235.47591446344688
186.0,371.7964593759591,-235.3463186352137
186.5,372.2793311740131,-235.21674163610137
187.0,372.76220972896886,-235.08718669173413
187.5,373.245096246674,-234.9576558407204
188.0,373.7279910244289,-234.82814796651195
188.5,374.2108920423934,-234.69865931150684
189.0,374.6937958566103,-234.56917765743998
189.5,375.1767016678636,-234.43969618477715
190.0,375.6596097465685,-234.3102165078141
190.5,376.1425208912527,-234.1807427824579
191.0,376.62543465418344,-234.05127370809157
191.5,377.10834894359886,-233.9218038465197
192.0,377.59126214597217,-233.79232920356668
192.5,378.07417376559494,-233.66284632132712
193.0,378.5570828649912,-233.53335174824144
193.5,379.03998736003814,-233.40384190884967
194.0,379.52288756029014,-233.27432132432085
194.5,380.00578483448874,-233.14479303331518
195.0,380.4886777303247,-233.0152531421976
195.5,380.97156727871766,-232.8857023165316
196.0,381.4544563198446,-232.7561480131857
196.5,381.93734456978984,-232.62658693046478
197.0,382.4202308698361,-232.49701429332146
197.5,382.9031134985052,-232.36742125454444
198.0,383.38599120380934,-232.23780484941483
198.5,383.86886483007004,-232.1081705425508
199.0,384.3517359252149,-231.9785214154098
199.5,384.834602102783,-231.84884704968343
200.0,385.31745986539505,-231.71913407238034
200.5,385.8003095020485,-231.58938301443433
201.0,386.2831514014028,-231.4595964888852
201.5,386.76598352726984,-231.329768467708
202.0,387.2488033429588,-231.19988869373572
202.5,387.73160989584625,-231.06995416709736
203.0,388.21440418525054,-230.9399714042877
203.5,388.6971857440451,-230.80993917279665
204.0,389.17995367971776,-230.6798555943839
204.5,389.66270820936353,-230.54972069334616
205.0,390.14545044149435,-230.41953781483755
205.5,390.6281805289568,-230.2893099133297
206.0,391.1108994359376,-230.1590422848752
206.5,391.5936078751637,-230.02873584697733
207.0,392.0763059264468,-229.8983918667293
207.5,392.5589951821157,-229.76801696355756
208.0,393.0416789796339,-229.63762618406193
208.5,393.5243596833259,-229.50722826155433
209.0,394.0070404401942,-229.37683288871528
209.5,394.48972320869905,-229.24644586305777
210.0,394.9724101779255,-229.11607230994122
210.5,395.4551035907883,-228.98572009017283
211.0,395.93780536928824,-228.85539875451641
211.5,396.42051698062033,-228.72511416736884
212.0,396.9032384877793,-228.59486377718156
212.5,397.38596880281045,-228.46464199888337
213.0,397.86870693851324,-228.33444662216368
213.5,398.3514544650252,-228.20428226138563
214.0,398.83421284901283,-228.0741538236936
214.5,399.31697972626193,-227.94405417653027
215.0,399.79975402812147,-227.8139796634357
215.5,400.28253604928454,-227.68393065379018
216.0,400.76532590341264,-227.55391015307944
216.5,401.24812142956165,-227.4239118591349
217.0,401.73092144638025,-227.29393107680175
217.5,402.2137263868156,-227.16396951633945
218.0,402.69653684488907,-227.0340285694503
218.5,403.1793519618307,-226.90410485090092
219.0,403.6621709403725,-226.77419563246573
219.5,404.14499254451385,-226.644297245055
220.0,404.62781565627546,-226.51440589993962
220.5,405.1106404649909,-226.3845218028838
221.0,405.5934678774599,-226.254645325856
221.5,406.0762973607813,-226.12477318695812
222.0,406.55912797324623,-225.9949021268694
222.5,407.0419589741573,-225.8650302385588
223.0,407.52479084389347,-225.7351591593416
223.5,408.0076240451738,-225.605290399969
224.0,408.49045802765374,-225.47542225298704
224.5,408.97329265792166,-225.34555392954
225.0,409.4561266425244,-225.2156801887849
225.5,409.9389600503964,-225.08580236741636
226.0,410.4217930175787,-224.95592160137548
226.5,410.9046270483735,-224.82604304335112
227.0,411.3874625176175,-224.69616848591713
227.5,411.87030037788287,-224.56630216027355
228.0,412.35314138424434,-224.43644764723066
228.5,412.8359863438622,-224.3066080896101
229.0,413.3188343100647,-224.1767803881458
229.5,413.8016847381662,-224.0469619272038
230.0,414.2845375795415,-223.91715260158713
230.5,414.76739422267156,-223.78735796117925
231.0,415.2502553813886,-223.6575809624107
231.5,415.73312007033167,-223.52781836608716
232.0,416.21598779888785,-223.3980686282179
232.5,416.69885998848684,-223.2683368559096
233.0,417.18173652392875,-223.13862236942953
233.5,417.6646162582161,-223.00892089018188
234.0,418.14749913579834,-222.8792312826444
234.5,418.63038618335383,-222.7495565760143
235.0,419.1132777067339,-222.61989777888974
235.5,419.59617329469444,-222.49025339083207
236.0,420.0790726853558,-222.36062210280653
236.5,420.5619755219517,-222.2310031758504
237.0,421.0448813044689,-222.10139506426864
237.5,421.52778970731055,-221.97179647615698
238.0,422.01070049038225,-221.84220637215674
238.5,422.4936135189102,-221.7126241097672
239.0,422.9765279929025,-221.58304676956996
239.5,423.4594421297664,-221.453468481306
240.0,423.942353942593,-221.3238821210025
240.5,424.4252613966132,-221.19427983257867
241.0,424.9081618804009,-221.064651700672
241.5,425.39105362767333,-220.9349913038307
242.0,425.87393514342045,-220.8052937210843
242.5,426.3568058195549,-220.67555657224577
243.0,426.8396649073271,-220.54577639229078
243.5,427.32251081452796,-220.415946812463
244.0,427.8053424210342,-220.28606338554653
244.5,428.28815768444287,-220.15611889431074
245.0,428.7709545238175,-220.0261065372507
245.5,429.25373183964837,-219.89602303806845
246.0,429.73648948506656,-219.76586798652366
246.5,430.21922633492534,-219.63563751317997
247.0,430.7019398711876,-219.50532260483445
247.5,431.1846289993773,-219.3749198416398
248.0,431.6672940397213,-219.24442980959495
248.5,432.1499347013897,-219.1138513505232
249.0,432.6325491620284,-218.9831778167669
249.5,433.1151364115544,-218.8524057211757
250.0,433.5976978940158,-218.7215411435251
250.5,434.08023316269015,-218.5905824945806
251.0,434.562741592148,-218.45952672028307
251.5,435.04522298362906,-218.32837081503234
252.0,435.5276777521393,-218.19711587909816
252.5,436.01010596634273,-218.06576163624254
253.0,436.4925065631373,-217.9343045101108
253.5,436.9748784420685,-217.80274063256036
254.0,437.4572214954838,-217.6710702947824
254.5,437.9395359470292,-217.53929430947196
255.0,438.42182088337415,-217.40740942266024
255.5,438.90407410369284,-217.27540764336763
256.0,439.3862929307721,-217.1432810415899
256.5,439.8684795559837,-217.01103671165734
257.0,440.350632980875,-216.87867173147828
257.5,440.8327550549518,-216.74619381445575
258.0,441.3148466247029,-216.61360522826706
258.5,441.7969061494006,-216.48090202037628
259.0,442.2789318304833,-216.34807942861445
259.5,442.7609260102359,-216.2151453219176
260.0,443.24289132023944,-216.08210945622193
260.5,443.7248310383978,-215.9489824995777
261.0,444.20674379529294,-215.81575714646002
261.5,444.68862932546176,-215.68243282305693
262.0,445.17048903317095,-215.54901543429216
262.5,445.65232530700104,-215.4155131104196
263.0,446.13413864505105,-215.28192830688528
263.5,446.6159289391856,-215.14825961928693
264.0,447.09769710527024,-215.01450899919752
264.5,447.5794447161278,-214.88068367868541
265.0,448.06117450527273,-214.74679238513997
265.5,448.542885009429,-214.6128294526729
266.0,449.0245760803911,-214.47879394277217
266.5,449.50624796135247,-214.3446871061916
267.0,449.9878991383408,-214.2105029787964
267.5,450.46952594640743,-214.0762305529698
268.0,450.95112677062394,-213.94186533150935
268.5,451.4327020028751,-213.80740884307374
269.0,451.914251555851,-213.6728603681234
269.5,452.39577328659635,-213.53821232351646
270.0,452.8772683881708,-213.40346850917172
270.5,453.35873514600905,-213.26862368991334
271.0,453.8401722223546,-213.13367534994615
271.5,454.3215785657932,-212.99862099268123
272.0,454.8029534654448,-212.86345840554338
272.5,455.2842941884542,-212.72817940207926
273.0,455.765604151835,-212.59279558582648
273.5,456.2468848866187,-212.45731217582403
274.0,456.7281344014315,-212.3217226905292
274.5,457.2093512686096,-212.1860224205353
275.0,457.69053646837745,-212.05021217668073
275.5,458.171684492638,-211.91427293183054
276.0,458.6527987624808,-211.77821605378614
276.5,459.1338796692454,-211.64204141902616
277.0,459.6149267023601,-211.50574605689914
277.5,460.09593939540673,-211.36932967518405
278.0,460.5769124582412,-211.23277180169188
278.5,461.057848463648,-211.0960819966488
279.0,461.5387426972969,-210.95924454950602
279.5,462.019595321892,-210.82226020517996
280.0,462.50040114923837,-210.6851121811337
280.5,462.9811566729926,-210.547790072467
281.0,463.461863529553,-210.41029795356533
281.5,463.9425181414036,-210.27262234597865
282.0,464.4231149425564,-210.13474470278447
282.5,464.9036420370793,-209.99662605450192
283.0,465.38410150181335,-209.85827477621805
283.5,465.8644913893035,-209.7196854266324
284.0,466.34480691543433,-209.58084205041257
284.5,466.8250456436131,-209.44173486792639
285.0,467.3052170075642,-209.30239593339752
285.5,467.78531992264607,-209.162823410688
286.0,468.2653408199866,-209.02297035995122
286.5,468.74528649551553,-208.8828601131366
287.0,469.2251563290224,-208.74249080005077
287.5,469.7049380771325,-208.60182274346343
288.0,470.1846291413968,-208.46084859159782
288.5,470.66423401801967,-208.31958669902693
289.0,471.1437454553662,-208.17801523430305
289.5,471.62315799350273,-208.03611620071376
290.0,472.102486433298,-207.89393798117783
290.5,472.581732728971,-207.75148494857987
291.0,473.060895065414,-207.60874996407264
291.5,473.5399828118739,-207.4657654192673
292.0,474.018988559742,-207.32250688105506
292.5,474.49791345988217,-207.17897779432556
293.0,474.9767675251926,-207.03521023887555
293.5,475.45554325369244,-206.89117782016658
294.0,475.9342477631699,-206.74690523636343
294.5,476.41287924019394,-206.60238846606944
295.0,476.89142074233297,-206.45757376034774
295.5,477.36988333277577,-206.31250010823544
296.0,477.8482556145132,-206.16713149594958
296.5,478.3265403888024,-206.02147767860447
297.0,478.8047352527128,-205.87553172481154
297.5,479.2828296387757,-205.72926102442668
298.0,479.7608356969331,-205.58270715770195
298.5,480.2387343703049,-205.43580923530504
299.0,480.71654183315263,-205.2886209358292
299.5,481.1942480928093,-205.14110802853185
300.0,481.67186475582514,-204.99330472250526
300.5,482.1493866742067,-204.84519257016774
301.0,482.6268126194101,-204.69676771010555
301.5,483.1041346321769,-204.54800522807932
302.0,483.58134333579125,-204.3988758322311
302.5,484.0584410003247,-204.24938506600785
303.0,484.53541855395355,-204.09950388088814
303.5,485.0122759322497,-203.94923227949806
304.0,485.4890028263392,-203.79853850367587
304.5,485.9655922826341,-203.64740317380625
305.0,486.4420345242428,-203.49579998975102
305.5,486.9183203483514,-203.34370191599078
306.0,487.39444863659014,-203.19110971064987
306.5,487.8704014388482,-203.0379701935123
307.0,488.34619919020645,-202.88434726874593
307.5,488.8218031451937,-202.73012377506464
308.0,489.29723189060303,-202.57536139381637
308.5,489.77245908385555,-202.41997974325403
309.0,490.24748823527233,-202.26399229637812
309.5,490.7223126109991,-202.10738204545743
310.0,491.1968994825319,-201.95005479789066
310.5,491.671265744995,-201.79206524754088
311.0,492.1453821993705,-201.6333286848671
311.5,492.61925434449284,-201.47386410116317
312.0,493.09288604429923,-201.31368625878048
312.5,493.56624504637665,-201.15270017764178
313.0,494.0393390221663,-200.99093601687662
313.5,494.51215343604713,-200.82835612786133
314.0,494.9846372393607,-200.66481958214916
314.5,495.45682086056377,-200.50041768996203
315.0,495.9286929652348,-200.33512420742846
315.5,496.40022345909415,-200.16885571704455
316.0,496.8714287451385,-200.00166603255852
316.5,497.3422922430507,-199.83351574141545
317.0,497.812771266637,-199.66429575412536
317.5,498.2828636949684,-199.49400610580028
318.0,498.7525759248724,-199.32267280075143
318.5,499.2219065085328,-199.1502961926193
319.0,499.6908223861538,-198.97679314999252
319.5,500.1593081084709,-198.80213220263548
320.0,500.6273502590211,-198.62628710488912
320.5,501.0949291010962,-198.44921598376487
321.0,501.5620203976175,-198.27086485040877
321.5,502.02861082333845,-198.09120867218206
322.0,502.4947085821274,-197.91027872158259
322.5,502.96029166855385,-197.7280293508055
323.0,503.4253430931928,-197.54442717862267
323.5,503.88981864008946,-197.35937475795745
324.0,504.35368765908964,-197.17280871342317
324.5,504.8169537168203,-196.98475181389395
325.0,505.2795835901604,-196.7951365478967
325.5,505.7415139592857,-196.60382950038007
326.0,506.2027150523076,-196.410776023455
326.5,506.66315753692516,-196.21592400806156
327.0,507.12278451756356,-196.01915971426857
327.5,507.5816160484712,-195.82054746508666
328.0,508.0396249611686,-195.62004315546193
328.5,508.49674182313834,-195.41751514003815
329.0,508.9529046651879,-195.2128509157753
329.5,509.4080545283472,-195.0059491433253
330.0,509.86218320924297,-194.7968184108746
330.5,510.31530145659093,-194.58550344467136
331.0,510.76735359870065,-194.37191342358582
331.5,511.2182415674769,-194.15587640839163
332.0,511.6678736458768,-193.93723933851967
332.5,512.1162080549602,-193.71595622016707
333.0,512.563239515904,-193.49205372333387
333.5,513.0089723795305,-193.26557297667983
334.0,513.4533528019214,-193.03644664559081
334.5,513.8962956281156,-192.80455212908822
335.0,514.3377459432585,-192.56982769436001
335.5,514.777633589245,-192.33218736496283
336.0,515.2159237197135,-192.0916130104984
336.5,515.652628946634,-191.84816873240803
337.0,516.0877530057006,-191.601902093556
337.5,516.5213079489157,-191.35287333156816
338.0,516.9532558069133,-191.10105734573642
338.5,517.3835247002586,-190.84637594093755
339.0,517.8120339787044,-190.58873990787333
339.5,518.2387029637445,-190.3280646734795
340.0,518.6634122429737,-190.06420805646178
340.5,519.0860533265699,-189.79705193838194
341.0,519.506540887445,-189.52652112565028
341.5,519.9247910556878,-189.25254730399405
342.0,520.3407674877944,-188.97513967420522
342.5,520.7543966560095,-188.69425424102073
343.0,521.1654863650203,-188.40967799387207
343.5,521.5738038490753,-188.1211502950748
344.0,521.9792861345226,-187.82866250388025
344.5,522.3817819410959,-187.53208532956486
345.0,522.7812562314169,-187.23145406733204
345.5,523.1779103805126,-186.92712170368705
346.0,523.5720281886911,-186.61953407342637
346.5,523.9636577392209,-186.3088194501804
347.0,524.3526890651315,-185.994897284503
347.5,524.7388897743783,-185.67753395346494
348.0,525.121940837738,-185.35639452795488
348.5,525.5017103555995,-185.03139304140998
349.0,525.8783978181955,-184.70284116389288
349.5,526.2521086938963,-184.37094024658327
350.0,526.6227737572524,-184.03568437868842
350.5,526.9901956810169,-183.6969242283041
351.0,527.3541427520356,-183.35446840005514
351.5,527.7147310236406,-183.00850294578444
352.0,528.0720862767837,-182.65922663631082
352.5,528.4261977904988,-182.30667549649152
353.0,528.7770613947738,-181.95090368022295
353.5,529.1247240573782,-181.59201032081495
354.0,529.4693715762102,-181.2302456151725
354.5,529.8112252066195,-180.8658913374661
355.0,530.1503640933064,-180.49908033142566
355.5,530.4863501782495,-180.12944865255912
356.0,530.8191863980438,-179.7570436865916
356.5,531.1487636795126,-179.38178746988856
357.0,531.4751301884446,-179.00376359294373
357.5,531.7982740516323,-178.6230074028566
358.0,532.1181948230203,-178.23956232781043
358.5,532.4349343963488,-177.8535163371283
359.0,532.7485190949105,-177.46494338578503
359.5,533.0589789156742,-177.07391998018687
360.0,533.3664515736457,-176.68060732008834
360.5,533.6710196881493,-176.28510955946285
361.0,533.9725554072478,-175.8873492584653
361.5,534.2709108167205,-175.48723133262914
362.0,534.5659166829886,-175.08465471070545
362.5,534.8577219572579,-174.67977857664167
363.0,535.1464928549215,-174.27278417162097
363.5,535.4323412661895,-173.86380583100302
364.0,535.7151885217426,-173.4528249876023
364.5,535.9948708733922,-173.03975736892104
365.0,536.271438233372,-172.6246459416177
365.5,536.5448879136303,-172.20750140990052
366.0,536.8152926539491,-171.7883902007724
366.5,537.0828446275669,-171.36746921817337
367.0,537.3479201031553,-170.94504464836305
367.5,537.6106373282083,-170.52123333024934
368.0,537.8709294422164,-170.09601199279538
368.5,538.1285254892888,-169.66920389304934
369.0,538.3831256409738,-169.24060769511735
369.5,538.6346751188318,-168.8102012434259
370.0,538.883400139282,-168.37818306381604
370.5,539.1294600525334,-167.94470359274132
371.0,539.3727585070505,-167.5097501386974
371.5,539.6129087015008,-167.07309997085656
372.0,539.8494034621365,-166.634452937717
372.5,540.0819837267015,-166.1936718763012
373.0,540.3106624752891,-165.75080227139895
373.5,540.5356379920557,-165.3060257075136
374.0,540.7569284670932,-164.8594184519126
374.5,540.9743184314908,-164.4109084292718
375.0,541.1875528759892,-163.9604065538805
375.5,541.396449994169,-163.50785539537029
376.0,541.6010925674753,-163.05334516924498
376.5,541.8015584603485,-162.59695960591668
377.0,541.9978662202304,-162.13875849785578
377.5,542.1900248579395,-161.6787982121007
378.0,542.3780868818083,-161.21715897504367
378.5,542.5619527961599,-160.75384005543305
379.0,542.7414748362016,-160.28881998452778
379.5,542.9166768899444,-159.82215750579053
380.0,543.0874597057303,-159.35386023246335
380.5,543.2538114601302,-158.88398233574733
381.0,543.4156622163463,-158.4125528452986
381.5,543.5727531708249,-157.93953521031548
382.0,543.7249103412381,-157.46492266848264
382.5,543.8720770647832,-156.98875883222775
383.0,544.0140257037882,-156.5110302959447
383.5,544.1508172431137,-156.0318081509107
384.0,544.2824613955527,-155.55116518133877
384.5,544.4087640841758,-155.06909873547545
385.0,544.5295189055686,-154.58560378544902
385.5,544.6448150228355,-154.10078647248645
386.0,544.7547045151478,-153.61473927257356
386.5,544.8590926711124,-153.1275086759049
387.0,544.9581732297758,-152.6392169541554
387.5,545.051969543375,-152.1499435486157
388.0,545.140141367231,-151.65967531039843
388.5,545.2225256623138,-151.16843891665133
389.0,545.2989960419512,-150.67627353083856
389.5,545.3694064432733,-150.18323207488032
390.0,545.43383170655,-149.68939897075924
390.5,545.4924510222972,-149.19489074305963
391.0,545.5452653663858,-148.6997861436379
391.5,545.5924093781018,-148.20417032751445
392.0,545.6338815637586,-147.70811463543754
392.5,545.6695630963649,-147.2116759748026
393.0,545.6993059808893,-146.71488996765794
393.5,545.7227486072069,-146.2178040924634
394.0,545.73950315433,-145.72046900613552
394.5,545.7497131677742,-145.22298623134964
395.0,545.7534652561606,-144.72545970328923
395.5,545.7506562134032,-144.22800520138568
396.0,545.7410799695965,-143.73068742675625
396.5,545.72417365644,-143.23359280370195
397.0,545.6996358104341,-142.73682307980238
397.5,545.6675770561436,-142.24048068314704
398.0,545.6281234843634,-141.74467097700554
398.5,545.5818326471277,-141.2495040986724
399.0,545.5289909112539,-140.7550598670322
399.5,545.4697119915618,-140.26142895108686
400.0,545.4041226201516,-139.76868508615516
400.5,545.332049581043,-139.2769324089995
401.0,545.2532538014262,-138.78627247526887
401.5,545.1677734722562,-138.29679425196304
402.0,545.0755009532273,-137.80861318871223
402.5,544.9765443286228,-137.32180581606963
403.0,544.8710260462524,-136.83645884687903
403.5,544.7590087101336,-136.35265034067166
404.0,544.6402947905776,-135.87051138014917
404.5,544.5147174823448,-135.39017443160185
405.0,544.3822687756845,-134.91174267019488
405.5,544.2430496126523,-134.43529298837478
406.0,544.0971726074429,-133.9609108341862
406.5,543.944614070817,-133.4886926834229
407.0,543.7853727460623,-133.0187302017624
407.5,543.6194872367272,-132.55111565848603
408.0,543.4470782420361,-132.0859270511264
408.5,543.2683371452893,-131.62320151995846
409.0,543.083239251769,-131.16305188855168
409.5,542.8915489501903,-130.70566451189265
410.0,542.6931105364283,-130.25119404564586
410.5,542.4878254988877,-129.79979223067198
411.0,542.2756290322643,-129.35159810300212
411.5,542.0566414157407,-128.9066877085051
412.0,541.8308192192424,-128.46521343898314
412.5,541.5986405284006,-128.0270816505136
413.0,541.3603933992822,-127.59227889701384
413.5,541.1161750202457,-127.1608585416932
414.0,540.8658652017506,-126.73297996667841
414.5,540.6094529527478,-126.30874055023139
415.0,540.3468906777305,-125.88828603629624
415.5,540.0783969873809,-125.47160539490832
416.0,539.8041082906061,-125.05875549193465
416.5,539.5242657796331,-124.6497093511184
417.0,539.2389920667257,-124.24450794433635
417.5,538.9481603258677,-123.84334870433747
418.0,538.6516763396513,-123.44638400290194
418.5,538.3494399200165,-123.05379198753442
419.0,538.0415039659869,-122.6656379742733
419.5,537.7279442774558,-122.28198364254037
420.0,537.408912970768,-121.90284963706836
420.5,537.0845656559743,-121.52823971778099
421.0,536.755100729474,-121.15811010337737
421.5,536.4206427207331,-120.79250214018461
422.0,536.0811647459774,-120.43155409038233
422.5,535.7366792276896,-120.07534562845478
423.0,535.3872322893333,-119.72394979255043
423.5,535.0329472293371,-119.37736670935104
424.0,534.6740120347692,-119.03552814748966
424.5,534.3108727497698,-118.69813653842061
425.0,533.9437814081192,-118.36504827848019
425.5,533.5729060676376,-118.03615833408769
426.0,533.1983963807392,-117.71136664014038
426.5,532.820641060222,-117.39030244425284
427.0,532.4398918775478,-117.07269825059728
427.5,532.0564118122577,-116.75828800655424
428.0,531.6706380380939,-116.44664692511667
428.5,531.2829216657492,-116.13743487298325
429.0,530.8934760367705,-115.8304411707926
429.5,530.5024475110572,-115.52551436028013
430.0,530.1099419128097,-115.22252532688486
430.5,529.715960493333,-114.92140532781153
431.0,529.3206250878559,-114.62195347152684
431.5,528.9242219956124,-114.32385334902933
432.0,528.5269626298342,-114.02687257787335
432.5,528.1289782819064,-113.73083993129404
433.0,527.7304045997658,-113.4355893255058
433.5,527.3313830166538,-113.14097462378595
434.0,526.9320319604273,-112.84687413415845
434.5,526.5323741512078,-112.55322947907139
435.0,526.1324538866571,-112.2599546364141
435.5,525.7323199618774,-111.96698716886449
436.0,525.3319791792155,-111.67427665471124
436.5,524.9315013781663,-111.38174946006511
437.0,524.5309915184845,-111.08935343998412
437.5,524.1304970451799,-110.79704775960514
438.0,523.7300633296435,-110.50471615083802
438.5,523.3297449885011,-110.21224625151469
439.0,522.9296036108836,-109.91953741879979
439.5,522.5296796835028,-109.62649343736864
440.0,522.1300469480107,-109.33302017272723
440.5,521.7307893318174,-109.03902424736094
441.0,521.3319848019156,-108.74441469274556
441.5,520.9337018898887,-108.44906688384167
442.0,520.5360027522095,-108.15286608948374
442.5,520.138943284681,-107.85577069195053
443.0,519.742588637301,-107.55774898797104
443.5,519.3470139500081,-107.25871345833198
444.0,518.9523249928404,-106.95845726642136
444.5,518.5585979257008,-106.65687095415355
445.0,518.1659030588775,-106.35384819700754
445.5,517.7742965549761,-106.0493050077008
446.0,517.383783502867,-105.74330889437641
446.5,516.9943877342067,-105.43593894443906
447.0,516.6061906612877,-105.12710154176492
447.5,516.219263722626,-104.81672655500961
448.0,515.8337555755362,-104.50459165939253
448.5,515.4497988173939,-104.19045890921728
449.0,515.0674331563819,-103.87428016802784
449.5,514.68667766291,-103.55610003388702
450.0,514.3075733089428,-103.23592282207011
450.5,513.9301923071096,-102.91372052137174
451.0,513.5547000870184,-102.58931715580395
451.5,513.1812003560077,-102.26258310464246
452.0,512.8096909535212,-101.93357874214036
452.5,512.4402725879011,-101.60222519840298
453.0,512.0730952876601,-101.26835465297154
453.5,511.7083247204468,-100.93177710296665
454.0,511.34602589915653,-100.5924554900854
454.5,510.9861691320066,-100.25049206230254
455.0,510.62864217720033,-99.90611881058847
455.5,510.2734747060057,-99.5593981892666
456.0,509.92083145860494,-99.21019170435873
456.5,509.57101679486766,-98.85818555663377
457.0,509.22438114380054,-98.50296354042314
457.5,508.8810337979007,-98.14441018912817
458.0,508.5409108908932,-97.78264043836751
458.5,508.20393431352284,-97.41783374159422
459.0,507.87006483048947,-97.05013595824151
459.5,507.5393117246505,-96.67962659042888
460.0,507.2118649052237,-96.30616431514618
460.5,506.88785444065365,-95.92965575182488
461.0,506.56726506229273,-95.5501343991715
461.5,506.24999872998694,-95.16775236470207
462.0,505.93598857860513,-94.78265699768033
462.5,505.62529318527373,-94.39485872755954
463.0,505.31797398616015,-94.00435836968568
463.5,505.0140802270072,-93.61118643975264
464.0,504.7136470238976,-93.21539204497446
464.5,504.4168647949264,-92.816896001302
465.0,504.1239659733519,-92.41556101186538
465.5,503.835128497725,-92.01131991148401
466.0,503.55084484872447,-91.60382524339356
466.5,503.2715788338944,-91.19273520967283
467.0,502.9974121891517,-90.7780501114853
467.5,502.7282782280079,-90.35993148210984
468.0,502.46414856984654,-89.93850423596253
468.5,502.20468838922454,-89.51411110270126
469.0,501.9495936453814,-89.08705325115152
469.5,501.6990727116792,-88.65725745247873
470.0,501.45315303246196,-88.22473219783983
470.5,501.2116776706102,-87.78966863135757
471.0,500.97467654902897,-87.35212302202196
471.5,500.74241718891636,-86.91200731301683
472.0,500.5151235313717,-86.46926800277653
472.5,500.29297136480716,-86.02390209986432
473.0,500.07611687008654,-85.57590106477045
473.5,499.8644758860922,-85.12540538145228
474.0,499.6580966469297,-84.6724873299929
474.5,499.4575427364927,-84.216949295447
475.0,499.263471503143,-83.75853281644984
475.5,499.07608300669875,-83.29723842559264
476.0,498.8950880455008,-82.83330927155872
476.5,498.7205193251335,-82.36684294249802
477.0,498.55222881127855,-81.89801108047928
477.5,498.3898448512525,-81.4270720545798
478.0,498.23340479808786,-80.95410168832588
478.5,498.0830989074002,-80.47913309067533
479.0,497.93887101957375,-80.00226101116692
479.5,497.80093166388866,-79.52349168239853
480.0,497.669697369363,-79.04277649998178
480.5,497.54500750484044,-78.56026147761102
481.0,497.4263667053424,-78.07619659819149
481.5,497.31348525305833,-77.5907707093021
482.0,497.2065399723543,-77.10401561484113
482.5,497.1060856363459,-76.61586612580587
483.0,497.0124862805051,-76.12629931596815
483.5,496.92575740441515,-75.6354027920781
484.0,496.8455738311906,-75.14334654519027
484.5,496.7717193720463,-74.650263803324
485.0,496.70390505879396,-74.15630983853451
485.5,496.64219941811484,-73.66156471641828
486.0,496.58717761665525,-73.16600681311873
486.5,496.53902489520954,-72.66969175669662
487.0,496.4975064023862,-72.17274943029373
487.5,496.46274893884015,-71.67525226054308
488.0,496.4345794508782,-71.1773061780522
488.5,496.41315802686654,-70.67898973985301
489.0,496.39872253061134,-70.18037854096757
489.5,496.3913094632332,-69.68156298191958
490.0,496.3906154744325,-69.18265769541506
490.5,496.39635030422653,-68.68376715651095
491.0,496.4084243873912,-68.1849782916201
491.5,496.4268291443227,-67.68637698882597
492.0,496.4517815738978,-67.1880411567169
492.5,496.4836222185028,-66.69005302793764
493.0,496.5224598035348,-66.19251299486609
493.5,496.56798404550534,-65.69550291208012
494.0,496.61990464784486,-65.19910651047635
494.5,496.6781617861367,-64.70340811224436
495.0,496.7430541367923,-64.2085179716453
495.5,496.814922996014,-63.714555909645625
496.0,496.89362159468243,-63.22159488076202
496.5,496.9788875410451,-62.729697116936585
497.0,497.07043264972737,-62.23891206352243
497.5,497.1682576914884,-61.74932189169629
498.0,497.2723030148796,-61.261003814009015
498.5,497.382620457331,-60.77405023913828
499.0,497.49930912375083,-60.28856438533558
499.5,497.62241484870924,-59.80464284694825
500.0,497.75188380931905,-59.32236461769206
500.5,497.8876376698375,-58.84179877148744
501.0,498.0294091642963,-58.362966704234005
501.5,498.17713057625195,-57.88592979956849
502.0,498.3308314845153,-57.41077554228995
502.5,498.49061629842754,-56.937616662242014
503.0,498.6566013146291,-56.466569336862804
503.5,498.8287658443303,-55.997714363211834
504.0,499.0067725471914,-55.53102682780711
504.5,499.1904531257082,-55.06652711844555
505.0,499.37957037237754,-54.60420301226345
505.5,499.57396699078646,-54.14406867733868
506.0,499.77351702828,-53.6861376625855
506.5,499.9780678304217,-53.230407718983564
507.0,500.1873383360461,-52.77681697543623
507.5,500.40100187028236,-52.325273372838126
508.0,500.61887643306443,-51.875742412203735
508.5,500.84078675755194,-51.42818688193195
509.0,501.06650039368986,-50.982537629281616
509.5,501.2957995736132,-50.538726519875205
510.0,501.5285326907402,-50.096710629874224
510.5,501.7645924443156,-49.6564613446264
511.0,502.00386088386784,-49.21794154964124
511.5,502.24616120154343,-48.78107755925505
512.0,502.4911571698977,-48.345711143850664
512.5,502.7385979430973,-47.911724348525496
513.0,502.9882397624469,-47.47899868707559
513.5,503.23986878968947,-47.047427208434925
514.0,503.4933030574698,-46.61691637992829
514.5,503.74838178017654,-46.18737585761921
515.0,504.00492321567873,-45.75870233511429
515.5,504.26271632002965,-45.33077603596613
516.0,504.52154631295764,-44.903475427214175
516.5,504.78125418482443,-44.47670695611388
517.0,505.0416952689148,-44.050385486352134
517.5,505.3027245141959,-43.62442564422696
518.0,505.56420311630416,-43.19874354593602
518.5,505.82602128844087,-42.77326880996661
519.0,506.08806838497435,-42.34792999147964
519.5,506.35024296935404,-41.922660083074135
520.0,506.6124613366789,-41.49740564595766
520.5,506.8746379998536,-41.072123481157234
521.0,507.13670455016074,-40.64677971996544
521.5,507.39858890199235,-40.22133674226359
522.0,507.66023628667153,-39.79575540951449
522.5,507.9215795688585,-39.36998484213919
523.0,508.1825606194206,-38.94398244596067
523.5,508.4431097738485,-38.51770378783576
524.0,508.7032241308316,-38.09115359127697
524.5,508.9628897193302,-37.66432960963825
525.0,509.22208642352854,-37.23722078952769
525.5,509.4807607291452,-36.80978942036012
526.0,509.73890023800004,-36.38202787534859
526.5,509.996505634577,-35.953934513694996
527.0,510.2535530044718,-35.525491830829814
527.5,510.50998725164834,-35.09666344085667
528.0,510.76580460910645,-34.66744884479938
528.5,511.02101924455013,-34.23786007341114
529.0,511.2756453214703,-33.80791447968344
529.5,511.52964146968293,-33.377599506443325
530.0,511.7830423656749,-32.946940558599266
530.5,512.0358087431993,-32.51591427556765
531.0,512.2878374597207,-32.08445839282775
531.5,512.5390757708972,-31.652540593702412
532.0,512.7894848399677,-31.220137093714165
532.5,513.0389658818956,-30.78719664166747
533.0,513.2874475315946,-30.35367841609631
533.5,513.5349248434235,-29.919581529278766
534.0,513.7812837029992,-29.484840967318135
534.5,514.0264702507973,-29.0494326552262
535.0,514.2705181767803,-28.61337621666427
535.5,514.513344304131,-28.17663041752678
536.0,514.7549832977928,-27.73921709844487
536.5,514.9955118154427,-27.30118398061169
537.0,515.2348355225375,-26.862484322868454
537.5,515.47301628103,-26.423158114613535
538.0,515.7100822351435,-25.98322654529696
538.5,515.94583893249,-25.542590990202484
539.0,516.180427488557,-25.1013332203504
539.5,516.4137934374352,-24.659430512229783
540.0,516.645843306246,-24.21684115659982
540.5,516.8766331877493,-23.77359917019418
541.0,517.1060023442811,-23.329626061361584
541.5,517.3339008825723,-22.88490032471667
542.0,517.5603877671681,-22.43945477400686
542.5,517.7852310735201,-21.993173720700252
543.0,518.0086158891488,-21.546155494143154
543.5,518.2304810074342,-21.09837272642806
544.0,518.4507332340119,-20.649783976262707
544.5,518.669474148172,-20.20044159865589
545.0,518.8865063529032,-19.750255572352213
545.5,519.102007024558,-19.299321238389698
546.0,519.3159771887516,-18.84765230826679
546.5,519.5284080465034,-18.395255028508533
547.0,519.7394693223307,-17.942220754015494
547.5,519.9488700766865,-17.48842049816485
548.0,520.1568129304475,-17.03395332454552
548.5,520.3630594945441,-16.578713154980434
549.0,520.5676675641571,-16.122733750047328
549.5,520.770642290682,-15.66602494670807
550.0,520.9718385589846,-15.20853252621511
550.5,521.1713762217588,-14.750315516552572
551.0,521.3688224389404,-14.291190563004713
551.5,521.5644145501414,-13.831265916296289
552.0,521.7578771324027,-13.370433596701336
552.5,521.9494896316625,-12.90882881933614
553.0,522.1391525842521,-12.44642052263947
553.5,522.3268751780032,-11.983222063890445
554.0,522.5126392742552,-11.519233020598994
554.5,522.6962993175284,-11.05440144637801
555.0,522.87794728842,-10.588772357905986
555.5,523.0573004647553,-10.122244848742424
556.0,523.2346927691749,-9.654960757255187
556.5,523.409910521253,-9.18685237744387
557.0,523.5833961228261,-8.718099968114215
557.5,523.7548072449621,-8.248589112341206
558.0,523.9244684918649,-7.778447140484186
558.5,524.0919321033889,-7.307518960434548
559.0,524.2575758372104,-6.8359457252459475
559.5,524.4211088393492,-6.363634369560106
560.0,524.5828295561244,-5.890698392097009
560.5,524.7424349372236,-5.417043365116432
561.0,524.9002068678811,-4.942774113397839
561.5,525.0557634503646,-4.467770262065645
562.0,525.2094374428723,-3.992152835049462
562.5,525.3609145650439,-3.515832357321493
563.0,525.510466682871,-3.0389061873118117
563.5,525.6576254550675,-2.5612368882188723
564.0,525.8027758675756,-2.082951347856944
564.5,525.9453012005008,-1.6038651597887383
565.0,526.0856383592284,-1.1241184207371702
565.5,526.2233314451281,-0.6435878374033952
566.0,526.359019414225,-0.16247766096872623
566.5,526.4924700864098,0.3192627902715984
567.0,526.6239827932233,0.8015384793584868
567.5,526.7533052399592,1.2844088131991083
568.0,526.8805565288701,1.7678332648134625
568.5,527.0055094036459,2.251864623665134
569.0,527.1282594408691,2.736468630569845
569.5,527.2490799721379,3.2215603588790303
570.0,527.3681216946179,3.707091348183124
570.5,527.4856961933764,4.192972538853674
571.0,527.6015143595481,4.679262187935071
571.5,527.7158008305981,5.165907181667485
572.0,527.828003464847,5.653033590933839
572.5,527.9383052888867,6.140592390129617
573.0,528.0465781477875,6.628603375422433
573.5,528.1529725092429,7.11701894771356
574.0,528.2573790408808,7.605854359928066
574.5,528.3593927248445,8.095193359635912
575.0,528.4590944455205,8.585010456866303
575.5,528.5556878022738,9.075455191498959
576.0,528.6495681021659,9.56643519912036
576.5,528.7403456994213,10.058010167655885
577.0,528.8282379861638,10.5501210506191
577.5,528.9134694717434,11.042709999875852
578.0,528.9959318830406,11.535780013349683
578.5,529.0762215756662,12.02921261975144
579.0,529.1541369038731,12.52302797226031
579.5,529.2300640040136,13.017152782580132
580.0,529.304005115377,13.511576394579546
580.5,529.3758078137699,14.00631300190577
581.0,529.4457040150548,14.501321709658422
581.5,529.5133023984107,14.9966478383617
582.0,529.578873952078,15.492245449840045
582.5,529.642380863702,15.988109907713602
583.0,529.7036073581,16.48425928153544
583.5,529.762768382376,16.98065910299776
584.0,529.8194563353435,17.477348350864514
584.5,529.87387086835,17.974293546819705
585.0,529.9260426807288,18.471482541957702
585.5,529.9757618214414,18.96892641217205
586.0,530.0235491977376,19.466560621917083
586.5,530.0692341342335,19.96439321611567
587.0,530.1129111530302,20.462407587835568
587.5,530.1547559764249,20.960580663546235
588.0,530.1944662076056,21.458930068121848
588.5,530.2323590813638,21.957421691235382
589.0,530.2685692729341,22.456035964526183
589.5,530.3029194246814,22.954775820705407
590.0,530.3357365259419,23.453613079048708
590.5,530.3668474157316,23.952552771400992
591.0,530.39599919477,24.451605523533637
591.5,530.42333539244,24.950759128773775
592.0,530.448701369639,25.45001548632981
592.5,530.4721900003699,25.94936143042997
593.0,530.4940106609756,26.44877953566844
593.5,530.5139351678665,26.948271507719358
594.0,530.5320513478329,27.447827551615163
594.5,530.5483574725639,27.94744451870122
595.0,530.5624133818326,28.447130541014012
595.5,530.5744079517874,28.946872618667214
596.0,530.5844028473239,29.44666045122306
596.5,530.5920103932244,29.946493103199543
597.0,530.5975323396626,30.446355519512903
597.5,530.6010527883667,30.946238788602876
598.0,530.6023124721435,31.446134831980665
598.5,530.6015804743178,31.946034884579195
599.0,530.5989099822768,32.445932346080916
599.5,530.5940681880751,32.94581694815959
600.0,530.5873947298348,33.445681849989555
600.5,530.5790305684955,33.945521750319436
601.0,530.5688578497712,34.445327886571974
601.5,530.557055947608,34.94509606126879
602.0,530.5437705875028,35.44482585715772
602.5,530.5289286659432,35.944510108509725
603.0,530.5125918322983,36.444145220928775
603.5,530.4949247731163,36.943733738049104
604.0,530.4758923349656,37.44327112251175
604.5,530.4554110102819,37.94274995433698
605.0,530.4336828852242,38.442176477633076
605.5,530.4107502691062,38.94154812616697
606.0,530.3864027722267,39.44085212069186
606.5,530.360894392018,39.940097983420074
607.0,530.3342361260889,40.43928363310052
607.5,530.3062600501195,40.93839939276374
608.0,530.2770080624434,41.43744610497918
608.5,530.246578503666,41.936426564668366
609.0,530.2149436163553,42.43533606102204
609.5,530.1820221885157,42.934165032060335
610.0,530.147951921006,43.43291902073339
610.5,530.1127076313576,43.93159527172385
611.0,530.0761017970294,44.43017790529486
611.5,530.0382495776021,44.928671755998806
612.0,529.9992403270536,45.42707873503667
612.5,529.9590630063242,45.92539463080672
613.0,529.9175506805254,46.42360213935103
613.5,529.8748608031899,46.921711591536095
614.0,529.830974716936,47.419718550831625
614.5,529.7857993320367,47.91761069158781
615.0,529.739359695655,48.41538519333404
615.5,529.6917227424055,48.91304426666171
616.0,529.642834257407,49.410580700334094
616.5,529.5924632244089,49.90796773674071
617.0,529.5406806877498,50.405208541673304
617.5,529.4875502480147,50.90230486535191
618.0,529.4330622085226,51.39925171267549
618.5,529.3769535551787,51.89601391801941
619.0,529.319366685131,52.39260390383394
619.5,529.2602433768938,52.889011529080314
620.0,529.1995200074385,53.38522511494143
620.5,529.1368161738416,53.88119319078313
621.0,529.0722993879301,54.37693170913882
621.5,529.0059634804744,54.87243393919183
622.0,528.937854548307,55.36769808674642
622.5,528.8677814304777,55.86268863032658
623.0,528.7960346394098,56.35743832744738
623.5,528.7225674073775,56.851935336038146
624.0,528.6473330429161,57.34616773178358
624.5,528.570047332921,57.840085730951394
625.0,528.4910733156526,58.33373689428671
625.5,528.4104329423496,58.82711813789814
626.0,528.3281077313411,59.32022105481162
626.5,528.243862949054,59.81299986767215
627.0,528.157898613551,60.30548137529136
627.5,528.0702519900888,60.79766633267367
628.0,527.9809497499472,61.289552987352565
628.5,527.8897838491208,61.781097039137045
629.0,527.7967547799044,62.272292398474164
629.5,527.7019666102185,62.76315235784414
630.0,527.605421305645,63.253671383234405
630.5,527.5070444390317,63.74382872350246
631.0,527.4067884157203,64.23360748085175
631.5,527.3048495036173,64.72304089468908
632.0,527.2012512781768,65.21212779453423
632.5,527.0960142948237,65.70086676251351
633.0,526.9889615753887,66.18921234769243
633.5,526.8803873626473,66.67722170764767
634.0,526.7703561767295,67.1649031113481
634.5,526.6588463065908,67.65224659485511
635.0,526.545676076788,68.1392060523603
635.5,526.4307547664647,68.62575585405185
636.0,526.3142158960675,69.1119218625932
636.5,526.1961698824332,69.59772284234421
637.0,526.0766587980968,70.08316224278012
637.5,525.955494126749,70.56818679184198
638.0,525.8327754241772,71.05281734521438
638.5,525.7083661256861,71.53701682308836
639.0,525.582219403597,72.02076941529876
639.5,525.4542884418952,72.50405386475451
640.0,525.3245355203843,72.98685233072635
640.5,525.1931219022025,73.46920154317098
641.0,525.0600564839173,73.95109704234228
641.5,524.9252856960245,74.43251885717628
642.0,524.7885760760173,74.91339532028564
642.5,524.6500019217036,75.39373904947058
643.0,524.5095646313873,75.87354505174127
643.5,524.3672710537088,76.3528077159564
644.0,524.2231604320405,76.83153075882159
644.5,524.0770480889541,77.30964971767169
645.0,523.9292486134563,77.78725156687398
645.5,523.7797692112076,78.26433153653394
646.0,523.6286237830852,78.74088854281707
646.5,523.4757960266749,79.21691035391994
647.0,523.3212246199253,79.6923697675353
647.5,523.1651422215385,80.16733444475081
648.0,523.0075363895609,80.6417951840217
648.5,522.8484059930646,81.11574659780142
649.0,522.6877282876758,81.58917470250017
649.5,522.525507906726,82.06207337188378
650.0,522.3618813917869,82.53448327638124
650.5,522.1967741718945,83.00637441560279
651.0,522.0301017251594,83.47771307839125
651.5,521.8617421220409,83.94845158440273
652.0,521.6915431995586,84.41852846612433
652.5,521.5197631146754,84.88802799959727
653.0,521.3463884126436,85.35693836791698
653.5,521.171390220329,85.82524379713466
654.0,520.9947309703194,86.29292414955611
654.5,520.8161584466011,86.75987763976474
655.0,520.6358623377073,87.22616904645653
655.5,520.4538747564201,87.69180437234395
656.0,520.2701699952028,88.15676705489223
656.5,520.0847900021228,88.62106645546166
657.0,519.8975895751835,89.08463498765202
657.5,519.7087122184947,89.54752308130986
658.0,519.5181680784364,90.00972859234336
658.5,519.325942923858,90.47123934683214
659.0,519.1320139481652,90.93203854924346
659.5,518.9362988235587,91.39208382803862
660.0,518.7388308310643,91.85137955899366
660.5,518.5397077049877,92.30996049706874
661.0,518.3389423639171,92.76782600188014
661.5,518.136544536112,93.2249730642379
662.0,517.9325026123562,93.68139048311215
662.5,517.7266602201133,94.13700015816778
663.0,517.5192439267234,94.5918963935768
663.5,517.3102850806648,95.04608666777446
664.0,517.0997713487418,95.49955901094485
664.5,516.8876624350725,95.95228833768226
665.0,516.6738219111566,96.40420408238633
665.5,516.4582209613715,96.85528443400977
666.0,516.2409954116073,97.305585659678
666.5,516.0222250098318,97.75513862055419
667.0,515.8019702969934,98.2039657086406
667.5,515.5802492479777,98.65206916885269
668.0,515.3568973014205,99.0993607255659
668.5,515.1320964203286,99.54592550649976
669.0,514.9059966387217,99.99183119014343
669.5,514.6785990390656,100.43707262398613
670.0,514.4499110543397,100.88164881085379
670.5,514.2199149549473,101.32554378792085
671.0,513.9883472321275,101.76861531324276
671.5,513.7552596417704,102.21088613199554
672.0,513.5206508273584,102.65234926108401
672.5,513.2844547934153,103.09296278716323
673.0,513.046568466673,103.53266494797691
673.5,512.8069101128406,103.97140360461853
674.0,512.5651398395058,104.40898310799078
674.5,512.3214069249591,104.84547565094456
675.0,512.0757263391894,105.28087976075173
675.5,511.8281617360544,105.71522047105968
676.0,511.5787878780066,106.14852834748073
676.5,511.3277303624575,106.58086554116656
677.0,511.07490412551834,107.01217312437471
677.5,510.820487321115,107.44254513641954
678.0,510.564623641855,107.87205783361911
678.5,510.3074093993474,108.30075970423667
679.0,510.0488904710487,108.72867104785198
679.5,509.78904521886807,109.1557733188064
680.0,509.5277421466228,109.5819799182324
680.5,509.26494934265463,110.007265051733
681.0,509.00070177296203,110.43164412495072
681.5,508.73497188933106,110.85509320039843
682.0,508.4677020146084,111.27756927546457
682.5,508.19879509025026,111.69900481065638
683.0,507.9281180744894,112.11930776261083
683.5,507.65543762054,112.53831851981546
684.0,507.38092786798387,112.95613778068288
684.5,507.1045964685182,113.37275963929714
685.0,506.8264970227391,113.7882084296987
685.5,506.5467088342172,114.20252575682143
686.0,506.265269890806,114.6157270117561
686.5,505.9820705547398,115.02772762273216
687.0,505.6971738258572,115.4385597802637
687.5,505.41069867428854,115.84829638707104
688.0,505.12272968543607,116.25698648658285
688.5,504.8333707534699,116.66469317192586
689.0,504.54266647528846,117.07143995821941
689.5,504.2506252450243,117.4772259152981
690.0,503.9570994401422,117.88193599476833
690.5,503.66219486492594,118.2856395651338
691.0,503.36587687358906,118.6883046134816
691.5,503.0681373078355,119.08991734055618
692.0,502.7689418519028,119.49044481132445
692.5,502.46821769528674,119.88982655655174
693.0,502.1658898602456,120.28799880500296
693.5,501.8618569404617,120.68487333780837
694.0,501.55635051452185,121.08061621984851
694.5,501.24949959673006,121.47531629007646
695.0,500.94138545586867,121.86902765448949
695.5,500.63201581109877,122.26174923649435
696.0,500.3213230317131,122.65342196092789
696.5,500.00925034240066,123.04399623927976
697.0,499.6956722864229,123.43336425441748
697.5,499.3807643661449,123.82165662147486
698.0,499.0645982486943,124.20892274878689
698.5,498.74721426536547,124.59518685962064
699.0,498.4285725752568,124.98040991282848
699.5,498.1086072540066,125.36453199883549
700.0,497.78725295463846,125.74749207577315
700.5,497.46429974044145,126.12910583876534
701.0,497.139784810804,126.50939469215983
701.5,496.8137140951199,126.88835298220557
702.0,496.48605883139635,127.26594743114157
702.5,496.15684630013095,127.6421910059994
703.0,495.8261574223589,128.01714247676296
703.5,495.4940849998314,128.3908727648751
704.0,495.16066978937863,128.76340763073227
704.5,494.8258601705024,129.13469125241178
705.0,494.4897565329312,129.50480700683352
705.5,494.1524236756613,129.87380471785383
706.0,493.813944696027,130.24175079815305
706.5,493.4743976803522,130.60870842367018
707.0,493.13382295584864,130.9747074979984
707.5,492.7921880266246,131.339711908434
708.0,492.4494036475233,131.7036332966048
708.5,492.10543630769945,132.06643379698164
709.0,491.7603325500604,132.42814989282417
709.5,491.4140675781715,132.7887518646906
710.0,491.0666252023623,133.14821676131268
710.5,490.7179893247156,133.50652177229384
711.0,490.3681602345285,133.86365987719947
711.5,490.0171280680623,134.2196133215753
712.0,489.6648245870759,134.5743071618276
712.5,489.3111699005744,134.92765507572628
713.0,488.95625525228326,135.27974027130477
713.5,488.6001040283285,135.63057661517502
714.0,488.2427539328682,135.98019370074704
714.5,487.88424062309923,136.32861847001118
715.0,487.524570586338,136.67584982828052
715.5,487.1637414533552,137.0218780364585
716.0,486.8017628240778,137.36670514085648
716.5,486.43853526708403,137.71021703109702
717.0,486.07419186926387,138.05254496696534
717.5,485.7087384142524,138.39368635600368
718.0,485.34215835402927,138.7336164436021
718.5,484.9744313249126,139.07230616982093
719.0,484.60556421992186,139.4097556515348
719.5,484.2355777241242,139.7459790247441
720.0,483.86449420825494,140.0809927039516
720.5,483.49230783387344,140.41478250089972
721.0,483.1190057607044,140.74732443587627
721.5,482.74469153477037,141.07872549567583
722.0,482.3693843441596,141.40900070776487
722.5,481.99309290084307,141.73815292565217
723.0,481.6158204119709,142.0661792599309
723.5,481.2375604427086,142.3930656006349
724.0,480.8583214850573,142.71881542621082
724.5,480.4781288477145,143.04345053904765
725.0,480.09698238144927,143.36696290943175
725.5,479.7148163961695,143.68926800801162
726.0,479.3316845859648,144.0104219456476
726.5,478.94758972393754,144.33042256387287
727.0,478.5625033379861,144.6492285280981
727.5,478.1764234703515,144.96683164941817
728.0,477.7893467374674,145.2832197504802
728.5,477.4012835636605,145.59839901532808
729.0,477.01224988869774,145.91238050699783
729.5,476.6222822833893,146.2252015534002
730.0,476.2313372989443,146.5367997211505
730.5,475.83939753789423,146.84714745527523
731.0,475.44649516020036,147.1562782917457
731.5,475.0526519491168,147.4642129554841
732.0,474.65796903360507,147.77107048967443
732.5,474.2625190558982,148.07693348391973
733.0,473.8663193061317,148.38181788807276
733.5,473.4693457423574,148.68568766748734
734.0,473.0715535543578,148.98848143885013
734.5,472.67289241136416,149.2901313955152
735.0,472.2733715915109,149.59064225995994
735.5,471.87299486669104,149.89000751683054
736.0,471.47179695592484,150.1882673867975
736.5,471.06977356314553,150.4854106022698
737.0,470.66692443199696,150.78142837407074
737.5,470.2632170476706,151.07627089564392
738.0,469.8586073887628,151.36987349145883
738.5,469.45305513313724,151.6621745497603
739.0,469.046523588117,151.9531174503202
739.5,468.6390122714229,152.242695355118
740.0,468.23055398498207,152.5309423273419
740.5,467.82117886258305,152.81788987227088
741.0,467.4108984074322,153.1035445921354
741.5,466.99976875239986,153.38797789881167
742.0,466.587809515482,153.67120946288514
742.5,466.1750296033418,153.9532446549146
743.0,465.76144457797244,154.23409811764526
743.5,465.3470717908939,154.5137870262667
744.0,464.9319175527465,154.79231382109296
744.5,464.51598800580166,155.06968060435997
745.0,464.09931040559513,155.34591961641442
745.5,463.68190227057477,155.621049290718
746.0,463.263766729821,155.89506832558985
746.5,462.8448968391188,156.16795902683458
747.0,462.4252591962556,156.43966141951992
747.5,462.00487311955567,156.71020003087514
748.0,461.58372485371825,156.9795466031252
748.5,461.1618081808079,157.2476839995099
749.0,460.739089817394,157.51455317493478
749.5,460.3155385562693,157.78009858878346
750.0,459.891123838739,158.04426310207265
750.5,459.465821843143,158.30700046002482
751.0,459.0396308956248,158.5682985679327
751.5,458.612560618313,158.82816171531894
752.0,458.1846207422897,159.08659518698943
752.5,457.75582406783036,159.34360969955748
753.0,457.32619478948277,159.5992342919058
753.5,456.89571764255976,159.85343250030195
754.0,456.4644470009255,160.10628523189416
754.5,456.03242169508843,160.35784704184852
755.0,455.5996677445713,160.60815360805063
755.5,455.16620518286646,160.85723044316757
756.0,454.73205089948834,161.10509836847066
756.5,454.2972234815295,161.35178172265225
757.0,453.86175073705624,161.59731995434908
757.5,453.4256524890421,161.84174051173426
758.0,452.98894410067277,162.0850633461389
758.5,452.5516338845641,162.3272958378227
759.0,452.11371306853675,162.56841608995035
759.5,451.6751796085876,162.80841572168907
760.0,451.2360247663307,163.04727225387944
760.5,450.7962350087461,163.28495635079565
761.0,450.3558025166135,163.52144861645812
761.5,449.91469146243907,163.75667386506746
762.0,449.4729424751045,163.99070362510037
762.5,449.0305864023947,164.2235853226283
763.0,448.58765314699434,164.45536658430782
763.5,448.1441526435776,164.68606106711195
764.0,447.7000976337367,164.91568824225843
764.5,447.255496940061,165.14425949866268
765.0,446.8103689160365,165.3718059062809
765.5,446.3647397013699,165.59837239810557
766.0,445.91863473263703,165.8240012569529
766.5,445.47208112685973,166.0487395220537
767.0,445.0250972498373,166.27261664795364
767.5,444.57768872285675,166.49563898018064
768.0,444.1298558610153,166.7178032421455
768.5,443.68159718272307,166.93910200092168
769.0,443.2329076756475,167.15952197873756
769.5,442.7837833721633,167.3790513843789
770.0,442.33422291756966,167.59768229524042
770.5,441.884221665117,167.81540146586127
771.0,441.43376127140886,168.03216647610606
771.5,440.9828685272944,168.2480278622432
772.0,440.53154014818705,168.46297372987016
772.5,440.07977593545274,168.67699942618057
773.0,439.6275668303095,168.89008254598912
773.5,439.1749023570372,169.10219745115302
774.0,438.7217793502429,169.31333243055775
774.5,438.26820297220524,169.52349249777183
775.0,437.81417866586753,169.7326829969547
775.5,437.3597060718361,169.94089769062813
776.0,436.90478337067043,170.14812717171742
776.5,436.44940476387217,170.35435350257717
777.0,435.99356880074333,170.55956821264436
777.5,435.53727974506324,170.76377471533715
778.0,435.0805434977257,170.96697976476165
778.5,434.62336334728195,171.16918445422613
779.0,434.1657459997805,171.37039828676436
779.5,433.7076983237184,171.57063039601292
780.0,433.24923009941125,171.76989650134
780.5,432.7903552548931,171.9682216186598
781.0,432.331078752482,172.16561082155857
781.5,431.87140388777874,172.36206778879136
782.0,431.41132868027506,172.5575824679005
782.5,430.9508563497158,172.7521572160796
783.0,430.4899841294106,172.94578081976746
783.5,430.0287116701606,173.13844811944756
784.0,429.5670335947507,173.33014155429993
784.5,429.1049492865749,173.5208563324487
785.0,428.64245864988885,173.71058641880725
785.5,428.1795649322966,173.89933451532315
786.0,427.71627909963945,174.0871206571411
786.5,427.2526119812118,174.27396520573458
787.0,426.788568508289,174.45987599219018
787.5,426.32416664551636,174.64489271508577
788.0,425.8594195142814,174.8290412401879
788.5,425.3943418212665,175.01235336842663
789.0,424.92894849722285,175.19486206727106
789.5,424.46326811075795,175.37663328576173
790.0,423.9973164547409,175.55769971047388
790.5,423.5310918860346,175.73805401550447
791.0,423.06458153756853,175.91766433646833
791.5,422.5977782300669,176.09651241631633
792.0,422.13068984947324,176.27461502082286
792.5,421.6633225915786,176.4519820371195
793.0,421.1956826934287,176.6286256725714
793.5,420.72777123660296,176.80454181199866
794.0,420.2595694142653,176.9796812290858
794.5,419.79106971448243,177.154024924129
795.0,419.32227795115284,177.3275849278055
795.5,418.85320470468565,177.50038341496744
796.0,418.38386649891805,177.6724605255503
796.5,417.91427787758806,177.8438484329039
797.0,417.44445861896384,178.01459598092063
797.5,416.97442156261815,178.1847317642419
798.0,416.5041742656257,178.3542724864764
798.5,416.03371221414176,178.52320271639613
799.0,415.5630357238048,178.69152182291782
799.5,415.09213916457617,178.85921196837634
800.0,414.6210158542453,179.02625526647765
800.5,414.1496586095684,179.1926300984604
801.0,413.6780533820578,179.3582962898776
801.5,413.2061796799156,179.52319879178182
802.0,412.73402192105965,179.6872936719531
802.5,412.26157296682663,179.85055839170542
803.0,411.78883225374705,180.01298813816373
803.5,411.3158064520744,180.17459840607742
804.0,410.8425088425185,180.33542341606497
804.5,410.36895374859176,180.49550163430553
805.0,409.8951540201896,180.65486681168468
805.5,409.4211248816744,180.81355818502044
806.0,408.9468842377002,180.9716238685017
806.5,408.47244934121426,181.1291099982152
807.0,407.9978355304275,181.2860558343832
807.5,407.52305529053837,181.44249395154793
808.0,407.0481208742667,181.59845704418584
808.5,406.5730398015038,181.75396359349344
809.0,406.09781882590556,181.90903170637833
809.5,405.622462688741,182.0636716676304
810.0,405.1469720365688,182.21788294783778
810.5,404.6713395656431,182.37164508305275
811.0,404.1955620922592,182.52494867209293
811.5,403.71964100419353,182.6777959934341
812.0,403.24357513816136,182.83018481333244
812.5,402.767363973022,182.9821140561234
813.0,402.2910076797666,183.13358440647676
813.5,401.8145072889797,183.28459916994433
814.0,401.33786323651873,183.4351603412718
814.5,400.86107627848236,183.58527044015858
815.0,400.3841488806959,183.7349371432137
815.5,399.9070829617737,183.88416612849105
816.0,399.4298806475692,184.03296325239143
816.5,398.95254485263195,184.1813363824211
817.0,398.47507805374784,184.32929222353252
817.5,397.99748380780477,184.47684150222298
818.0,397.5197649607374,184.6239910237446
818.5,397.0419257927838,184.77075225375734
819.0,396.56396959900025,184.91713331903634
819.5,396.08589322722906,185.06312212217077
820.0,395.6077018764626,185.2087359478254
820.5,395.12940018946335,185.35399011595388
821.0,394.6509930203581,185.49889568413224
821.5,394.17248387884996,185.64346163394154
822.0,393.6938754686501,185.7876946819369
822.5,393.2151701568388,185.93160245564513
823.0,392.73637063127916,186.07519442288282
823.5,392.2574801086432,186.21847962536523
824.0,391.77850244996574,186.36146703011804
824.5,391.2994414021366,186.50416640507137
825.0,390.82029836821306,186.64658306807652
825.5,390.341072646197,186.78871612787893
826.0,389.86176289164706,186.93056397875876
826.5,389.38236507845295,187.0721129919613
827.0,388.9028841836489,187.21338507384579
827.5,388.4233251713199,187.35439472983552
828.0,387.94368992452,187.49514764293212
828.5,387.46397945112255,187.63564724712253
829.0,386.9841950861795,187.77589822009048
829.5,386.5043380686653,187.91590695335375
830.0,386.0244095772987,188.05568073049426
830.5,385.54441188352826,188.1952280194932
831.0,385.0643489808619,188.33455989584334
831.5,384.58422446569966,188.47368816132348
832.0,384.10403885234007,188.61261145696375
832.5,383.6237973343749,188.75134545379333
833.0,383.143505530082,188.88990766016562
833.5,382.6631659362029,189.02830459485202
834.0,382.1827799940236,189.16654105832598
834.5,381.7023493268771,189.304622340179
835.0,381.22187526444435,189.44255133063714
835.5,380.7413588692604,189.58033046896847
836.0,380.2608014005871,189.71796408674535
836.5,379.780203533175,189.8554521468816
837.0,379.29956231248985,189.99278602768635
837.5,378.8188730335162,190.12995385414052
838.0,378.33813860509997,190.26696537160987
838.5,377.8573591530889,190.4038220982464
839.0,377.3765343931297,190.54052247882623
839.5,376.895663825125,190.67706561766735
840.0,376.41474648562416,190.8134503236605
840.5,375.93378129547585,190.94967455041237
841.0,375.4527677863902,191.0857375497963
841.5,374.9717060672798,191.22164308877512
842.0,374.4905920410055,191.35737430283478
842.5,374.0094293966338,191.4929417755322
843.0,373.5282216254399,191.6283603381993
843.5,373.04697261858786,191.76363766973617
844.0,372.5656845666101,191.89877769188269
844.5,372.0843586859439,192.0337838559579
845.0,371.6029962492721,192.1686600976753
845.5,371.1215985397884,192.30340892466023
846.0,370.64016552904917,192.43802950648708
846.5,370.15869616645745,192.57251316420331
847.0,369.6771966493474,192.70687911914078
847.5,369.195666226762,192.84112658352475
848.0,368.7141039398524,192.97525406101948
848.5,368.2325099111263,193.10926143215994
849.0,367.7508849074492,193.2431496210182
849.5,367.2692294100886,193.376919076069
850.0,366.7875429421056,193.5105680084994
850.5,366.30582213140264,193.6440843500606
851.0,365.82406633771495,193.77746789835646
851.5,365.3422752621081,193.9107186544206
852.0,364.8604458191021,194.04382792888947
852.5,364.3785765431285,194.17679211603973
853.0,363.89666734396894,194.30960854187128
853.5,363.4147180883837,194.44227251360294
854.0,362.93272686588824,194.57477828543927
854.5,362.45068571292717,194.7070965764519
855.0,361.96859160613207,194.83921836834588
855.5,361.48644277515206,194.97114272380628
856.0,361.0042376629343,195.10286203356125
856.5,360.52197480488485,195.234368794824
857.0,360.03965201259194,195.36565511118604
857.5,359.5572660173869,195.49671125860496
858.0,359.0748099157092,195.62751331700585
858.5,358.59227308710183,195.758024598446
859.0,358.109665374839,195.88827906849397
859.5,357.6269861089847,196.01827385903863
860.0,357.14423448898015,196.14800487248647
860.5,356.6614099440492,196.27746947771146
861.0,356.1785123913621,196.40666741167834
861.5,355.6955423227152,196.53559961134448
862.0,355.2124866135252,196.66421660568415
862.5,354.7293580969038,196.7925656034955
863.0,354.2461593227909,196.92065362741084
863.5,353.7628914372179,197.04848352491533
864.0,353.2795561795089,197.17606035182592
864.5,352.7961554544263,197.30338959149023
865.0,352.3126901000584,197.43047295344084
865.5,351.8291480505165,197.5572665369464
866.0,351.3455432842505,197.6838209759196
866.5,350.8618774518833,197.8101400365963
867.0,350.37815085862076,197.93622709953948
867.5,349.8943640990889,198.06208563626197
868.0,349.4105183162179,198.1877189909451
868.5,348.9266130337377,198.31312548328967
869.0,348.44264325575125,198.43828513000085
869.5,347.95862101030747,198.56324092630052
870.0,347.47454687747734,198.6879970193243
870.5,346.990421798647,198.81255731984254
871.0,346.5062466510531,198.93692595684328
871.5,346.0220220677266,199.06110766644082
872.0,345.53774379731476,199.18508436677376
872.5,345.0534169809211,199.30887046471287
873.0,344.5690474536337,199.43248940672686
873.5,344.08463658041677,199.55594480389803
874.0,343.60018448608906,199.67923707393945
874.5,343.1156903858302,199.8023651130522
875.0,342.63115147665735,199.92532067784512
875.5,342.1465636853512,200.04808479134306
876.0,341.6619348067245,200.1706880604217
876.5,341.1772652381897,200.29313156742424
877.0,340.69255442489344,200.41541332724532
877.5,340.207800978568,200.53752978356957
878.0,339.72300302629617,200.65947828058367
878.5,339.23815056176556,200.78122079351013
879.0,338.75325395795846,200.90279365146208
879.5,338.2683130501252,201.02419759799216
880.0,337.7833282774775,201.14543293826267
880.5,337.29830015271614,201.26650016852682
881.0,336.8132289645286,201.38740070416844
881.5,336.3281092834818,201.50811370645786
882.0,335.842947514442,201.62865951900136
882.5,335.35774748402036,201.74905274333054
883.0,334.8725105444925,201.86929716052984
883.5,334.38723784316176,201.9893959906926
884.0,333.901930361087,202.10935255152123
884.5,333.4165845012906,202.2291513393208
885.0,332.93120454208554,202.34880674601186
885.5,332.4457938744108,202.46833205819948
886.0,331.9603533973103,202.58773147092123
886.5,331.4748837643713,202.7070084152099
887.0,330.9893851825038,202.8261643641759
887.5,330.50385269923623,202.94517948703205
888.0,330.0182899130587,203.06407024919994
888.5,329.5327011425167,203.18285264162031
889.0,329.04708693420116,203.30152780889262
889.5,328.56144704925407,203.42009502473346
890.0,328.0757807622419,203.53855317901537
890.5,327.59008430569156,203.65688969923306
891.0,327.1043633596782,203.77512526490003
891.5,326.6186196095755,203.8932673283405
892.0,326.1328532918027,204.01131736879557
892.5,325.6470646738143,204.1292772545552
893.0,325.16125402284337,204.24714930857198
893.5,324.67541589882705,204.3649144821816
894.0,324.1895574749992,204.48259943753067
894.5,323.7036801288909,204.6002087858722
895.0,323.2177849788234,204.7177474384284
895.5,322.7318730514234,204.83522025416036
896.0,322.2459442189826,204.95262589370225
896.5,321.7599991377025,205.06996887226344
897.0,321.274042728587,205.18726706981548
897.5,320.78807638543833,205.30452441574883
898.0,320.30210124241523,205.4217439219419
898.5,319.816118282654,205.53892837992433
899.0,319.3301278752141,205.65607958646504
899.5,318.8441333698943,205.77321064113303
900.0,318.358135415482,205.8903263616575
900.5,317.8721342244507,206.00742814631394
901.0,317.3861298229135,206.1245162559436
901.5,316.9001216102539,206.2415890928642
902.0,316.4141095339402,206.35864464647835
902.5,315.92809462673426,206.47568869298865
903.0,315.4420762295668,206.59272002888645
903.5,314.95605412376705,206.70973804324137
904.0,314.47002881883617,206.82674357973409
904.5,313.9840014249478,206.94374057135454
905.0,313.497973189345,207.06073390816897
905.5,313.01194354092905,207.17772055203338
906.0,312.52591205864775,207.29469813733434
906.5,312.0398785729377,207.41166495439361
907.0,311.55384360757665,207.5286180158608
907.5,311.06780769233103,207.6455560571925
908.0,310.58177049503934,207.76247819992236
908.5,310.0957320235767,207.87938468419188
909.0,309.6096924779935,207.9962761699322
909.5,309.1236521603474,208.1131501051553
910.0,308.63761056818163,208.23000401117164
910.5,308.1515680183034,208.34684095938042
911.0,307.665524180202,208.46366013673912
911.5,307.17947861700037,208.58046146188082
912.0,306.6934306526941,208.69724539185748
912.5,306.2073785048674,208.8140058322882
913.0,305.7213230472753,208.93074875243468
913.5,305.23526435067714,209.04747760842255
914.0,304.7492024903927,209.16419588414053
914.5,304.2631374147077,209.280906590273
915.0,303.7770699712866,209.39761775718148
915.5,303.29100138528014,209.51433494681106
916.0,302.8049322479026,209.63105883740926
916.5,302.31886297587795,209.74778953694715
917.0,301.8327937753997,209.86452693431892
917.5,301.3467247784327,209.98127239434518
918.0,300.86065674217656,210.09802265888857
918.5,300.3745890535523,210.21477677592014
919.0,299.8885211638522,210.3315330477268
919.5,299.4024526280926,210.44828862610174
920.0,298.9163808465459,210.56503803117994
920.5,298.43030559463233,210.68177806143265
921.0,297.9442264176926,210.7985065395908
921.5,297.45814308747583,210.9152234401809
922.0,296.9720553673545,211.0319314226511
922.5,296.48596400424685,211.14863530925788
923.0,295.99987005465283,211.26533897683868
923.5,295.51377435918926,211.38204581733427
924.0,295.0276776566902,211.49875879782763
924.5,294.5415803364925,211.61548122957362
925.0,294.05548329985834,211.73221886090556
925.5,293.5693882747191,211.8489730937668
926.0,293.08329609682465,211.965745255162
926.5,292.597207397864,212.08253589935157
927.0,292.11112350155656,212.19934808998946
927.5,291.6250462237964,212.31618532334198
928.0,291.1389756860751,212.43304732994034
928.5,290.6529125554928,212.54993491400347
929.0,290.16685743420675,212.66684823811553
929.5,289.68081394234986,212.78379757519215
930.0,289.19477932120486,212.9007727722642
930.5,288.7087536565182,213.01777496793522
931.0,288.22273728768306,213.13480633075665
931.5,287.73673069106286,213.25186999180133
932.0,287.25073536648233,213.36897058860734
932.5,286.7647484346484,213.48609611793916
933.0,286.27876963650834,213.60324817857324
933.5,285.7927987442425,213.72042815193262
934.0,285.3068368668939,213.83764150837808
934.5,284.82088113553743,213.95488098607967
935.0,284.3349290238521,214.07213804190118
935.5,283.8489802754443,214.18941164414105
936.0,283.3630348869635,214.30670141071772
936.5,282.87709313314986,214.42401076186854
937.0,282.39115295355026,214.54133242854732
937.5,281.90521284473164,214.65866142013294
938.0,281.4192720656371,214.77599513540648
938.5,280.9333303148574,214.89333232021346
939.0,280.4473875373345,215.01067242793056
939.5,279.9614442989702,215.12801423765566
940.0,279.47550111346567,215.2453573630446
940.5,278.9895585252106,215.36270194075988
941.0,278.5036175562863,215.48005282569832
941.5,278.01767934695255,215.59741405463032
942.0,277.53174427663873,215.71478567848635
942.5,277.0458128836053,215.8321692835504
943.0,276.55988613353037,215.94956859011535
943.5,276.0739670520136,216.0669949861869
944.0,275.5880545684862,216.18444634090773
944.5,275.10214913763235,216.30192488762128
945.0,274.61625131205204,216.41943300694012
945.5,274.1303655977797,216.53698714538646
946.0,273.6444901767964,216.65458452468954
946.5,273.15862457238575,216.77222186881133
947.0,272.67276950509336,216.88990161110743
947.5,272.18692794363676,217.00763589581106
948.0,271.7011004351202,217.1254290959571
948.5,271.2152841981811,217.2432666878951
949.0,270.72947973863336,217.3611499732086
949.5,270.24368764717525,217.4790810104655
950.0,269.7579135958034,217.5970838886881
950.5,269.27215348812285,217.71514550768362
951.0,268.78640673240557,217.83326530807503
951.5,268.30067323328643,217.95144347205627
952.0,267.8149567885884,218.0696925648465
952.5,267.3292575641518,218.1880102866243
953.0,266.8435724565966,218.30638550778164
953.5,266.3579009293608,218.42481633241363
954.0,265.87224369517935,218.5433053564579
954.5,265.38660312758844,218.6618654290963
955.0,264.90097455169746,218.78047736124302
955.5,264.41535766896516,218.8991397014526
956.0,263.92975222357103,219.01785097870007
956.5,263.4441636831281,219.13662881407234
957.0,262.9585853971383,219.25544692005897
957.5,262.47301688092284,219.37430239148514
958.0,261.98745782292104,219.49319365669396
958.5,261.50191101062177,219.61213493479573
959.0,261.0163729162888,219.73111325137074
959.5,260.53084179001104,219.850119901881
960.0,260.04531723804166,219.96915307786398
960.5,259.5598005782012,220.08821992337707
961.0,259.0742922741366,220.20732308365214
961.5,258.58879025308283,220.32645261093847
962.0,258.1032943892633,220.4456082369019
962.5,257.61780551880184,220.56479476904846
963.0,257.132326156809,220.68402208170664
963.5,256.64685323728696,220.80327505805255
964.0,256.16138666696725,220.9225538935759
964.5,255.6759267909183,221.04186133379156
965.0,255.19047741775879,221.16121009866808
965.5,254.70503610715843,221.28059384696513
966.0,254.2196025438609,221.4000128803849
966.5,253.73417635747256,221.5194670739349
967.0,253.24876077612223,221.63896242230658
967.5,252.7633534525814,221.75849111329032
968.0,252.2779550907099,221.87805580528072
968.5,251.79256625847742,221.99765874301508
969.0,251.3071885475389,222.11730801379304
969.5,250.8218196218993,222.23699773581475
970.0,250.33645954362436,222.3567247869744
970.5,249.8511087633332,222.47648833489052
971.0,249.36577061637414,222.59629522721752
971.5,248.88044113738957,222.7161343784986
972.0,248.39511869058273,222.83600092175362
972.5,247.90980311402467,222.9558945845206
973.0,247.42449822266968,223.07582762401765
973.5,246.93920534248042,223.19580252218898
974.0,246.453922090596,223.3158101599397
974.5,245.96864765152733,223.4358477941362
975.0,245.48338209723062,223.55591831414736
975.5,244.99812663231253,223.67603376171252
976.0,244.51288041788914,223.79618561035466
976.5,244.02764325970716,223.9163710493738
977.0,243.54241516517135,224.03658901915136
977.5,243.0571942700865,224.15683433322664
978.0,242.57197930768865,224.27710174522142
978.5,242.08676970468824,224.39739037975994
979.0,241.60156429806324,224.51770373786135
979.5,241.1163606061049,224.63803126599802
980.0,240.63115869102978,224.75836840440755
980.5,240.1459583878512,224.87871355093887
981.0,239.6607584763287,224.99906561145968
981.5,239.17555668012133,225.11941020802686
982.0,238.6903530283537,225.23974695600276
982.5,238.20514742668547,225.36007531645896
983.0,237.71993941480838,225.48039364903713
983.5,237.23472977057054,225.60070131264547
984.0,236.7495188565243,225.72100128923688
984.5,236.26430721402917,225.84129584145148
985.0,235.7790985152525,225.9615956071088
985.5,235.29389438709578,226.08190988956696
986.0,234.80869505591818,226.2022382091597
986.5,234.3235010109351,226.32258107781712
987.0,233.83831461220154,226.4429409918006
987.5,233.35313513848976,226.56331814138628
988.0,232.8679634078127,226.6837172704448
988.5,232.38280046783893,226.80414311185623
989.0,231.89764997701775,226.92461107064784
989.5,231.41251057549812,227.04511637192428
990.0,230.9273822060469,227.16566096840674
990.5,230.4422654898285,227.2862490350595
991.0,229.95716780893503,227.40691074008268
991.5,229.4720831378058,227.52762480083248
992.0,228.9870117492994,227.6483923029321
992.5,228.50195527076687,227.7692197281668
993.0,228.01691701524084,227.8901204926882
993.5,227.5318899642531,228.01106891631946
994.0,227.0468739964242,228.13206426179443
994.5,226.56187121562292,228.25311434407442
995.0,226.07688222516003,228.37421848619778
995.5,225.59190175104465,228.4953556047347
996.0,225.10692909342933,228.6165218045175
996.5,224.6219653024848,228.73771702325803
997.0,224.1370096723411,228.85892781815272
997.5,223.65205892609245,228.98014329778593
998.0,223.16711231532472,229.10136007891776
998.5,222.68217055355274,229.22257608121075
999.0,222.19723120823048,229.34378984344218
999.5,221.712292718424,229.46499833911847
1000.0,221.227354250369,229.5861993170484
1000.5,220.7424148820729,229.7073868145697
1001.0,220.25747585580072,229.82857197936315
1001.5,219.7725362388269,229.94975324601927
1002.0,219.28759489055892,230.07092830356453
1002.5,218.80264854652648,230.19209232434972
1003.0,218.31769787926072,230.31325223738142
1003.5,217.8327429473418,230.43440944224488
1004.0,217.3477831148026,230.5555658557161
1004.5,216.86281886139028,230.67672308503685
1005.0,216.3778523944099,230.79788367474492
1005.5,215.89288440770713,230.9190494016091
1006.0,215.40791645013252,231.04022777998824
1006.5,214.92294852947236,231.16141677748917
1007.0,214.43798166947516,231.28261259443195
1007.5,213.95301657193843,231.4038139532261
1008.0,213.46805680808262,231.52502579788734
1008.5,212.98310168557092,231.64624588780734
1009.0,212.4981506201243,231.767471301631
1009.5,212.01320356009452,231.88869901563422
1010.0,211.52826104236914,232.0099202508706
1010.5,211.04332247337857,232.13113773609598
1011.0,210.55838799406487,232.25235198310608
1011.5,210.0734589740607,232.37356334871708
1012.0,209.5885353654988,232.49477344633868
1012.5,209.10361612641745,232.61598573016985
1013.0,208.61870133173298,232.73720173120194
1013.5,208.13379383720286,232.8584232198607
1014.0,207.6488911274342,232.9796508993868
1014.5,207.16399336703742,233.10088689206634
1015.0,206.67910181415687,233.22213543737308
1015.5,206.19421735964525,233.34340193625286
1016.0,205.70933771726143,233.46468191529584
1016.5,205.22446323022257,233.58597632396683
1017.0,204.73959695809077,233.70729297238387
1017.5,204.25473890720642,233.82863759144902
1018.0,203.76988778843617,233.95000552424673
1018.5,203.28504376737084,234.07139730084717
1019.0,202.80020880209835,234.19282326517558
1019.5,202.31537905787914,234.31426900482785
1020.0,201.8305543011255,234.43573328868325
1020.5,201.34573546276704,234.55721902076397
1021.0,200.86092289767956,234.67872591279342
1021.5,200.37611359792476,234.80024426675726
1022.0,199.89130683347125,234.9217719640004
1022.5,199.40650081034974,235.04330481033287
1023.0,198.92169403186082,235.16483464926685
1023.5,198.4368863171458,235.2863608088829
1024.0,197.95207734965607,235.4078820727867
1024.5,197.46726623547596,235.52939380980723
1025.0,196.98245382503256,235.6508994116596
1025.5,196.4976400545361,235.77239951256598
1026.0,196.01282424526883,235.89389424670586
1026.5,195.528008850105,236.01539204710724
1027.0,195.0431933262887,236.1368915642231
1027.5,194.55837744002963,236.2583924277258
1028.0,194.0735605143997,236.3798927685942
1028.5,193.58874478120936,236.50139537949593
1029.0,193.10393145153225,236.6229014662059
1029.5,192.61912365877714,236.74441448508725
1030.0,192.1343246985392,236.86593649397503
1030.5,191.6495321403172,236.98746414325691
1031.0,191.16474610975507,237.10899737254852
1031.5,190.67997213579798,237.23054305422903
1032.0,190.1952075105693,237.3521014204005
1032.5,189.71045193151707,237.47367407318265
1033.0,189.22570806441837,237.59526814333503
1033.5,188.740978200761,237.71688709361428
1034.0,188.25625658691098,237.8385185477678
1034.5,187.77154257989534,237.96016089799582
1035.0,187.2868377421822,238.08181668469618
1035.5,186.80213628923863,238.20347992574554
1036.0,186.31743616574406,238.32514822476176
1036.5,185.83273539838166,238.44682050505514
1037.0,185.3480294530871,238.56848890613017
1037.5,184.86331820300052,238.69015083463964
1038.0,184.3786011219756,238.8118049859444
1038.5,183.89387415307354,238.93344355013295
1039.0,183.40913821227767,239.05506252937127
1039.5,182.92439380567185,239.17666261645456
1040.0,182.4396383950259,239.29823762522935
1040.5,181.95487037439747,239.4197821361124
1041.0,181.47009380279889,239.5413050629935
1041.5,180.98530868512424,239.6628063674893
1042.0,180.50051011878836,239.7842757624147
1042.5,180.0157020002133,239.9057229010086
1043.0,179.53088615015665,240.0271521132136
1043.5,179.04606196041215,240.14856214303455
1044.0,178.56123146934272,240.26995837683293
1044.5,178.07639836696427,240.39135085240628
1045.0,177.5915633197724,240.51274182427068
1045.5,177.10672714044398,240.6341383552972
1046.0,176.621891407375,240.75554104550486
1046.5,176.1370567160324,240.87695055669064
1047.0,175.65222473929992,240.99837131444184
1047.5,175.16739931293273,241.11981688341757
1048.0,174.68257977956497,241.2412849706037
1048.5,174.19776672770126,241.36277789829148
1049.0,173.71296541960962,241.4843163384045
1049.5,173.22817281056695,241.60588492039253
1050.0,172.74338922129087,241.72748484785924
1050.5,172.25861941067424,241.84913307322842
1051.0,171.77386187052804,241.97082568263096
1051.5,171.289113885828,242.0925518714864
1052.0,170.8043764961837,242.2143145433261
1052.5,170.31965295217924,242.3361298980563
1053.0,169.83493779336462,242.45797546523994
1053.5,169.35023087433328,242.57985039843183
1054.0,168.86553567744645,242.70176638407807
1054.5,168.3808483807373,242.82371119880432
1055.0,167.8961673904195,242.94568042557225
1055.5,167.41149361645935,243.06767932928184
1056.0,166.92682776437684,243.18971460248773
1056.5,166.44216765326817,243.3117730660758
1057.0,165.95751317634284,243.43385378295343
1057.5,165.47286451058227,243.55596034414182
1058.0,164.98821812052702,243.67808007709644
1058.5,164.50357366006344,243.800211090382
1059.0,164.0189314501054,243.92235550425795
1059.5,163.53429206834798,244.04451293997587
1060.0,163.04965396053132,244.16667534601473
1060.5,162.5650168025964,244.2888407809985
1061.0,162.08037865474122,244.4110041285959
1061.5,161.59573879190214,244.53316670427444
1062.0,161.11109705801505,244.6553273795668
1062.5,160.62645206001073,244.77748044246465
1063.0,160.14180501317236,244.8996219870277
1063.5,159.65715712575042,245.0217546836114
1064.0,159.17250904564008,245.14387722394014
1064.5,158.68785794299316,245.2659784248521
1065.0,158.20320396115227,245.38806334897563
1065.5,157.71854697870506,245.51013142220222
1066.0,157.2338864631919,245.63217117570045
1066.5,156.74922591251217,245.7541946997152
1067.0,156.2645656229435,245.87620297745428
1067.5,155.77990640234952,245.99818949418977
1068.0,155.29525129138278,246.12016549424064
1068.5,154.81059949723416,246.24213504689223
1069.0,154.3259515594925,246.3640983096579
1069.5,153.84130981420003,246.48605100095557
1070.0,153.35667082964824,246.6079962769383
1070.5,152.872034326406,246.7299345573719
1071.0,152.38740043213775,246.85186619294834
1071.5,151.90276802944888,246.97379951462634
1072.0,151.41813652686216,247.09573553436718
1072.5,150.93350549890064,247.21767744260552
1073.0,150.44887378617565,247.33962802983683
1073.5,149.96424073985673,247.4615858437448
1074.0,149.4796058134702,247.58355200741596
1074.5,148.9949689588098,247.705531911543
1075.0,148.51033068306555,247.82752246745028
1075.5,148.02569103087492,247.94952402929832
1076.0,147.54104969970874,248.07154426265728
1076.5,147.0564078688034,248.19357846459852
1077.0,146.57176606288115,248.31562475657358
1077.5,146.08712514165882,248.43768761447828
1078.0,145.60248656741038,248.55977064347385
1078.5,145.11784992236232,248.68186876725275
1079.0,144.6332155685072,248.80398407951958
1079.5,144.14858464751885,248.92612182333556
1080.0,143.6639564794449,249.04827651095087
1080.5,143.17933133421343,249.17044849285534
1081.0,142.69471331397907,249.2926484024617
1081.5,142.21010088663385,249.41486463369193
1082.0,141.72549349207392,249.5370946778531
1082.5,141.2408934067876,249.65934258541105
1083.0,140.75630125502434,249.78160863542368
1083.5,140.27171451504623,249.90388541767254
1084.0,139.78713386023185,250.0261727581661
1084.5,139.30256186860274,250.1484709059915
1085.0,138.81799601032543,250.2707773457143
1085.5,138.33343642170263,250.3930923853742
1086.0,137.8488867138635,250.5154201878649
1086.5,137.36434118147494,250.6377503828003
1087.0,136.87979978623838,250.76008196788027
1087.5,136.39526512823772,250.88241120211973
1088.0,135.91073417424593,251.00473801272423
1088.5,135.4262046331696,251.127063434399
1089.0,134.9416744938604,251.24938789102012
1089.5,134.4571412932045,251.37171244223492
1090.0,133.97260612117174,251.49403566704237
1090.5,133.48806879848522,251.61635660735647
1091.0,133.00352955599172,251.73866790265038
1091.5,132.51898767399894,251.86097673141174
1092.0,132.0344429034201,251.98328435101203
1092.5,131.5498924373058,252.10560677447035
1093.0,131.0653404802059,252.22794545107624
1093.5,130.58078782885335,252.35030088820247
1094.0,130.09623699258776,252.47268876484856
1094.5,129.6116882934238,252.59510502989082
1095.0,129.12714199606623,252.71754650313716
1095.5,128.64260004689376,252.84002633626818
1096.0,128.15806409364305,252.96256208637675
1096.5,127.67353371897264,253.08513963696092
1097.0,127.18901071484483,253.20776782610062
1097.5,126.70450141776766,253.33047327806236
1098.0,126.22000297236242,253.4532330294741
1098.5,125.73551590115456,253.57604872743795
1099.0,125.25105264465923,253.69898357113527
1099.5,124.76660426157933,253.8219857028222
1100.0,124.28217079532837,253.94505291510146
1100.5,123.79776404348787,254.06822185686138
1101.0,123.3133788302829,254.1914673070657
1101.5,122.82901158015919,254.3147766734795
1102.0,122.34467052303759,254.4381794958559
1102.5,121.86035402212171,254.56166639388246
1103.0,121.37605584881527,254.68521056124325
1103.5,120.89178167623379,254.8088241937293
1104.0,120.407536426585,254.93250831628222
1104.5,119.92330958202993,255.05623495062383
1105.0,119.43910314528496,255.18000769502376
1105.5,118.95492860147185,255.3038454825741
1106.0,118.47077196476597,255.42771584936318
1106.5,117.98663311600792,255.55161815387817
1107.0,117.50252539408655,255.67558023710887
1107.5,117.01843428719525,255.79957505093319
1108.0,116.53435845882044,255.92360026029922
1108.5,116.05030393039712,256.0476698357906
1109.0,115.56626333828137,256.17177467246745
1109.5,115.08223335855996,256.2959102582891
1110.0,114.59821664670004,256.4200957656545
1110.5,114.11420903683576,256.54433191892286
1111.0,113.63020790242294,256.66860757729125
1111.5,113.14621520187036,256.79293945246565
1112.0,112.66223022438663,256.91733931911216
1112.5,112.17824909112575,257.04178665883694
1113.0,111.69427176605993,257.1662928944829
1113.5,111.2102979792215,257.29088529414406
1114.0,110.72632719243832,257.4155335737001
1114.5,110.24235986358612,257.5402427720301
1115.0,109.7583984478316,257.66505893328315
1115.5,109.27444134260261,257.7899350361204
1116.0,108.79048893509326,257.9148712052616
1116.5,108.30655368175968,258.0399204474298
1117.0,107.82263346448251,258.165034637978
1117.5,107.3387279263362,258.290209828977
1118.0,106.85485079333559,258.41548655310874
1118.5,106.3709967700333,258.54083652510354
1119.0,105.88716240332778,258.66624706712673
1119.5,105.40335959259288,258.7917491165561
1120.0,104.9195838453319,258.9173223460884
1120.5,104.43582843935849,259.0429476945412
1121.0,103.95210198165763,259.1686446608928
1121.5,103.46840548692197,259.29441411387035
1122.0,102.98472952272635,259.4202351654666
1122.5,102.50108049814573,259.5461259690324
1123.0,102.01746522392425,259.67211347136174
1123.5,101.5338731009835,259.79817237738524
1124.0,101.05031003382655,259.92432369635986
1124.5,100.56678799496478,260.0506162198386
1125.0,100.08328987202388,260.176994471126
1125.5,99.59981814658292,260.30346842702403
1126.0,99.11638797222383,260.43010256708845
1126.5,98.63298029481378,260.5568302574721
1127.0,98.14959524250283,260.68365293435687
1127.5,97.66624890013993,260.81065347150366
1128.0,97.18292228693892,260.9377445562666
1128.5,96.69961510971821,261.06492510778395
1129.0,96.21633816881184,261.1922500498104
1129.5,95.7330771974348,261.3196504105168
1130.0,95.24983064694965,261.44711889695077
1130.5,94.76660691320703,261.57469533909864
1131.0,94.28339667208667,261.70233106560454
1131.5,93.80019765328353,261.8300147930802
1132.0,93.31701616262706,261.9577675336483
1132.5,92.83384682683709,262.0855643423869
1133.0,92.35068674115185,262.21339345412275
1133.5,91.86754019902837,262.3412662241808
1134.0,91.38440279579153,262.4691660742389
1134.5,90.90127210521739,262.5970850103802
1135.0,90.41815132994924,262.7250305831189
1135.5,89.93503899855139,262.85299973907587
1136.0,89.45193158911752,262.9809831638194
1136.5,88.96882985416143,263.1089838752289
1137.0,88.48573207570189,263.2370018274867
1137.5,88.00263566584016,263.3650291421719
1138.0,87.51953991239388,263.4930671249886
1138.5,87.03644367070116,263.6211135695688
1139.0,86.55334813070125,263.74916628532384
1139.5,86.07025417534489,263.87722767455915
1140.0,85.58716519306537,264.005305805919
1140.5,85.10407926850448,264.1333935865805
1141.0,84.62099710523312,264.2614929319328
1141.5,84.13792125958761,264.38961065203637
1142.0,83.6548504146521,264.5177413899342
1142.5,83.17178584554377,264.6458880895098
1143.0,82.68873091656128,264.7740634270107
1143.5,82.20568246148414,264.90225769580326
1144.0,81.7226414603688,265.0304737053535
1144.5,81.2396114552973,265.15872431641856
1145.0,80.75658694417147,265.2869920477562
1145.5,80.27356822913787,265.4152778152791
1146.0,79.7905598069162,265.54359785213654
1146.5,79.30755606709424,265.6719382466912
1147.0,78.82455707005715,265.8002996840569
1147.5,78.34156526447427,265.9287040976705
1148.0,77.85857742688162,266.0571288255025
1148.5,77.37559355970005,266.1855737380232
1149.0,76.89261742256255,266.3140487569816
1149.5,76.40964463841172,266.4425367003359
1150.0,75.92667510372964,266.5710372538302
1150.5,75.44370932262096,266.6995558662132
1151.0,74.96074492472393,266.8280833253699
1151.5,74.47778179073555,266.95661910740967
1152.0,73.99481970127167,267.0851676332815
1152.5,73.5118582493293,267.2137232316713
1153.0,73.02889735216598,267.3422852041754
1153.5,72.5459368589217,267.47085578614417
1154.0,72.06297596034818,267.59942712564714
1154.5,71.58001465549884,267.7279988910858
1155.0,71.09705207544911,267.8565678843883
1155.5,70.61408859436816,267.98513294991
1156.0,70.13112415143993,268.1136941181832
1156.5,69.6481560743036,268.2422434507022
1157.0,69.16518613895333,268.37078250754
1157.5,68.6822145140554,268.4993121370258
1158.0,68.19923917955927,268.6278202040341
1158.5,67.71626081610778,268.75631229407617
1159.0,67.23327962825363,268.88479004223456
1159.5,66.75029134984928,269.0132369722894
1160.0,66.26729834412676,269.14166274128854
1160.5,65.78430114660219,269.27007000837847
1161.0,65.3012951968475,269.39844115041655
1161.5,64.81828333966224,269.5267907191234
1162.0,64.33526634760592,269.6551215879824
1162.5,63.85223947008148,269.7834169737559
1163.0,63.36920663726373,269.91168860632354
1163.5,62.88616875239941,270.0399398038927
1164.0,62.403122457720784,270.1681539243575
1164.5,61.920069793896495,270.2963449190438
1165.0,61.43701152963123,270.42451610590734
1165.5,60.95394198512613,270.5526534641122
1166.0,60.47086642393978,270.6807723401452
1166.5,59.987785543518925,270.8088747919795
1167.0,59.50469402838197,270.93694327289467
1167.5,59.02159673201349,271.06499327012386
1168.0,58.53849430971737,271.1930273167581
1168.5,58.055382327167884,271.3210390004551
1169.0,57.57226506484906,271.4490391925592
1169.5,57.08914299073859,271.5770288713226
1170.0,56.60601088302969,271.7049956993064
1170.5,56.12287357919557,271.83294939473444
1171.0,55.63973148033253,271.9608908743285
1171.5,55.156580742872954,272.08880657000725
1172.0,54.67342573708865,272.21670581820626
1172.5,54.19026665668717,272.34458934753644
1173.0,53.70709840281217,272.47243531044256
1173.5,53.223925428330894,272.6002596552851
1174.0,52.740747721810436,272.728062329707
1174.5,52.257562342275,272.8558231994803
1175.0,51.77437380458387,272.98356359086864
1175.5,51.291181945712054,273.1112823647795
1176.0,50.807985234515336,273.2389647577151
1176.5,50.324785332443135,273.36662767025723
1177.0,49.84158189772244,273.49426923611253
1177.5,49.35837061033649,273.62187004187047
1178.0,48.87515459118257,273.7494498863578
1178.5,48.39193315603836,273.8770060899384
1179.0,47.90870120832315,274.0045233382373
1179.5,47.42546308520538,274.13202227516456
1180.0,46.94221768995752,274.25950033812853
1180.5,46.45896093495327,274.38694583082315
1181.0,45.97569879023866,274.51437655764664
1181.5,45.492430410402314,274.64179037494506
1182.0,45.00915404919277,274.7691817291232
1182.5,44.52587373467639,274.89656296789633
1183.0,44.04258878002888,275.02393263105336
1183.5,43.5592983128334,275.1512851053944
1184.0,43.076005769783414,275.278627946294
1184.5,42.59271101028625,275.40595912959395
1185.0,42.10941349617898,275.5332747648177
1185.5,41.62611415407065,275.6605795867122
1186.0,41.14281252646154,275.78787076246937
1186.5,40.659509312902586,275.9151424305324
1187.0,40.176204950366866,276.04240389131525
1187.5,39.69289914831687,276.16965344723155
1188.0,39.20959171155596,276.29688528335595
1188.5,38.726283335663695,276.42410538356785
1189.0,38.2429738636693,276.55131139661955
1189.5,37.75966115518008,276.678489754615
1190.0,37.27634568539694,276.80565202277955
1190.5,36.79302693058546,276.9327961445414
1191.0,36.30970103187807,277.0599129917605
1191.5,35.82637167625348,277.18701542168316
1192.0,35.343038706095584,277.31410259046567
1192.5,34.859699780812484,277.4411659114977
1193.0,34.37635757465625,277.5682193132207
1193.5,33.893012050744694,277.6952629259686
1194.0,33.40965715416482,277.8222872465986
1194.5,32.92629638351027,277.94930156150286
1195.0,32.44292969553977,278.07630590786664
1195.5,31.959550922326244,278.2032917708251
1196.0,31.47616549804951,278.3302674357686
1196.5,30.99277412140337,278.457234256609
1197.0,30.50937365087156,278.58418958037714
1197.5,30.025965789691657,278.71113214799334
1198.0,29.542551789205415,278.838063644907
1198.5,29.059128424575277,278.9649766015182
1199.0,28.57569807942703,279.09187457417687
1199.5,28.09226300591619,279.21876154985995
1200.0,27.608822332160386,279.34563379959724
1200.5,27.12537647738067,279.4724880279543
1201.0,26.64192720012816,279.5993293083989
1201.5,26.158473794753192,279.7261540167317
1202.0,25.675013851450768,279.8529562350017
1202.5,25.191550353005763,279.9797439889876
1203.0,24.708083240447483,280.1065161250886
1203.5,24.224611998975757,280.2332643488685
1204.0,23.741137682097857,280.35999712669434
1204.5,23.257660125868792,280.48671412272284
1205.0,22.77417600368865,280.61340308887924
1205.5,22.29068638792545,280.7400725869997
1206.0,21.80719202982276,280.86672476711897
1206.5,21.32369128115007,280.9933520859158
1207.0,20.840186773555555,281.11996101432777
1207.5,20.356679560524416,281.2465575050673
1208.0,19.873169206784546,281.37314034724886
1208.5,19.389654627605356,281.4997095160143
1209.0,18.90613653980371,281.62626891543243
1209.5,18.422614759679803,281.75281832822
1210.0,17.939087565568748,281.8793528407197
1210.5,17.4555586332393,282.00588037622987
1211.0,16.97202823386331,282.13240201418745
1211.5,16.488496309192787,282.2589174922998
1212.0,16.004961500198714,282.3854242031624
1212.5,15.521424284027074,282.51192377289726
1213.0,15.037884322973332,282.63841530350123
1213.5,14.55434196851675,282.7648979389705
1214.0,14.070798291694912,282.89137554026576
1214.5,13.587253402039103,283.01784911978297
1215.0,13.103707231452358,283.14432125831735
1215.5,12.620159359396464,283.2707878689005
1216.0,12.136610243605503,283.39725051405105
1216.5,11.653059895448768,283.5237092923554
1217.0,11.169507208764596,283.6501615752168
1217.5,10.6859516006007,283.77661060787074
1218.0,10.202392952089909,283.90305637086095
1218.5,9.718830264348037,284.02949764295306
1219.0,9.23526447008072,284.15593877371083
1219.5,8.751696481654818,284.282381582885
1220.0,8.268126302053181,284.40882674607985
1220.5,7.784551568884781,284.5352731031238
1221.0,7.300972161592447,284.6617197646361
1221.5,6.817388263139379,284.7881660234936
1222.0,6.333799309749297,284.9146110877309
1222.5,5.850203516521585,285.04105333234526
1223.0,5.366603585485732,285.167493707124
1223.5,4.882999846356918,285.29393334175626
1224.0,4.399392208008811,285.4203745437568
1224.5,3.915780479437274,285.54681838262206
1225.0,3.4321662865392626,285.6732621901786
1225.5,2.9485500935287337,285.7997052067451
1226.0,2.46493253486496,285.9261462562523
1226.5,1.9813156979236572,286.05258642812095
1227.0,1.497700931700047,286.1790266487106
1227.5,1.0140891460291237,286.3054673320209
1228.0,0.5304828390790809,286.43190928663483
1228.5,0.04688204647741567,286.5583499507616
1229.0,-0.4367139029983421,286.6847891978756
1229.5,-0.92030497931393,286.81122631411023
1230.0,-1.40389042550644,286.93765835842083
1230.5,-1.887471514230866,287.0640803998269
1231.0,-2.371050099715961,287.19049228563915
1231.5,-2.8546270822639954,287.3168932973587
1232.0,-3.338203876181864,287.4432813757486
1232.5,-3.821781390607445,287.56966070147064
1233.0,-4.3053623850305245,287.6960307705461
1233.5,-4.788949418281483,287.8223884895918
1234.0,-5.272546430204114,287.94872828091343
1234.5,-5.756161751502624,288.0750415825663
1235.0,-6.239791711086833,288.2013386570207
1235.5,-6.723436822253476,288.32761947275793
1236.0,-7.207097463929414,288.45388365558733
1236.5,-7.690778159175048,288.5801242523142
1237.0,-8.174475738291584,288.70634128175305
1237.5,-8.65818811354981,288.8325378654457
1238.0,-9.14191427900588,288.95871581579786
1238.5,-9.6256539380015,289.0848765204351
1239.0,-10.109406654722143,289.21101513194554
1239.5,-10.59316819064712,289.337136145308
1240.0,-11.076937106036898,289.46324071790264
1240.5,-11.560711845116595,289.58933044026656
1241.0,-12.044491202863384,289.7154051874364
1241.5,-12.52827245966672,289.8414694229113
1242.0,-13.012053867474505,289.96752687993484
1242.5,-13.495834683874067,290.09357784933485
1243.0,-13.979614522462379,290.2196216232539
1243.5,-14.463393277875618,290.3456563418547
1244.0,-14.947169476394203,290.47168848061295
1244.5,-15.430942848797518,290.5977182191622
1245.0,-15.914713348705892,290.72374484070167
1245.5,-16.398481214977082,290.8497669787873
1246.0,-16.882246808143982,290.9757797589446
1246.5,-17.366012920803847,291.1017823740182
1247.0,-17.849780843642,291.22777226867913
1247.5,-18.3335512219879,291.3537481158422
1248.0,-18.817324383235864,291.47970949044253
1248.5,-19.301101671053985,291.60565270351805
1249.0,-19.78488397888207,291.7315764463552
1249.5,-20.26867115381492,291.85748292949967
1250.0,-20.752463242817104,291.98337151793464
1250.5,-21.23626041939831,292.10924094451497
1251.0,-21.720063454518993,292.235088575681
1251.5,-22.20387490003257,292.36090929885466
1252.0,-22.687694767177728,292.4867054973304
1252.5,-23.171522688347725,292.61247852344763
1253.0,-23.655358533083863,292.73822810869495
1253.5,-24.139202051847032,292.86395468108964
1254.0,-24.623052308329036,292.98966394048256
1254.5,-25.106909185411237,293.11535990472476
1255.0,-25.590772400944044,293.24104559192176
1255.5,-26.074641441968033,293.3667228011154
1256.0,-26.55851587493571,293.49239252718684
1256.5,-27.042395874198263,293.6180538020885
1257.0,-27.526282839757958,293.7437022600474
1257.5,-28.01017721839973,293.86933730765224
1258.0,-28.49407523405086,293.9949697083517
1258.5,-28.977975794123257,294.1206030602079
1259.0,-29.461877541459234,294.24624061328063
1259.5,-29.94578014629055,294.37188175391015
1260.0,-30.429684198767053,294.4975227806471
1260.5,-30.913587938788254,294.62316741032765
1261.0,-31.397491624269502,294.7488145862223
1261.5,-31.88139702367171,294.87445721048005
1262.0,-32.36530348087353,295.0000937871286
1262.5,-32.849210461053914,295.12572394459005
1263.0,-33.33311821341209,295.251345400509
1263.5,-33.81702780660316,295.3769537201876
1264.0,-34.30094052468084,295.5025456561997
1264.5,-34.784859306520715,295.62811327109705
1265.0,-35.268785389035145,295.7536536976113
1265.5,-35.75271783593766,295.8791698883717
1266.0,-36.236655363003855,296.00466606987305
1266.5,-36.720598719970674,296.1301397839639
1267.0,-37.20454976556256,296.25558578491945
1267.5,-37.68850964968892,296.3810016755782
1268.0,-38.172478089698764,296.50638856317494
1268.5,-38.65645637952915,296.63174330281646
1269.0,-39.14044616405231,296.75705938237485
1269.5,-39.624446668777544,296.88233759740353
1270.0,-40.10845778052872,297.00757867884516
1270.5,-40.59247844470552,297.1327852247608
1271.0,-41.07650752440332,297.2579584492627
1271.5,-41.56054362274999,297.383101660897
1272.0,-42.044585569930085,297.50821876752707
1272.5,-42.52863292279413,297.63331071111566
1273.0,-43.01268463579565,297.75838220376784
1273.5,-43.49674190729452,297.8834325715713
1274.0,-43.98080712587706,298.00845408890274
1274.5,-44.46488025247627,298.1334482658054
1275.0,-44.94896151358403,298.25841566470666
1275.5,-45.43305118052448,298.38335576431933
1276.0,-45.917150510946946,298.5082660976343
1276.5,-46.401260935522906,298.6331453657078
1277.0,-46.885382047545136,298.75799683650706
1277.5,-47.36951275142465,298.8828248460604
1278.0,-47.85365187283343,299.0076330152933
1278.5,-48.337796910811726,299.1324272586402
1279.0,-48.821945380144996,299.25721411958403
1279.5,-49.30609550536308,299.3819995698446
1280.0,-49.790244024088764,299.5067952029454
1280.5,-50.27438958432931,299.6316051255581
1281.0,-50.75853154187567,299.7564325275431
1281.5,-51.242666969467216,299.8812832639833
1282.0,-51.72679402291282,300.00616514484074
1282.5,-52.21091069928171,300.1310863644644
1283.0,-52.69501423799364,300.25605634872244
1283.5,-53.1791037949853,300.38108015335035
1284.0,-53.66317775567825,300.50616421540195
1284.5,-54.14723334629057,300.6313183918451
1285.0,-54.631269164819344,300.75654937586876
1285.5,-55.11528341439824,300.88186491476984
1286.0,-55.59927410329829,301.00727205102265
1286.5,-56.08323993140788,301.13277519307724
1287.0,-56.56717926355754,301.25837914115965
1287.5,-57.05109046426441,301.38408981816525
1288.0,-57.53497119091137,301.5099172078079
1288.5,-58.01881949988607,301.63586894442955
1289.0,-58.502634268922705,301.7619474364648
1289.5,-58.98641400367994,301.8881567233794
1290.0,-59.47015683653142,302.0145026062906
1290.5,-59.95386014545916,302.1409939283488
1291.0,-60.43752126168449,302.2676422130236
1291.5,-60.921137886958796,302.3944576238833
1292.0,-61.40470729552578,302.521451056241
1292.5,-61.888226574175015,302.6486348601792
1293.0,-62.37169387859462,302.7760176245843
1293.5,-62.855106183205024,302.90361153225666
1294.0,-63.33846049845147,303.03143022972165
1294.5,-63.82175368074881,303.1594864712489
1295.0,-64.30498386037816,303.28778719528884
1295.5,-64.7881507147178,303.4163323595077
1296.0,-65.27125485023129,303.5451185923102
1296.5,-65.75429654766782,303.6741437569773
1297.0,-66.23727704032962,303.803402056677
1297.5,-66.72019839085029,303.93288391646115
1298.0,-67.20306194004755,304.06258312502484
1298.5,-67.68587090130085,304.19248656325277
1299.0,-68.1686264827384,304.3225871023612
1299.5,-68.65132905218142,304.4528825338833
1300.0,-69.13398156760984,304.58336168089124
1300.5,-69.61658535816662,304.7140189029934
1301.0,-70.09913984482493,304.8448554084538
1301.5,-70.58164365244886,304.9758768303884
1302.0,-71.06409529677879,305.10708992523837
1302.5,-71.54649241629068,305.23850527301215
1303.0,-72.02883428694209,305.37012672290547
1303.5,-72.51112227010263,305.5019495816366
1304.0,-72.99335835889279,305.6339656468385
1304.5,-73.47554544202396,305.7661639595698
1305.0,-73.95768605247875,305.89853544322904
1305.5,-74.43978217384952,306.0310730015835
1306.0,-74.92183574006972,306.1637678016146
1306.5,-75.40385059579616,306.2966035638725
1307.0,-75.88583053614992,306.4295663906354
1307.5,-76.36777633557163,306.5626527825618
1308.0,-76.84968921403441,306.695857983293
1308.5,-77.33157030475762,306.8291772301447
1309.0,-77.81342073686343,306.96260579914025
1309.5,-78.29524166093572,307.09613833649325
1310.0,-78.77703322302149,307.22977284150596
1310.5,-79.25879266147477,307.3635183118463
1311.0,-79.7405233271242,307.49736316587945
1311.5,-80.22222475853872,307.63130879301934
1312.0,-80.70389724707981,307.76535506563454
1312.5,-81.1855407782666,307.8995030604792
1313.0,-81.66715541929527,308.03375281331637
1313.5,-82.14874146599024,308.1681041866151
1314.0,-82.63029566046932,308.30256956394174
1314.5,-83.11182089212424,308.43714060223635
1315.0,-83.59331981616708,308.5718102097152
1315.5,-84.07479314555285,308.70657621834516
1316.0,-84.55624010248286,308.84144208027084
1316.5,-85.0376594367799,308.9764119174612
1317.0,-85.51904699702838,309.1114996719424
1317.5,-86.00040490315844,309.24669644893265
1318.0,-86.48173320184964,309.38200280990634
1318.5,-86.96303175418674,309.5174180650029
1319.0,-87.44430144307225,309.6529375972645
1319.5,-87.92554121957446,309.78856406064085
1320.0,-88.40675172614887,309.9242944288324
1320.5,-88.88793587108734,310.0601181051929
1321.0,-89.3690948097891,310.1960283626882
1321.5,-89.85022926128079,310.3320197726584
1322.0,-90.33133594410072,310.4681023858766
1322.5,-90.81241761169044,310.60426873660543
1323.0,-91.29347255398262,310.74052459577604
1323.5,-91.77450159039941,310.8768699959163
1324.0,-92.25550219167097,311.0133130518432
1324.5,-92.7364755431922,311.1498482620042
1325.0,-93.21742312148969,311.28647184710815
1325.5,-93.69834514289273,311.42318653829193
1326.0,-94.17924040797186,311.5599984622477
1326.5,-94.66010972792266,311.696905284422
1327.0,-95.1409561654957,311.83389639071345
1327.5,-95.62178141318213,311.97096536932577
1328.0,-96.10258341726774,312.1081180846833
1328.5,-96.58336623242681,312.2453396941564
1329.0,-97.06413171001755,312.38262149191064
1329.5,-97.54487983249102,312.51996309292883
1330.0,-98.02560932779275,312.657369330352
1330.5,-98.50632329558552,312.79482920867963
1331.0,-98.98702230972837,312.9323400702722
1331.5,-99.4677056588256,313.0699029286852
1332.0,-99.94837558385666,313.20750756026735
1332.5,-100.42903171764796,313.34515394866503
1333.0,-100.90967468006556,313.48284383562014
1333.5,-101.39030643530523,313.6205720277783
1334.0,-101.87092985487587,313.75833081308815
1334.5,-102.35154487955107,313.896121223526
1335.0,-102.83215368673474,314.03393606715275
1335.5,-103.31275753838307,314.1717664278214
1336.0,-103.79335856899802,314.3096051668565
1336.5,-104.27395833767363,314.4474460787451
1337.0,-104.7545572812586,314.58528564048095
1337.5,-105.23515548491235,314.7231234225541
1338.0,-105.71575453652525,314.86095655898976
1338.5,-106.19635424839868,314.9987844840538
1339.0,-106.6769558283811,315.1366031634662
1339.5,-107.15756069259271,315.2744087080432
1340.0,-107.63816934483017,315.4121985952358
1340.5,-108.11878155956363,315.54997242470876
1341.0,-108.5993959624395,315.68773799543135
1341.5,-109.08001095769235,315.8254999951852
1342.0,-109.56062812676684,315.96325474183465
1342.5,-110.04124678945371,316.10100531481226
1343.0,-110.52186529600517,316.2387590819624
1343.5,-111.00248283948555,316.3765181372683
1344.0,-111.48309818523951,316.51428430425443
1344.5,-111.96370764317827,316.65206588109186
1345.0,-112.44431189966323,316.7898581451129
1345.5,-112.92490800501862,316.9276660147107
1346.0,-113.40549650439662,317.065487169086
1346.5,-113.88607654026836,317.20332466481693
1347.0,-114.36664719733697,317.341182701695
1347.5,-114.84721007012011,317.4790573311636
1348.0,-115.32776575878859,317.6169451859851
1348.5,-115.80831491288421,317.75484769180713
1349.0,-116.28885741944396,317.89277385007404
1349.5,-116.76939338613128,318.0307287366612
1350.0,-117.24992443155897,318.16871395459884
1350.5,-117.7304502384446,318.3067305143143
1351.0,-118.21097074449874,318.44477537509266
1351.5,-118.69148534608249,318.5828521846651
1352.0,-119.17199615834974,318.7209532820213
1352.5,-119.65250241743324,318.8590807198764
1353.0,-120.13300310896587,318.9972309877577
1353.5,-120.61349626162911,319.13540607233665
1354.0,-121.09398255799587,319.27360027231805
1354.5,-121.57445984736584,319.4118175889116
1355.0,-122.05492861292686,319.5500553713357
1355.5,-122.53538648160364,319.68831836328866
1356.0,-123.01583197112893,319.82661035256706
1356.5,-123.49626071322378,319.96494360061695
1357.0,-123.97667362516394,320.10332091884726
1357.5,-124.45706909578847,320.2417531432916
1358.0,-124.93744970507423,320.38023743398725
1358.5,-125.41781546790148,320.51878003566964
1359.0,-125.89816967852578,320.6573723620007
1359.5,-126.37851142724297,320.79601975832566
1360.0,-126.8588436496528,320.9347102477653
1360.5,-127.33916556896911,321.0734483684834
1361.0,-127.81947988852798,321.2122203488486
1361.5,-128.29978447366523,321.35102951672127
1362.0,-128.7800794016181,321.4898704631718
1362.5,-129.26036393180334,321.62874405123927
1363.0,-129.7406367318317,321.76765166644174
1363.5,-130.22089711711104,321.906598983076
1364.0,-130.70114654335075,322.045583143568
1364.5,-131.18138508363236,322.18460295590654
1365.0,-131.66161086820725,322.32366872613153
1365.5,-132.1418280684129,322.4627691150014
1366.0,-132.6220344134354,322.6019108369623
1366.5,-133.10223183125714,322.74108637782336
1367.0,-133.58242232303002,322.88028783480803
1367.5,-134.06260463629,323.0195146452023
1368.0,-134.54278191007486,323.15875781427474
1368.5,-135.02295993114026,323.2980013203155
1369.0,-135.5031451539668,323.43722465093924
1369.5,-135.98334106245102,323.5764133373202
1370.0,-136.46355029417282,323.71555537046333
1370.5,-136.9437720075562,323.85464938492134
1371.0,-137.42400949416077,323.99367843930133
1371.5,-137.90426379261635,324.13264287119995
1372.0,-138.38453973720473,324.2715304571811
1372.5,-138.86484260445755,324.4103264477175
1373.0,-139.34517375743457,324.549029347376
1373.5,-139.82554014295437,324.68761739069345
1374.0,-140.30594530940837,324.82607490242935
1374.5,-140.78639027447142,324.9643943102605
1375.0,-141.266884612335,325.1025403441171
1375.5,-141.747426390985,325.2405169016713
1376.0,-142.2280179682238,325.37831376872293
1376.5,-142.7086710436471,325.5158860927265
1377.0,-143.18938776768985,325.65322997452665
1377.5,-143.6701753266744,325.7903229625041
1378.0,-144.15105017742508,325.92710996093143
1378.5,-144.63200937369962,326.0635998851432
1379.0,-145.11305832591046,326.19977714004835
1379.5,-145.59421069932338,326.33559643502053
1380.0,-146.0754632651628,326.4710724289186
1380.5,-146.55681732858773,326.6062024110049
1381.0,-147.03828008742582,326.7409598720098
1381.5,-147.51984090013866,326.87536935918985
1382.0,-148.00148820388927,327.0094613602287
1382.5,-148.48321994281443,327.14323640565846
1383.0,-148.96504163500916,327.27666921323134
1383.5,-149.4469542496686,327.4097603734192
1384.0,-149.92896753196845,327.54247831148854
1384.5,-150.41109718212192,327.6747650230828
1385.0,-150.89334355271905,327.80661371567663
1385.5,-151.37571587919817,327.93799257932426
1386.0,-151.85822625689218,328.06885709447056
1386.5,-152.34090453846045,328.19909876328256
1387.0,-152.82375728888584,328.3286962063105
1387.5,-153.30679425828714,328.4576055293836
1388.0,-153.79002800095557,328.5857742522759
1388.5,-154.27348792196506,328.71308983428474
1389.0,-154.75717544628088,328.83954262284146
1389.5,-155.24110887893522,328.96506150278174
1390.0,-155.72530471084445,329.08957742470744
1390.5,-156.20978654193917,329.2129837201922
1391.0,-156.6945354767487,329.335334997578
1391.5,-157.17955106447988,329.45661593319977
1392.0,-157.66483161717383,329.57681225882163
1392.5,-158.15040164988307,329.6958114062663
1393.0,-158.6362823065644,329.81351544127943
1393.5,-159.12248905246557,329.9298544039102
1394.0,-159.60903063851157,330.04477354555934
1394.5,-160.09590452454876,330.1582604176273
1395.0,-160.58312543339835,330.27022198557563
1395.5,-161.07070711008276,330.3805848182468
1396.0,-161.55866216965774,330.4892796881697
1396.5,-162.04700849572228,330.5962075029665
1397.0,-162.53575894051127,330.70128529426734
1397.5,-163.02491885576936,330.8044473682175
1398.0,-163.51448052154873,330.9056798739676
1398.5,-164.00442684049372,331.00501675925346
1399.0,-164.49475549627695,331.10242370647074
1399.5,-164.9854688391914,331.1978446484022
1400.0,-165.47657809989528,331.2911782150556
1400.5,-165.96812030404288,331.38219472108983
1401.0,-166.4600943864529,331.4708583476673
1401.5,-166.9524943175736,331.557142576667
1402.0,-167.4453005239275,331.6410815914895
1402.5,-167.9384948573136,331.72270047357637
1403.0,-168.43206935385777,331.80196248626396
1403.5,-168.92603638533507,331.87870421163143
1404.0,-169.4203732217672,331.952977822789
1404.5,-169.9150911693789,332.02463544674964
1405.0,-170.41019630662223,332.0935500893241
1405.5,-170.90569565337998,332.1595785520245
1406.0,-171.40158435860354,332.22263974265263
1406.5,-171.8978624329678,332.2825878396589
1407.0,-172.39448755796974,332.3395826584875
1407.5,-172.89143414974978,332.3936820756249
1408.0,-173.38867960928593,332.44491811976604
1408.5,-173.88621032137843,332.4932527247788
1409.0,-174.38402296573483,332.5385628940938
1409.5,-174.88211034332667,332.5807444768725
1410.0,-175.38045680968582,332.61972527375394
1410.5,-175.8790257308055,332.6556943048023
1411.0,-176.37779050158377,332.68871877916126
1411.5,-176.87672833433913,332.71881738763926
1412.0,-177.37583552780575,332.74578739119517
1412.5,-177.87510893559966,332.7694067523709
1413.0,-178.37452537038422,332.78968447619457
1413.5,-178.87406036683143,332.80659631337124
1414.0,-179.37369119694912,332.8201418592261
1414.5,-179.8734082160982,332.83004755071704
1415.0,-180.37319826701028,332.8360773762194
1415.5,-180.87303085582766,332.8383052732852
1416.0,-181.37286923944913,332.8369920759758
1416.5,-181.87268187566372,332.8323555861801
1417.0,-182.37244086077868,332.8244877300039
1417.5,-182.87212164438105,332.8131115735555
1418.0,-183.37170275301,332.79792818750064
1418.5,-183.87116187205336,332.77904690072455
1419.0,-184.37047435909906,332.75662062952466
1419.5,-184.86961558054662,332.73070241802054
1420.0,-185.36855718705985,332.7012497001468
1420.5,-185.86726974112875,332.66820041813236
1421.0,-186.36572516784025,332.6315821064776
1421.5,-186.86389537287363,332.59142374522577
1422.0,-187.36174342956645,332.54762000663965
1422.5,-187.85922827176,332.5000009316081
1423.0,-188.35632001405932,332.44849787446634
1423.5,-188.8529779506408,332.392950982309
1424.0,-189.34917147921266,332.33333368423865
1424.5,-189.84488821370783,332.2698481348399
1425.0,-190.34010901009535,332.20262721559567
1425.5,-190.8347965974109,332.1316269211922
1426.0,-191.32891858980304,332.0568592977734
1426.5,-191.82242793652279,331.9782202791359
1427.0,-192.31526671507467,331.8955125943717
1427.5,-192.80738718022343,331.8086207186171
1428.0,-193.29876302427178,331.7175785906994
1428.5,-193.78934674230635,331.6223173705172
1429.0,-194.27913274546316,331.52302161762265
1429.5,-194.76810747591162,331.41981249631334
1430.0,-195.2562436950633,331.3127296375043
1430.5,-195.74350088955654,331.2017349870504
1431.0,-196.22984162442776,331.086810132541
1431.5,-196.71522976647748,330.9679433845533
1432.0,-197.19965165759814,330.84522591360616
1432.5,-197.68309107811547,330.7187298286624
1433.0,-198.16551595526252,330.5884656162335
1433.5,-198.64687370485464,330.45435614210743
1434.0,-199.12707092769602,330.31618534372
1434.5,-199.606042150319,330.1738504609341
1435.0,-200.08370533966453,330.0272010956938
1435.5,-200.56002046526066,329.8762551311396
1436.0,-201.034942601179,329.7210219674748
1436.5,-201.50838941063182,329.5613846159549
1437.0,-201.98028116843759,329.39724724199925
1437.5,-202.45053714026577,329.22851245790395
1438.0,-202.91901265837618,329.0549161134228
1438.5,-203.3855793079901,328.8762480799975
1439.0,-203.85013786585353,328.6924191028898
1439.5,-204.31273132947044,328.50371419804213
1440.0,-204.77346305175428,328.310558582039
1440.5,-205.2322992007612,328.1130236666615
1441.0,-205.68912465202226,327.9109740633832
1441.5,-206.1437279281926,327.7040299902971
1442.0,-206.5958656015156,327.4917781442772
1442.5,-207.0454007621307,327.27407505387606
1443.0,-207.4923162797163,327.051059653113
1443.5,-207.9366464554293,326.8229890616156
1444.0,-208.3783608795742,326.589975232609
1444.5,-208.81737091005803,326.3519864895816
1445.0,-209.25347766960425,326.1087875433884
1445.5,-209.6862714759486,325.8597651250665
1446.0,-210.11542234587404,325.6044977981394
1446.5,-210.54086930504215,325.34307996327396
1447.0,-210.96259661784146,325.07570552544
1447.5,-211.380681091551,324.80268816653665
1448.0,-211.79506947504643,324.5241223591515
1448.5,-212.205603362338,324.23993017621865
1449.0,-212.61211514117923,323.950024526322
1449.5,-213.01461996182456,323.6545981704637
1450.0,-213.41321235096717,323.3539537527176
1450.5,-213.8079222604838,323.0482830188848
1451.0,-214.19867714666495,322.7376333964172
1451.5,-214.58537090167596,322.4219934371404
1452.0,-214.96776210886512,322.10119630289563
1452.5,-215.34563992741636,321.77512525395974
1453.0,-215.71870862918956,321.44357054782296
1453.5,-216.08679065818285,321.1064800726664
1454.0,-216.44980560557426,320.76393435394294
1454.5,-216.80792687211053,320.4162941694519
1455.0,-217.16126538667538,320.06383124187545
1455.5,-217.50962302371198,319.7064828275709
1456.0,-217.85257971729152,319.3439545532773
1456.5,-218.18982703218077,318.97608762489676
1457.0,-218.52150663111152,318.6031945455774
1457.5,-218.8479405242028,318.22572514979345
1458.0,-219.16930046876368,317.84396876807864
1458.5,-219.48543822691005,317.4579213368296
1459.0,-219.79601581663104,317.0674071695014
1459.5,-220.10071699379782,316.6722886994203
1460.0,-220.39950658316022,316.2726788465191
1460.5,-220.69229771549047,315.8686446647349
1461.0,-220.97915618804635,315.46037784217464
1461.5,-221.26021899435463,315.0481202114717
1462.0,-221.5354222358867,314.6319495588597
1462.5,-221.80476039048034,314.21198135971594
1463.0,-222.0681045763587,313.78824653067795
1463.5,-222.32547351137563,313.3608730201781
1464.0,-222.5770914759515,312.93012015411455
1464.5,-222.82303120459258,312.49613643545314
1465.0,-223.06270651653932,312.0586711464105
1465.5,-223.2956843237436,311.6175851356483
1466.0,-223.52216245048305,311.1731162100298
1466.5,-223.74251449975267,310.72559062660685
1467.0,-223.95677176082344,310.275141785286
1467.5,-224.16486617595618,309.8218390230968
1468.0,-224.36652594082864,309.3656527947834
1468.5,-224.56153607610509,308.9065767442994
1469.0,-224.75009200369885,308.4447997931319
1469.5,-224.93246073844998,307.98053462086574
1470.0,-225.1088365975336,307.51394663077747
1470.5,-225.2795236976438,307.0452432497144
1471.0,-225.44489834791057,306.57465997106664
1471.5,-225.60495237436413,306.10225959981847
1472.0,-225.76003720535186,305.6282136508223
1472.5,-225.91016998626472,305.1525765651414
1473.0,-226.055506099426,304.6754449189378
1473.5,-226.19674498047152,304.19708829396933
1474.0,-226.33448894437927,303.7177356943259
1474.5,-226.46881018602843,303.23741926754326
1475.0,-226.59966932428932,302.7561379072994
1475.5,-226.72715635091012,302.2739342846658
1476.0,-226.85152494927866,301.7909031713709
1476.5,-226.97309816476587,301.30715942520624
1477.0,-227.0921750504027,300.82280085630754
1477.5,-227.20900629645004,300.33790797378543
1478.0,-227.3237442311359,299.8525258814523
1478.5,-227.4365526884203,299.36668891762423
1479.0,-227.54753090242738,298.88041756378846
1479.5,-227.65677119794432,298.39372418146735
1480.0,-227.76443023385679,297.9066444310995
1480.5,-227.87070229640915,297.4192434544303
1481.0,-227.97573698792505,296.9315799557384
1481.5,-228.07959955074537,296.4436725070912
1482.0,-228.1823509506791,295.95554438579126
1482.5,-228.28395851794266,295.46716467790554
1483.0,-228.38443877302316,294.97851607563837
1483.5,-228.48387555430907,294.48962149896096
1484.0,-228.58234322605225,294.00050439922825
1484.5,-228.67990394242761,293.51118547696836
1485.0,-228.7766175320469,293.0216898304054
1485.5,-228.87252432791388,292.53203530431716
1486.0,-228.9676769559909,292.04224018919956
1486.5,-229.06211738922164,291.552324000613
1487.0,-229.1558258839159,291.0622842590375
1487.5,-229.24877687447352,290.57209672496634
1488.0,-229.34098141166922,290.0817638703024
1488.5,-229.43248746245314,289.59129390219783
1489.0,-229.52335189673838,289.10070034926895
1489.5,-229.61366598908077,288.6100241205279
1490.0,-229.70347787850534,288.1192808541738
1490.5,-229.7928177946988,287.6284708676869
1491.0,-229.8816901085932,287.13758776624684
1491.5,-229.9701294523189,286.6466254253312
1492.0,-230.0581676393579,286.15558173054364
1492.5,-230.14585226342447,285.6644676766259
1493.0,-230.23323156575174,285.1733007740927
1493.5,-230.32032303252336,284.6820916926317
1494.0,-230.40716299888237,284.1908445087625
1494.5,-230.4937749778076,283.6995640941409
1495.0,-230.58016389220188,283.20824202550773
1495.5,-230.6663244114297,282.71687288205885
1496.0,-230.75227215488326,282.225446279106
1496.5,-230.83803519150206,281.7339699873583
1497.0,-230.923626304887,281.2424469908186
1497.5,-231.00905192955975,280.75089874992784
1498.0,-231.09433732065054,280.25933562002564
1498.5,-231.17948168119233,279.7677610671757
1499.0,-231.26445421134827,279.27615511004984
1499.5,-231.3492396541194,278.78449408638284
1500.0,-231.43386172293117,278.2927896821102
1500.5,-231.51833141700314,277.8010624681508
1501.0,-231.60266218122604,277.3093375307099
1501.5,-231.68687406119454,276.8176244636454
1502.0,-231.77096853026669,276.3259123420773
1502.5,-231.85494533894965,275.83418019497213
1503.0,-231.93881137018477,275.3424188874952
1503.5,-232.02256958269874,274.8506364042865
1504.0,-232.10625413034117,274.35884345093154
1504.5,-232.18988626160646,273.86704169300106
1505.0,-232.27350239379518,273.37524625575907
1505.5,-232.35713368771013,272.8834625076936
1506.0,-232.4408031816662,272.39169313390477
1506.5,-232.52451851006933,271.8999416182354
1507.0,-232.6082956017539,271.40820622673425
1507.5,-232.69214370302768,270.91648204567224
1508.0,-232.77606154864085,270.4247624267894
1508.5,-232.86004531627498,269.9330437305673
1509.0,-232.94408328616345,269.4413258661473
1509.5,-233.0281714607829,268.94961021805943
1510.0,-233.11229513387465,268.4579017566802
1510.5,-233.19645191885635,267.9662060923954
1511.0,-233.2806342092147,267.4745205844779
1511.5,-233.36485158458476,266.98284195752984
1512.0,-233.4490936042536,266.49116563522716
1512.5,-233.53336716499805,265.99948451450615
1513.0,-233.61767275979645,265.5078077534631
1513.5,-233.70202354280633,265.0161348705099
1514.0,-233.7864206012102,264.5244701576178
1514.5,-233.8708746701386,264.03281766802587
1515.0,-233.95537672045265,263.5411757207733
1515.5,-234.03992505973474,263.04954834306926
1516.0,-234.12450610183097,262.55793273380675
1516.5,-234.2090977422115,262.0663150942458
1517.0,-234.29369079244537,261.5746917842874
1517.5,-234.3782728760773,261.083060228814
1518.0,-234.46283531367288,260.59142238172717
1518.5,-234.54737964974652,260.0997836296722
1519.0,-234.63192252245483,259.6081553248225
1519.5,-234.71646898038375,259.11652864667815
1520.0,-234.8010251485716,258.6249063351032
1520.5,-234.88560429019066,258.13328521336143
1521.0,-234.9702090809171,257.6416613354784
1521.5,-235.05484111297517,257.15003561659813
1522.0,-235.1394921020226,256.6584110331669
1522.5,-235.22414193931775,256.1667770293404
1523.0,-235.30877644738578,255.67513251070804
1523.5,-235.3933964550145,255.18348237177574
1524.0,-235.47800296407502,254.69182504127642
1524.5,-235.56259939846777,254.2001716397028
1525.0,-235.6471903343566,253.70851723313007
1525.5,-235.73177558068878,253.2168471770099
1526.0,-235.81636378760854,252.72515585375643
1526.5,-235.9009442383912,252.23344696936664
1527.0,-235.98551311363838,251.74172672225137
1527.5,-236.07006781131497,251.24999985815754
1528.0,-236.15460611353654,250.75827011834548
1528.5,-236.23912948892473,250.26653898748023
1529.0,-236.3236375817524,249.77481019172012
1529.5,-236.40812968407192,249.28308416735206
1530.0,-236.49260358981192,248.79135405326875
1530.5,-236.57705925461192,248.2996159469294
1531.0,-236.66149687453503,247.80787335635614
1531.5,-236.74592190253065,247.31614865085152
1532.0,-236.83034960087562,246.82445738315178
1532.5,-236.91480279747245,246.33280861345122
1533.0,-236.9992919762037,245.84118285757268
1533.5,-237.0838379399984,245.3495655998055
1534.0,-237.16845019616528,244.85794307289333
1534.5,-237.25312507158654,244.36631237990707
1535.0,-237.33784878149368,243.8746741017616
1535.5,-237.422611810505,243.3830180799301
1536.0,-237.5074112800917,242.8913358993702
1536.5,-237.59224191068247,242.3996128290536
1537.0,-237.677087009841,241.90784485102517
1537.5,-237.7619305199757,241.41602777678546
1538.0,-237.8467400621934,240.92415588322945
1538.5,-237.93146062153073,240.43221534566047
1539.0,-238.01606681460552,239.94021814244982
1539.5,-238.10052319514296,239.44816438328442
1540.0,-238.18480764241266,238.95605601413783
1540.5,-238.2688715516324,238.4638894457185
1541.0,-238.35271813794645,237.97167355372252
1541.5,-238.43634461010237,237.47941465466468
1542.0,-238.51974496632454,236.98711775137244
1542.5,-238.60289620484593,236.4947853727052
1543.0,-238.68579152457747,236.00241729537933
1543.5,-238.76843834655574,235.51001447780084
1544.0,-238.8508181917205,235.01757058509622
1544.5,-238.9328908178171,234.5250710285927
1545.0,-239.01460255255105,234.0324986737231
1545.5,-239.0959689108888,233.53985724578752
1546.0,-239.17696186693757,233.04713806979478
1546.5,-239.25755638757147,232.55433415356484
1547.0,-239.33766073675673,232.06142275075683
1547.5,-239.4173121673048,231.56840727405896
1548.0,-239.496507039648,231.07528573880708
1548.5,-239.5752491884101,230.58206304482846
1549.0,-239.65349553177293,230.08873490654364
1549.5,-239.73125715508226,229.59530530782317
1550.0,-239.80857625563905,229.1017877119568
1550.5,-239.88547632535307,228.60819235851986
1551.0,-239.96194906446652,228.11452410299452
1551.5,-240.03799859706388,227.62079041560838
1552.0,-240.11364173660897,227.12699544979205
1552.5,-240.18884315829868,226.633129365593
1553.0,-240.26357013379902,226.13918595400705
1553.5,-240.3377702015067,225.64515978768918
1554.0,-240.4114892500995,225.1510602657507
1554.5,-240.4847091729652,224.65688546095376
1555.0,-240.55737286168204,224.16262325451902
1555.5,-240.62935095402213,223.66824669719836
1556.0,-240.70070465939912,223.17376488770134
1556.5,-240.77141968284153,222.67917591696622
1557.0,-240.84148472928104,222.18447967229295
1557.5,-240.9107749717402,221.68965770930689
1558.0,-240.97937360056784,221.19472515834326
1558.5,-241.0472617439131,220.69968033212615
1559.0,-241.11443889655084,220.2045262319124
1559.5,-241.18077993509849,219.70924958601842
1560.0,-241.2463974224444,219.2138700862494
1560.5,-241.31128213725665,218.71839043350855
1561.0,-241.37541014239497,218.22280845409716
1561.5,-241.43862094167318,217.72710422182885
1562.0,-241.50101140350213,217.2312907688002
1562.5,-241.56254063052904,216.7353640053382
1563.0,-241.62315248603193,216.23931556990442
1563.5,-241.6826650015698,215.74312400362047
1564.0,-241.741194228181,215.24680637427338
1564.5,-241.79870053122784,214.75035965555344
1565.0,-241.8551150705221,214.25377814273958
1565.5,-241.91024944246092,213.75704124504216
1566.0,-241.96419739955067,213.26016164593602
1566.5,-242.01692603085016,212.76313877286472
1567.0,-242.06834457967958,212.2659656093783
1567.5,-242.1183582582574,211.7686371341399
1568.0,-242.1670940248208,211.27117205797683
1568.5,-242.21452457861702,210.77357205840275
1569.0,-242.26049400008895,210.27582552671018
1569.5,-242.30498383032153,209.77793656168558
1570.0,-242.34809452062808,209.279920362307
1570.5,-242.3898163724351,208.78178159345066
1571.0,-242.42992636281272,208.28350610088776
1571.5,-242.4685228558834,207.785107993408
1572.0,-242.5055882716678,207.2865908903644
1572.5,-242.5410469486135,206.78795346123405
1573.0,-242.5745188045914,206.28917281107314
1573.5,-242.60622582292572,205.79027110028085
1574.0,-242.6361439582472,205.29125330889704
1574.5,-242.6641542649433,204.79211995150064
1575.0,-242.6901101757565,204.2928720829974
1575.5,-242.7141306176791,203.7935237462806
1576.0,-242.7361195377929,203.29407746175838
1576.5,-242.75573033437163,202.7945254775407
1577.0,-242.77315709313606,202.29488743091161
1577.5,-242.78850864478613,201.79517754813398
1578.0,-242.80171372814706,201.29540278807758
1578.5,-242.8124765297103,200.79556599815797
1579.0,-242.82104661528066,200.29568345017574
1579.5,-242.82734906614238,199.79576282072773
1580.0,-242.8310993635428,199.29581213173466
1580.5,-242.83240353467843,198.79584580605004
1581.0,-242.83139525755107,198.2958764347738
1581.5,-242.82800416243003,197.7959149607528
1582.0,-242.8218896192113,197.2959767127148
1582.5,-242.8133865271332,196.79607131899337
1583.0,-242.80245364069128,196.2962107329446
1583.5,-242.78877959469034,195.79641486331542
1584.0,-242.77251112984487,195.29669414474452
1584.5,-242.75378053680686,194.79705695953416
1585.0,-242.73253258693026,194.2975178281514
1585.5,-242.70863882324034,193.79809623314836
1586.0,-242.68244342662248,193.29878885439302
1586.5,-242.6539384473756,192.79960654777597
1587.0,-242.62271532345258,192.30058564219956
1587.5,-242.58910671605958,191.80171887088252
1588.0,-242.55320715915968,191.30301095453612
1588.5,-242.5148472679673,190.80448576064228
1589.0,-242.47412690836606,190.30614751479672
1589.5,-242.43128913181866,189.8079866938844
1590.0,-242.38627972725808,189.31001728992385
1590.5,-242.33896254772839,188.8122618957676
1591.0,-242.28965667237398,188.31469982610741
1591.5,-242.23835269218995,187.81733991878986
1592.0,-242.1847105433708,187.3202272298418
1592.5,-242.1291778789417,186.8233226353007
1593.0,-242.07178633982593,186.32662940520228
1593.5,-242.01226538415332,185.83018714860123
1594.0,-241.95079388923912,185.33398295982195
1594.5,-241.88741685978755,184.83801889857352
1595.0,-241.82195183936668,184.34232684950928
1595.5,-241.75454589944243,183.84689551254243
1596.0,-241.68538758682664,183.35170618027487
1596.5,-241.6143683960326,182.85678094018155
1597.0,-241.54148133709336,182.3621277120458
1597.5,-241.46693970671913,181.86772146312995
1598.0,-241.390693278812,181.3735753848434
1598.5,-241.3126472793024,180.87971012322353
1599.0,-241.2329988330173,180.3861005923236
1599.5,-241.15162012250323,179.89277358482232
1600.0,-241.06830171769062,179.3997706062268
1600.5,-240.98327308201831,178.90705995583394
1601.0,-240.8964832566069,178.41465675212098
1601.5,-240.8076173055186,177.92262439570828
1602.0,-240.7169256238915,177.4309264265654
1602.5,-240.62435933353407,176.93957915062018
1603.0,-240.5295877191786,176.44865439765118
1603.5,-240.4329918758082,175.95808694160124
1604.0,-240.33458772655433,175.4678802141393
1604.5,-240.2340549445381,174.9781074492184
1605.0,-240.13169753733294,174.48871436282974
1605.5,-240.02751841211403,173.99970797468896
1606.0,-239.92124802818802,173.5111545547773
1606.5,-239.8131951479724,173.02299412892444
1607.0,-239.7034884874371,172.5352037279941
1607.5,-239.59197304038702,172.04782329529777
1608.0,-239.4788580205939,171.5608104779399
1608.5,-239.3641716354444,171.0741641013696
1609.0,-239.24764843188802,170.58795397888764
1609.5,-239.12939068390224,170.10216266050847
1610.0,-239.00951448751138,169.61676801741933
1610.5,-238.88786570857718,169.13181330812014
1611.0,-238.76453289126644,168.64728251303654
1611.5,-238.6395687832069,168.1631685666358
1612.0,-238.51268308974622,167.67955416237157
1612.5,-238.38384218517587,167.19645731561977
1613.0,-238.25315760009462,166.71385650871323
1613.5,-238.12043125407075,166.2318139086051
1614.0,-237.98568642730322,165.75033251841106
1614.5,-237.8490819274614,165.2693766102491
1615.0,-237.7104703047925,164.78899654095875
1615.5,-237.56986719754659,164.3091969803266
1616.0,-237.42749934190476,163.8299190661528
1616.5,-237.2832422409407,163.35120690529922
1617.0,-237.1370665987638,162.87307768792036
1617.5,-236.9891583132999,162.39548229467047
1618.0,-236.8393757857942,161.9184719074775
1618.5,-236.68768579386014,161.44206461643532
1619.0,-236.53431497682215,160.96619531639686
1619.5,-236.37917416981745,160.49089864935115
1620.0,-236.22216000921657,160.0162160588561
1620.5,-236.06340478802048,159.54211253416628
1621.0,-235.90275270187504,159.06864877313467
1621.5,-235.7401516948858,158.59585121934987
1622.0,-235.5758516074643,158.12364152150818
1622.5,-235.40975130924357,157.65206246515103
1623.0,-235.24180772029558,157.18113656771445
1623.5,-235.072238335323,156.7107934215109
1624.0,-234.90094983884939,156.24107344155647
1624.5,-234.72783537606017,155.77202321067568
1625.0,-234.55315221758073,155.30355429444228
1625.5,-234.37679511066025,154.83571225372268
1626.0,-234.1986649860371,154.36854194025375
1626.5,-234.01897576989543,153.90196833022642
1627.0,-233.83765471973095,153.43602592870783
1627.5,-233.65457918153982,152.9707692683051
1628.0,-233.46995967397774,152.50612299364073
1628.5,-233.28372508301032,152.04212107222745
1629.0,-233.0957098733047,151.57883744153932
1629.5,-232.90611295871446,151.11619899994787
1630.0,-232.71481927979573,150.6542602299331
1630.5,-232.52158980742237,150.19312908290868
1631.0,-232.32663119885856,149.73272854456107
1631.5,-232.12990619304736,149.27308207730218
1632.0,-231.93122467745974,148.81427967687878
1632.5,-231.73091019537716,148.3561894374716
1633.0,-231.52891119406053,147.89884063914067
1633.5,-231.32495921245632,147.44236174470373
1634.0,-231.11935446591977,146.986627333597
1634.5,-230.91210244557485,146.53164139199689
1635.0,-230.70304098231196,146.0774842695988
1635.5,-230.4924995018002,145.62401028683624
1636.0,-230.28046644269506,145.17122981307068
1636.5,-230.06659577361725,144.71931275816277
1637.0,-229.8511748819055,144.26813176164362
1637.5,-229.63420094156274,143.8176933808261
1638.0,-229.4153769654624,143.3681485497476
1638.5,-229.19498198058753,142.91936934622422
1639.0,-228.97299565381394,142.4713727097411
1639.5,-228.74905375654114,142.02434797925147
1640.0,-228.52335345392913,141.57820765544025
1640.5,-228.29593904745116,141.13293733998879
1641.0,-228.06649967603255,140.68870580157372
1641.5,-227.83522112829397,140.2454286602987
1642.0,-227.6020815364462,139.80312787287696
1642.5,-227.36676936741628,139.36198036111432
1643.0,-227.12954422073545,138.92185954421092
1643.5,-226.8905249014957,138.4827110450241
1644.0,-226.64953612839614,138.04463977729432
1644.5,-226.40675419351882,137.60755892076506
1645.0,-226.16221438532386,137.17145886792258
1645.5,-225.91565802078756,136.73649604834645
1646.0,-225.66723281405424,136.3025979109968
1646.5,-225.41708524374613,135.86969020874344
1647.0,-225.16505101549907,135.4378780744271
1647.5,-224.91123399111027,135.00711060825256
1648.0,-224.65578846179645,134.57730594887713
1648.5,-224.39853790977824,134.14857889578778
1649.0,-224.13945744201993,133.72095474542616
1649.5,-223.87873521344974,133.29432936532146
1650.0,-223.61625263485297,132.86878464532674
1650.5,-223.35196913127936,132.44435581359141
1651.0,-223.08612623290642,132.0209012010836
1651.5,-222.81862623470013,131.59849142188338
1652.0,-222.54927330336184,131.1772611105248
1652.5,-222.27831447493128,130.75706243382118
1653.0,-222.00575854859264,130.33789784956662
1653.5,-221.73144240912254,129.9198826236724
1654.0,-221.45567381417996,129.50282342403491
1654.5,-221.1784244085188,129.08674612588976
1655.0,-220.89940266422366,128.67185523812824
1655.5,-220.6188676089787,128.25798650441803
1656.0,-220.33686109527997,127.84511933458707
1656.5,-220.05321904354307,127.4333737755208
1657.0,-219.76816756392483,127.02260215679864
1657.5,-219.48177817140888,126.61276091553016
1658.0,-219.1938759631768,126.20398056671647
1658.5,-218.9044684389753,125.79626445450931
1659.0,-218.6136774594452,125.38953411835729
1659.5,-218.32142870018666,124.98385006526883
1660.0,-218.02764904178596,124.57927348784818
1660.5,-217.73256641322723,124.17564605852431
1661.0,-217.43621049395907,123.77295185138965
1661.5,-217.13838410411378,123.37134321486
1662.0,-216.83933788255263,122.97064147361347
1662.5,-216.53907872522726,122.57084688118036
1663.0,-216.23743346996037,122.17209660355147
1663.5,-215.93451951907798,121.77430868125835
1664.0,-215.6304328813866,121.37741547944108
1664.5,-215.32510486343662,120.98147542316887
1665.0,-215.0184451679506,120.58656487047904
1665.5,-214.71059586795596,120.19258019820303
1666.0,-214.4015668970624,119.79951933588146
1666.5,-214.09115771533135,119.40754674280409
1667.0,-213.7795105893089,119.01655716205534
1667.5,-213.4666382793399,118.62654685424633
1668.0,-213.15243016489603,118.2376117601172
1668.5,-212.8367557349215,117.84986607480545
1669.0,-212.5198107273161,117.46315854127704
1669.5,-212.20161696436958,117.07747784588894
1670.0,-211.8820454568545,116.69293808440928
1670.5,-211.56120622908645,116.30945536888103
1671.0,-211.23915750458903,115.92698790035246
1671.5,-210.9158996882397,115.54554175861588
1672.0,-210.59124574155783,115.16528335748556
1672.5,-210.2654243432744,114.78602512443794
1673.0,-209.93843100102814,114.40777705587709
1673.5,-209.61023996046538,114.03056797556152
1674.0,-209.28081615029168,113.65443487799764
1674.5,-208.95031678529384,113.27924631935637
1675.0,-208.61871895810802,112.90502816459352
1675.5,-208.28592811953786,112.53187074891004
1676.0,-207.9518736888782,112.15984453895707
1676.5,-207.61669924473955,111.78882773155439
1677.0,-207.28044401342115,111.41879014029426
1677.5,-206.9430624712028,111.04977901157666
1678.0,-206.60447844885942,110.68187120111178
1678.5,-206.2647902060103,110.31498347060281
1679.0,-205.92401148599666,109.94910901050685
1679.5,-205.58213827302,109.58425762340656
1680.0,-205.23913929241874,109.22046419213338
1680.5,-204.89516705877725,108.8575905988338
1681.0,-204.55022191467674,108.49564145952424
1681.5,-204.20429620212235,108.13462917579373
1682.0,-203.85723069756364,107.77471250051428
1682.5,-203.50916658457973,107.41576174847707
1683.0,-203.16012958335307,107.05775682854596
1683.5,-202.8101284393563,106.70069404811727
1684.0,-202.45909943267424,106.34464126194047
1684.5,-202.10704720515662,105.98959986846918
1685.0,-201.75401575554616,105.63553215408648
1685.5,-201.4000058580335,105.28244277212846
1686.0,-201.0450121792625,104.93034233841935
1686.5,-200.6889312298269,104.57934162112839
1687.0,-200.33187830998833,104.22932961650393
1687.5,-199.973887603958,103.88027677832517
1688.0,-199.61497371987053,103.53217303777777
1688.5,-199.25514942877686,103.18501001006005
1689.0,-198.89432385095492,102.83888732697388
1689.5,-198.53261470490708,102.49368769288223
1690.0,-198.17004538456425,102.149391186821
1690.5,-197.80659872554034,101.80602055525462
1691.0,-197.44226470563063,101.46359138273812
1691.5,-197.07693348801368,101.12222637244079
1692.0,-196.71061990995344,100.78191635804059
1692.5,-196.34335717955548,100.44263152396458
1693.0,-195.97513698796374,100.10438662315813
1693.5,-195.60595348269374,99.76719384555646
1694.0,-195.23580421787054,99.43106198447616
1694.5,-194.86456320760576,99.096137250181
1695.0,-194.49237093117958,98.76227124910707
1695.5,-194.11925629124474,98.42943746065104
1696.0,-193.74524926438528,98.09760783861365
1696.5,-193.37039522853064,97.76673618226091
1697.0,-192.9947547210754,97.43675756702886
1697.5,-192.61828063356168,97.1077299640132
1698.0,-192.241061618142,96.77955652126471
1698.5,-191.86312746520977,96.45220616886563
1699.0,-191.48449304539886,96.12566534571593
1699.5,-191.10515877002686,95.79993690540648
1700.0,-190.72513074544364,95.47501735616895
1700.5,-190.34437193039582,95.15095388026242
1701.0,-189.96276489844288,94.82788996394672
1701.5,-189.58036269975528,94.50576834575878
1702.0,-189.19714972515573,94.18461252717093
1702.5,-188.81312227813783,93.86443185223773
1703.0,-188.42827141124278,93.54524211248179
1703.5,-188.0425863139417,93.2270619560089
1704.0,-187.65607157059642,92.9098915868205
1704.5,-187.26873829588916,92.59372263485494
1705.0,-186.88060869373982,92.27853299175355
1705.5,-186.4917739398833,91.96421442869027
1706.0,-186.1022741660094,91.65072028467334
1706.5,-185.7121419312727,91.3380132835879
1707.0,-185.32139547986142,91.02607380957579
1707.5,-184.93005758372212,90.71487585644763
1708.0,-184.5381558204088,90.40438695369096
1708.5,-184.1456988656134,90.09459842401547
1709.0,-183.75265592366293,89.78555230416218
1709.5,-183.35899491768942,89.4772930432468
1710.0,-182.9647400233298,89.16979323453947
1710.5,-182.5698861825894,88.86306220013763
1711.0,-182.1744295858784,88.55710779894532
1711.5,-181.77835870029918,88.25194823592066
1712.0,-181.381653107906,87.94761364540042
1712.5,-180.9843046922002,87.64411863926365
1713.0,-180.58631243473533,87.3414683192299
1713.5,-180.18769088673096,87.03964712937837
1714.0,-179.7884570376265,86.73863627777486
1714.5,-179.38860477219927,86.43844709216248
1715.0,-178.988156384544,86.13905346761776
1715.5,-178.58715758159292,85.84039738022197
1716.0,-178.18562119582316,85.54246401440722
1716.5,-177.78355178275748,85.24525003261967
1717.0,-177.38096558545283,84.94873599832161
1717.5,-176.97786966810628,84.65291472863872
1718.0,-176.57426491242572,84.35778749477183
1718.5,-176.17014947824927,84.06335939681553
1719.0,-175.76552596851147,83.76962949812764
1719.5,-175.3603985211367,83.47659471630088
1720.0,-174.95478290169035,83.18423563205964
1720.5,-174.54868028378465,82.8925532401861
1721.0,-174.14211411592785,82.60151725521236
1721.5,-173.7351043232015,82.31110144499765
1722.0,-173.32767742337387,82.02127073737542
1722.5,-172.91986063245935,81.7319884101882
1723.0,-172.51166021476703,81.44324730369503
1723.5,-172.10306845148062,81.15506019849069
1724.0,-171.69409148749557,80.86742011133359
1724.5,-171.28474574258607,80.58030509363246
1725.0,-170.87504550858617,80.29369611705053
1725.5,-170.46500399505507,80.0075755712608
1726.0,-170.05461663515516,79.7219514123823
1726.5,-169.64388093306306,79.43682886965072
1727.0,-169.23280288125045,79.15220085468377
1727.5,-168.82139726682004,78.86804732986491
1728.0,-168.40967857702023,78.5843485249921
1728.5,-167.99766677508947,78.3010765897309
1729.0,-167.58537999921376,78.01820590471529
1729.5,-167.17284082191506,77.7357043525436
1730.0,-166.76006667538874,77.45354705378573
1730.5,-166.34707724191122,77.17170567595227
1731.0,-165.93389327979668,76.8901498900959
1731.5,-165.52053260435653,76.60885403434703
1732.0,-165.1070138839337,76.32779049276378
1732.5,-164.6933536958215,76.04693491464317
1733.0,-164.2795675668599,75.76626442850264
1733.5,-163.865669272914,75.48575890853995
1734.0,-163.4516700220842,75.20540212862926
1734.5,-163.03758188148655,74.92517628564734
1735.0,-162.62342183652686,74.64505594648915
1735.5,-162.2092028169331,74.36502285161215
1736.0,-161.79493603058017,74.08506092683307
1736.5,-161.38063440655205,73.8051513987119
1737.0,-160.96631050645274,73.5252758947322
1737.5,-160.5519766145833,73.24541617213278
1738.0,-160.1376486892844,72.96554834056626
1738.5,-159.72333852609313,72.68565561707466
1739.0,-159.30905599561066,72.40572357104573
1739.5,-158.89481285059153,72.12573488945063
1740.0,-158.48062038180387,71.84567337064288
1740.5,-158.06648633269788,71.56552726528093
1741.0,-157.65241591320878,71.28528862045741
1741.5,-157.23841082758943,71.0049548931562
1742.0,-156.82447466065594,70.72452002767407
1742.5,-156.41061214273256,70.44397682400843
1743.0,-155.99683026324792,70.16331543653213
1743.5,-155.58313001516137,69.88253483683845
1744.0,-155.16951234473154,69.60163380961431
1744.5,-154.7559780627712,69.32061111200984
1745.0,-154.34252634138605,69.03946729103279
1745.5,-153.92915616208762,68.7582031452358
1746.0,-153.51586526696462,68.47682171144328
1746.5,-153.10265540951056,68.1953212387282
1747.0,-152.68952940690085,67.91369850464265
1747.5,-152.27648495724605,67.63195678437876
1748.0,-151.86351458656674,67.35010709700136
1748.5,-151.45061042922552,67.06816110362799
1749.0,-151.0377685264741,66.78612439434563
1749.5,-150.62498644050507,66.50400058624365
1750.0,-150.21226300671898,66.22179224164614
1750.5,-149.79959266804815,65.93950725597391
1751.0,-149.38697352833245,65.65714801637635
1751.5,-148.9744032005776,65.37471901048667
1752.0,-148.56187923278202,65.09222454127176
1752.5,-148.14939977040873,64.80966719643554
1753.0,-147.73696632063152,64.52704479703127
1753.5,-147.32458126326765,64.24435422484835
1754.0,-146.91224500581868,63.961594778821976
1754.5,-146.49995305383186,63.678772798847525
1755.0,-146.08770286257734,63.395891306645105
1755.5,-145.67549423376448,63.11295025427372
1756.0,-145.2633264616764,62.829950584386594
1756.5,-144.85120163478757,62.54688902571877
1757.0,-144.4391239642803,62.26376056235098
1757.5,-144.02709062260925,61.98057073667583
1758.0,-143.6150942208416,61.69733023392957
1758.5,-143.20313122994835,61.41404418600245
1759.0,-142.79119846472042,61.130717778636445
1759.5,-142.3792924747239,60.84735540799078
1760.0,-141.96741150959537,60.56395967487952
1760.5,-141.5555551632762,60.28053236265545
1761.0,-141.14372522918404,59.997071451307214
1761.5,-140.73192504968256,59.71357285249161
1762.0,-140.32015739255658,59.43003423789281
1762.5,-139.90842488532655,59.14645446454046
1763.0,-139.49673199786795,58.862828548333454
1763.5,-139.08508155664148,58.579151939811325
1764.0,-138.67347152594752,58.295426690586766
1764.5,-138.261896563568,58.01165822913721
1765.0,-137.8503576953002,57.72784462144365
1765.5,-137.43885446055864,57.44398808770476
1766.0,-137.02738583114188,57.1600929115911
1766.5,-136.61594844702188,56.876165421606956
1767.0,-136.20453775495784,56.59220927860973
1767.5,-135.7931490172566,56.30822771045801
1768.0,-135.38177905464144,56.02422245254081
1768.5,-134.9704212675629,55.74020078184752
1769.0,-134.55906921229652,55.45616960735926
1769.5,-134.1477185735466,55.172132847759414
1770.0,-133.73636697412698,54.88809219040208
1770.5,-133.3250118601264,54.60405018042689
1771.0,-132.9136510912055,54.32000918235586
1771.5,-132.50228481018235,54.03596899852203
1772.0,-132.090914336595,53.75192815654706
1772.5,-131.67954058932338,53.467885506606045
1773.0,-131.2681656842518,53.183839874111676
1773.5,-130.8567949599569,52.899785444519516
1774.0,-130.44543352815919,52.61571554506498
1774.5,-130.0340858445482,52.331624262223926
1775.0,-129.62275661481624,52.04750767146905
1775.5,-129.21144574707233,51.76336695490773
1776.0,-128.80015523499802,51.47920033800747
1776.5,-128.38889128823644,51.195000605938425
1777.0,-127.97765997994584,50.91075906535943
1777.5,-127.56646669089254,50.62646759827143
1778.0,-127.15531492304595,50.34212138836006
1778.5,-126.74420611360652,50.05771875744592
1779.0,-126.33314174951452,49.77325742888495
1779.5,-125.92212400936342,49.488734135077095
1780.0,-125.51115312207082,49.20414902240905
1780.5,-125.10022845895827,48.9195018159463
1781.0,-124.68935058401148,48.63479187120656
1781.5,-124.27852323877431,48.35001417539924
1782.0,-123.86774361941129,48.06517436507288
1782.5,-123.45701209179653,47.780271601131794
1783.0,-123.04632939185066,47.49530525948305
1783.5,-122.6356946431005,47.21027613268584
1784.0,-122.22510472858126,46.925188235374826
1784.5,-121.81455476965607,46.640048403977296
1785.0,-121.40403973541575,46.354863348512595
1785.5,-120.993555507747,46.06963775973419
1786.0,-120.58309847716649,45.784375399690276
1786.5,-120.17266480446476,45.499080672703975
1787.0,-119.76224950776243,45.213759622211235
1787.5,-119.35184850754635,44.928417207330504
1788.0,-118.9414571612118,44.64305725740113
1788.5,-118.53107517540737,44.35767870962586
1789.0,-118.1207058370042,44.072278129011636
1789.5,-117.7103488678343,43.78685796647408
1790.0,-117.30000065151737,43.50142466834205
1790.5,-116.88965855068307,43.21598378477326
1791.0,-116.4793232665237,42.93053639756825
1791.5,-116.06899692525336,42.64507967051584
1792.0,-115.65868044311458,42.35961251183496
1792.5,-115.24837741511668,42.074133463083264
1793.0,-114.83808880077873,41.78864285962202
1793.5,-114.42781321185612,41.503142368787884
1794.0,-114.01755440578512,41.217629906958535
1794.5,-113.60731550794205,40.93210325539483
1795.0,-113.19709938488087,40.64655848542024
1795.5,-112.78690852800013,40.36099221130172
1796.0,-112.37674380008636,40.07540362257936
1796.5,-111.96660357258004,39.78979343016295
1797.0,-111.55648610422391,39.50416116235538
1797.5,-111.14639580002053,39.218503999431796
1798.0,-110.73632999697422,38.932824460402024
1798.5,-110.3262904931772,38.64711932661748
1799.0,-109.91627903922664,38.36138717053452
1799.5,-109.50629455436118,38.075628505086655
1800.0,-109.09633609167008,37.789843758935255
1800.5,-108.6864046245528,37.5040315320394
1801.0,-108.27650219385447,37.218188829139585
1801.5,-107.86662994783845,36.932314334187616
1802.0,-107.45679166725924,36.646405874053116
1802.5,-107.04698305323154,36.360468942147754
1803.0,-106.63720914133832,36.07449942909749
1803.5,-106.22747463587582,35.78849341468689
1804.0,-105.81777993916278,35.50245239819971
1804.5,-105.40812245100985,35.21638037006881
1805.0,-104.99849998948986,34.930280047871015
1805.5,-104.58891382636259,34.64415123368544
1806.0,-104.17936970013852,34.35798919418924
1806.5,-103.76986957455307,34.07179638436031
1807.0,-103.36040917195307,33.785577745724524
1807.5,-102.9509836484442,33.4993359339665
1808.0,-102.54158815262994,33.21307460753753
1808.5,-102.13221988975074,32.92679627746203
1809.0,-101.72287731791724,32.640501934100485
1809.5,-101.31355882111514,32.35419175661112
1810.0,-100.90426740542695,32.067863550991945
1810.5,-100.49500113322522,31.781517145225965
1811.0,-100.08575536597101,31.495154009280306
1811.5,-99.67653079929306,31.208773128731888
1812.0,-99.2673256282663,30.92237650899399
1812.5,-98.85813771631054,30.63596559128449
1813.0,-98.44896561052389,30.349541200076715
1813.5,-98.03980835614509,30.06310549154721
1814.0,-97.6306674421462,29.77665656750163
1814.5,-97.22153989559672,29.490197289318104
1815.0,-96.8124211152974,29.203733996467058
1815.5,-96.40330715911571,28.917271341721463
1816.0,-95.99419564576826,28.630813020075237
1816.5,-95.5850845948042,28.34436300180043
1817.0,-95.1759708170423,28.057926856661606
1817.5,-94.76684853505323,27.771512865379037
1818.0,-94.35770797443269,27.485139602279762
1818.5,-93.94854426076412,27.19880958071892
1819.0,-93.53935277836858,26.912525835361116
1819.5,-93.13013053083355,26.626291944143986
1820.0,-92.72087393949003,26.340112115296698
1820.5,-92.31157960143175,26.053990474338452
1821.0,-91.9022470260469,25.767929896094618
1821.5,-91.49286736038289,25.48194393983267
1822.0,-91.0834436179594,25.19602579322903
1822.5,-90.67397750229642,24.91017130846986
1823.0,-90.26447028050175,24.6243802069496
1823.5,-89.85492296656848,24.338653537055386
1824.0,-89.4453357272509,24.052993652471855
1824.5,-89.03570780532192,23.76740411406687
1825.0,-88.62603605876959,23.48189578688985
1825.5,-88.21632607435494,23.196455821298365
1826.0,-87.80658049439896,22.911081659874412
1826.5,-87.39679953594975,22.625777281420252
1827.0,-86.98698387166556,22.340547211425886
1827.5,-86.57713502841938,22.055393319164562
1828.0,-86.16725412508377,21.770312978110876
1828.5,-85.75733766472862,21.48531143091854
1829.0,-85.3473926338322,21.200373571422716
1829.5,-84.9374196596111,20.915498712651395
1830.0,-84.5274209125667,20.63068450742692
1830.5,-84.11739961425111,20.34592777376224
1831.0,-83.70735889801273,20.06122513063747
1831.5,-83.29729589185334,19.776577956281663
1832.0,-82.88720938601374,19.491986059710023
1832.5,-82.47710236185546,19.207444365902226
1833.0,-82.0669744865218,18.92295239637717
1833.5,-81.65682660018054,18.638509937800517
1834.0,-81.24665967348359,18.354116771217942
1834.5,-80.83647213814636,18.06977251379602
1835.0,-80.42625737861917,17.78548726745934
1835.5,-80.01601816295158,17.501250433941177
1836.0,-79.60575122432128,17.217064625567264
1836.5,-79.19545650081055,16.93292910768067
1837.0,-78.78513523305922,16.648841640889657
1837.5,-78.37478826208208,16.364800405808655
1838.0,-77.96441070241467,16.08081687161572
1838.5,-77.55400454828188,15.79688790019407
1839.0,-77.14356819490388,15.513009939946532
1839.5,-76.7331009385285,15.229182444885591
1840.0,-76.32260209894527,14.945406404448567
1840.5,-75.91207017609413,14.66168456872093
1841.0,-75.50149819891527,14.37802780777552
1841.5,-75.09088662949134,14.094439410910935
1842.0,-74.68023502081162,13.810914044417524
1842.5,-74.26954071858644,13.527452209556891
1843.0,-73.8588021661981,13.244054536917213
1843.5,-73.44801803845219,12.960722631899223
1844.0,-73.03717464446058,12.677473855158379
1844.5,-72.62626786890334,12.39431221145441
1845.0,-72.2153010347452,12.111231641586343
1845.5,-71.80427150995237,11.82823536340936
1846.0,-71.39317698712081,11.54532762713557
1846.5,-70.98201551904829,11.262513514258208
1847.0,-70.5707739713381,10.979814109705385
1847.5,-70.1594549819678,10.697225217663247
1848.0,-69.74806444079746,10.414737178323637
1848.5,-69.33660029871803,10.132350948191622
1849.0,-68.92506069914839,9.850068985100133
1849.5,-68.51344455643363,9.567895366277622
1850.0,-68.10173727481931,9.28585700937537
1850.5,-67.68995227021894,9.003938434607115
1851.0,-67.27809115590809,8.722135750389931
1851.5,-66.86615372896189,8.440448956093968
1852.0,-66.45414053385203,8.158875877019495
1852.5,-66.04205100570037,7.877413357480156
1853.0,-65.62986671266944,7.5960874198443395
1853.5,-65.21761027423733,7.314865190311654
1854.0,-64.80528157721533,7.033746148695314
1854.5,-64.39288254721072,6.752728386377828
1855.0,-63.980415764727894,6.471808103306393
1855.5,-63.56787538339463,6.190986115192335
1856.0,-63.15525904025254,5.91025894991029
1856.5,-62.742576184994995,5.629610129661302
1857.0,-62.329829131823104,5.349041911154917
1857.5,-61.91702033870389,5.06855563833636
1858.0,-61.504151879304175,4.78815074378565
1858.5,-61.091216479258556,4.507836437245798
1859.0,-60.67821435942031,4.2275992470417245
1859.5,-60.26514408020989,3.9474437095302366
1860.0,-59.85200358674447,3.667382351594382
1860.5,-59.4387939103591,3.3874241747265534
1861.0,-59.025518671789584,3.107571420406787
1861.5,-58.61216829144541,2.827850306934736
1862.0,-58.19876259372626,2.5482236914158167
1862.5,-57.7853027226811,2.2686798126288688
1863.0,-57.37179117590136,1.9892114301185304
1863.5,-56.95823153829282,1.7098144461365838
1864.0,-56.54462341256333,1.4304938340219417
1864.5,-56.13096720756806,1.1512512710219274
1865.0,-55.71727524351433,0.872072124725201
1865.5,-55.30355311616634,0.5929485768258713
1866.0,-54.88980550370093,0.3138713952126496
1866.5,-54.47603555397864,0.03483073728760721
1867.0,-54.06224154709897,-0.24417722655960594
1867.5,-53.64842908208567,-0.5231657488978407
1868.0,-53.234602596928646,-0.8021360575396749
1868.5,-52.82076698168624,-1.0810910074020406
1869.0,-52.40692688223136,-1.3600347108574753
1869.5,-51.99308427338813,-1.6389717776964725
1870.0,-51.57924014026597,-1.9179064943906436
1870.5,-51.165397187015124,-2.196844110469859
1871.0,-50.75155770797168,-2.4757865211595798
1871.5,-50.33772454301424,-2.754734566510982
1872.0,-49.923901842494296,-3.0336885838142646
1872.5,-49.510093952564084,-3.312651877776802
1873.0,-49.09630097995666,-3.591623814338678
1873.5,-48.68252437343539,-3.8706090126929147
1874.0,-48.2687659172701,-4.149612848726721
1874.5,-47.855027584391046,-4.42864044103
1875.0,-47.44131497698101,-4.70769729315489
1875.5,-47.02763049120948,-4.98678693348334
1876.0,-46.61397624760203,-5.265908604929301
1876.5,-46.200353452793316,-5.545064019776947
1877.0,-45.786762674129214,-5.824256270934109
1877.5,-45.37320633799005,-6.103492933577528
1878.0,-44.95969504826223,-6.382788819496252
1878.5,-44.546222227972,-6.6621383951700395
1879.0,-44.13278864983846,-6.9415444801981385
1879.5,-43.71939433837073,-7.221009526804648
1880.0,-43.306038991476896,-7.500536215227851
1880.5,-42.892729031476804,-7.780139662061645
1881.0,-42.479466809087874,-8.0598202603666
1881.5,-42.06624765166977,-8.339570056718522
1882.0,-41.65306887218197,-8.619390626241675
1882.5,-41.23992855210943,-8.899283971084788
1883.0,-40.82682708583311,-9.179252320927697
1883.5,-40.41377721210383,-9.459312200415175
1884.0,-40.00077245767216,-9.739448783608509
1884.5,-39.587808031489786,-10.0196569163613
1885.0,-39.17488004520357,-10.299934993189794
1885.5,-38.76198601669778,-10.580281440987328
1886.0,-38.34912700298343,-10.86069499559781
1886.5,-37.936314079267724,-11.141186377467255
1887.0,-37.52353647126135,-11.421735401218559
1887.5,-37.11079011134049,-11.70233637695234
1888.0,-36.69807099538993,-11.982984993563438
1888.5,-36.28537538636842,-12.263677971993422
1889.0,-35.87270060082908,-12.54441357806095
1889.5,-35.46004892873903,-12.825194333287698
1890.0,-35.04741015131743,-13.106005010614364
1890.5,-34.63478177955357,-13.386841988762109
1891.0,-34.22216505279293,-13.667700939629325
1891.5,-33.80956030754776,-13.94857772799764
1892.0,-33.396964672611,-14.229469192406082
1892.5,-32.98437375841396,-14.51037105486459
1893.0,-32.57178604705582,-14.791277354801615
1893.5,-32.15920428515372,-15.072189934289202
1894.0,-31.746628656232932,-15.353104684629395
1894.5,-31.334057817202687,-15.634016374019655
1895.0,-30.921489732814837,-15.914920802283373
1895.5,-30.50892282528239,-16.195816151730455
1896.0,-30.09635832654117,-16.476702907851863
1896.5,-29.68380031828438,-16.757585183059124
1897.0,-29.271247031990413,-17.038462231046598
1897.5,-28.858696371624863,-17.31933711364654
1898.0,-28.44614709131926,-17.60021117667596
1898.5,-28.03359913225772,-17.88108310703893
1899.0,-27.621052814629973,-18.16195515681217
1899.5,-27.20851233630834,-18.442836035472688
1900.0,-26.795983798964684,-18.723727997496283
1900.5,-26.383468666109653,-19.004636141525253
1901.0,-25.97096942958072,-19.28556542094993
1901.5,-25.558488407985497,-19.56651993578752
1902.0,-25.146027205777695,-19.847503453072573
1902.5,-24.733587033495528,-20.128520625412687
1903.0,-24.321172849506585,-20.409580340848226
1903.5,-23.908786327513738,-20.690685645652994
1904.0,-23.49642755376833,-20.971837122801364
1904.5,-23.08409851031615,-21.25303776127789
1905.0,-22.671799407357575,-21.53428979597341
1905.5,-22.25953027891636,-21.815595296673415
1906.0,-21.847291643369672,-22.096956463513262
1906.5,-21.435083700345654,-22.378375472308704
1907.0,-21.02291155647599,-22.659859588321456
1907.5,-20.610781509186488,-22.941411952856228
1908.0,-20.198688973647396,-23.223025159064516
1908.5,-19.78662982800171,-23.504697714205875
1909.0,-19.374600880092054,-23.786429162173544
1909.5,-18.962602732342855,-24.068219173248153
1910.0,-18.550636794416324,-24.350065643778088
1910.5,-18.13870282544217,-24.631965139698927
1911.0,-17.72680326694944,-24.91391708109521
1911.5,-17.314942865487144,-25.195919653205983
1912.0,-16.903115666408716,-25.47797005650199
1912.5,-16.49131655130027,-25.760061300187065
1913.0,-16.079543126564868,-26.0421874698226
1913.5,-15.667790940050859,-26.324342656049435
1914.0,-15.256056975887928,-26.60651959765754
1914.5,-14.844338049047371,-26.888710141975114
1915.0,-14.432629130319219,-27.170907872285046
1915.5,-14.020925113147998,-27.45310940646984
1916.0,-13.609223492221378,-27.73530994272155
1916.5,-13.197520685366833,-28.0175047222067
1917.0,-12.785810466657557,-28.29968920952091
1917.5,-12.374090255787435,-28.581858393434334
1918.0,-11.962358101025483,-28.86401152478644
1918.5,-11.550612889295579,-29.1461507628245
1919.0,-11.138856741160938,-29.42827577147257
1919.5,-10.727091668023101,-29.71038416548666
1920.0,-10.315317027705674,-29.992476359139236
1920.5,-9.903531882066307,-30.274556236125836
1921.0,-9.49173819022851,-30.556626621971187
1921.5,-9.079936628517041,-30.838691523997493
1922.0,-8.668129925280192,-31.120753624864403
1922.5,-8.256321590531028,-31.40281065707271
1923.0,-7.844509438987692,-31.684867303378027
1923.5,-7.432694843141243,-31.96692591609643
1924.0,-7.020879830116925,-32.24898746110924
1924.5,-6.609064160151967,-32.531050026251805
1925.0,-6.197250495003758,-32.81311382801676
1925.5,-5.7854417406172285,-33.0951816035702
1926.0,-5.373638210247374,-33.377255581148034
1926.5,-4.961839401702539,-33.6593356469734
1927.0,-4.550046089406101,-33.941420786316684
1927.5,-4.1382586824171685,-34.22351200647125
1928.0,-3.726476583605329,-34.50561264688106
1928.5,-3.314698422424267,-34.78771945338898
1929.0,-2.9029238937060065,-35.06982996557423
1929.5,-2.491153954452456,-35.351945434147275
1930.0,-2.079388879172675,-35.63406471862211
1930.5,-1.6676263679015928,-35.91619144401208
1931.0,-1.255868681551319,-36.1983317731041
1931.5,-0.8441195769330804,-36.480488281739085
1932.0,-0.4323797959238328,-36.762659397459096
1932.5,-0.020651256289359765,-37.04484466961576
1933.0,0.391063607434733,-37.327046461572714
1933.5,0.8027650803974302,-37.60926869016592
1934.0,1.2144542472907098,-37.891514442795554
1934.5,1.62612979411731,-38.17378431810465
1935.0,2.037788732690322,-38.45607954674829
1935.5,2.4494285776416844,-38.738401323427574
1936.0,2.8610465640552025,-39.020749630772436
1936.5,3.272645346488692,-39.303123282781854
1937.0,3.6842266022845798,-39.58552231805565
1937.5,4.095789393999052,-39.86794896213011
1938.0,4.507332997748393,-40.15040796507501
1938.5,4.9188546603423475,-40.43289623776595
1939.0,5.330356255125683,-40.71541486658965
1939.5,5.741837381559786,-40.99796632898671
1940.0,6.153293172744593,-41.280555644327116
1940.5,6.564721499186976,-41.56318380558815
1941.0,6.976124422499675,-41.845848942778034
1941.5,7.38750642201093,-42.128550847377596
1942.0,7.798869079466779,-42.4112942085846
1942.5,8.21020928324714,-42.694085219984345
1943.0,8.621521221152296,-42.97692892611947
1943.5,9.032798738495378,-43.25982759055409
1944.0,9.444038098392983,-43.54278058300638
1944.5,9.855241554545145,-43.82578590281633
1945.0,10.26641656152763,-44.10884010395359
1945.5,10.677565503615739,-44.39194451301027
1946.0,11.088681367000973,-44.67510400775314
1946.5,11.499759250799622,-44.958318847156946
1947.0,11.91080067591566,-45.241587227078575
1947.5,12.32180573379594,-45.524906466163614
1948.0,12.732771936023191,-45.808275043059055
1948.5,13.14369990114009,-46.09169978669709
1949.0,13.554585302913795,-46.37518022573645
1949.5,13.965423037920411,-46.65871317126667
1950.0,14.376213810159292,-46.94230006503584
1950.5,14.786953877208218,-47.225945326353845
1951.0,15.197642353161976,-47.50965328705281
1951.5,15.608281573128833,-47.79342758777238
1952.0,16.01887009428885,-48.077264466299056
1952.5,16.42940145526661,-48.3611694236284
1953.0,16.839871540400452,-48.6451476867306
1953.5,17.250281185989152,-48.92920471675127
1954.0,17.660631745097895,-49.21334096787038
1954.5,18.070921727085953,-49.49756173041488
1955.0,18.481150141346504,-49.781870266207804
1955.5,18.891309929482436,-50.06627016965755
1956.0,19.301400017510268,-50.35076291906251
1956.5,19.711422429352574,-50.63534980498213
1957.0,20.12137342626571,-50.92003392032514
1957.5,20.53125335779138,-51.20481755593218
1958.0,20.941061807003823,-51.48970253481425
1958.5,21.350796389004632,-51.77468900102574
1959.0,21.760459105104438,-52.05977606420759
1959.5,22.170051911969974,-52.34496746388765
1960.0,22.57958103803572,-52.63025745100711
1960.5,22.989059890132218,-52.915642618464624
1961.0,23.39848677798328,-53.20113402015358
1961.5,23.807849038568158,-53.48674178732949
1962.0,24.217135856142676,-53.77246736259195
1962.5,24.626346429921657,-54.05831083369129
1963.0,25.035481804392344,-54.34427210277023
1963.5,25.444549317999076,-54.630350978017646
1964.0,25.85354652393388,-54.91655705400819
1964.5,26.262460106132586,-55.20290126397731
1965.0,26.671273657438395,-55.48939396082617
1965.5,27.079967001541988,-55.77605503938201
1966.0,27.488520891096975,-56.062898761761076
1966.5,27.89692701101113,-56.3499274644229
1967.0,28.305187173867502,-56.63714109010956
1967.5,28.713307050345893,-56.924534925834124
1968.0,29.121292022596997,-57.21210167868016
1968.5,29.52914678861503,-57.49983711803721
1969.0,29.93687591969079,-57.787738086662294
1969.5,30.344488145371255,-58.07579822653266
1970.0,30.75199086308647,-58.36401564024262
1970.5,31.15939010458654,-58.652385290226604
1971.0,31.56668908558497,-58.94090623045039
1971.5,31.973890574434872,-59.229576137672105
1972.0,32.38099820236782,-59.518392892456106
1972.5,32.78801234135899,-59.80735764199354
1973.0,33.19493240250525,-60.096474971398564
1973.5,33.601755583045154,-60.38575072692268
1974.0,34.008477853644365,-60.67518718710763
1974.5,34.41509613416238,-60.96478953657089
1975.0,34.82159972814637,-61.25456965580978
1975.5,35.22797338763854,-61.54453770380786
1976.0,35.634208795947615,-61.83470245608562
1976.5,36.04030357766497,-62.12506560653415
1977.0,36.44625425106259,-62.41562630913553
1977.5,36.85206152821128,-62.70638641961151
1978.0,37.257722686051785,-62.99734730867508
1978.5,37.66322822640727,-63.28851740674648
1979.0,38.06857020460753,-63.57990245549925
1979.5,38.47374458452413,-63.87150513282696
1980.0,38.878751337415,-64.16332674803635
1980.5,39.28359159064649,-64.45536742063663
1981.0,39.68826446914773,-64.74763065265032
1981.5,40.092762685040086,-65.04012578428828
1982.0,40.49707671016055,-65.33286062343687
1982.5,40.901193523021014,-65.62585476810966
1983.0,41.30512613983475,-65.91909884788278
1983.5,41.70887466792474,-66.21259761281858
1984.0,42.11243866792624,-66.5063514866707
1984.5,42.51580608185654,-66.80037914068465
1985.0,42.918957170287015,-67.09469827288898
1985.5,43.32189087119307,-67.38931071563131
1986.0,43.72461874323518,-67.6842160634396
1986.5,44.12713738530777,-67.97942417907734
1987.0,44.52943771623452,-68.2749476325116
1987.5,44.931494922230826,-68.57082099088086
1988.0,45.33327389255304,-68.86708127939633
1988.5,45.734762473352646,-69.16373181516674
1989.0,46.135958334650624,-69.460781631272
1989.5,46.53684507924594,-69.75825273768133
1990.0,46.93740403141263,-70.05616290745986
1990.5,47.33762667572315,-70.35452740844667
1991.0,47.73750138983001,-70.6533617418889
1991.5,48.13701485663556,-70.95268321372355
1992.0,48.53613275004355,-71.2525361454494
1992.5,48.93484535963435,-71.5529295818112
1993.0,49.33313720884394,-71.85386699464979
1993.5,49.731027581532786,-72.15533056550213
1994.0,50.12853608806582,-72.45730408289685
1994.5,50.52567504980243,-72.75977731045414
1995.0,50.92243566435169,-73.06276178279275
1995.5,51.31878306977585,-73.36629972417394
1996.0,51.71465349856162,-73.67046665813571
1996.5,52.11007602836637,-73.97522489960654
1997.0,52.50503857368872,-74.28058981311018
1997.5,52.899523357130484,-74.58658519283003
1998.0,53.2934902367697,-74.89325677484095
1998.5,53.68689520309699,-75.2006514542082
1999.0,54.079703404479666,-75.50880412966387
1999.5,54.471836265514355,-75.81780933410586
2000.0,54.863370335570785,-76.12756892138049
2000.5,55.254319994422225,-76.43806697775341
2001.0,55.64468735871146,-76.74929937873561
2001.5,56.03446551863327,-77.06127194451416
2002.0,56.42362857495284,-77.37400714671367
2002.5,56.81214872175099,-77.6875334951958
2003.0,57.20008808951353,-78.00178924584833
2003.5,57.587507717402026,-78.31670450461219
2004.0,57.97440383996473,-78.63228509725899
2004.5,58.360762810391336,-78.94854477521493
2005.0,58.74656608512629,-79.26550066286823
2005.5,59.131777407124574,-79.58319498143972
2006.0,59.516408971837976,-79.90161720098541
2006.5,59.90049375559335,-80.22072326219751
2007.0,60.28401976351307,-80.5405252913181
2007.5,60.66696198807797,-80.86104800165356
2008.0,61.04930345755492,-81.18230519240191
2008.5,61.43094514769743,-81.50441076479399
2009.0,61.8118807338805,-81.82736051458532
2009.5,62.19211835728933,-82.15113726660908
2010.0,62.57165622764829,-82.4757419181272
2010.5,62.950485838474776,-82.80118065930728
2011.0,63.328555022591964,-83.12750489865822
2011.5,63.70580768644061,-83.45477266550733
2012.0,64.08230205389398,-83.78291049756386
2012.5,64.4580489253387,-84.11190121665578
2013.0,64.83307643384262,-84.4417147915367
2013.5,65.20738301140342,-84.77235352082586
2014.0,65.58088386554826,-85.10390901701415
2014.5,65.95367322885,-85.4362733340671
2015.0,66.32576226498749,-85.76943220609729
2015.5,66.6971638654347,-86.10337202354097
2016.0,67.0678670148954,-86.43810490365422
2016.5,67.43778259281846,-86.77372794123929
2017.0,67.80695520788886,-87.11018094143924
2017.5,68.17536467603252,-87.44747976773563
2018.0,68.54299756420878,-87.78563676541489
2018.5,68.90979028461992,-88.12471793503465
2019.0,69.27569248456209,-88.46477522325641
2019.5,69.6407553862907,-88.80574767219011
2020.0,70.00493212930621,-89.14767927800222
2020.5,70.36816906464202,-89.4906185046596
2021.0,70.73027710320962,-89.83475581275795
2021.5,71.09131881973798,-90.18001325734565
2022.0,71.45134374536251,-90.52633476011027
2022.5,71.81036312207031,-90.87370782569833
2023.0,72.16831572709202,-91.22218948103816
2023.5,72.52515063775321,-91.57182766426983
2024.0,72.8809167576171,-91.92255953298378
2024.5,73.23555668562179,-92.27443432556241
2025.0,73.58904408347492,-92.62747071052698
2025.5,73.94126688224158,-92.98177835833195
2026.0,74.2923699878451,-93.3372059287111
2026.5,74.6423129150892,-93.69378585871102
2027.0,74.99102685590248,-94.05157606691786
2027.5,75.33824878837487,-94.41081895820808
2028.0,75.68415984858353,-94.77132747059008
2028.5,76.02877607287648,-95.13307882371015
2029.0,76.37207803550177,-95.49608435972327
2029.5,76.71384700171086,-95.86053746685074
2030.0,77.05429784443447,-96.22622579099293
2030.5,77.39345755675889,-96.59311908576976
2031.0,77.73129479639974,-96.96123946687528
2031.5,78.0676868665246,-97.33069253483703
2032.0,78.40275968290499,-97.70135306615147
2032.5,78.7364413569583,-98.07327485217819
2033.0,79.06850836337658,-98.44664055834542
2033.5,79.39887300730574,-98.82151306264845
2034.0,79.72768150363038,-99.19775369593253
2034.5,80.05489570765334,-99.57538546581593
2035.0,80.38020362028787,-99.95466033867801
2035.5,80.70367067670574,-100.33550387547831
2036.0,81.02527966218459,-100.71791040595265
2036.5,81.34492654326162,-101.1019465151821
2037.0,81.66241492046943,-101.48775655698829
2037.5,81.9781223198611,-101.87502060266551
2038.0,82.29206462212652,-102.26371344069629
2038.5,82.60406436028086,-102.65396516422739
2039.0,82.9142046701902,-103.04569711940576
2039.5,83.22255270812113,-103.43883899885772
2040.0,83.5290363736443,-103.83343338991685
2040.5,83.83338511931439,-104.22967287044892
2041.0,84.13589187215568,-104.62731939598976
2041.5,84.43655466405328,-105.02636295057417
2042.0,84.73505905100477,-105.42702502101503
2042.5,85.03151764538642,-105.82920032174871
2043.0,85.32598202536464,-106.23283578320769
2043.5,85.61824939979344,-106.63806017747116
2044.0,85.90827876335366,-107.04488406431062
2044.5,86.1962998677882,-107.45313011289078
2045.0,86.48228952714402,-107.86279894335317
2045.5,86.76596543673641,-108.27406936182233
2046.0,87.04770081721236,-108.68667228853285
2046.5,87.3274873621349,-109.10059941319066
2047.0,87.6050979564984,-109.51599151645948
2047.5,87.88073763477742,-109.93270115914225
2048.0,88.15445943956016,-110.35067971568138
2048.5,88.42604139038677,-110.77006057472116
2049.0,88.69545005702885,-111.1908470459929
2049.5,88.96274508254798,-111.61298132985519
2050.0,89.2276997834918,-112.03658782823904
2050.5,89.49013981117943,-112.46175596035626
2051.0,89.7503244193068,-112.88830587498516
2051.5,90.00807761309784,-113.3163265577192
2052.0,90.2630304047477,-113.74601438262802
2052.5,90.51549645897488,-114.17715806574324
2053.0,90.76545191902412,-114.60975170253515
2053.5,91.01254628977156,-115.04397294233473
2054.0,91.25716459896576,-115.47958604535042
2054.5,91.49921644595088,-115.91662379402601
2055.0,91.73819487205101,-116.35533920624852
2055.5,91.97459461399293,-116.79544354904851
2056.0,92.20842131141086,-117.23691486318589
2056.5,92.43921810430689,-117.67997259017325
2057.0,92.66746292209483,-118.12434721729787
2057.5,92.89316875772127,-118.57001487976225
2058.0,93.11594651605344,-119.01715296037096
2058.5,93.33631423447552,-119.46548666505771
2059.0,93.55417131973944,-119.91504854208821
2059.5,93.76907704985601,-120.36603020986053
2060.0,93.98146235084293,-120.81820575595067
2060.5,94.191233841709,-121.27160215102009
2061.0,94.39806465128221,-121.72635007229826
2061.5,94.60232369996643,-122.18226019098624
2062.0,94.80373476339273,-122.6394346931501
2062.5,95.00209632041127,-123.09793785295926
2063.0,95.19773943821582,-123.55760539350712
2063.5,95.39036788504308,-124.01854088327161
2064.0,95.58005496922753,-124.48069490011254
2064.5,95.76701662081888,-124.94395792341645
2065.0,95.95074116799992,-125.4085090745077
2065.5,96.13150652180494,-125.8742152650309
2066.0,96.30947234085679,-126.34099575305703
2066.5,96.48389073680872,-126.8091010639904
2067.0,96.6553141425667,-127.27829843785071
2067.5,96.82363478125004,-127.74860608206814
2068.0,96.98862716296817,-128.2200839700938
2068.5,97.15081205213026,-128.69253150634896
2069.0,97.30994396640726,-129.16601698209226
2069.5,97.46609278337593,-129.64049645157783
2070.0,97.61935116629218,-130.11591584862592
2070.5,97.76907669057015,-130.592451816314
2071.0,97.91594939987321,-131.06986855668552
2071.5,98.0598982604268,-131.54817272971215
2072.0,98.20075244176412,-132.02739671316957
2072.5,98.33908490264855,-132.50735967547655
2073.0,98.47455157340863,-132.98814986608912
2073.5,98.60723192015303,-133.46972477441167
2074.0,98.73722563549441,-133.95203730818287
2074.5,98.86388530149654,-134.43523808789286
2075.0,98.98773987051597,-134.91916656626353
2075.5,99.10850471665835,-135.4038736748896
2076.0,99.22603684332687,-135.88936983761326
2076.5,99.34070339046484,-136.37554558950671
2077.0,99.45195423510697,-136.86250943790822
2077.5,99.56014969140074,-137.35014994848277
2078.0,99.66525385720465,-137.838455446986
2078.5,99.76687956549414,-138.32748165921458
2079.0,99.86551524946364,-138.81710341824564
2079.5,99.96085414382061,-139.30735956952537
2080.0,100.05315815021281,-139.79818309203802
2080.5,100.14274842910515,-140.28949946944152
2081.0,100.22912356975952,-140.7813832674478
2081.5,100.31286826807847,-141.27371341838486
2082.0,100.39377211167243,-141.7665082333545
2082.5,100.47182080212667,-142.25975335655522
2083.0,100.54743419499113,-142.75336943413177
2083.5,100.62033232397638,-143.24738805626512
2084.0,100.69078169523041,-143.7417567813197
2084.5,100.75889873895316,-144.23644734899057
2085.0,100.82434840526125,-144.73149787660364
2085.5,100.88756747978162,-145.22683748633216
2086.0,100.94830589740808,-145.722485428445
2086.5,101.00648237577467,-146.21843609609633
2087.0,101.0623609632194,-146.71464602345972
2087.5,101.1156036419167,-147.21114173896837
2088.0,101.16650840137656,-147.7078807772378
2088.5,101.21509092346543,-148.20484911426368
2089.0,101.26090787514669,-148.7020705071362
2089.5,101.3043511073228,-149.1994931544901
2090.0,101.3452746244673,-149.6971168504537
2090.5,101.38361496687075,-150.19493582881339
2091.0,101.41965683688474,-150.69291668144805
2091.5,101.45305518955784,-151.19106757538847
2092.0,101.48400444432399,-151.6893666892758
2092.5,101.51265521850696,-152.18779223043103
2093.0,101.5385255848052,-152.68635775625083
2093.5,101.56204231181366,-153.18502713122686
2094.0,101.58307227468637,-153.68379109478997
2094.5,101.60140702278888,-154.18264516482884
2095.0,101.61743034733118,-154.68156523786374
2095.5,101.63087785949433,-155.1805438622048
2096.0,101.64170065166184,-155.6795650239991
2096.5,101.6501336729382,-156.17860813684683
2097.0,101.65597814664831,-156.677666841854
2097.5,101.65967224163487,-157.17674122694314
2098.0,101.66137248776582,-157.67582644088736
2098.5,101.66067739822397,-158.17491619673208
2099.0,101.6579440475126,-158.67399639708904
2099.5,101.65301089788738,-159.17304813593614
2100.0,101.64562447459227,-159.67205851942387
2100.5,101.63620419900661,-160.17103009830265
2101.0,101.62450977279221,-160.66994879551655
2101.5,101.61041100454736,-161.16879621262876
2102.0,101.59420215330509,-161.66757363811928
2102.5,101.57565486984721,-162.16626787622033
2103.0,101.55478826014996,-162.66486655290487
2103.5,101.53171539217213,-163.16335934559987
2104.0,101.50602380431913,-163.66170694906612
2104.5,101.47796228791968,-164.15990431599943
2105.0,101.4477050306278,-164.65795156338316
2105.5,101.41504578923193,-165.15583490904143
2106.0,101.38044251748596,-165.65358397923876
2106.5,101.34383252851389,-166.15118444086633
2107.0,101.30493918581189,-166.64860696045628
2107.5,101.26406508283426,-167.14586868213505
2108.0,101.22103124873667,-167.6429365860374
2108.5,101.17571111122474,-168.13979053919434
2109.0,101.12848348028551,-168.63646501136367
2109.5,101.07918693417682,-169.1329340734572
2110.0,101.02772656093506,-169.62917795712514
2110.5,100.97438530079023,-170.12521988746713
2111.0,100.91893542335164,-170.62102433967468
2111.5,100.86146345239773,-171.11658458940963
2112.0,100.8022450954638,-171.61193593725366
2112.5,100.74111949221225,-172.10705285711467
2113.0,100.67817649545417,-172.6019419913854
2113.5,100.61354281467602,-173.09660666376172
2114.0,100.54684534268742,-173.59099062828187
2114.5,100.47821187984596,-174.08508643246236
2115.0,100.40776111587552,-174.5789120279731
2115.5,100.3352223233489,-175.07242166185722
2116.0,100.26083761974472,-175.56564945156353
2116.5,100.18471135769751,-176.0586086733278
2117.0,100.10652158010672,-176.55124398986763
2117.5,100.02649212135812,-177.04356939225335
2118.0,99.94468765020662,-177.53558881971077
2118.5,99.86078371492486,-178.02723687158115
2119.0,99.77514489163948,-178.51857263543812
2119.5,99.68774823338445,-179.00958886948035
2120.0,99.59837561691606,-179.50025204855424
2120.5,99.507398183557,-179.9906353571823
2121.0,99.4147458716628,-180.48072295638443
2121.5,99.32000913420042,-180.97042845266424
2122.0,99.22343809069544,-181.45978569165774
2122.5,99.12491430812942,-181.9487654563627
2123.0,99.02412138915497,-182.4372936429334
2123.5,98.92136105984358,-182.92542203182498
2124.0,98.81646892022856,-183.41310475314057
2124.5,98.7090486735438,-183.9002341262733
2125.0,98.59936319928926,-184.38684885937528
2125.5,98.48734185311525,-184.87292081035534
2126.0,98.37275416817876,-185.35838491045834
2126.5,98.25596804513182,-185.8433138160047
2127.0,98.13685501250059,-186.32766903430178
2127.5,98.01517123300412,-186.81136753268487
2128.0,97.89134753854668,-187.29451049841094
2128.5,97.76542150262844,-187.77711185733648
2129.0,97.63734150434827,-188.2591584252113
2129.5,97.50737714635656,-188.74071269060124
2130.0,97.37535830314214,-189.22172248392135
2130.5,97.24114613719551,-189.70213351551737
2131.0,97.10503387199215,-190.18201831365673
2131.5,96.96696576472775,-190.6613609806891
2132.0,96.82674691220139,-191.14009885621047
2132.5,96.68447193423954,-191.61823303164053
2133.0,96.53988066211076,-192.09566738024014
2133.5,96.39283535926732,-192.57234149698314
2134.0,96.24359303106004,-193.04832440898326
2134.5,96.091998129302,-193.5235544267281
2135.0,95.93791854157273,-193.99798161331688
2135.5,95.7815659776343,-194.47164820635192
2136.0,95.62288462676553,-194.94452702626478
2136.5,95.46196692696165,-195.41663851954846
2137.0,95.29912740276437,-195.88809213626286
2137.5,95.13422101684812,-196.3588359883963
2138.0,94.96713240317449,-196.82881442770474
2138.5,94.79801021535205,-197.29806736756981
2139.0,94.62669823912113,-197.76653488984994
2139.5,94.45318375139361,-198.2342041355498
2140.0,94.27770397974727,-198.7011582849626
2140.5,94.09995325085727,-199.16727382161142
2141.0,93.91975636726809,-199.6324603935931
2141.5,93.73729222933935,-200.09677050770333
2142.0,93.55229241526067,-200.5600861080441
2142.5,93.36461739398149,-201.02232565142276
2143.0,93.17442786186416,-201.48352943112712
2143.5,92.98143556927545,-201.9435529441818
2144.0,92.78572779701567,-202.40241706410447
2144.5,92.5875048795735,-202.86018940863093
2145.0,92.38653434561036,-203.31675165158322
2145.5,92.18296890473562,-203.77216127705537
2146.0,91.9769839242149,-204.226480512946
2146.5,91.76825273406124,-204.67953904172
2147.0,91.55696697354293,-205.13141353822402
2147.5,91.3433462427482,-205.58219574845572
2148.0,91.1270969246487,-206.03173153432942
2148.5,90.90845773926928,-206.48012399369392
2149.0,90.68760211865644,-206.92744481056377
2149.5,90.4641706997503,-207.3735032269997
2150.0,90.23832618942515,-207.81835581001812
2150.5,90.01018664475403,-208.26204723176744
2151.0,89.77932803874518,-208.7043414695953
2151.5,89.5459802423073,-209.1453316560311
2152.0,89.31021872329556,-209.58503767270207
2152.5,89.07160707855797,-210.0232072994904
2153.0,88.83057932389751,-210.46005688151766
2153.5,88.58725265689985,-210.89564057505103
2154.0,88.3411600380291,-211.3296799967563
2154.5,88.09268459975301,-211.76236279609043
2155.0,87.84172130622144,-212.19360336580328
2155.5,87.58786233103913,-212.62313871852555
2156.0,87.33162311371248,-213.0512543773363
2156.5,87.07300416087925,-213.47794075391826
2157.0,86.81178656445628,-213.90304959868493
2157.5,86.5483425148129,-214.32678743237398
2158.0,86.28246040349285,-214.74900522070772
2158.5,86.01400098363263,-215.16959103700356
2159.0,85.74324609759255,-215.58870186308056
2159.5,85.4700224136466,-216.00620790616375
2160.0,85.19443024599084,-216.4221616786167
2160.5,84.91677799004762,-216.83675373221416
2161.0,84.63678382767283,-217.24978152040953
2161.5,84.35453146310886,-217.66127911133853
2162.0,84.07017107914913,-218.07132783553604
2162.5,83.78333176603867,-218.47964973023053
2163.0,83.49429361498709,-218.88642095447827
2163.5,83.20314980011243,-219.29169106089446
2164.0,82.90947763868364,-219.69513616432718
2164.5,82.61367140278436,-220.09702016288722
2165.0,82.31571413894957,-220.49731172934094
2165.5,82.01530513148813,-220.89576868342317
2166.0,81.71283834824143,-221.29266521868158
2166.5,81.40821442415672,-221.6879092808039
2167.0,81.10129191597622,-222.08137408442016
2167.5,80.79238921538257,-222.47328819956167
2168.0,80.4813753865894,-222.86353686498487
2168.5,80.16829292854113,-223.25214270011458
2169.0,79.85338254025982,-223.63928276533622
2169.5,79.53638112112378,-224.02473062503174
2170.0,79.21738783166333,-224.40854369013314
2170.5,78.8965331022288,-224.79081520890037
2171.0,78.57349909468653,-225.17126146651515
2171.5,78.24854892651835,-225.5500841289132
2172.0,77.92171422320757,-225.9272961131696
2172.5,77.59265190029687,-226.30258058090345
2173.0,77.26167327365478,-226.67618024646768
2173.5,76.9286423131136,-227.04795869811934
2174.0,76.59343950402392,-227.41778831639706
2174.5,76.25632896126616,-227.7858869964809
2175.0,75.91715669725717,-228.15209377788364
2175.5,75.57597197169352,-228.51644066951687
2176.0,75.23297848367001,-228.87909349737535
2176.5,74.88791054908013,-229.23978349557302
2177.0,74.54096153643565,-229.5986727448061
2177.5,74.19223591958206,-229.95584359247158
2178.0,73.84145513940386,-230.3110053003514
2178.5,73.48904988985954,-230.66457586775945
2179.0,73.13499580088612,-231.01651954593572
2179.5,72.7791081580324,-231.36663483848352
2180.0,72.42163082408172,-231.7151452380992
2180.5,72.06237344598556,-232.06183644705
2181.0,71.7012839802928,-232.40662859131146
2181.5,71.33859455327922,-232.749748016855
2182.0,70.97413958497637,-233.09101509264016
2182.5,70.6080923854575,-233.4305940933181
2183.0,70.24052762774868,-233.7685487645993
2183.5,69.87107077239065,-234.1044482544805
2184.0,69.50000605359664,-234.43857668594814
2184.5,69.12724828169763,-234.77082044079154
2185.0,68.75264078459422,-235.10097998356179
2185.5,68.37647273247214,-235.42936472957769
2186.0,67.99864755066554,-235.7558527051111
2186.5,67.61911691976469,-236.080361009108
2187.0,67.23806031866182,-236.4030777059993
2187.5,66.85526505769397,-236.72373409517084
2188.0,66.47093397761346,-237.04255502565238
2188.5,66.08516752466474,-237.3596487551094
2189.0,65.69774515039326,-237.67473797363127
2189.5,65.30890980418994,-237.9880958246264
2190.0,64.91852325325623,-238.29952626124654
2190.5,64.52644161834866,-238.60882357635063
2191.0,64.13290224308086,-238.91626946080262
2191.5,63.737766415981135,-239.22167108989612
2192.0,63.34108865997283,-239.52507604595706
2192.5,62.94299878496883,-239.82663209488481
2193.0,62.54327248459955,-240.1260299910155
2193.5,62.14214104572568,-240.42355540477104
2194.0,61.73959617320578,-240.71917714874013
2194.5,61.33542086854428,-241.01257242263708
2195.0,60.92985455116176,-241.30404626609345
2195.5,60.522757967903694,-241.593378237175
2196.0,60.11410504169688,-241.88050941997872
2196.5,59.704117273431194,-242.16573823270116
2197.0,59.292657183515544,-242.44885653820077
2197.5,58.8798268269332,-242.72998970983303
2198.0,58.46564274854615,-243.00912994787802
2198.5,58.04974836917464,-243.28571465871727
2199.0,57.63243802700703,-243.56014955773978
2199.5,57.21369570625093,-243.83239451946073
2200.0,56.79346328189304,-244.1023388801368
2200.5,56.371975570654875,-244.37032945624082
2201.0,55.94906818593406,-244.636078418183
2201.5,55.52475056252648,-244.89957221874178
2202.0,55.09914929770369,-245.16098442258502
2202.5,54.67207657039696,-245.419989427133
2203.0,54.2437611374921,-245.67694477290516
2203.5,53.814243765429,-245.93190228725547
2204.0,53.38334891549914,-246.18454490618404
2204.5,52.95131319104952,-246.4352493335258
2205.0,52.51800747398567,-246.68377472023343
2205.5,52.083404064855486,-246.93004044914832
2206.0,51.64764590666344,-247.17427315444172
2206.5,51.21056656290594,-247.41615505970034
2207.0,50.77229324880236,-247.65588305723463
2207.5,50.33288432933379,-247.89353891681813
2208.0,49.89211232260221,-248.12867561910332
2208.5,49.45020353449158,-248.36168019634718
2209.0,49.0070873239622,-248.5923923462914
2209.5,48.56270312756744,-248.82066741902634
2210.0,48.11721361538885,-249.04679028423985
2210.5,47.67046272478316,-249.27042300007366
2211.0,47.22253638598184,-249.49170115476886
2211.5,46.77351976118792,-249.7107652408206
2212.0,46.32321718414014,-249.92718154387168
2212.5,45.87187365478013,-250.141427895641
2213.0,45.41946724145485,-250.35343126186208
2213.5,44.965945446448835,-250.5630594295122
2214.0,44.51147535086853,-250.7706416329356
2214.5,44.05596300007742,-250.97594952825918
2215.0,43.599487340067185,-251.1791340357835
2215.5,43.14214192230382,-251.38038236554473
2216.0,42.68378638905262,-251.57935587149942
2216.5,42.224569986453425,-251.77636607539046
2217.0,41.764457463690604,-251.97130250941564
2217.5,41.303329003033575,-252.16385044766423
2218.0,40.841304194164195,-252.35425447711734
2218.5,40.37827774920286,-252.54222460253982
2219.0,39.914284855438424,-252.72781216962613
2219.5,39.44942738889129,-252.91124116157425
2220.0,38.98355296203916,-253.09209162019908
2220.5,38.51679985041645,-253.27067667469422
2221.0,38.049154129486425,-253.44692253776108
2221.5,37.58051511469849,-253.62051793836955
2222.0,37.11105277304972,-253.79187520082212
2222.5,36.64070475585287,-253.960789333396
2223.0,36.16952286115745,-254.12737262736323
2223.5,35.6976346602037,-254.2919588894884
2224.0,35.22496537634186,-254.45431708332674
2224.5,34.75163159674233,-254.61475687787598
2225.0,34.27763328329778,-254.77324588491564
2225.5,33.80287245886433,-254.92945488223614
2226.0,33.327490802265224,-255.08378279282576
2226.5,32.8514819357536,-255.23619352227718
2227.0,32.374873573100075,-255.38675881517773
2227.5,31.897738204197605,-255.53568366601814
2228.0,31.419985427360512,-255.68264481933304
2228.5,30.941673321847194,-255.82778624371076
2229.0,30.462838083098816,-255.97120237614092
2229.5,29.9834368385089,-256.11274022362505
2230.0,29.50359536234194,-256.25280431679624
2230.5,29.023298356942114,-256.3913278005891
2231.0,28.542518888198803,-256.528196619261
2231.5,28.061309482650326,-256.66356534667847
2232.0,27.57962702537243,-256.79725900819557
2232.5,27.097492967170542,-256.9293346621817
2233.0,26.614958068828763,-257.059955756363
2233.5,26.131988637353604,-257.1889790929033
2234.0,25.648630481527384,-257.3165534767746
2234.5,25.164925121666986,-257.44282077666054
2235.0,24.680842399995075,-257.5676541162758
2235.5,24.196439698370163,-257.6912626154428
2236.0,23.711741653155595,-257.81373083032065
2236.5,23.226715097355545,-257.9349192983167
2237.0,22.741395478999447,-258.0549504038937
2237.5,22.255791245544284,-258.173844472003
2238.0,21.76985873957921,-258.2914066081162
2238.5,21.28363325464164,-258.4077650400743
2239.0,20.797133161444943,-258.5229808735138
2239.5,20.3103358652517,-258.6369443661044
2240.0,19.82327280124517,-258.7497781245939
2240.5,19.335969333286467,-258.8615787202762
2241.0,18.848411986583198,-258.9722765833654
2241.5,18.36061390629672,-259.08191869202545
2242.0,17.872607045921903,-259.1906370323131
2242.5,17.38439078458691,-259.29841811746604
2243.0,16.895956013565844,-259.4052127325613
2243.5,16.407340261720577,-259.5111837425984
2244.0,15.91854966956508,-259.61635124487844
2244.5,15.429570866918253,-259.72064907985896
2245.0,14.940431344555394,-259.8241994719794
2245.5,14.451140020109655,-259.92703713482507
2246.0,13.961695844752192,-260.029151842168
2246.5,13.472092669866251,-260.1305085318781
2247.0,12.982352348583209,-260.2312048904042
2247.5,12.492479258627736,-260.33125620539255
2248.0,12.002468843933425,-260.4306376580896
2248.5,11.512334133624641,-260.52940827989795
2249.0,11.022091473806865,-260.6276462576743
2249.5,10.531746988205825,-260.72537926881137
2250.0,10.041294017173179,-260.822570081267
2250.5,9.550744624802977,-260.9192764209696
2251.0,9.060109320194238,-261.0155490949021
2251.5,8.569394351663156,-261.11141957432324
2252.0,8.078597284998546,-261.20687298439447
2252.5,7.587727421352031,-261.30195608195504
2253.0,7.096794343577102,-261.3967178347841
2253.5,6.605803592898981,-261.4911860114404
2254.0,6.114757504431637,-261.5853706701578
2254.5,5.623658521560443,-261.67928318004846
2255.0,5.132517862745864,-261.7729794672168
2255.5,4.641341791574521,-261.86649111989067
2256.0,4.150137557912865,-261.9598566250359
2256.5,3.658908735393993,-262.053094562834
2257.0,3.1676587725253453,-262.14622218420436
2257.5,2.676390670159013,-262.2392546643439
2258.0,2.1851066408187045,-262.33220303049507
2258.5,1.693808520720925,-262.4250760477482
2259.0,1.202497960014898,-262.5178815025801
2259.5,0.711178817475123,-262.6106386209679
2260.0,0.2198541785249959,-262.70336325876127
2260.5,-0.27147263845107467,-262.79607375716523
2261.0,-0.7627993754990162,-262.8887822583845
2261.5,-1.2541245964796492,-262.9814964836383
2262.0,-1.7454472644568555,-263.07422263257956
2262.5,-2.2367671289639657,-263.166962204209
2263.0,-2.728084656950921,-263.2597134585834
2263.5,-3.219400540397191,-263.3524764769106
2264.0,-3.710716317286473,-263.4452448678944
2264.5,-4.202032310670011,-263.5380174282954
2265.0,-4.693348574454762,-263.63079279886637
2265.5,-5.184666069038309,-263.72356414287225
2266.0,-5.6759863107681205,-263.8163218580623
2266.5,-6.167310277102698,-263.90906036903846
2267.0,-6.658637367621022,-264.00178288228153
2267.5,-7.149966649257072,-264.0944940684444
2268.0,-7.641298140747924,-264.18719372509935
2268.5,-8.132631149351383,-264.2798853196162
2269.0,-8.623965613761586,-264.37256839663195
2269.5,-9.115302781433973,-264.4652349481221
2270.0,-9.606643028346964,-264.5578814248033
2270.5,-10.097986511110669,-264.6505033717875
2271.0,-10.589333237034054,-264.7430974793378
2271.5,-11.080684871651354,-264.8356524716579
2272.0,-11.572040739352175,-264.9281776202118
2272.5,-12.063399812621139,-265.0206876075268
2273.0,-12.554762456880212,-265.1131848548571
2273.5,-13.046130133158513,-265.205663325282
2274.0,-13.537503072264338,-265.2981209074063
2274.5,-14.02888109261823,-265.39055459240416
2275.0,-14.52026654825436,-265.48295029555766
2275.5,-15.011662296856978,-265.57529453114887
2276.0,-15.503071988313977,-265.66756900811663
2276.5,-15.994496179861041,-265.7597694834049
2277.0,-16.48593733039846,-265.8518820585432
2277.5,-16.977397193872918,-265.9438956488908
2278.0,-17.468879862452518,-266.03578626847724
2278.5,-17.960386212253702,-266.12754698791116
2279.0,-18.45191815973204,-266.2191654121608
2279.5,-18.943479181166705,-266.31061981040324
2280.0,-19.435069270300616,-266.4019068573373
2280.5,-19.926685193546888,-266.49304660542816
2281.0,-20.41832559636336,-266.58404878147434
2281.5,-20.90999205107543,-266.6749082612536
2282.0,-21.40167895327748,-266.7656580130214
2282.5,-21.893384503503952,-266.85631090334
2283.0,-22.385108414097665,-266.9468719522226
2283.5,-22.876848292000467,-267.03735552490554
2284.0,-23.36860284941991,-267.12776652011974
2284.5,-23.860373186035957,-267.2180980909506
2285.0,-24.35215968037821,-267.3083457417263
2285.5,-24.843962201072415,-267.39850771513363
2286.0,-25.335784386063825,-267.4885638275793
2286.5,-25.827627270601756,-267.57850724597796
2287.0,-26.31949052081797,-267.6683380277952
2287.5,-26.811376800253672,-267.7580392128749
2288.0,-27.30328250708743,-267.84762832662796
2288.5,-27.795206155834286,-267.93711110486987
2289.0,-28.28714962959519,-268.0264770689146
2289.5,-28.779109442769588,-268.1157505378635
2290.0,-29.271086976960202,-268.204925870689
2290.5,-29.763080903035153,-268.29401148615716
2291.0,-30.255092848870355,-268.3829991255891
2291.5,-30.747124445800498,-268.47188098226
2292.0,-31.23917426949502,-268.5606642641835
2292.5,-31.731246936245856,-268.64932378882474
2293.0,-32.22333887383445,-268.73787909010707
2293.5,-32.71545631971902,-268.82629270830626
2294.0,-33.2075977057684,-268.9145690388713
2294.5,-33.69976850954406,-269.0026723215925
2295.0,-34.19196392447765,-269.09062835916126
2295.5,-34.684188343530636,-269.1784100530167
2296.0,-35.17643680324506,-269.2660491558637
2296.5,-35.66871234768932,-269.35353127006476
2297.0,-36.16100969934127,-269.44088570523587
2297.5,-36.653332568109576,-269.5280897704226
2298.0,-37.14567570369566,-269.61517670417976
2298.5,-37.63804334854066,-269.70212780492295
2299.0,-38.130434628013376,-269.78895263093796
2299.5,-38.62285099576342,-269.8756445431096
2300.0,-39.11529453546357,-269.9621919791538
2300.5,-39.60776425947802,-270.048596128701
2301.0,-40.100266563705745,-270.13481535971727
2301.5,-40.59279866909457,-270.22086413938956
2302.0,-41.08536463769609,-270.30672042621023
2302.5,-41.57796695861653,-270.392367518596
2303.0,-42.07060355500428,-270.47781995950083
2303.5,-42.56327911913489,-270.5630499609057
2304.0,-43.05599508840948,-270.6480462005719
2304.5,-43.54875223499655,-270.7328011172884
2305.0,-44.04155675444964,-270.81727939975644
2305.5,-44.53441184002379,-270.9014589602887
2306.0,-45.02731903738542,-270.985330802021
2306.5,-45.520280593758955,-271.0688822980886
2307.0,-46.013298961085304,-271.15210100380557
2307.5,-46.50636966494647,-271.23501511826476
2308.0,-46.99949374266583,-271.31761872054113
2308.5,-47.49267470265741,-271.3998892277443
2309.0,-47.985919611192465,-271.4817790552309
2309.5,-48.479229163935685,-271.5632770099388
2310.0,-48.97260662601319,-271.64435837840733
2310.5,-49.466051851023124,-271.7250210352291
2311.0,-49.959566433378626,-271.8052519626569
2311.5,-50.453152428176615,-271.8850426247878
2312.0,-50.9468108091945,-271.9643878746828
2312.5,-51.440546191645545,-272.0432574096861
2313.0,-51.934367100053365,-272.12159370011545
2313.5,-52.428282375178526,-272.19933543520307
2314.0,-52.92230694651044,-272.2763770572411
2314.5,-53.41645557654432,-272.3526114017084
2315.0,-53.91073929963558,-272.42795655509246
2315.5,-54.40516541666379,-272.50235740768215
2316.0,-54.89974081535142,-272.57576184483105
2316.5,-55.39447359049552,-272.64810375644737
2317.0,-55.88937688960271,-272.71927604176176
2317.5,-56.38447216195438,-272.78910254458384
2318.0,-56.87977730099842,-272.8574197395891
2318.5,-57.375301071437846,-272.92412846657254
2319.0,-57.87105337634059,-272.98911099917837
2319.5,-58.36703972098929,-273.0522776446649
2320.0,-58.863257813536954,-273.113602664989
2320.5,-59.35971494366731,-273.17297148590626
2321.0,-59.85643032539398,-273.2301415843789
2321.5,-60.353413539416245,-273.2849334581402
2322.0,-60.850666553312706,-273.3372158367183
2322.5,-61.34818599256832,-273.3868921076
2323.0,-61.845965147843216,-273.433886713257
2323.5,-62.34398664148144,-273.47823779720477
2324.0,-62.84224200489368,-273.5198782641614
2324.5,-63.34072800234193,-273.5586496616402
2325.0,-63.839431428851995,-273.5945012641091
2325.5,-64.33833383358058,-273.627464262953
2326.0,-64.8374223926065,-273.6574643295074
2326.5,-65.33668287909434,-273.6844336589528
2327.0,-65.83610272912784,-273.7082656890803
2327.5,-66.33566218403702,-273.72894539564436
2328.0,-66.83534563409904,-273.7463335759076
2328.5,-67.33513291530406,-273.76039047330244
2329.0,-67.83500238145305,-273.7711512586043
2329.5,-68.33493511913709,-273.7784287203874
2330.0,-68.8349067404707,-273.78235824725
2330.5,-69.33489551814121,-273.78294062851353
2331.0,-69.83487819716399,-273.78006146414185
2331.5,-70.33482439600388,-273.7733736319234
2332.0,-70.83470105571205,-273.76273322032705
2332.5,-71.33447835201743,-273.7482050806111
2333.0,-71.83412770461588,-273.72981978542333
2333.5,-72.33362864755865,-273.70771155756705
2334.0,-72.83295823453055,-273.6819602054086
2334.5,-73.33208112896831,-273.6524357044982
2335.0,-73.83095185518079,-273.6189038300203
2335.5,-74.32951336594138,-273.5810489887073
2336.0,-74.82773899294843,-273.53900887399277
2336.5,-75.32561413317491,-273.49299675887744
2337.0,-75.82311708517244,-273.4431094102617
2337.5,-76.32019357325466,-273.3891348645204
2338.0,-76.8167925085974,-273.330934922807
2338.5,-77.31283830000908,-273.26819479765277
2339.0,-77.80823537599794,-273.20052323064147
2339.5,-78.30296546067808,-273.12813748211914
2340.0,-78.79700988977048,-273.0512118682935
2340.5,-79.29029453433766,-272.96956144347985
2341.0,-79.78275025041486,-272.8830605041755
2341.5,-80.27431144253643,-272.7916181319664
2342.0,-80.76484439069901,-272.6948101145813
2342.5,-81.25423022812905,-272.5923556080678
2343.0,-81.74245186533288,-272.48448471827004
2343.5,-82.22945535239988,-272.37123879549046
2344.0,-82.71522718380852,-272.2528216976744
2344.5,-83.19976359294216,-272.12945191877867
2345.0,-83.68292900418012,-272.0008290879332
2345.5,-84.164578966518,-271.8666572251879
2346.0,-84.64457520054448,-271.7266906893843
2346.5,-85.12269183103035,-271.5804329040123
2347.0,-85.59883606892899,-271.4278723889611
2347.5,-86.0729284482686,-271.26904327421215
2348.0,-86.54478797926343,-271.10369409048536
2348.5,-87.01456760759064,-270.93252715239936
2349.0,-87.4821957957616,-270.75557524289235
2349.5,-87.94748758192515,-270.57258049513655
2350.0,-88.41025423857371,-270.38329714585154
2350.5,-88.87009921911168,-270.18701961563636
2351.0,-89.32713397251125,-269.9842823789811
2351.5,-89.78129934816042,-269.77519492102755
2352.0,-90.232619248785,-269.5600388899374
2352.5,-90.68119036854134,-269.3392205694486
2353.0,-91.12653559469364,-269.11197696679534
2353.5,-91.56862101397329,-268.8784589757417
2354.0,-92.00714041945085,-268.6383122701116
2354.5,-92.44203803547532,-268.3916659314934
2355.0,-92.87326799217391,-268.1386626662474
2355.5,-93.30072671551773,-267.8793463792203
2356.0,-93.72436929934152,-267.6138474707456
2356.5,-94.14383169511413,-267.34179996185725
2357.0,-94.55917817269058,-267.0635119901705
2357.5,-94.96996948450563,-266.77854268740305
2358.0,-95.37632255654633,-266.4872748516209
2358.5,-95.77793992096053,-266.18950673709145
2359.0,-96.17500259239362,-265.8856885748916
2359.5,-96.5674416701504,-265.5759262794913
2360.0,-96.95538932639224,-265.2605660831595
2360.5,-97.33862948521664,-264.9395186867718
2361.0,-97.71684222924596,-264.61257412106687
2361.5,-98.0893755850481,-264.27917238624207
2362.0,-98.45612183552018,-263.9394073125455
2362.5,-98.81684201476371,-263.5932433208037
2363.0,-99.17191921034676,-263.2412897342017
2363.5,-99.5215655398487,-262.8839513227419
2364.0,-99.86588551709691,-262.5214939778274
2364.5,-100.20415215500006,-262.1533941779208
2365.0,-100.53611394169432,-261.77959614620204
2365.5,-100.86090630626806,-261.39953977064556
2366.0,-101.17917716124461,-261.0139972307235
2366.5,-101.49090956215832,-260.62315059797817
2367.0,-101.79651412817915,-260.22750726997543
2367.5,-102.0956046724731,-259.8269324100462
2368.0,-102.38753098123244,-259.4211163826259
2368.5,-102.67194935952213,-259.0099997984644
2369.0,-102.94859979589982,-258.59361347168027
2369.5,-103.21793472708987,-258.1724600828543
2370.0,-103.47954688750472,-257.74646977743225
2370.5,-103.73370211619134,-257.3159982863441
2371.0,-103.98008120372688,-256.8810348437051
2371.5,-104.2183005421542,-256.4415557701177
2372.0,-104.44855833924854,-255.99785949730102
2372.5,-104.67016338429073,-255.54978173831657
2373.0,-104.8831672902126,-255.09755562085095
2373.5,-105.08776070332186,-254.6414681744509
2374.0,-105.28335612034113,-254.18146159107076
2374.5,-105.47009831986792,-253.71779971076577
2375.0,-105.64767362628507,-253.25055176641152
2375.5,-105.8155123470117,-252.77971437653065
2376.0,-105.97398457146099,-252.30563461352546
2376.5,-106.12357730270396,-251.82868177901676
2377.0,-106.26443629040378,-251.3490936496494
2377.5,-106.39634945841132,-250.8669789673686
2378.0,-106.51897550420968,-250.3824169078964
2378.5,-106.63233815853239,-249.89560162503162
2379.0,-106.73661070421349,-249.40675840734323
2379.5,-106.83217710665103,-248.91615071906494
2380.0,-106.91913311896414,-248.42395920760126
2380.5,-106.99739345156341,-247.93031374953608
2381.0,-107.06642328872583,-247.43528654372292
2381.5,-107.1269981078107,-246.93915203027973
2382.0,-107.17951293527153,-246.44210721262073
2382.5,-107.22360805300866,-245.94425341270158
2383.0,-107.2593858533781,-245.44573567858913
2383.5,-107.28668305828384,-244.9466860012731
2384.0,-107.30607546362087,-244.44727813159184
2384.5,-107.31756288500885,-243.94764131358303
2385.0,-107.32088944741226,-243.44789878221866
2385.5,-107.31600297540271,-242.9481760924267
2386.0,-107.30216350400566,-242.44861735820348
2386.5,-107.28014496909684,-241.94935036666064
2387.0,-107.24982928325974,-241.4505255732914
2387.5,-107.21200502383815,-240.9522361847913
2388.0,-107.16605452903971,-240.45464991634756
2388.5,-107.11193999156349,-239.95789879204239
2389.0,-107.04912549356698,-239.462175747575
2389.5,-106.97730195887561,-238.96766877762408
2390.0,-106.89647287337186,-238.4745405064887
2390.5,-106.80769320970532,-237.98279378537197
2391.0,-106.7114502881852,-237.49249009038036
2391.5,-106.60745826293571,-237.00380338951368
2392.0,-106.49493823488181,-236.5170205457907
2392.5,-106.37298329478938,-236.03249011716272
2393.0,-106.24168703741172,-235.5503730844277
2393.5,-106.10190974933894,-235.07063186216385
2394.0,-105.95424792122064,-234.5932684402493
2394.5,-105.79936535927449,-234.11823292983175
2395.0,-105.6367867308981,-233.64580884668027
2395.5,-105.46618994382574,-233.17622602358276
2396.0,-105.2871119742768,-232.70980803738456
2396.5,-105.10008281641421,-232.24651098672257
2397.0,-104.90455602642986,-231.7867111944367
2397.5,-104.70129254301989,-231.3302672181192
2398.0,-104.4904308254699,-230.87727887527913
2398.5,-104.27281007688664,-230.42751493489436
2399.0,-104.04869637140125,-229.98098042237027
2399.5,-103.81816939136506,-229.53776098773582
2400.0,-103.58141577543198,-229.09785943453994
2400.5,-103.33809112762519,-228.66157059748093
2401.0,-103.08874095646003,-228.22869465687114
2401.5,-102.83369955734656,-227.79915031247728
2402.0,-102.57369426488259,-227.3726065105803
2402.5,-102.30888949436023,-226.94903484147625
2403.0,-102.03947343613088,-226.52839530711768
2403.5,-101.76597445068552,-226.11042480310638
2404.0,-101.48850554546777,-225.6951224428615
2404.5,-101.20739386919352,-225.28230540390723
2405.0,-100.92260350416646,-224.87202797577967
2405.5,-100.6340161239963,-224.46438191412864
2406.0,-100.34204671575074,-224.05910321005186
2406.5,-100.047026395351,-223.65599104303524
2407.0,-99.74969709671215,-223.25456803240755
2407.5,-99.45053839452872,-222.85452319588148
2408.0,-99.14974125913601,-222.4557379657441
2408.5,-98.84763365238209,-222.05797464371048
2409.0,-98.54436625800139,-221.66110954377285
2409.5,-98.24002843855074,-221.26505274415402
2410.0,-97.93491950731621,-220.86957564919967
2410.5,-97.62927219337413,-220.47451536250938
2411.0,-97.32322553487924,-220.07977834756028
2411.5,-97.01688518278715,-219.6852835431086
2412.0,-96.71030585024266,-219.29098544310747
2412.5,-96.40349841674681,-218.89686018579582
2413.0,-96.09644328078839,-218.502922714408
2413.5,-95.78918298242367,-218.10914759623003
2414.0,-95.4817555837884,-217.71551651812942
2414.5,-95.17417665187216,-217.3220050421873
2415.0,-94.86646739107317,-216.92858695723496
2415.5,-94.55864390472347,-216.5352390022734
2416.0,-94.25071922152482,-216.14195237078317
2416.5,-93.94272371351249,-215.7487274925457
2417.0,-93.6347154596161,-215.3555412527732
2417.5,-93.32675545730413,-214.9623661625542
2418.0,-93.01889479292244,-214.56916474519318
2418.5,-92.71114091896766,-214.1759083624152
2419.0,-92.40348374240997,-213.78257265662606
2419.5,-92.09592426572826,-213.38915308035232
2420.0,-91.7884460437523,-212.99565678081422
2420.5,-91.48105394719293,-212.60209011318193
2421.0,-91.17378225660364,-212.20845019816264
2421.5,-90.86665124756095,-211.81472272474596
2422.0,-90.55968166200623,-211.42086530913872
2422.5,-90.25292005347863,-211.0268343302753
2423.0,-89.94640802945862,-210.63258783962155
2423.5,-89.64019618153658,-210.23808686764883
2424.0,-89.33434576189532,-209.84331028539953
2424.5,-89.02891556666928,-209.44822991413199
2425.0,-88.72398626427675,-209.05279282025353
2425.5,-88.41964175964512,-208.65691509528082
2426.0,-88.11594226764772,-208.26054695542845
2426.5,-87.81295938014127,-207.86364429516266
2427.0,-87.51077862589958,-207.46614378181013
2427.5,-87.20951143457421,-207.06794891160118
2428.0,-86.90919007620427,-206.6690398003482
2428.5,-86.60985630956387,-206.2693738184683
2429.0,-86.31148249150971,-205.8689886607531
2429.5,-86.01403442809394,-205.46794876322573
2430.0,-85.71766028335206,-205.06614374790516
2430.5,-85.42243994023544,-204.66349817909972
2431.0,-85.12847914500519,-204.25992639141992
2431.5,-84.83585884753452,-203.8553722075057
2432.0,-84.5446509094802,-203.4497975639719
2432.5,-84.2548918223446,-203.0432005865609
2433.0,-83.96666043046176,-202.63553686686635
2433.5,-83.68014183268856,-202.22667368090612
2434.0,-83.39557421842856,-201.81642680890386
2434.5,-83.11304318191738,-201.40475456370024
2435.0,-82.83235599521625,-200.9918447331286
2435.5,-82.5535416724612,-200.5777185244276
2436.0,-82.27678938501461,-200.16227203576653
2436.5,-82.00261974272256,-199.74514116553897
2437.0,-81.73124087883511,-199.32618317098658
2437.5,-81.46278658091525,-198.90532162216678
2438.0,-81.1972108115793,-198.48263645722986
2438.5,-80.93472097223676,-198.05804849965145
2439.0,-80.67534473573717,-197.6315808973857
2439.5,-80.41945590052512,-197.20302522880098
2440.0,-80.16733233968716,-196.7722342917225
2440.5,-79.91906845010593,-196.33920600735178
2441.0,-79.67456308233864,-195.90403211926704
2441.5,-79.43373522428746,-195.46681127313042
2442.0,-79.1965646504471,-195.02760388988423
2442.5,-78.96321399085444,-194.5863594924531
2443.0,-78.73375984352649,-194.14305493434054
2443.5,-78.50806115090573,-193.6978212570273
2444.0,-78.28622952400966,-193.25065178257296
2444.5,-78.06797247540426,-192.80175596265414
2445.0,-77.85336978742085,-192.35114243284065
2445.5,-77.6430379589991,-191.89852068900043
2446.0,-77.43731087565658,-191.44376313064038
2446.5,-77.2358156047167,-190.98711089714016
2447.0,-77.03856111519174,-190.52861608651824
2447.5,-76.84591677763552,-190.06817008577025
2448.0,-76.6578641228542,-189.6058443101694
2448.5,-76.47470429382423,-189.1415593366502
2449.0,-76.29668267857805,-188.67528303355084
2449.5,-76.12366939049042,-188.20714680426738
2450.0,-75.95577803365386,-187.73717173117146
2450.5,-75.79350123850783,-187.26523722978973
2451.0,-75.63699946531678,-186.79136244041248
2451.5,-75.48615276093075,-186.31567340100165
2452.0,-75.34119083605184,-185.83817065854026
2452.5,-75.20267898452998,-185.35875471683414
2453.0,-75.07054626954444,-184.8775387728019
2453.5,-74.94498072884873,-184.39456179806407
2454.0,-74.82628292068732,-183.9098448067504
2454.5,-74.71400028751594,-183.42361033297294
2455.0,-74.60829498427455,-182.9359198638987
2455.5,-74.50938649632205,-182.44681937581058
2456.0,-74.41674135175323,-181.95652248030154
2456.5,-74.33082712338627,-181.46503143766301
2457.0,-74.2521631190023,-180.9723377665697
2457.5,-74.18060484455104,-180.4785636503991
2458.0,-74.11648961455136,-179.98377532244365
2458.5,-74.05996787692963,-179.4880590692305
2459.0,-74.01066557128266,-178.99158542682898
2459.5,-73.96866165086375,-178.4944789375303
2460.0,-73.93392756916606,-177.99684487980298
2460.5,-73.90681704177233,-177.49875239643376
2461.0,-73.88822141913151,-177.00026736754188
2461.5,-73.87758967628679,-176.5015399194044
2462.0,-73.87485449722473,-176.0027199376144
2462.5,-73.87984916919707,-175.50394088707296
2463.0,-73.892427453008,-175.00530989764954
2463.5,-73.91308573740052,-174.50694910362628
2464.0,-73.94128239097475,-174.00896560985885
2464.5,-73.97692184403026,-173.5114676310992
2465.0,-74.01987943355388,-173.01456704728182
2465.5,-74.06982098676114,-172.51834590257175
2466.0,-74.127446987173,-172.02297695693355
2466.5,-74.19239287342472,-171.5285198066822
2467.0,-74.2645994621056,-171.03508438249412
2467.5,-74.3438008162454,-170.54275643916202
2468.0,-74.42987804926865,-170.05161286993825
2468.5,-74.52327979292888,-169.561827767565
2469.0,-74.623763807207,-169.07344875370939
2469.5,-74.73174785497818,-168.5866703291422
2470.0,-74.84666443480532,-168.1014874916596
2470.5,-74.96835974929402,-167.61798687549887
2471.0,-75.09665958804415,-167.13622709581202
2471.5,-75.23153721421107,-166.65629517471643
2472.0,-75.37326585198,-166.17834755273378
2472.5,-75.52131327260967,-165.70231943253364
2473.0,-75.67584222300114,-165.2283670071917
2473.5,-75.83626963965573,-164.75638356265088
2474.0,-76.00263536562197,-164.2864838332492
2474.5,-76.17436429505359,-163.81855418934606
2475.0,-76.35147200158028,-163.35267907273825
2475.5,-76.53378256739725,-162.88882963218427
2476.0,-76.72112107104425,-162.42697676271567
2476.5,-76.91352361560033,-161.96718632999222
2477.0,-77.11034668437529,-161.5092644415223
2477.5,-77.31148378540503,-161.0532398410426
2478.0,-77.51637302596293,-160.59894255848783
2478.5,-77.7253435765058,-160.14655312891819
2479.0,-77.93850651406713,-159.69613730434202
2479.5,-78.15566325120125,-159.24763568200774
2480.0,-78.37700063774449,-158.8011733823559
2480.5,-78.60228265360101,-158.35666986535276
2481.0,-78.83156624034187,-157.9141831647637
2481.5,-79.0648349073907,-157.47377091953803
2482.0,-79.30182614428871,-157.03535010860867
2482.5,-79.54254167429016,-156.5989865761019
2483.0,-79.78703216811189,-156.1647487966375
2483.5,-80.03512219266396,-155.73258781553585
2484.0,-80.2871463140652,-155.30269614470356
2484.5,-80.54331706235305,-154.87521502325114
2485.0,-80.80339674093878,-154.4500468322568
2485.5,-81.0671051295282,-154.02710641550385
2486.0,-81.33438149461065,-153.60641317486815
2486.5,-81.60504070659069,-153.18789717650625
2487.0,-81.87913153026282,-152.77161573180828
2487.5,-82.15683721972465,-152.3577166708673
2488.0,-82.4380042057815,-151.94613675022646
2488.5,-82.72257470532372,-151.53688482987505
2489.0,-83.01060879327873,-151.13005096956525
2489.5,-83.30231799804456,-150.72581440236172
2490.0,-83.59749107623867,-150.32408627812987
2490.5,-83.89597378750854,-149.9248254081155
2491.0,-84.19791088348916,-149.52817944021518
2491.5,-84.50344965389742,-149.1342875399906
2492.0,-84.81252752748075,-148.74313678132106
2492.5,-85.12521620575617,-148.35480990035103
2493.0,-85.44142574915874,-147.96929232564176
2493.5,-85.7609885792482,-147.5865357451764
2494.0,-86.08376507022952,-147.2064855842081
2494.5,-86.40984199724451,-146.82925208275248
2495.0,-86.73926457639243,-146.4549166472691
2495.5,-87.07219242255343,-146.08366519089964
2496.0,-87.40849738160772,-145.71544035275429
2496.5,-87.74817241256434,-145.35028233451015
2497.0,-88.09122660086783,-144.98825053694938
2497.5,-88.43770497688116,-144.62943075809605
2498.0,-88.78766010367725,-144.2739359469564
2498.5,-89.14091204592289,-143.92166640493795
2499.0,-89.49744987600154,-143.57267295826978
2499.5,-89.85725363610533,-143.22699870159533
2500.0,-90.22025847069291,-142.88464669677418
2500.5,-90.58643234492423,-142.54565903819466
2501.0,-90.9558251222698,-142.2101528218243
2501.5,-91.32852654262877,-141.8782757293661
2502.0,-91.70463428129582,-141.5501961565931
2502.5,-92.08413483309697,-141.22597495519355
2503.0,-92.4669289550412,-140.9055945537944
2503.5,-92.85297824362411,-140.58911049844968
2504.0,-93.24228546270672,-140.2766282023544
2504.5,-93.63495961443141,-139.96835703692267
2505.0,-94.03112724238034,-139.6645435918516
2505.5,-94.43084659705465,-139.36536570518996
2506.0,-94.83411764263937,-139.07093896113523
2506.5,-95.2409821110804,-138.78144230446864
2507.0,-95.65152116265048,-138.4971261389823
2507.5,-96.06566404694102,-138.2180333044184
2508.0,-96.48343632324321,-137.94434544746065
2508.5,-96.90473567798715,-137.67606997862717
2509.0,-97.329399665691,-137.41312698465433
2509.5,-97.75734126191779,-137.1555407554764
2510.0,-98.18865437618516,-136.90362385664915
2510.5,-98.62330495833704,-136.6574745012121
2511.0,-99.06132382839517,-136.4173092906777
2511.5,-99.50263309322621,-136.1831714190437
2512.0,-99.94702341183893,-135.95487227725974
2512.5,-100.39419670043873,-135.73205319914624
2513.0,-100.84412464530061,-135.51484719540855
2513.5,-101.29671326543694,-135.30323313051096
2514.0,-101.75189778986301,-135.09724738223989
2514.5,-102.2096912565326,-134.89708972213404
2515.0,-102.67006667001458,-134.7028800446341
2515.5,-103.132824602675,-134.51436714048086
2516.0,-103.59790897937164,-134.33162525130876
2516.5,-104.06510739079359,-134.1543283320557
2517.0,-104.53430847049097,-133.98238222816147
2517.5,-105.00546323683088,-133.81583406111815
2518.0,-105.47852958807682,-133.65474510001565
2518.5,-105.9534462994269,-133.49912803881227
2519.0,-106.43014273207679,-133.3489794770423
2519.5,-106.90844949480211,-133.20398711575095
2520.0,-107.38827606002873,-133.0640587117347
2520.5,-107.86955931810817,-132.92918009946956
2521.0,-108.35223785032285,-132.79934081770847
2521.5,-108.83628042354252,-132.67464274392884
2522.0,-109.32161423487854,-132.55503036305655
2522.5,-109.80816680042018,-132.44043796230784
2523.0,-110.29590212512736,-132.33093939424782
2523.5,-110.78479044728098,-132.22664438383342
2524.0,-111.27477846053569,-132.12757002213831
2524.5,-111.76581526882298,-132.0337694754648
2525.0,-112.25780680369702,-131.94506109480523
2525.5,-112.75068224164262,-131.861357596116
2526.0,-113.24438353553509,-131.78262854698576
2526.5,-113.73885138195989,-131.70883269563265
2527.0,-114.23404449154786,-131.64003620946195
2527.5,-114.72995499422582,-131.57657643102525
2528.0,-115.22652305996856,-131.51844178576076
2528.5,-115.72370124303087,-131.46572990356105
2529.0,-116.22143915914725,-131.41853668884687
2529.5,-116.71967092771271,-131.37683085648433
2530.0,-117.2183393477033,-131.34067442517394
2530.5,-117.71740537201059,-131.31044941888646
2531.0,-118.21680157131921,-131.28619991054916
2531.5,-118.71644787691645,-131.26773542897774
2532.0,-119.21627143114162,-131.25486454669877
2532.5,-119.71620543360629,-131.24739245586446
2533.0,-120.21619100578852,-131.24529687155547
2533.5,-120.71616778228888,-131.24896861242757
2534.0,-121.2160658436517,-131.2586872662687
2534.5,-121.71581167042474,-131.2744636136438
2535.0,-122.21533505696868,-131.29619961500782
2535.5,-122.7145817486238,-131.3235770521021
2536.0,-123.21350282725983,-131.35636648539398
2536.5,-123.71203122349986,-131.39466333720668
2537.0,-124.2100980020312,-131.43854826339748
2537.5,-124.70762121072265,-131.48820485823768
2538.0,-125.20451304363154,-131.54379926579054
2538.5,-125.70073297610102,-131.60506981013594
2539.0,-126.19626264748835,-131.6716669582228
2539.5,-126.69107461854867,-131.74339089789274
2540.0,-127.18515840196278,-131.81997118181994
2540.5,-127.67845104611143,-131.90149259940995
2541.0,-128.17086155804014,-131.9881749810335
2541.5,-128.6623280929213,-132.08004314020934
2542.0,-129.15277626221499,-132.1771757111095
2542.5,-129.64212098044547,-132.2796855931064
2543.0,-130.1303785325798,-132.38722054662392
2543.5,-130.6175379181707,-132.49960215250806
2544.0,-131.103593388828,-132.6166547306751
2544.5,-131.5884898926456,-132.73840212955338
2545.0,-132.0721664247011,-132.86488551728482
2545.5,-132.55456334268118,-132.99613360554577
2546.0,-133.03562920331666,-133.13214730388862
2546.5,-133.51543774344026,-133.2725192497703
2547.0,-133.99401234739867,-133.41704601238476
2547.5,-134.47127582504774,-133.56584462437692
2548.0,-134.94710542564692,-133.7191475324745
2548.5,-135.4214085258886,-133.8770778813435
2549.0,-135.89411329223813,-134.0396836868816
2549.5,-136.36517946308197,-134.20692807412783
2550.0,-136.8347119866975,-134.37841943110607
2550.5,-137.30275366066834,-134.55395038310846
2551.0,-137.7692215471892,-134.73362969533216
2551.5,-138.2340171181883,-134.91758604030377
2552.0,-138.6969858323575,-135.10605937780954
2552.5,-139.15798713698518,-135.2992345696068
2553.0,-139.61701707232916,-135.49699642530047
2553.5,-140.07411650100101,-135.6991501984971
2554.0,-140.52928980807965,-135.90559559099628
2554.5,-140.9825196698936,-136.11627957623122
2555.0,-141.4337344003121,-136.33124254402603
2555.5,-141.8828786992471,-136.55049231192058
2556.0,-142.3298755085403,-136.77407141575864
2556.5,-142.77462582303926,-137.00205795958212
2557.0,-143.21708345158572,-137.2344294305805
2557.5,-143.65726663872522,-137.47104992148903
2558.0,-144.09519443205608,-137.7117946377079
2558.5,-144.5309140949124,-137.95650490035393
2559.0,-144.9644045598855,-138.205139551832
2559.5,-145.3956443264912,-138.45765566334484
2560.0,-145.8246100327806,-138.71401385622812
2560.5,-146.2512782492739,-138.9741704465095
2561.0,-146.67568826983114,-139.23798959898602
2561.5,-147.09778338774709,-139.50548882956795
2562.0,-147.51752803112075,-139.77665227870216
2562.5,-147.93491883530575,-140.05142044569445
2563.0,-148.3499452876795,-140.32974612210816
2563.5,-148.76262287809766,-140.61155077157392
2564.0,-149.17292775143477,-140.89680837345148
2564.5,-149.58081381335717,-141.18552230791707
2565.0,-149.98626076987765,-141.47766014986195
2565.5,-150.3892186866893,-141.7732248775796
2566.0,-150.78962132336198,-142.07223344758066
2566.5,-151.18750139944254,-142.37458031810064
2567.0,-151.58291839222747,-142.6801288941425
2567.5,-151.97600468055126,-142.9886641564109
2568.0,-152.36694021164283,-143.29992183286552
2568.5,-152.75588498013013,-143.6136734073941
2569.0,-153.1428557243074,-143.9298543407788
2569.5,-153.52792705354594,-144.24833697321162
2570.0,-153.91116340519537,-144.56900821405594
2570.5,-154.29264222932485,-144.89175094727335
2571.0,-154.67248222349824,-145.2164118454346
2571.5,-155.0508042497698,-145.54284227310742
2572.0,-155.42767608289745,-145.87095265463594
2572.5,-155.8031390894674,-146.20068171301318
2573.0,-156.17719822366792,-146.53200476341394
2573.5,-156.549836236957,-146.86492024471718
2574.0,-156.92107086981554,-147.19939732974086
2574.5,-157.29092710259616,-147.5353972950089
2575.0,-157.65944536565635,-147.8728668389276
2575.5,-158.02667833188494,-148.21174620840515
2576.0,-158.3926263349934,-148.55202523274684
2576.5,-158.75727454661492,-148.89370756734763
2577.0,-159.1205980527506,-149.2368060107964
2577.5,-159.48268953522046,-149.58121247307702
2578.0,-159.84359407825252,-149.92686817001672
2578.5,-160.2033670573274,-150.2737008476198
2579.0,-160.5620867759462,-150.62161999017528
2579.5,-160.91984848390052,-150.97052116287924
2580.0,-161.27674056709733,-151.32030957764889
2580.5,-161.63284151489336,-151.67090867279072
2581.0,-161.9882372080146,-152.02222850879176
2581.5,-162.34295599096663,-152.37423695711973
2582.0,-162.69702148277452,-152.7269055913513
2582.5,-163.05049691726742,-153.08017297510693
2583.0,-163.40343480587,-153.43398832223616
2583.5,-163.7558718143642,-153.78830380035902
2584.0,-164.10785488444782,-154.14306115743827
2584.5,-164.45943028537292,-154.49820786347195
2585.0,-164.81063444807,-154.8537071060511
2585.5,-165.16150579744775,-155.20952911021521
2586.0,-165.5120892618214,-155.56563633208933
2586.5,-165.86238074122275,-155.92203099358113
2587.0,-166.21236824837584,-156.27872311461937
2587.5,-166.5620498578956,-156.63570738816603
2588.0,-166.91144481423683,-156.9929612981996
2588.5,-167.26056006379665,-157.35047443438305
2589.0,-167.60939079556658,-157.70824554692348
2589.5,-167.95796753489438,-158.06624085533744
2590.0,-168.3063003782823,-158.42444939990804
2590.5,-168.65439758018502,-158.78286851499865
2591.0,-169.00229618541292,-159.1414706176119
2591.5,-169.34999446405175,-159.5002623555009
2592.0,-169.69748083120754,-159.85925353026587
2592.5,-170.04476514327285,-160.21842924747122
2593.0,-170.39181870145558,-160.57781021826207
2593.5,-170.73864616119616,-160.9373933338289
2594.0,-171.0852587176086,-161.29717285211598
2594.5,-171.43163065410977,-161.6571796083472
2595.0,-171.77779506838732,-162.01738498526447
2595.5,-172.12371786656718,-162.37781336428478
2596.0,-172.4694083356049,-162.7384507673915
2596.5,-172.8148686723012,-163.09929350415328
2597.0,-173.16009998382373,-163.46034135447977
2597.5,-173.50514469279872,-163.82156058113245
2598.0,-173.84998727068069,-164.18296973211332
2598.5,-174.19466000999094,-164.54453498226138
2599.0,-174.53913292481613,-164.9062809798653
2599.5,-174.88344613017483,-165.26817152192353
2600.0,-175.22758199197966,-165.63022693823228
2600.5,-175.57157056896492,-165.99242467707984
2601.0,-175.91540180468823,-166.3547748268854
2601.5,-176.25908941537023,-166.71725638571667
2602.0,-176.6026311852312,-167.07986553853175
2602.5,-176.94606004297387,-167.442571518962
2603.0,-177.28939420146972,-167.8053582249098
2603.5,-177.63268108467415,-168.16818648448336
2604.0,-177.97593282832892,-168.53104799960957
2604.5,-178.31915297291116,-168.8939381824739
2605.0,-178.66234284816758,-169.25685227603157
2605.5,-179.0055165786579,-169.61977992937085
2606.0,-179.34868717718103,-169.98270311852943
2606.5,-179.69186975778766,-170.3456055579075
2607.0,-180.03509759048538,-170.70845140565953
2607.5,-180.37839068815924,-171.07122295861362
2608.0,-180.7217820254259,-171.43388796147556
2608.5,-181.06526299956985,-171.7964673209534
2609.0,-181.40884768616365,-172.15896322666765
2609.5,-181.75254030961003,-172.52137605554165
2610.0,-182.09634382327923,-172.88370226160464
2610.5,-182.44027644422027,-173.2459226031238
2611.0,-182.78433637283268,-173.60802531659274
2611.5,-183.12857115947853,-173.96995014077265
2612.0,-183.47296277827436,-174.33171524285302
2612.5,-183.8175376896372,-174.69329353730683
2613.0,-184.16230666220278,-175.05467811022723
2613.5,-184.50725029042565,-175.41589528302393
2614.0,-184.85241344016046,-175.77690614288247
2614.5,-185.1977762041396,-176.13772546520693
2615.0,-185.5433658283894,-176.49832541647976
2615.5,-185.88919760510444,-176.8586930033236
2616.0,-186.23526018930193,-177.21884306068668
2616.5,-186.581606679271,-177.57872465317263
2617.0,-186.9282576421466,-177.93831841876127
2617.5,-187.27522341949427,-178.29761477208862
2618.0,-187.6225786219279,-178.6565460013172
2618.5,-187.97026488027862,-179.01516894037186
2619.0,-188.31827696601053,-179.37348909784941
2619.5,-188.666680818116,-179.73144255976226
2620.0,-189.01544817322485,-180.0890484774063
2620.5,-189.36464859512782,-180.44623047375353
2621.0,-189.71450013621615,-180.80276435305845
2621.5,-190.0649794958371,-181.15866376883395
2622.0,-190.41609845583923,-181.51391788645796
2622.5,-190.76796727872187,-181.86841313800167
2623.0,-191.12045213650978,-182.22228149748835
2623.5,-191.47352023480715,-182.57555561292054
2624.0,-191.8272220515252,-182.92818472837186
2624.5,-192.18147494011347,-183.2802514911587
2625.0,-192.5362379734164,-183.63180456392246
2625.5,-192.89155605895104,-183.98279748557397
2626.0,-193.24747316457965,-184.3331796168027
2626.5,-193.60392809665095,-184.6830107854432
2627.0,-193.96092046028937,-185.03229564611974
2627.5,-194.318551491929,-185.38092791109784
2628.0,-194.67676929966797,-185.72895508911338
2628.5,-195.03557165770522,-186.0763777117636
2629.0,-195.3949956604204,-186.4231517566969
2629.5,-195.75511067566492,-186.76919976754925
2630.0,-196.11583406346074,-187.1146084683272
2630.5,-196.47718080833292,-187.45935742762796
2631.0,-196.8392034768763,-187.80338509733008
2631.5,-197.20192285303693,-188.14667124455963
2632.0,-197.5652387348669,-188.4893259963505
2632.5,-197.92911686796214,-188.8313916494502
2633.0,-198.2935520985468,-189.17287939517456
2633.5,-198.65858950255728,-189.51374509503816
2634.0,-199.0241836158338,-189.8540326385535
2634.5,-199.39035306713075,-190.1937153054389
2635.0,-199.7571499156858,-190.53273160069432
2635.5,-200.124707149286,-190.87093193289542
2636.0,-200.49291411856655,-191.2084352855649
2636.5,-200.86175138028696,-191.54526510245802
2637.0,-201.2312533372132,-191.88137963221808
2637.5,-201.60155015501203,-192.2166247844453
2638.0,-201.97275571576986,-192.5508624597139
2638.5,-202.34495401747628,-192.88398164644087
2639.0,-202.71823379733823,-193.2158703049305
2639.5,-203.0926123040443,-193.5465017329333
2640.0,-203.4681907181388,-193.87574902106712
2640.5,-203.8448795334622,-194.20370467975965
2641.0,-204.2225962777197,-194.53045778207857
2641.5,-204.6012952284091,-194.85605843240867
2642.0,-204.98090583159234,-195.18058889821313
2642.5,-205.36144632461077,-195.5040330520128
2643.0,-205.74285205571064,-195.82646617620918
2643.5,-206.12508379315312,-196.1479283888385
2644.0,-206.50815966451768,-196.46839239408268
2644.5,-206.89207683656338,-196.78785543553911
2645.0,-207.2768897212683,-197.10625198614616
2645.5,-207.66259165429815,-197.4235855570975
2646.0,-208.04914130222537,-197.73990159233415
2646.5,-208.4365761786673,-198.0551454603772
2647.0,-208.82495600363777,-198.3692286467948
2647.5,-209.21436777444842,-198.6820248942555
2648.0,-209.60489057769604,-198.99342114952645
2648.5,-209.9964210119804,-199.30353525345328
2649.0,-210.38893845122104,-199.61238669656126
2649.5,-210.78242502084262,-199.91998973638252
2650.0,-211.1768662162584,-200.22635733007445
2650.5,-211.57230731028508,-200.53142427896137
2651.0,-211.96860534277027,-200.83536780972295
2651.5,-212.3657050372684,-201.1382573399203
2652.0,-212.7635634102698,-201.44015113491267
2652.5,-213.16217009361625,-201.74105944471663
2653.0,-213.56161135939365,-202.0408636580253
2653.5,-213.96177801495728,-202.33970725253243
2654.0,-214.36265827261488,-202.6376032199452
2654.5,-214.76425080882885,-202.93455211165477
2655.0,-215.16655899065535,-203.23054633834076
2655.5,-215.56970610959155,-203.52541708424008
2656.0,-215.97364901227243,-203.81920826674897
2656.5,-216.37841670179566,-204.11186725027324
2657.0,-216.78402730874612,-204.40335741729737
2657.5,-217.19047473486685,-204.69367958614728
2658.0,-217.597874184423,-204.98266173659695
2658.5,-218.0061356360935,-205.27041751795537
2659.0,-218.4152581128939,-205.55693896401132
2659.5,-218.82525329871714,-205.84219541880344
2660.0,-219.23612256755936,-206.12617719060904
2660.5,-219.6479449397543,-206.40876050729648
2661.0,-220.06060825495734,-206.6901111067699
2661.5,-220.47407807252966,-206.9702760400824
2662.0,-220.88837376826075,-207.24921867962914
2662.5,-221.3035086246811,-207.52690756447697
2663.0,-221.71957142305476,-207.80320256986812
2663.5,-222.13644682757385,-208.07827429440766
2664.0,-222.55409822630492,-208.3521768307403
2664.5,-222.97251113393924,-208.62492726740226
2665.0,-223.3916816397222,-208.89652448566866
2665.5,-223.81173722369863,-209.16676533188857
2666.0,-224.23259926729094,-209.43575426131528
2666.5,-224.6542819511571,-209.70346000655238
2667.0,-225.0768063039362,-209.96983967890617
2667.5,-225.50025435653095,-210.23474472020544
2668.0,-225.92470331799169,-210.49802987552354
2668.5,-226.3500914566994,-210.75977963579376
2669.0,-226.7764414235598,-211.0199350420012
2669.5,-227.20374303328882,-211.2784981086476
2670.0,-227.63205100733813,-211.5353653906797
2670.5,-228.0612523722336,-211.79071645660832
2671.0,-228.4912451420543,-212.04471815915034
2671.5,-228.92199668660908,-212.297423265845
2672.0,-229.35348216248227,-212.54886794446534
2672.5,-229.78571960806462,-212.7990243898851
2673.0,-230.21861306311806,-213.04805645127317
2673.5,-230.65216563875552,-213.29595413306228
2674.0,-231.08637714577353,-213.54271213732565
2674.5,-231.52133697968648,-213.78817209626004
2675.0,-231.95699352457873,-214.0324127056355
2675.5,-232.3933228131574,-214.27547431199457
2676.0,-232.83034598545157,-214.517313286589
2676.5,-233.2681828113355,-214.7576950697032
2677.0,-233.70689835119452,-214.99647287527205
2677.5,-234.14645898517117,-215.23368369739183
2678.0,-234.58689033344658,-215.46925539560485
2678.5,-235.02824170832017,-215.70306694737323
2679.0,-235.47052062024792,-215.9350840450626
2679.5,-235.91360384523597,-216.16553177389255
2680.0,-236.35745307465208,-216.39447800828927
2680.5,-236.80206174461605,-216.62193826598448
2681.0,-237.247465596435,-216.84783700602523
2681.5,-237.69357298369775,-217.07234006946186
2682.0,-238.1403777224436,-217.29545265497705
2682.5,-238.5879067867054,-217.51711230475382
2683.0,-239.03615356608907,-217.73732836967608
2683.5,-239.48502636459614,-217.95628182832905
2684.0,-239.93452320000574,-218.17397177985706
2684.5,-240.38469145236107,-218.39029298722235
2685.0,-240.83552959496387,-218.60524083979433
2685.5,-241.28699736513528,-218.81888511122318
2686.0,-241.73911650450597,-219.0311669112734
2686.5,-242.1920264507395,-219.24176555913164
2687.0,-242.6456697431831,-219.4507783861757
2687.5,-243.1000297874158,-219.65821959360034
2688.0,-243.55511970202036,-219.8640395138289
2688.5,-244.0109875811311,-220.0681194800485
2689.0,-244.46752028390137,-220.27069397019847
2689.5,-244.92470368645482,-220.47177953608565
2690.0,-245.38259232842603,-220.67123244824057
2690.5,-245.8411247155678,-220.86917650486754
2691.0,-246.30023055270064,-221.06576671041108
2691.5,-246.7599019869178,-221.26102002381074
2692.0,-247.22018156475377,-221.45482865389548
2692.5,-247.68097510021235,-221.64740661210604
2693.0,-248.1422643628131,-221.8387991190782
2693.5,-248.60411555907004,-222.02884306861384
2694.0,-249.0664423384759,-222.21774240041663
2694.5,-249.52922335717386,-222.40553811494203
2695.0,-249.99250970122043,-222.59208765872478
2695.5,-250.45624687911996,-222.7775079818004
2696.0,-250.92038409544398,-222.96192132069382
2696.5,-251.3849443573325,-223.14526926015589
2697.0,-251.84989650589867,-223.32762582639143
2697.5,-252.31521983122684,-223.50903443570388
2698.0,-252.7809730852918,-223.68933291460675
2698.5,-253.24713805912836,-223.8685651789138
2699.0,-253.71368352146527,-224.0467988094722
2699.5,-254.18066549977516,-224.22387234627826
2700.0,-254.64802220678675,-224.39993225258735
2700.5,-255.11572749858138,-224.57503603298866
2701.0,-255.58381966544883,-224.74907831189591
2701.5,-256.0522152686607,-224.92229060654446
2702.0,-256.5209238826623,-225.0946564194066
2702.5,-256.98995809510984,-225.2661475161018
2703.0,-257.4592850347405,-225.43684454496395
2703.5,-257.9289664789598,-225.60656842324707
2704.0,-258.3989671602108,-225.7754090489929
2704.5,-258.86929667616346,-225.9433304482361
2705.0,-259.3399715880852,-226.11029302833234
2705.5,-259.81093636726615,-226.27645661374072
2706.0,-260.2822518154534,-226.44164432865833
2706.5,-260.7538657265609,-226.60599108714624
2707.0,-261.2258122598005,-226.76937503882127
2707.5,-261.6980769339168,-226.93182788399696
2708.0,-262.1706422754791,-227.09339626777125
2708.5,-262.64351182936707,-227.25406828834082
2709.0,-263.11664703590634,-227.41396412422256
2709.5,-263.59008279846415,-227.5729811418513
2710.0,-264.0637837566307,-227.7311979188722
2710.5,-264.5378026597079,-227.8884378827643
2711.0,-265.0120904732023,-228.044845332597
2711.5,-265.4866907494018,-228.20026940440712
2712.0,-265.96154937822473,-228.35488006456404
2712.5,-266.4366795126274,-228.50865264863555
2713.0,-266.9120456550054,-228.66169790967436
2713.5,-267.3876416549848,-228.814030601237
2714.0,-267.86345437986955,-228.9656880422453
2714.5,-268.33947375961935,-229.1166840226292
2715.0,-268.81571892737475,-229.26693877168907
2715.5,-269.29215277095614,-229.4165621646871
2716.0,-269.7687910220298,-229.56548957894654
2716.5,-270.2456083189338,-229.71379723266858
2717.0,-270.72260303800164,-229.86150999511085
2717.5,-271.19980644503437,-230.0085342491453
2718.0,-271.6771891535527,-230.15498070945847
2718.5,-272.1547445123553,-230.3008735379734
2719.0,-272.6324690433009,-230.44620770014023
2719.5,-273.1103484716272,-230.59099540318107
2720.0,-273.5884081516346,-230.73514420558203
2720.5,-274.0666600881764,-230.87860602879246
2721.0,-274.5450743464849,-231.02153649922508
2721.5,-275.02364988476637,-231.16399030682408
2722.0,-275.50239302640574,-231.3059659015063
2722.5,-275.9813217088196,-231.44740548242345
2723.0,-276.460440647807,-231.58826604054926
2723.5,-276.93976100873454,-231.72846662877993
2724.0,-277.4192777601829,-231.8680037492702
2724.5,-277.89899223269475,-232.0068515836318
2725.0,-278.3789060240637,-232.14496983119284
2725.5,-278.8589998613241,-232.28243488056762
2726.0,-279.33926617181555,-232.41929210755103
2726.5,-279.81970272939697,-232.55556585722758
2727.0,-280.3003104230346,-232.69127851959203
2727.5,-280.78108945204184,-232.8264447328056
2728.0,-281.26204293586136,-232.961054970619
2728.5,-281.7431701408357,-233.09507513583554
2729.0,-282.224471002855,-233.22847299976024
2729.5,-282.705941943597,-233.36123435001272
2730.0,-283.1875797409104,-233.49335957803052
2730.5,-283.66938272640294,-233.62487747394107
2731.0,-284.1513579611,-233.75578909257635
2731.5,-284.6335176279831,-233.88604305039752
2732.0,-285.1158733767944,-234.01559105026413
2732.5,-285.59843790481096,-234.14440381469166
2733.0,-286.0812255316574,-234.27242046886195
2733.5,-286.56424651956456,-234.39957801314225
2734.0,-287.04750848069506,-234.5258107497652
2734.5,-287.53101712157,-234.65105253933677
2735.0,-288.0147827621944,-234.77525051482348
2735.5,-288.49880571757933,-234.89843104694407
2736.0,-288.9830920699809,-235.0205872702029
2736.5,-289.4676522155039,-235.14164926786083
2737.0,-289.9524940934215,-235.26159816207706
2737.5,-290.4376425653954,-235.38033111052607
2738.0,-290.9230998545156,-235.49781089975232
2738.5,-291.40887790120763,-235.61395078053093
2739.0,-291.8949914968828,-235.7286560181807
2739.5,-292.3814606194843,-235.84180836125375
2740.0,-292.86827853847063,-235.95346856253488
2740.5,-293.3554580883359,-236.06358263721248
2741.0,-293.84304305181723,-236.17189074114592
2741.5,-294.331027170914,-236.27833776351721
2742.0,-294.81940408734255,-236.38298721305694
2742.5,-295.3082019635644,-236.48574229028625
2743.0,-295.7974190352364,-236.58658423902543
2743.5,-296.2870735508101,-236.68534325050072
2744.0,-296.7771945640433,-236.78183696150293
2744.5,-297.2677630043212,-236.87605992606225
2745.0,-297.7587899653848,-236.96802281381358
2745.5,-298.25029679165476,-237.057536597534
2746.0,-298.74228134453307,-237.14446049148614
2746.5,-299.23477492329334,-237.2285550077227
2747.0,-299.72774145236474,-237.3099619157068
2747.5,-300.2212068787193,-237.38842475763371
2748.0,-300.71517492540704,-237.4637989926368
2748.5,-301.20963337699186,-237.53604715274838
2749.0,-301.70459178873585,-237.6049597140619
2749.5,-302.20002185040164,-237.67054886298814
2750.0,-302.6959531467485,-237.73226186117918
2750.5,-303.19234700075623,-237.790068277874
2751.0,-303.6891750092569,-237.8439219054397
2751.5,-304.18638547864316,-237.89426700349713
2752.0,-304.6839475170388,-237.94139946393852
2752.5,-305.18188524812,-237.98474483993695
2753.0,-305.6801845847039,-238.02387047109025
2753.5,-306.1788464290473,-238.0580516496387
2754.0,-306.677802071355,-238.08759876543803
2754.5,-307.17703089956825,-238.1123874234211
2755.0,-307.67648532749644,-238.13251811438164
2755.5,-308.1761440036814,-238.14699013326506
2756.0,-308.67593772092613,-238.15594763313143
2756.5,-309.17580743643026,-238.15864729475618
2757.0,-309.6756792142004,-238.15551862792677
2757.5,-310.1754854288894,-238.14617044334602
2758.0,-310.6751504911379,-238.130699499022
2758.5,-311.1745546136722,-238.10817888180398
2759.0,-311.67358916021675,-238.0785522857282
2759.5,-312.1721064456517,-238.04123352465552
2760.0,-312.6700041978009,-237.99641337306184
2760.5,-313.1671759706388,-237.9440908813739
2761.0,-313.66349169130916,-237.88412881301824
2761.5,-314.1588114732107,-237.81637125708554
2762.0,-314.6529654275038,-237.74052719286738
2762.5,-315.1458396959769,-237.65673639965362
2763.0,-315.6371664921715,-237.56429394267604
2763.5,-316.12688014705293,-237.4636599995964
2764.0,-316.61474686662336,-237.3544270988306
2764.5,-317.1005989950284,-237.2365822701796
2765.0,-317.58437852014754,-237.11050487433704
2765.5,-318.06591523758556,-236.97611152996038
2766.0,-318.5453222493779,-236.8342816157248
2766.5,-319.02248064209454,-236.68501628741873
2767.0,-319.4972353022766,-236.52824844825656
2767.5,-319.969309277803,-236.36357527904474
2768.0,-320.4381107414017,-236.18982745094445
2768.5,-320.9036561977637,-236.00757522951068
2769.0,-321.3661917968268,-235.8178219947471
2769.5,-321.82586537971076,-235.62121290723357
2770.0,-322.28267011040964,-235.4179958639252
2770.5,-322.73626428600255,-235.2076853474516
2771.0,-323.1859720600627,-234.98918866650465
2771.5,-323.63136157350164,-234.76203506345468
2772.0,-324.0725058746193,-234.5267529677364
2772.5,-324.50947600329823,-234.2838116743888
2773.0,-324.9425795345211,-234.03403712294016
2773.5,-325.3717212882149,-233.77750865447194
2774.0,-325.79628157869223,-233.51345980990578
2774.5,-326.216298288154,-233.24223971040402
2775.0,-326.6317060056399,-232.9640099006836
2775.5,-327.0419854753837,-232.67827810064767
2776.0,-327.4470656367088,-232.3852273595346
2776.5,-327.8468851239111,-232.08503712603863
2777.0,-328.2415589532428,-231.77810630339565
2777.5,-328.6311481653698,-231.46473839347672
2778.0,-329.0154162084618,-231.14485925896736
2778.5,-329.39396218516964,-230.81822787618577
2779.0,-329.76657804460456,-230.48484733517776
2779.5,-330.13278436582243,-230.1444393937454
2780.0,-330.49260862020964,-229.79729561917753
2780.5,-330.84617064099905,-229.44377516004567
2781.0,-331.19331851583405,-229.08395031175144
2781.5,-331.53427991534585,-228.71825512922382
2782.0,-331.86902648764556,-228.34685765051995
2782.5,-332.1965561536476,-227.96908172248928
2783.0,-332.51650059015,-227.584865302006
2783.5,-332.82849031308496,-227.19416263624072
2784.0,-333.13253783420686,-226.79725240315284
2784.5,-333.429067188603,-226.39469483366025
2785.0,-333.71814072561335,-225.98674736576103
2785.5,-333.9997600360588,-225.57361899372415
2786.0,-334.2735532621796,-225.15526081049788
2786.5,-334.538891042712,-224.7314905283105
2787.0,-334.7957108995063,-224.30250648305025
2787.5,-335.0430483551251,-223.8679886849936
2788.0,-335.2809765239327,-223.42825459506798
2788.5,-335.50963800487136,-222.98363097203543
2789.0,-335.72943250916705,-222.53455582721637
2789.5,-335.9410455166037,-222.0815612575649
2790.0,-336.1440808487636,-221.62465290254877
2790.5,-336.33839165262134,-221.1639676496061
2791.0,-336.5225503388304,-220.69913381930527
2791.5,-336.6957109639648,-220.23009746384244
2792.0,-336.85849474872373,-219.75735962121564
2792.5,-337.0110819168161,-219.2812314602448
2793.0,-337.1544802197777,-218.80225094533614
2793.5,-337.28832297382627,-218.32050842525612
2794.0,-337.41257899062884,-217.83620645071778
2794.5,-337.5256854630794,-217.34918096692002
2795.0,-337.6270812888135,-216.85958627797217
2795.5,-337.7169060974094,-216.36773659648603
2796.0,-337.79511771978787,-215.873908592881
2796.5,-337.8628100118071,-215.3785263745568
2797.0,-337.9199209547316,-214.88180987384794
2797.5,-337.9671223380733,-214.38405415279664
2798.0,-338.0036716375069,-213.8854020125173
2798.5,-338.0299237886892,-213.3861031462359
2799.0,-338.0455841349162,-212.88635948711973
2799.5,-338.05028866884413,-212.38639494283177
2800.0,-338.04398524513,-211.8864464428761
2800.5,-338.0267795117718,-211.38675417441266
2801.0,-337.9995681074034,-210.88750745430355
2801.5,-337.961451232506,-210.38897808821298
2802.0,-337.91290689188355,-209.89135732919016
2802.5,-337.85321106553045,-209.39495235951256
2803.0,-337.7829700306507,-208.89993141185047
2803.5,-337.70212447035806,-208.40653204366
2804.0,-337.61106298962636,-207.91492042848472
2804.5,-337.50912879647854,-207.42544831033462
2805.0,-337.39646561685885,-206.9383333579374
2805.5,-337.2734788514079,-206.45372020700376
2806.0,-337.1407049647543,-205.97169904227766
2806.5,-336.99863394436267,-205.49233839034227
2807.0,-336.8472962598233,-205.01582757668552
2807.5,-336.6870883125563,-204.54222942376254
2808.0,-336.51794277867936,-204.07175472642268
2808.5,-336.34017824828896,-203.60447156230546
2809.0,-336.1533241648198,-203.14074842832798
2809.5,-335.95787822853293,-202.68057770875564
2810.0,-335.753642238217,-202.22423761775786
2810.5,-335.54135332775286,-201.77158647457796
2811.0,-335.32096820547645,-201.32282332666767
2811.5,-335.09316683338733,-200.87778339275067
2812.0,-334.8577818349694,-200.43671670938582
2812.5,-334.614838709771,-199.99977259311524
2813.0,-334.3637933840911,-199.56743108158344
2813.5,-334.1048368645473,-199.13977284858305
2814.0,-333.83822719238526,-198.71683547206774
2814.5,-333.5645507316239,-198.2984307582816
2815.0,-333.2845250393477,-197.88425312695796
2815.5,-332.998366964874,-197.47429645093484
2816.0,-332.7064896854314,-197.06840387029314
2816.5,-332.40881672579184,-196.66675402321087
2817.0,-332.10583451752484,-196.26910289239189
2817.5,-331.7973053581938,-195.87574450695547
2818.0,-331.48389815262595,-195.48626425251788
2818.5,-331.16562942617327,-195.1007488631435
2819.0,-330.8430334952669,-194.71885099164652
2819.5,-330.51631867899243,-194.34047305519044
2820.0,-330.18587642572305,-193.96535168635572
2820.5,-329.8521345139915,-193.59317011966013
2821.0,-329.51522534245447,-193.22386165619452
2821.5,-329.17573514275307,-192.85693543793312
2822.0,-328.8337366358116,-192.49235055849147
2822.5,-328.4893852873492,-192.12998327962057
2823.0,-328.14295258952643,-191.76960163310085
2823.5,-327.79452210625135,-191.41114877951844
2824.0,-327.4444235157438,-191.05432710350178
2824.5,-327.09294153637705,-190.6988853459413
2825.0,-326.74009926600195,-190.3448179121332
2825.5,-326.3859245375952,-189.9921055965399
2826.0,-326.03044808855697,-189.64072109559766
2826.5,-325.6736658463605,-189.2906745929098
2827.0,-325.3155385529909,-188.94200469929376
2827.5,-324.95624883836166,-188.59454047005963
2828.0,-324.5958850264328,-188.24820256496494
2828.5,-324.2344379233409,-187.9030098782739
2829.0,-323.8718742619841,-187.559007078223
2829.5,-323.5082547064488,-187.21614212253422
2830.0,-323.14368761280207,-186.87431044031473
2830.5,-322.7781450699115,-186.53353418334973
2831.0,-322.41163856461117,-186.19378824980348
2831.5,-322.0441743481828,-185.8550616208231
2832.0,-321.67587962920953,-185.5172383094051
2832.5,-321.3068870650616,-185.18019986485965
2833.0,-320.9372561005723,-184.8439020667234
2833.5,-320.56696001035544,-184.50838039753273
2834.0,-320.1959496983378,-184.17367627997
2834.5,-319.82412884698755,-183.83987494502998
2835.0,-319.45146674513586,-183.50699288513044
2835.5,-319.0780127689871,-183.1749788887937
2836.0,-318.70390465273823,-182.84370447894415
2836.5,-318.32922039952297,-182.51309797242465
2837.0,-317.9539600327016,-182.18316709853488
2837.5,-317.5781455282975,-181.85388905563397
2838.0,-317.20170106344506,-181.52533377982226
2838.5,-316.8246052493343,-181.1975243582334
2839.0,-316.44694119191695,-180.87037688457795
2839.5,-316.06876788551,-180.54383204798023
2840.0,-315.69013671171405,-180.2178271868849
2840.5,-315.3110472035791,-179.89236449050927
2841.0,-314.9315115068714,-179.56742269095247
2841.5,-314.55157122503846,-179.2429567576639
2842.0,-314.17124394244917,-178.9189426113809
2842.5,-313.7905443300772,-178.59536830439953
2843.0,-313.40941818232335,-178.27229673060205
2843.5,-313.0278757927298,-177.94971700251608
2844.0,-312.64593518066533,-177.62761270510032
2844.5,-312.2636036510406,-177.30597336052153
2845.0,-311.88087968726825,-176.98479352729578
2845.5,-311.497822821252,-176.66399794615918
2846.0,-311.11446835249484,-176.3435450971158
2846.5,-310.7308265640278,-176.02342392995016
2847.0,-310.34695062316285,-175.70357609951353
2847.5,-309.96286656875117,-175.383972463903
2848.0,-309.578582131214,-175.06461621238728
2848.5,-309.1941192306251,-174.7454836699033
2849.0,-308.80948850264133,-174.42656120894642
2849.5,-308.42466825945314,-174.1078754089396
2850.0,-308.0396723626069,-173.78940180239985
2850.5,-307.6544977547497,-173.47113808156934
2851.0,-307.2691682690342,-173.15306555627095
2851.5,-306.883726409797,-172.8351289407611
2852.0,-306.49819087627606,-172.51730169654945
2852.5,-306.1125907638379,-172.19953070802674
2853.0,-305.7269428138314,-171.88179140092052
2853.5,-305.34125938351673,-171.56406990462074
2854.0,-304.9555616855395,-171.2463570205262
2854.5,-304.5698462757683,-170.92866758143205
2855.0,-304.18411027239574,-170.61100860445265
2855.5,-303.7983274876097,-170.2934021537787
2856.0,-303.4125098430668,-169.97582985865245
2856.5,-303.02667797105715,-169.65826239748893
2857.0,-302.6408580865381,-169.34066887183832
2857.5,-302.2550730520614,-169.02303076696998
2858.0,-301.8693480023711,-168.70532604810242
2858.5,-301.4837035804935,-168.38753311133826
2859.0,-301.0981442388395,-168.0696470082728
2859.5,-300.71266752307315,-167.75167033981174
2860.0,-300.32726322741837,-167.4336065385438
2860.5,-299.9419391947808,-167.11544337059482
2861.0,-299.5566872125947,-166.7971876667866
2861.5,-299.17152934435876,-166.4788096578864
2862.0,-298.78646141595755,-166.16031178174165
2862.5,-298.401515942468,-165.84165584544994
2863.0,-298.0166752311341,-165.52286108559807
2863.5,-297.6319695205179,-165.20389120147343
2864.0,-297.2473766882884,-164.88477729807607
2864.5,-296.8629146040747,-164.56549859024702
2865.0,-296.4785771327938,-164.24606645148225
2865.5,-296.09437038696154,-163.9264828801181
2866.0,-295.7102892494369,-163.60675400297413
2866.5,-295.32632442810444,-163.28689744053835
2867.0,-294.94250103252944,-162.9668868786567
2867.5,-294.55879579795203,-162.64674111044891
2868.0,-294.17522600483073,-162.32644712788303
2868.5,-293.79177612327004,-162.0060243592363
2869.0,-293.40845301476605,-161.6854585533232
2869.5,-293.02526284885926,-161.36473750365352
2870.0,-292.6421874997328,-161.0438736348238
2870.5,-292.25924696283795,-160.72283227957573
2871.0,-291.87642086041916,-160.4016422578354
2871.5,-291.4937099217332,-160.08030601661454
2872.0,-291.111119964069,-159.7588151342709
2872.5,-290.7286336437882,-159.4371945878631
2873.0,-290.34626309395765,-159.1154324843293
2873.5,-289.96401535246906,-158.79351924604327
2874.0,-289.5818868215587,-158.4714574653615
2874.5,-289.1999080549769,-158.1492140635736
2875.0,-288.81807508461395,-157.8267952121713
2875.5,-288.43638923231623,-157.50420386769227
2876.0,-288.05488534322967,-157.18140512497698
2876.5,-287.67355024812525,-156.85841451265168
2877.0,-287.29240364146705,-156.5351989374955
2877.5,-286.91150832099066,-156.2116826191001
2878.0,-286.53083709734494,-155.8878939884205
2878.5,-286.15040241620517,-155.56382336542737
2879.0,-285.77025060161304,-155.23941868567468
2879.5,-285.39035342023783,-154.91471605370938
2880.0,-285.0107331474991,-154.5896876005487
2880.5,-284.6314455655243,-154.26426739565466
2881.0,-284.25245246323146,-153.9384961086199
2881.5,-283.87378070773207,-153.61234336648644
2882.0,-283.4954692181983,-153.28576550841052
2882.5,-283.11747743293046,-152.95881612327156
2883.0,-282.7398355304399,-152.63146232832017
2883.5,-282.36259040803736,-152.30365231597025
2884.0,-281.9857141663675,-151.97541799299552
2884.5,-281.6092572552163,-151.64669858569863
2885.0,-281.2332664262508,-151.31744467764238
2885.5,-280.85768536094355,-150.9877292528457
2886.0,-280.4825562685531,-150.6575073881189
2886.5,-280.10795600067627,-150.3266946912367
2887.0,-279.73385789785857,-149.9953193004609
2887.5,-279.36034229249157,-149.66329073156544
2888.0,-278.98747258247107,-149.33053831729396
2888.5,-278.6151943574374,-148.99712995033644
2889.0,-278.24357993269535,-148.66298744686253
2889.5,-277.87269743402845,-148.32804070031446
2890.0,-277.5025030873996,-147.9923370505257
2890.5,-277.1330834768221,-147.65578684715442
2891.0,-276.764477162596,-147.31834998823402
2891.5,-276.3966105961361,-146.98010940210855
2892.0,-276.02957427644066,-146.64097399227853
2892.5,-275.6633592725765,-146.30095674062994
2893.0,-275.29790703165094,-145.96012195573454
2893.5,-274.9333263974719,-145.61836200464586
2894.0,-274.56955554234645,-145.27574606865534
2894.5,-274.20654320962063,-144.9323343918813
2895.0,-273.84442340624764,-144.58799476742598
2895.5,-273.48312734925906,-144.24279757239236
2896.0,-273.1226488039168,-143.8967516689617
2896.5,-272.7631717357707,-143.54966925777174
2897.0,-272.40451766180666,-143.20173938047043
2897.5,-272.04668900877147,-142.85297231766205
2898.0,-271.6898017412529,-142.50325515640006
2898.5,-271.3337580830999,-142.15268210400575
2899.0,-270.97862067388434,-141.80119527527575
2899.5,-270.62441324219355,-141.44877520548746
2900.0,-270.2709979037591,-141.09556618846847
2900.5,-269.9184498455931,-140.74150477210878
2901.0,-269.566734176222,-140.3866291986396
2901.5,-269.21576492104236,-140.03103010311108
2902.0,-268.8656372821367,-139.67462787622205
2902.5,-268.5162469883677,-139.31752855896167
2903.0,-268.1676003733406,-138.9597299251088
2903.5,-267.81985656529304,-138.60107877283426
2904.0,-267.47289492571616,-138.241688549713
2904.5,-267.12677395864375,-137.88151115224983
2905.0,-266.7815583414773,-137.5204861698096
2905.5,-266.437191297231,-137.15866452820532
2906.0,-266.0938123979438,-136.79591730622727
2906.5,-265.751412750697,-136.43225174054297
2907.0,-265.40996214402804,-136.0676952512921
2907.5,-265.0696536827315,-135.70207548712094
2908.0,-264.73031914978947,-135.33555251386215
2908.5,-264.392005900831,-134.96808428096992
2909.0,-264.0547630635805,-134.599633900335
2909.5,-263.71840991484373,-134.23037510024088
2910.0,-263.3830376238932,-133.8602295748866
2910.5,-263.0485732880103,-133.4892678053453
2911.0,-262.7149083298053,-133.11759844056652
2911.5,-262.3821979980786,-132.7450860682492
2912.0,-262.05025295938475,-132.37190873665884
2912.5,-261.7191150531879,-131.99803439371144
2913.0,-261.388865346869,-131.62339377194726
2913.5,-261.05942671261374,-131.2480479927488
2914.0,-260.7308971133092,-130.87192379791279
2914.5,-260.4032439261058,-130.49505228743925
2915.0,-260.0764391779098,-130.11745885734916
2915.5,-259.75067574227205,-129.73897537411068
2916.0,-259.4257923555001,-129.3597381158024
2916.5,-259.1018821570297,-128.9796671789118
2917.0,-258.77891277129515,-128.59879300119033
2917.5,-258.4566960823229,-128.2172954737902
2918.0,-258.13533215245747,-127.83510657957518
2918.5,-257.8147139437219,-127.45231442799411
2919.0,-257.49491256662475,-127.06885739378859
2919.5,-257.17605406380636,-126.68462885274576
2920.0,-256.8580740084609,-126.29967227463109
2920.5,-256.54110821665773,-125.91388048391171
2921.0,-256.22504554072987,-125.52735695479062
2921.5,-255.9099089775886,-125.14009108747106
2922.0,-255.59590501936796,-124.75191507222196
2922.5,-255.28296728161865,-124.36287653426851
2923.0,-254.97134009970665,-123.97276969769052
2923.5,-254.66094642357768,-123.5816568491541
2924.0,-254.35171726803424,-123.189604399104
2924.5,-254.043801504197,-122.79650142514711
2925.0,-253.73698135394875,-122.40253120493723
2925.5,-253.43141933880065,-122.00757251937951
2926.0,-253.12705675544964,-121.61168330636698
2926.5,-252.82383884366254,-121.21491187568755
2927.0,-252.5218970433354,-120.81717628815854
2927.5,-252.22101748705188,-120.4186528182594
2928.0,-251.92134281564185,-120.0192503591012
2928.5,-251.62283862944153,-119.6190032661943
2929.0,-251.3255478352617,-119.21788415188793
2929.5,-251.02976449641045,-118.81567935631502
2930.0,-250.7353851010605,-118.41245730024283
2930.5,-250.4427516003728,-118.00797067524412
2931.0,-250.15178126327345,-117.60228446586903
2931.5,-249.86247430178486,-117.19540987536948
2932.0,-249.57494199571465,-116.7872912535502
2932.5,-249.2889982158251,-116.37806707894975
2933.0,-249.00503972405747,-115.96746923664152
2933.5,-248.7228581861452,-115.55564848681323
2934.0,-248.44264805062866,-115.14247839046422
2934.5,-248.16448269357517,-114.72791719981286
2935.0,-247.88809728272201,-114.31216567884015
2935.5,-247.61383127473957,-113.89501854966973
2936.0,-247.34130472330085,-113.47674322324818
2936.5,-247.0707558810371,-113.0572030177857
2937.0,-246.80212636129633,-112.63644742052989
2937.5,-246.535407344653,-112.21449335286218
2938.0,-246.27087519485633,-111.79118292076365
2938.5,-246.00826373091277,-111.36669072871008
2939.0,-245.74802318419836,-110.94075520079724
2939.5,-245.4898717238055,-110.51356019205726
2940.0,-245.23402412746248,-110.08498980964815
2940.5,-244.98046870240063,-109.65506874296088
2941.0,-244.72905649464474,-109.22390268890493
2941.5,-244.48016935974275,-108.79128427479895
2942.0,-244.23348617070724,-108.35740952819211
2942.5,-243.98946269485185,-107.922034345486
2943.0,-243.74775777914695,-107.48537023572113
2943.5,-243.50843568407348,-107.04740489833365
2944.0,-243.27142874125764,-106.60819868977765
2944.5,-243.03656600178974,-106.16786097802836
2945.0,-242.80420124909193,-105.72622017308748
2945.5,-242.57402028988838,-105.28344659958856
2946.0,-242.34647472083907,-104.8393216498062
2946.5,-242.12117112149306,-104.39406655604557
2947.0,-241.89830931563463,-103.94759601021066
2947.5,-241.67775779584974,-103.49999852342295
2948.0,-241.45941356638852,-103.05134440042836
2948.5,-241.24348853731078,-102.60154730620722
2949.0,-241.0297730437511,-102.15072026039444
2949.5,-240.81892009802826,-101.69855838550667
2950.0,-240.61055464232587,-101.24523969309051
2950.5,-240.4050746235453,-100.7905984241699
2951.0,-240.2020958278598,-100.3348309911153
2951.5,-240.00167198446334,-99.87793819726954
2952.0,-239.80378066187976,-99.41995236960587
2952.5,-239.60840175352664,-98.96089473721452
2953.0,-239.41586067372577,-98.50064127180167
2953.5,-239.22579306051867,-98.03935822687276
2954.0,-239.0385439276819,-97.57692655673766
2954.5,-238.85346597123484,-97.11363350182607
2955.0,-238.6709019006484,-96.64936812115674
2955.5,-238.49047258893324,-96.18428810417502
2956.0,-238.31238796482782,-95.71832499488777
2956.5,-238.13651132068728,-95.25155133356171
2957.0,-237.96290608437613,-94.78395544993249
2957.5,-237.79161906601908,-94.31553838335104
2958.0,-237.62247320000907,-93.84638350666903
2958.5,-237.45583621522442,-93.37637604476826
2959.0,-237.29143146183313,-92.90561659054991
2959.5,-237.1299429426667,-92.43388644537242
2960.0,-236.97108436768022,-91.96127536045802
2960.5,-236.81554391930123,-91.48756061984163
2961.0,-236.66287006556965,-91.01290867986908
2961.5,-236.51347352867876,-90.53720790736226
2962.0,-236.36709060526294,-90.0605636553013
2962.5,-236.2239379299715,-89.58293316700816
2963.0,-236.08397123398177,-89.10435095428481
2963.5,-235.94710028272775,-88.6248655586484
2964.0,-235.8133035210626,-88.14451214503168
2964.5,-235.6822837541376,-87.66340135828398
2965.0,-235.5541973429277,-87.18151249980556
2965.5,-235.4285455408782,-86.69899965126268
2966.0,-235.3056081984423,-86.21582045428015
2966.5,-235.1849202200659,-85.73210115183731
2967.0,-235.0670191287738,-85.24773284452361
2967.5,-234.95144570628963,-84.76283219377277
2968.0,-234.83869945730817,-84.27730440600041
2968.5,-234.72825983213326,-83.79128783365437
2969.0,-234.62059800709355,-83.30470092547083
2969.5,-234.5155232393431,-82.81758876839662
2970.0,-234.41362587974177,-82.32983509684287
2970.5,-234.31484900039752,-81.84145200823906
2971.0,-234.2195147458483,-81.35238554464456
2971.5,-234.12737629831537,-80.86270861344872
2972.0,-234.03849022059555,-80.37243122023456
2972.5,-233.95259107572477,-79.88162931027894
2973.0,-233.86963297511457,-79.39033788325483
2973.5,-233.78967747890712,-78.89855997473057
2974.0,-233.71274371971694,-78.40629919295318
2974.5,-233.63888864447685,-77.91356457936062
2975.0,-233.56784568580812,-77.42042146802211
2975.5,-233.49956529472885,-76.92690614270792
2976.0,-233.4338484636904,-76.43306368628568
2976.5,-233.37079005992905,-75.93889756383034
2977.0,-233.3101287710309,-75.44445006692102
2977.5,-233.25215083794907,-74.94969163825091
2978.0,-233.19646045088658,-74.454680964336
2978.5,-233.14334433986394,-73.95941545003198
2979.0,-233.09236227410264,-73.46394647990991
2979.5,-233.04396978848786,-72.9682466928614
2980.0,-232.9977922074378,-72.47234554798926
2980.5,-232.9543536245003,-71.97620370976898
2981.0,-232.91306251414724,-71.47988840548217
2981.5,-232.87429374002522,-70.98338356722859
2982.0,-232.8376163535575,-70.48673073986501
2982.5,-232.80326744899992,-69.98992265242595
2983.0,-232.77097723987657,-69.49299021751047
2983.5,-232.7409913756753,-68.99591608962707
2984.0,-232.71311151603524,-68.49872553718926
2984.5,-232.68733404585515,-68.00143742050733
2985.0,-232.66358581054885,-67.50407117782498
2985.5,-232.6418091215788,-67.00664708014274
2986.0,-232.62217270014608,-66.50916048174359
2986.5,-232.60455923518973,-66.01162157674753
2987.0,-232.58931563765617,-65.51402085769226
2987.5,-232.57613412608526,-65.01636898314649
2988.0,-232.56559224403304,-64.51864227341274
2988.5,-232.5571798485903,-64.02085781412356
2989.0,-232.55124915287595,-63.523021237107756
2989.5,-232.54737233504676,-63.025157027220274
2990.0,-232.5457106033208,-62.52728329822137
2990.5,-232.54601250986053,-62.02941967101587
2991.0,-232.54837550188935,-61.531576226996805
2991.5,-232.55287113800065,-61.03375162656747
2992.0,-232.55930476956,-60.53596297236128
2992.5,-232.56789622871474,-60.038223851079564
2993.0,-232.57832052666842,-59.54054104102811
2993.5,-232.59110803252966,-59.04294087915342
2994.0,-232.60587701954418,-58.54540966411177
2994.5,-232.62294679001621,-58.0479746885028
2995.0,-232.6420436392857,-57.55064654025032
2995.5,-232.6634055178053,-57.053443117939416
2996.0,-232.68709649886048,-56.55636823830699
2996.5,-232.7131124958611,-56.059429292587275
2997.0,-232.74180406429824,-55.56263313515417
2997.5,-232.77283198490983,-55.06596619496919
2998.0,-232.806655830118,-54.569468686642914
2998.5,-232.84267253232554,-54.07311960209694
2999.0,-232.8812007192759,-53.5769633424931
2999.5,-232.92212754832053,-53.0809940544784
3000.0,-232.96566671152914,-52.58521996198066
3000.5,-233.01176969660565,-52.08965592253548
3001.0,-233.06011575414362,-51.59429473365381
3001.5,-233.11090026862234,-51.0991804634267
3002.0,-233.1636823393742,-50.60428706013791
3002.5,-233.21890001562755,-50.10966918476236
3003.0,-233.276229509412,-49.61529897141717
3003.5,-233.3359199559437,-49.12121172726011
3004.0,-233.39796897969464,-48.62740783590841
3004.5,-233.46225465281185,-48.13388541799451
3005.0,-233.52894659725933,-47.640683822944226
3005.5,-233.5976926277074,-47.14776717914798
3006.0,-233.6689295456733,-46.65520696771831
3006.5,-233.74235065524383,-46.162963655383784
3007.0,-233.81819341106007,-45.67107779327788
3007.5,-233.89637955058808,-45.17955628876256
3008.0,-233.976865827325,-44.688391860048704
3008.5,-234.05994649565403,-44.19763284635254
3009.0,-234.14510666884536,-43.70722280713454
3009.5,-234.23283541161558,-43.21724519049245
3010.0,-234.32278222283242,-42.727647897109186
3010.5,-234.41509534086205,-42.23847090014682
3011.0,-234.5097404352801,-41.749721769134815
3011.5,-234.60643529316548,-41.26137233341881
3012.0,-234.70556553608589,-40.77350464570218
3012.5,-234.8067150692053,-40.28604609702953
3013.0,-234.9101951301051,-39.799073100265076
3013.5,-235.01578724002755,-39.31255020904928
3014.0,-235.12343256259655,-38.82648439568967
3014.5,-235.23332432573966,-38.340927059674094
3015.0,-235.34521201974292,-37.85582473345878
3015.5,-235.4594438380984,-37.37127245015217
3016.0,-235.57567202310105,-36.887205510217356
3016.5,-235.6940644058988,-36.403676884506844
3017.0,-235.81464420055752,-35.9207089558152
3017.5,-235.93725613213104,-35.43827001338018
3018.0,-236.0624293917594,-34.95649753501194
3018.5,-236.1897299526383,-34.47529001496644
3019.0,-236.3194526709805,-33.994732081050685
3019.5,-236.45150278684042,-33.5148077117298
3020.0,-236.5857035481669,-33.03548074571424
3020.5,-236.72240182238224,-32.55686002660485
3021.0,-236.86119381394866,-32.078837408851015
3021.5,-237.00241852238477,-31.601520838619102
3022.0,-237.14593904884745,-31.12487737599923
3022.5,-237.29170656934164,-30.64890033114401
3023.0,-237.43994439517505,-30.173674456621328
3023.5,-237.5902593978107,-29.69908931301373
3024.0,-237.7428945742489,-29.225241070545962
3024.5,-237.89761707466548,-28.75207458032575
3025.0,-238.05441627015,-28.279595806755783
3025.5,-238.2135844888736,-27.807908240816605
3026.0,-238.37478360602802,-27.33690427320769
3026.5,-238.53824984299928,-26.866680432240948
3027.0,-238.7037033206656,-26.39715601895497
3027.5,-238.8709886271846,-25.92829667250717
3028.0,-239.04028948475496,-25.4601898098254
3028.5,-239.21133774701644,-24.992744332571434
3029.0,-239.38450136928756,-24.52609453656992
3029.5,-239.55981561516083,-24.06023955317011
3030.0,-239.73713796654846,-23.595136456428175
3030.5,-239.91670057664356,-23.130903684444487
3031.0,-240.0981513171815,-22.667418019771823
3031.5,-240.28177355295273,-22.20480885781966
3032.0,-240.46765328731092,-21.743117532809926
3032.5,-240.65579981236897,-21.282337440526504
3033.0,-240.84677733209077,-20.822695255519847
3033.5,-241.04005908164729,-20.3639902219779
3034.0,-241.23574627597836,-19.906277137491642
3034.5,-241.4337509675996,-19.449537778955413
3035.0,-241.63368786757036,-18.993632724746607
3035.5,-241.83589355844242,-18.538725332781517
3036.0,-242.04011118780215,-18.08469901637354
3036.5,-242.24633481823764,-17.631576833673513
3037.0,-242.45471745000597,-17.17944173914527
3037.5,-242.66485714095026,-16.72813246687247
3038.0,-242.8768707182722,-16.277737271643897
3038.5,-243.09067508209344,-15.828233354270436
3039.0,-243.30627086289863,-15.379618534985083
3039.5,-243.52418156889703,-14.932158836329718
3040.0,-243.74416010740583,-14.485720522779413
3040.5,-243.96646529138724,-14.040437467228886
3041.0,-244.19119600829399,-13.596365501123042
3041.5,-244.41806589938346,-13.153374569619132
3042.0,-244.64745683336517,-12.711662138424664
3042.5,-244.87909560739442,-12.271101043286297
3043.0,-245.11284515364224,-11.831635805640781
3043.5,-245.3489881595823,-11.393435581113925
3044.0,-245.58708990493184,-10.956288467881565
3044.5,-245.82729342520457,-10.520286963975858
3045.0,-246.06958042166966,-10.085439439084094
3045.5,-246.31367589929326,-9.65161329019799
3046.0,-246.55978528645,-9.218945512871848
3046.5,-246.80769433175806,-8.787332919369662
3047.0,-247.05731677670414,-8.356742732264848
3047.5,-247.30906652592293,-7.927430614103629
3048.0,-247.56267666486028,-7.499232573004652
3048.5,-247.81830862986902,-7.072256115772212
3049.0,-248.07617710596602,-6.646640905749747
3049.5,-248.3361255096746,-6.2222918701957495
3050.0,-248.59849968474416,-5.799421510362693
3050.5,-248.8631501908669,-5.3779586251086
3051.0,-249.12982399817142,-4.957774895647105
3051.5,-249.39888833223986,-4.539114711933194
3052.0,-249.67002362447937,-4.121793251878409
3052.5,-249.9432867996128,-3.7058537037300954
3053.0,-250.2189293955042,-3.2914766117443155
3053.5,-250.49648950441465,-2.878378867347028
3054.0,-250.7759810974301,-2.4665995279773716
3054.5,-251.05760617092332,-2.056286269003548
3055.0,-251.34120487717192,-1.6473201040710075
3055.5,-251.627056361675,-1.2399054574913322
3056.0,-251.91501119213567,-0.8339592776801454
3056.5,-252.20490945180728,-0.4293950073471507
3057.0,-252.4971588796851,-0.02651159366640865
3057.5,-252.79161235116774,0.3747863201904994
3058.0,-253.08818029867612,0.7745537722652186
3058.5,-253.38727813123478,1.1724728886939217
3059.0,-253.68840886779242,1.568887285859656
3059.5,-253.9915977560861,1.963767595596541
3060.0,-254.29698652429622,2.3569874393210393
3060.5,-254.60414052219866,2.7488484056862235
3061.0,-254.91321699708962,3.139220860770401
3061.5,-255.22425090877667,3.528056750276496
3062.0,-255.53693290034516,3.9155698825229948
3062.5,-255.85140927737768,4.301622964156467
3063.0,-256.16773466184793,4.686164606056924
3063.5,-256.4857023551248,5.069347076441635
3064.0,-256.8056034182751,5.450921647185243
3064.5,-257.1274278466562,5.8309003169724445
3065.0,-257.4510160950395,6.209397946340639
3065.5,-257.7765989930983,6.586204157100547
3066.0,-258.10409857383667,6.961378539095811
3066.5,-258.4333918133997,7.335019229769682
3067.0,-258.76476123091857,7.706865256578345
3067.5,-259.09800793726134,8.077086381955175
3068.0,-259.43305596503814,8.44573986055327
3068.5,-259.7701323200907,8.812603661711218
3069.0,-260.10893689855845,9.17791845576035
3069.5,-260.4493710206516,9.541751369569694
3070.0,-260.79170203567264,9.903844552390202
3070.5,-261.13570080200606,10.264398547602656
3071.0,-261.48132476751465,10.623441333519928
3071.5,-261.8288363515976,10.980722214293055
3072.0,-262.17791017857695,11.336519643453393
3072.5,-262.52841244280916,11.690931696389095
3073.0,-262.8805771768582,12.043718804454581
3073.5,-263.2342491925443,12.39502712961608
3074.0,-263.58935188307515,12.744920645023567
3074.5,-263.94602472849186,13.093237474158336
3075.0,-264.3041381501166,13.440094798235542
3075.5,-264.66362374367947,13.785554952424592
3076.0,-265.0246868625774,14.129407205609846
3076.5,-265.3872674449217,14.471706329473655
3077.0,-265.75122391086296,14.81258491062622
3077.5,-266.1165929312183,15.151988323589391
3078.0,-266.48333220073755,15.489946356278047
3078.5,-266.8512771111493,15.82663307699017
3079.0,-267.2204805001464,16.161986152463182
3079.5,-267.590940053422,16.496005250803037
3080.0,-267.96241049301017,16.828935773769842
3080.5,-268.3348433825418,17.1608170567228
3081.0,-268.70833842659925,17.491532929902696
3081.5,-269.0827111793891,17.821279133432917
3082.0,-269.457961566557,18.15004773271506
3082.5,-269.83422161217726,18.47768864233119
3083.0,-270.21137247346525,18.80433082314143
3083.5,-270.58938286830477,19.130007539516424
3084.0,-270.96829439796556,19.454657106147728
3084.5,-271.34811489413,19.778267954058144
3085.0,-271.7288063823233,20.100892637709816
3085.5,-272.11038270265135,20.422515615724926
3086.0,-272.49295188712017,20.743009068772352
3086.5,-272.87635452761515,21.062550424762836
3087.0,-273.2605706141697,21.381158040266552
3087.5,-273.6456600225151,21.698754900714263
3088.0,-274.0316106098277,22.015355470694526
3088.5,-274.4183479461311,22.331044240409515
3089.0,-274.8058377175173,22.645848153478582
3089.5,-275.1941598356848,22.959659658608317
3090.0,-275.583178423827,23.272633015336236
3090.5,-275.9728706763962,23.58478963472792
3091.0,-276.3632493780925,23.896107460222538
3091.5,-276.7543604546366,24.206523977374747
3092.0,-277.14610574645525,24.516152078141914
3092.5,-277.53848182013314,24.824992583975856
3093.0,-277.93150289839764,25.13302281300217
3093.5,-278.32520800317417,25.44018622230972
3094.0,-278.7195287453803,25.746567524564558
3094.5,-279.11448898630164,26.052137146307473
3095.0,-279.51012481019836,26.356850201768616
3095.5,-279.90647373623926,26.660650547355328
3096.0,-280.3034395991043,26.963655311197133
3096.5,-280.70102913430935,27.26585070044056
3097.0,-281.09926474833145,27.56721038920656
3097.5,-281.4982690169427,27.867574937658596
3098.0,-281.8979434998478,28.167071770668347
3098.5,-282.29827375859793,28.46571380570637
3099.0,-282.69923103174676,28.763530324142792
3099.5,-283.1008620797235,29.06045400081892
3100.0,-283.5031765526467,29.356476670107767
3100.5,-283.90612411181814,29.65166188305265
3101.0,-284.3096891126618,29.946027829481878
3101.5,-284.7138575291814,30.239589154450968
3102.0,-285.1186605538033,30.53229766432686
3102.5,-285.5240427146847,30.824222037726937
3103.0,-285.9299718707506,31.11540316100368
3103.5,-286.3364454703756,31.405841171509636
3104.0,-286.74345902505434,31.695539113382914
3104.5,-287.1510426618712,31.984450431737145
3105.0,-287.5591908332768,32.27257992542253
3105.5,-287.96785948410053,32.55998618261882
3106.0,-288.37702763896164,32.846692403559594
3106.5,-288.7866831913098,33.132712816152846
3107.0,-289.19682018664116,33.41805233758491
3107.5,-289.6074921630909,33.70263728939139
3108.0,-290.01864821774524,33.986536623355946
3108.5,-290.4302867494927,34.2697530598297
3109.0,-290.84239786041076,34.55229959013216
3109.5,-291.25497014069754,34.83418759100681
3110.0,-291.66800707305254,35.11541112740571
3110.5,-292.0815528572232,35.3959078516568
3111.0,-292.4955748740033,35.67571956895643
3111.5,-292.9100634541072,35.95485988077968
3112.0,-293.3250048159388,36.233347521701646
3112.5,-293.7403782826536,36.51120712187546
3113.0,-294.15617311260706,36.78845296924385
3113.5,-294.5723799736547,37.065098427790524
3114.0,-294.98902182647976,37.34110775221241
3114.5,-295.40605167627064,37.61654691981977
3115.0,-295.8234443750028,37.891450948393775
3115.5,-296.2411768994446,38.165848121786084
3116.0,-296.6592375820244,38.43975232270881
3116.5,-297.0776229841964,38.71316704045118
3117.0,-297.49632989527936,38.986097718363055
3117.5,-297.9153566221006,39.258545044221464
3118.0,-298.3347222478114,39.53048014200969
3118.5,-298.7543914978724,39.80195468783465
3119.0,-299.17435419096313,40.07298071805372
3119.5,-299.5946122010676,40.343558203310884
3120.0,-300.01516524082643,40.61368901817636
3120.5,-300.43600755707473,40.883382265477444
3121.0,-300.8571299121274,41.1526527428137
3121.5,-301.2785153720881,41.42152571129879
3122.0,-301.7001484489589,41.69002304937718
3122.5,-302.12203098965114,41.95814047529568
3123.0,-302.54413217949434,42.225926480909294
3123.5,-302.966441521102,42.493397883946116
3124.0,-303.3889470067135,42.760572492387105
3124.5,-303.8116328526663,43.027474183394006
3125.0,-304.2344815426554,43.294128142278346
3125.5,-304.6574785913767,43.56055583265847
3126.0,-305.080610883617,43.82677733436463
3126.5,-305.50386813204096,44.09280767251211
3127.0,-305.9272430206101,44.3586604663412
3127.5,-306.35072669021594,44.62434899991706
3128.0,-306.774309313017,44.88988730747025
3128.5,-307.1979812431064,45.15528917502565
3129.0,-307.621730892594,45.42057330241722
3129.5,-308.04555376989157,45.68574541884817
3130.0,-308.4694481375731,45.95080998214526
3130.5,-308.89340996155295,46.215773786776616
3131.0,-309.31743589566526,46.48064234176212
3131.5,-309.74152317373415,46.7454200740245
3132.0,-310.16566753102444,47.01011349096251
3132.5,-310.58986480023776,47.27472811942624
3133.0,-311.0141136838416,47.53926545939013
3133.5,-311.4384140111427,47.80372638079152
3134.0,-311.86276421935935,48.068113838216924
3134.5,-312.2871647025881,48.33242739970522
3135.0,-312.71161593744614,48.59666657656768
3135.5,-313.1361166778471,48.86083252941418
3136.0,-313.56066556274914,49.124926147775945
3136.5,-313.98525700081285,49.388955131577816
3137.0,-314.40988768335166,49.65292408525096
3137.5,-314.8345574804889,49.916832937522905
3138.0,-315.25926531771455,50.18068298635427
3138.5,-315.68401339861384,50.44447049899269
3139.0,-316.1087988914651,50.70820002179305
3139.5,-316.5336167579635,50.97187906679994
3140.0,-316.95846474412554,51.23551084755744
3140.5,-317.3833419774713,51.499096904083714
3141.0,-317.80824519304906,51.762642263859256
3141.5,-318.23316942817473,52.02615468300582
3142.0,-318.65811028631646,52.289641033638226
3142.5,-319.0830637122996,52.55310745302267
3143.0,-319.5080259784972,52.8165594713952
3143.5,-319.9329925499038,53.0800037239747
3144.0,-320.35795725295463,53.3434492976344
3144.5,-320.78291354747677,53.60690551765232
3145.0,-321.207855535332,53.87038058466455
3145.5,-321.63277775068207,54.133881977491704
3146.0,-322.0576766462254,54.39741471552792
3146.5,-322.48254896960196,54.66098394893465
3147.0,-322.9073923503536,54.92459340798161
3147.5,-323.3322013116914,55.18825118223919
3148.0,-323.7569720184847,55.45196254095313
3148.5,-324.18170094705556,55.71573452654409
3149.0,-324.60638496842864,55.97957216401202
3149.5,-325.0310278254896,56.24347035022725
3150.0,-325.45563245371113,56.50742677953126
3150.5,-325.8802005803589,56.77143950376146
3151.0,-326.3047328715547,57.0355089244394
3151.5,-326.72922807415233,57.29963770546928
3152.0,-327.1536840223252,57.56382829067753
3152.5,-327.57810119242777,57.82808015539012
3153.0,-328.00247832269,58.09239489798799
3153.5,-328.4268115684916,58.35677687476718
3154.0,-328.85109979677935,58.621226603853984
3154.5,-329.2753440395227,58.88574151427563
3155.0,-329.6995429730662,59.15032206126842
3155.5,-330.1236976768786,59.41496644084546
3156.0,-330.5478098840075,59.679670341865254
3156.5,-330.9718812255469,59.94442802865898
3157.0,-331.3959106003083,60.2092390728908
3157.5,-331.8199059899159,60.474090762511466
3158.0,-332.2438768489594,60.73896841664463
3158.5,-332.66783023447385,61.00386382056633
3159.0,-333.09177304014884,61.26876849589345
3159.5,-333.51571243241733,61.533671001283146
3160.0,-333.9396529237524,61.79856308373428
3160.5,-334.3636009947122,62.06343573164633
3161.0,-334.78756453323024,62.32827990101034
3161.5,-335.2115436023337,62.59310011195621
3162.0,-335.63554223024556,62.8578940240674
3162.5,-336.0595652337137,63.122652919877744
3163.0,-336.4836159633294,63.387367994223794
3163.5,-336.9076975368965,63.65203301807719
3164.0,-337.3318132431532,63.91664503786467
3164.5,-337.75596533221926,64.18120221891114
3165.0,-338.1801591014992,64.44569771986545
3165.5,-338.60440136616336,64.71011910569715
3166.0,-339.0287024267539,64.97445023619278
3166.5,-339.45306545139505,65.23868384791348
3167.0,-339.87749752361833,65.50280795947192
3167.5,-340.30200322418807,65.7668129254924
3168.0,-340.72659093730806,66.03068392529354
3168.5,-341.1512709653796,66.29439930858271
3169.0,-341.5760661161577,66.5579208401065
3169.5,-342.00097172135855,66.82125574779812
3170.0,-342.42599315151057,67.0843941522539
3170.5,-342.85113368819077,67.34732733344046
3171.0,-343.27639758888085,67.61004980492183
3171.5,-343.70180117563086,67.87253072234074
3172.0,-344.1273351484356,68.13478804300814
3172.5,-344.55299564375804,68.39682765283051
3173.0,-344.97877974171445,68.65865659042689
3173.5,-345.40468783669877,68.92027484722452
3174.0,-345.8307353388263,69.18165915219005
3174.5,-346.2569016494773,69.44284452022222
3175.0,-346.6831841366795,69.70383796635319
3175.5,-347.1095818827318,69.96464040741529
3176.0,-347.5361098257217,70.22522747545172
3176.5,-347.9627535523942,70.48562129758392
3177.0,-348.3895065935567,70.74583055461646
3177.5,-348.8163636288622,71.0058636795501
3178.0,-349.2433351585372,71.26570407815743
3178.5,-349.67040364545346,71.52537661500983
3179.0,-350.09756198563105,71.78489412268277
3179.5,-350.5248067370593,72.04426140954723
3180.0,-350.9521450065225,72.30346213581703
3180.5,-351.37955477414397,72.56253117652612
3181.0,-351.807034615725,72.8214752135137
3181.5,-352.23458281800987,73.08029357579356
3182.0,-352.6621944168375,73.33899781458902
3182.5,-353.0898622067266,73.59760120061893
3183.0,-353.5175885055017,73.85610294854332
3183.5,-353.9453769339638,74.1144955914879
3184.0,-354.3732213180558,74.37279368791546
3184.5,-354.8011231871235,74.63099675606341
3185.0,-355.2291007459249,74.88907356307797
3185.5,-355.6571437858798,75.14703703716411
3186.0,-356.0852495165567,75.40489139232126
3186.5,-356.5134291128329,75.66262031436767
3187.0,-356.94167157681886,75.92024286943824
3187.5,-357.3699819155888,76.17775054112022
3188.0,-357.79836826287965,76.43512730720067
3188.5,-358.22681127057933,76.69240580980667
3189.0,-358.65531117332284,76.94958500669564
3189.5,-359.08387185875443,77.20666007508217
3190.0,-359.5124819450654,77.46365112887206
3190.5,-359.94114263249037,77.72055421827712
3191.0,-360.36984209227256,77.97738700131318
3191.5,-360.7985705884076,78.23416781762789
3192.0,-361.2273264785082,78.49089983174447
3192.5,-361.65609922652396,78.74760116347196
3193.0,-362.08488876338026,79.00427473262788
3193.5,-362.5136917742878,79.26092533852845
3194.0,-362.9425035723319,79.51756020009583
3194.5,-363.37132102740446,79.7741832163213
3195.0,-363.80014223871297,80.03080132020338
3195.5,-364.2289685237407,80.28741345887751
3196.0,-364.65779758246117,80.54402408977629
3196.5,-365.0866274100596,80.80063682874335
3197.0,-365.51545610366304,81.05725352489165
3197.5,-365.9442804351199,81.31387684538714
3198.0,-366.3730965716218,81.5705150933328
3198.5,-366.8019020735846,81.82717050166293
3199.0,-367.2306896819763,82.08385185426968
3199.5,-367.6594656563462,82.34055240498247
3200.0,-368.08822502006706,82.59728139567227
3200.5,-368.51697163368254,82.85403522393392
3201.0,-368.94570588196325,83.11081615009262
3201.5,-369.37442482034527,83.36762190737153
3202.0,-369.8031163220831,83.62446597200625
3202.5,-370.2317785999579,83.88134857864668
3203.0,-370.66040710537663,84.13827321931836
3203.5,-371.08900854876197,84.39523638510477
3204.0,-371.51758026869527,84.65224347870374
3204.5,-371.94612807123104,84.90929021910962
3205.0,-372.3746543348393,85.16637704996228
3205.5,-372.8031585368428,85.42350178947682
3206.0,-373.2316440630835,85.68065983694255
3206.5,-373.66010520054385,85.93786196422928
3207.0,-374.0885449124715,86.19510093565887
3207.5,-374.5169639222605,86.45237722179198
3208.0,-374.9453730235253,86.70967395132229
3208.5,-375.3737743453245,86.96698157772032
3209.0,-375.8021687041295,87.22429697836901
3209.5,-376.230559998526,87.48161695678513
3210.0,-376.6589549358871,87.73893491144383
3210.5,-377.0873601829274,87.99624001739443
3211.0,-377.5157785063127,88.25352245481035
3211.5,-377.94421186682376,88.51077396547407
3212.0,-378.3726634995972,88.767985159583
3212.5,-378.80113960509607,89.02515265672831
3213.0,-379.22964485691773,89.28228071803404
3213.5,-379.6581750555773,89.53937926930362
3214.0,-380.0867229376287,89.79645612226076
3214.5,-380.51528609189097,90.05351110577499
3215.0,-380.94385903858654,90.31055176495768
3215.5,-381.37243899249665,90.56758599024171
3216.0,-381.8010244051696,90.82461452977645
3216.5,-382.22961397864196,91.08164592967682
3217.0,-382.6581975531266,91.33869020110416
3217.5,-383.08676822516196,91.59575246936063
3218.0,-383.51532662074493,91.8528299991078
3218.5,-383.9438736791258,92.10992448908058
3219.0,-384.37240893726505,92.36703624515583
3219.5,-384.80093932196735,92.62416271734661
3220.0,-385.22946782998974,92.88130025267738
3220.5,-385.6579970825041,93.13843743112457
3221.0,-386.086535509669,93.39555781651777
3221.5,-386.5150859856297,93.65265877469137
3222.0,-386.9436533454884,93.9097293091676
3222.5,-387.3722476069783,94.16675422049194
3223.0,-387.8008817698282,94.42371803892125
3223.5,-388.22956313176974,94.68060666973643
3224.0,-388.65829366363545,94.93741777028764
3224.5,-389.08708293863265,95.1941389966038
3225.0,-389.515934684714,95.45076323725658
3225.5,-389.9448462691506,95.7072871532543
3226.0,-390.37381880029096,95.9637064456777
3226.5,-390.80285130250405,96.22003230024094
3227.0,-391.2319394794958,96.47627293602606
3227.5,-391.6610852809922,96.7324279395028
3228.0,-392.0902893265021,96.9885006903848
3228.5,-392.51954706082,97.24448580946897
3229.0,-392.9488580966981,97.50037691799362
3229.5,-393.3782203924103,97.75617526620914
3230.0,-393.807643520168,98.01186727664762
3230.5,-394.2371412608212,98.26742844028234
3231.0,-394.6667233426026,98.52285663558874
3231.5,-395.09640538986525,98.77812768615303
3232.0,-395.5262027844966,99.0332159494199
3232.5,-395.9561321055254,99.28808629186268
3233.0,-396.38621634285295,99.5426948311439
3233.5,-396.8164697974224,99.79700936912592
3234.0,-397.24690665548053,100.05101320369373
3234.5,-397.6775389144561,100.30469559492312
3235.0,-398.10837983038914,100.55803048160575
3235.5,-398.5394443355995,100.81098991320395
3236.0,-398.9707339770379,101.0635691558001
3236.5,-399.40224783042623,101.31577273758101
3237.0,-399.8339887762419,101.56759519002374
3237.5,-400.26596262426636,101.81902396063508
3238.0,-400.69816368847455,102.07007100860666
3238.5,-401.13059696624634,102.32072386115523
3239.0,-401.5632544187424,102.57099852767466
3239.5,-401.99613542466204,102.82090075416465
3240.0,-402.4292499335824,103.0704096751976
3240.5,-402.8626013416341,103.31951290550181
3241.0,-403.29618960943634,103.56820934853233
3241.5,-403.7300185049777,103.81649426862049
3242.0,-404.1640899734006,104.06436593821061
3242.5,-404.5984126571543,104.3118076286834
3243.0,-405.032997430783,104.55879259121627
3243.5,-405.467845396738,104.80531412891878
3244.0,-405.90295798864173,105.05136202398945
3244.5,-406.33832963529187,105.29695211907485
3245.0,-406.77395757609196,105.54209999830981
3245.5,-407.2098491762374,105.78679203967594
3246.0,-407.64600853378386,106.03102383361896
3246.5,-408.08244730509045,106.27476747848044
3247.0,-408.51918663797056,106.51797380207405
3247.5,-408.95622714084215,106.76064137788067
3248.0,-409.3935611318369,107.00279423478777
3248.5,-409.83120087639446,107.24440424306756
3249.0,-410.2691610395155,107.4854405617138
3249.5,-410.7074587149761,107.725863451472
3250.0,-411.14610553582276,107.96564394309402
3250.5,-411.585101005708,108.20478165077886
3251.0,-412.02445261981717,108.44327320084071
3251.5,-412.4641715569936,108.6811038515387
3252.0,-412.9042955244737,108.91820124870922
3252.5,-413.34489035999246,109.15442252901425
3253.0,-413.78599826928723,109.38967433307494
3253.5,-414.2276470553542,109.62389053292839
3254.0,-414.6698507859567,109.8570370190372
3254.5,-415.1126211334768,110.08909881048007
3255.0,-415.55591431611754,110.32017969927455
3255.5,-415.999743703878,110.55025342933901
3256.0,-416.4441440474165,110.7792417860866
3256.5,-416.8891664344292,111.00702086612782
3257.0,-417.33484556604196,111.23350475958314
3257.5,-417.78118712846265,111.45866067941328
3258.0,-418.22818843520565,111.6824870237238
3258.5,-418.6758557489538,111.90497670153502
3259.0,-419.12422154784923,112.12606948623605
3259.5,-419.5733342314077,112.34564936376987
3260.0,-420.02326587200866,112.56354917888078
3260.5,-420.4740877871073,112.77960020454552
3261.0,-420.9258243818525,112.99374076039457
3261.5,-421.37851557649145,113.20586706461447
3262.0,-421.83226685852617,113.41572659425952
3262.5,-422.2872438465937,113.6229170816067
3263.0,-422.7435006535689,113.82726275605299
3263.5,-423.2010680280167,114.0286342460631
3264.0,-423.6599064119905,114.22709337269829
3264.5,-424.1200349459974,114.42255994559348
3265.0,-424.5815151331247,114.6148241151531
3265.5,-425.04439440941036,114.80370542537048
3266.0,-425.5087864154547,114.98884615128586
3266.5,-425.9746564676312,115.17023346297047
3267.0,-426.4419953889529,115.34779944328263
3267.5,-426.9109056487339,115.52116721857188
3268.0,-427.38138269147134,115.69021497426446
3268.5,-427.8533867983941,115.85492815504894
3269.0,-428.3269263296142,116.01515590635667
3269.5,-428.801859742144,116.17120410978085
3270.0,-429.27809453432525,116.3232557968284
3270.5,-429.75567937024994,116.47103823904673
3271.0,-430.23456958840126,116.61455778449503
3271.5,-430.71477653934096,116.75361448357783
3272.0,-431.1964051425195,116.88764731147228
3272.5,-431.6793456086067,117.01683874596752
3273.0,-432.16354275036446,117.1412088502153
3273.5,-432.648974466442,117.2606672199441
3274.0,-433.1355225815906,117.3755217380002
3274.5,-433.62324449042103,117.48532393325937
3275.0,-434.1121674314027,117.58967286144902
3275.5,-434.60228397713684,117.68826109402556
3276.0,-435.0936519589711,117.78038113555802
3276.5,-435.58612630881913,117.86636542595787
3277.0,-436.07963793959095,117.94618869359938
3277.5,-436.57413165024076,118.01971349459626
3278.0,-437.0695217992331,118.08697492134056
3278.5,-437.56584388315315,118.14699044392223
3279.0,-438.062987099367,118.1997600089741
3279.5,-438.5608966976883,118.2447234899919
3280.0,-439.05944712912384,118.28195315572685
3280.5,-439.5585382699538,118.31110495714333
3281.0,-440.058064108323,118.33153018193133
3281.5,-440.55787266149116,118.34313764949476
3282.0,-441.0578127399544,118.34518143358906
3282.5,-441.55771460126846,118.33839434629753
3283.0,-442.05740740144773,118.32219044895628
3283.5,-442.55674373629563,118.29718830259895
3284.0,-443.0554843929509,118.26221165532674
3284.5,-443.55345044479066,118.2175415031565
3285.0,-444.0502977238795,118.16180795735
3285.5,-444.54587292144595,118.09572921349913
3286.0,-445.0398929325225,118.01886869108743
3286.5,-445.53227490700175,117.9321070692659
3287.0,-446.0227867464783,117.83529588171182
3287.5,-446.5111840124528,117.72831901035242
3288.0,-446.9971561069517,117.61079990837806
3288.5,-447.4804265387496,117.48261848747487
3289.0,-447.9608198204934,117.34403779393628
3289.5,-448.4378050038476,117.19414846739136
3290.0,-448.9110248957199,117.03277972864014
3290.5,-449.38013517642736,116.85983009731191
3291.0,-449.84471312549704,116.67505082593637
3291.5,-450.30503507743407,116.47990585334892
3292.0,-450.7609149703168,116.27458285348588
3292.5,-451.2119049095418,116.05872480803792
3293.0,-451.65764306617007,115.83222841328836
3293.5,-452.0973722278145,115.59428130270626
3294.0,-452.53015730209,115.34393102609693
3294.5,-452.95521912974823,115.0807020889984
3295.0,-453.3724757382993,114.80528469537308
3295.5,-453.78255418015016,114.51927831475058
3296.0,-454.1861455894677,114.22416477109893
3296.5,-454.58297552088334,113.92000902921657
3297.0,-454.97218799172913,113.60617235227949
3297.5,-455.35263183141075,113.28176913467505
3298.0,-455.72423708093254,112.9472818290926
3298.5,-456.08722986836506,112.60346984726647
3299.0,-456.4420743950974,112.25125310077938
3299.5,-456.78947822961544,111.89169373011374
3300.0,-457.1295977091518,111.52523601839786
3300.5,-457.46264982623984,111.15234234201735
3301.0,-457.7892914260261,110.77381942392499
3301.5,-458.1101609225402,110.39039744069007
3302.0,-458.42579300244665,110.00266099417826
3302.5,-458.73662079541907,109.61107331095944
3303.0,-459.04316413918093,109.21612790467235
3303.5,-459.3460036966129,108.8183341330754
3304.0,-459.645145545125,108.41775302205133
3304.5,-459.940503514414,108.0143743746979
3305.0,-460.2321465426729,107.60830478816635
3305.5,-460.5197644045717,107.19938438347722
3306.0,-460.80328169235213,106.78762464134763
3306.5,-461.08306150261257,106.37332548107246
3307.0,-461.3590330980737,105.95648634301425
3307.5,-461.6315537991222,105.53738369452863
3308.0,-461.9005081477942,105.11598101331684
3308.5,-462.16601428066406,104.69240110360802
3309.0,-462.4279386274868,104.26660905851382
3309.5,-462.6867349519935,103.83892316978748
3310.0,-462.9426009292985,103.40948943601119
3310.5,-463.1959102849956,102.97855666817124
3311.0,-463.4466324943139,102.54613015160675
3311.5,-463.69499127143973,102.11235774713458
3312.0,-463.9410575682743,101.67729667822759
3312.5,-464.18491623319375,101.24100576739295
3313.0,-464.42682305644115,100.80363050205584
3313.5,-464.66665604001486,100.3651198312674
3314.0,-464.9043603721347,99.9254615195554
3314.5,-465.1400364286178,99.48472089798034
3315.0,-465.3735593223104,99.04285199273957
3315.5,-465.6047792736639,98.59979617589266
3316.0,-465.8339222017776,98.15567649167349
3316.5,-466.0610366681718,97.71052414392649
3317.0,-466.2861799229903,97.26437079823424
3317.5,-466.50939315455264,96.81723928172043
3318.0,-466.7305948056395,96.36910241483685
3318.5,-466.9496591258397,95.91992696069035
3319.0,-467.1665658733849,95.46972851131615
3319.5,-467.3813677657483,95.01855752901142
3320.0,-467.5943145587834,94.5665353907158
3320.5,-467.8056655969664,94.11377141165252
3321.0,-468.01551203145,93.66030626667074
3321.5,-468.2238394018941,93.20613871499248
3322.0,-468.4306329755075,92.75127313816668
3322.5,-468.63579794905786,92.29568909727867
3323.0,-468.83931021191904,91.83939435567473
3323.5,-469.04127478696824,91.38244090020238
3324.0,-469.24180883426374,90.92487726095561
3324.5,-469.44097894978967,90.46672631718506
3325.0,-469.6388256852688,90.00800674100182
3325.5,-469.8353373394563,89.54871897977314
3326.0,-470.0304436241792,89.08885051161498
3326.5,-470.2240822356035,88.62839217119546
3327.0,-470.41637422114115,88.16739819891507
3327.5,-470.6074499999756,87.70591661170614
3328.0,-470.7974064342845,87.24398505349023
3328.5,-470.9862950708316,86.78162467013988
3329.0,-471.1741122710158,86.31884620036259
3329.5,-471.36085895176603,85.85565663320493
3330.0,-471.54656544834916,85.3920690424546
3330.5,-471.7312720739621,84.92809772626882
3331.0,-471.91502421472165,84.46376194387463
3331.5,-472.0979205088287,83.99909713046226
3332.0,-472.27997489760037,83.53411832651685
3332.5,-472.46121172914553,83.06884223061242
3333.0,-472.64166980655807,82.60328996079524
3333.5,-472.821358516359,82.13746740725155
3334.0,-473.0003489040913,81.67140529639298
3334.5,-473.1787051226666,81.2051244536011
3335.0,-473.35648943159924,80.73864458395197
3335.5,-473.53372207121856,80.27196708068922
3336.0,-473.7104251460168,79.8051080980025
3336.5,-473.88661564006964,79.3380782433375
3337.0,-474.0622892396055,78.8708816659918
3337.5,-474.2374088210837,78.40350689756875
3338.0,-474.4120705323259,77.93597841437514
3338.5,-474.5863132229662,77.468307287926
3339.0,-474.76010117627374,77.00049452221882
3339.5,-474.9334922257229,76.53257153072057
3340.0,-475.1065309335213,76.06455462603434
3340.5,-475.2792101769691,75.59644357612017
3341.0,-475.4516014953652,75.12824868469548
3341.5,-475.6237472838112,74.65997085738533
3342.0,-475.795612495052,74.19160078025372
3342.5,-475.9672379179384,73.72315635082496
3343.0,-476.1386246008459,73.25464391299738
3343.5,-476.3097769193152,72.78606371519585
3344.0,-476.4807303125675,72.31743305053698
3344.5,-476.6514904561788,71.84875410429267
3345.0,-476.82210757870394,71.38004268835294
3345.5,-476.9926146840614,70.9113039959758
3346.0,-477.16304011607184,70.44253950000667
3346.5,-477.33341660093055,69.9737501332072
3347.0,-477.50374548529334,69.50494429535716
3347.5,-477.6740372049356,69.03612940433031
3348.0,-477.84428889345537,68.56731568815518
3348.5,-478.014500825686,68.0985076342484
3349.0,-478.1846837327421,67.62970755938748
3349.5,-478.35483128856237,67.16091369083685
3350.0,-478.52494583946765,66.69212080109362
3350.5,-478.6950278096747,66.22331622297966
3351.0,-478.86507576506665,65.75450442236502
3351.5,-479.03507953495216,65.285680816444
3352.0,-479.20502794757437,64.81684604722676
3352.5,-479.3749220189742,64.34800458731787
3353.0,-479.5447550215391,63.87914547875678
3353.5,-479.71453183532293,63.41026151520635
3354.0,-479.8842464837253,62.941338647912154
3354.5,-480.053900320556,62.4723810088014
3355.0,-480.22346759166896,62.003381645338536
3355.5,-480.3929501438331,61.53436184469878
3356.0,-480.5623270792556,61.06529784107131
3356.5,-480.7316170630646,60.596192538100446
3357.0,-480.90078885189945,60.12702893929371
3357.5,-481.0698545350095,59.657818037895225
3358.0,-481.2387826412624,59.18854687081802
3358.5,-481.4075663992294,58.71922650662923
3359.0,-481.57616983048047,58.24984349397572
3359.5,-481.7446080100819,57.780402606854494
3360.0,-481.9128353228706,57.31089359634633
3360.5,-482.0808150724569,56.84130477724618
3361.0,-482.2485439116721,56.37163349806583
3361.5,-482.41597245212563,55.90186956822669
3362.0,-482.58312842429,55.43202040732278
3362.5,-482.74994315527533,54.9620701338176
3363.0,-482.9164710258922,54.49203161679301
3363.5,-483.0826927966699,54.02189715293582
3364.0,-483.24863790294046,53.55166143546555
3364.5,-483.41433914049304,53.08133691356754
3365.0,-483.57975042901575,52.61090909274589
3365.5,-483.7449307555518,52.14039758822348
3366.0,-483.90985749224825,51.669792923887
3366.5,-484.0745192186042,51.19909144258208
3367.0,-484.2389457064247,50.728301274221906
3367.5,-484.40308431217267,50.257400100590445
3368.0,-484.56694232295155,49.78639860208607
3368.5,-484.73051366877297,49.315296885472776
3369.0,-484.89371671210995,48.844074183683915
3369.5,-485.0565718637587,48.372737699925835
3370.0,-485.2190557913926,47.90127623708776
3370.5,-485.38112848527425,47.429672148110946
3371.0,-485.54283400735955,46.95793801070982
3371.5,-485.704144640925,46.48606524560687
3372.0,-485.86499508799585,46.0140414580697
3372.5,-486.025433560931,45.54188650802298
3373.0,-486.18545753276214,45.06959408989237
3373.5,-486.34503205573867,44.59714795056156
3374.0,-486.50421922970537,44.124566959174196
3374.5,-486.66301660755556,43.65184509533754
3375.0,-486.82131857970353,43.17895019814003
3375.5,-486.97916721514,42.70590224384746
3376.0,-487.1365323374831,42.232691823121314
3376.5,-487.2933222592893,41.75929459144445
3377.0,-487.4495515783772,41.28571442084675
3377.5,-487.60524488182483,40.81196281717097
3378.0,-487.76039308971735,40.33803286553689
3378.5,-487.9149471179042,39.86390820268227
3379.0,-488.068970571991,39.389611355769375
3379.5,-488.2224528126633,38.915141653771
3380.0,-488.37532401297375,38.44047363491612
3380.5,-488.52757765101404,37.965613002663574
3381.0,-488.6792532823956,37.4905695703953
3381.5,-488.83035476771477,37.015341692406935
3382.0,-488.98080613269906,36.53990455220003
3382.5,-489.1306720074624,36.064271309191206
3383.0,-489.2799011742951,35.588429729376735
3383.5,-489.42843155504954,35.112370532447365
3384.0,-489.5761590714079,34.63606202078846
3384.5,-489.72318431329927,34.15953101062005
3385.0,-489.8695070117751,33.68277801075616
3385.5,-490.01513117195725,33.20580344099352
3386.0,-490.1599627837716,32.72857441135058
3386.5,-490.30407692499165,32.25111982308067
3387.0,-490.44745599793407,31.773439508567836
3387.5,-490.5900623808449,31.295518534261014
3388.0,-490.7317248628108,30.817314717836354
3388.5,-490.8724715257593,30.338842648637016
3389.0,-491.0123135390972,29.860109167993762
3389.5,-491.15123225236334,29.381114979843456
3390.0,-491.28916240835343,28.901843176737525
3390.5,-491.4261203879647,28.42229779144092
3391.0,-491.5621875968279,27.9425002953653
3391.5,-491.69732969202005,27.4624480564108
3392.0,-491.8315258897649,26.982140133412944
3392.5,-491.9646482725446,26.50154241293648
3393.0,-492.0968582043959,26.02069372760257
3393.5,-492.228160629107,25.53959175721939
3394.0,-492.35854911715586,25.058234560494213
3394.5,-492.48794222150474,24.57660160384848
3395.0,-492.6161974306514,24.094661268004714
3395.5,-492.74338227884203,23.61243519456654
3396.0,-492.86947694120056,23.129917861438276
3396.5,-492.9944394202509,22.647097231700695
3397.0,-493.11815090259637,22.163951029390283
3397.5,-493.240385201619,21.68043008147069
3398.0,-493.3612461926822,21.196565727137195
3398.5,-493.48069112250573,20.71235290390661
3399.0,-493.59869457174057,20.227789342387762
3399.5,-493.71524002564746,19.7428735733124
3400.0,-493.83013167356347,19.25756740423421
3400.5,-493.9434299744517,18.771894328003278
3401.0,-494.05518248975693,18.285867868448413
3401.5,-494.165374808584,17.799490993553167
3402.0,-494.27401805652937,17.31276905701766
3402.5,-494.38114400381596,16.825711212373665
3403.0,-494.48656429044496,16.338277415015682
3403.5,-494.5903400099997,15.850494239962261
3404.0,-494.6924748418998,15.362367363653629
3404.5,-494.79288123196983,14.873886376148286
3405.0,-494.8914909519779,14.385049749893865
3405.5,-494.9882880808116,13.895856785691938
3406.0,-495.08318033625477,13.406298159406363
3406.5,-495.1761859144777,12.916383833315624
3407.0,-495.26733429957807,12.426124534543389
3407.5,-495.356624952593,11.935531697683048
3408.0,-495.4439044863723,11.444592933888732
3408.5,-495.5291349162234,10.95331601411553
3409.0,-495.6123905722714,10.461715710841755
3409.5,-495.69364042470926,9.969785397342559
3410.0,-495.772952869828,9.47754442061715
3410.5,-495.85041707078085,8.985012227067811
3411.0,-495.92597913288785,8.492189362572159
3411.5,-495.999551003983,7.9990807378224416
3412.0,-496.0711784812854,7.505696649765682
3412.5,-496.14091907952167,7.012044819519933
3413.0,-496.2087823181868,6.518133426625211
3413.5,-496.2746130529872,6.023950003049072
3414.0,-496.33852798831657,5.529522195764854
3414.5,-496.40042288332944,5.034851337104195
3415.0,-496.46022948463656,4.5399449314620535
3415.5,-496.51790815393,4.044807167226936
3416.0,-496.5734215174337,3.5494454216159754
3416.5,-496.62674197293626,3.053868629413093
3417.0,-496.67786135121764,2.558085194864112
3417.5,-496.7266257966563,2.062090841841698
3418.0,-496.773029960199,1.5659023879788574
3418.5,-496.8172468067064,1.0695399281285112
3419.0,-496.8592967214194,0.5730127318391044
3419.5,-496.89922766468385,0.0763380924255575
3420.0,-496.93716687966884,-0.4204712105172617
3420.5,-496.9732493310403,-0.9174054444549915
3421.0,-497.0075578282671,-1.4144543480123661
3421.5,-497.04019522338655,-1.911609347704463
3422.0,-497.071227754963,-2.4088680976295627
3422.5,-497.1005575885876,-2.906228756555603
3423.0,-497.1282805186935,-3.4036766264319787
3423.5,-497.15440991536474,-3.9012080086560776
3424.0,-497.17897998781365,-4.39881619066428
3424.5,-497.2019924193898,-4.89649561734806
3425.0,-497.2234576661893,-5.394240040729387
3425.5,-497.243344616396,-5.89204326506389
3426.0,-497.2616273311498,-6.389895004825974
3426.5,-497.27827943076784,-6.887788438317455
3427.0,-497.2932880991511,-7.385716484557657
3427.5,-497.3066210724934,-7.8836721679286965
3428.0,-497.3181790621769,-8.3816481979258
3428.5,-497.3279961654754,-8.87963277202334
3429.0,-497.33614659461654,-9.377618609622484
3429.5,-497.3426872777523,-9.875603771421856
3430.0,-497.3476805861555,-10.373587936141305
3430.5,-497.3511397097129,-10.871568233434347
3431.0,-497.35306783317577,-11.369537564325016
3431.5,-497.353486136597,-11.867492893843824
3432.0,-497.3524298301425,-12.365432792237518
3432.5,-497.3499392028072,-12.863356025962087
3433.0,-497.34607246515424,-13.361263660724758
3433.5,-497.34081195846267,-13.859156541156809
3434.0,-497.334152437732,-14.357025119406423
3434.5,-497.3261057599248,-14.854869689448677
3435.0,-497.3166127786541,-15.352685052826033
3435.5,-497.30572098795926,-15.850472164358687
3436.0,-497.2934268578783,-16.34822584053504
3436.5,-497.27968164148103,-16.845938556878966
3437.0,-497.26444234515725,-17.343601317665335
3437.5,-497.2476764787367,-17.841206057662216
3438.0,-497.2293838322369,-18.33874601633728
3438.5,-497.20956243090274,-18.836218677841092
3439.0,-497.1881831639147,-19.333615671228632
3439.5,-497.1652442475001,-19.830930569765606
3440.0,-497.1407520382091,-20.328159474234276
3440.5,-497.1147160297696,-20.82529716906062
3441.0,-497.0871397142644,-21.32233903344242
3441.5,-497.0579887837732,-21.81927811955531
3442.0,-497.0272399627997,-22.31610144597349
3442.5,-496.9949050384504,-22.812804375275356
3443.0,-496.96101709655835,-23.30938970389845
3443.5,-496.9256327122474,-23.80586051264282
3444.0,-496.8887634546798,-24.30221841529889
3444.5,-496.85035730585946,-24.79845095613322
3445.0,-496.81040797530045,-25.294549602843745
3445.5,-496.76893536339355,-25.79050747099043
3446.0,-496.72598395758894,-26.28632696438475
3446.5,-496.6815993125408,-26.782013980830545
3447.0,-496.63580595192946,-27.277565067127803
3447.5,-496.58862607058376,-27.772979660256603
3448.0,-496.54004505601824,-28.268252065132206
3448.5,-496.4900558643078,-28.763374469777776
3449.0,-496.43866260914245,-29.258341871290526
3449.5,-496.38586789563976,-29.75315185786697
3450.0,-496.331659244409,-30.247798184274515
3450.5,-496.2760242397194,-30.74227286052625
3451.0,-496.2189820303927,-31.236576318797262
3451.5,-496.16053382622704,-31.730706060499898
3452.0,-496.10067070768946,-32.22465373384049
3452.5,-496.0394247249514,-32.71841695886795
3453.0,-495.9768384137613,-33.21200127222724
3453.5,-495.91293177296734,-33.70540902495889
3454.0,-495.8477043492414,-34.19863267056695
3454.5,-495.7811733137865,-34.69167288810314
3455.0,-495.7133782379064,-35.18453302014103
3455.5,-495.64439343542534,-35.67722461512473
3456.0,-495.57428508965717,-36.169762872618854
3456.5,-495.50306256038095,-36.662151093395536
3457.0,-495.43072591516955,-37.1543844773014
3457.5,-495.3572545342717,-37.64645606686904
3458.0,-495.2826874538746,-38.138364993516255
3458.5,-495.20708610510525,-38.63012614943161
3459.0,-495.13040806064237,-39.12173642837818
3459.5,-495.052547864405,-39.613161907229845
3460.0,-494.97349537110443,-40.10439630419901
3460.5,-494.8932237691643,-40.59543538139404
3461.0,-494.8116989492051,-41.08626079133083
3461.5,-494.72892584874324,-41.57686936125271
3462.0,-494.6449546017278,-42.067271209217715
3462.5,-494.55981974088587,-42.55746428127775
3463.0,-494.47360403008963,-43.04746543193192
3463.5,-494.38636704505075,-43.53728285172373
3464.0,-494.2982210087864,-44.02694035319084
3464.5,-494.2091875265146,-44.51644738364753
3465.0,-494.1193571971851,-45.00581163283073
3465.5,-494.0287793801101,-45.4950552248576
3466.0,-493.9374786774517,-45.984180557584075
3466.5,-493.8454854655597,-46.47319243047075
3467.0,-493.75284544459856,-46.96210734249358
3467.5,-493.65950534806916,-47.45090808176103
3468.0,-493.565368997764,-47.939561625923645
3468.5,-493.47041144753524,-48.428055863024895
3469.0,-493.3745974369022,-48.91638233988721
3469.5,-493.2779573363364,-49.40454387136306
3470.0,-493.1804699789964,-49.89253960334912
3470.5,-493.0821201099775,-50.38035317392706
3471.0,-492.98291701340185,-50.86798144338107
3471.5,-492.8828693331042,-51.35542509471339
3472.0,-492.78198928548676,-51.84268429433805
3472.5,-492.68029157383256,-52.329757465754895
3473.0,-492.57778061498936,-52.81663926029412
3473.5,-492.4744934700254,-53.303334695396735
3474.0,-492.37046508534064,-53.789858075159174
3474.5,-492.265759221736,-54.27623012030712
3475.0,-492.16042231727283,-54.762472693461575
3475.5,-492.05444831377247,-55.24858364185465
3476.0,-491.94785021606657,-55.73455468058549
3476.5,-491.8406507457477,-56.220393133325985
3477.0,-491.7328789889202,-56.7061135570675
3477.5,-491.6245679780839,-57.19172790744186
3478.0,-491.51573553083,-57.67724492669112
3478.5,-491.40640457672515,-58.16267185693957
3479.0,-491.2966114477092,-58.648024917263584
3479.5,-491.186336766605,-59.13330306509222
3480.0,-491.0755127623148,-59.61847456175885
3480.5,-490.9640829698715,-60.103511003211594
3481.0,-490.8520152781276,-60.588398017773194
3481.5,-490.73931725528564,-61.073136097686124
3482.0,-490.6260082443561,-61.55773128043866
3482.5,-490.5120879559838,-62.04218029291396
3483.0,-490.39756427329905,-62.5264786003449
3483.5,-490.28247239582595,-63.01063505719493
3484.0,-490.16684590351815,-63.494663916075574
3484.5,-490.0507025273183,-63.978571198034665
3485.0,-489.93405013574704,-64.46235293751
3485.5,-489.8168935197085,-64.94600013867172
3486.0,-489.69926122029165,-65.42951224384261
3486.5,-489.58119733973615,-65.91290318240232
3487.0,-489.4627377975019,-66.39618781414269
3487.5,-489.3439239388081,-66.87937956408516
3488.0,-489.2247820042386,-67.36249127368124
3488.5,-489.1053327364362,-67.8455312238099
3489.0,-488.9855969613314,-68.32850981858657
3489.5,-488.86558853862465,-68.81143271967903
3490.0,-488.74530258172797,-69.2942963651111
3490.5,-488.6247626661371,-69.777105953739
3491.0,-488.5039631667095,-70.25986270157429
3491.5,-488.38291484560426,-70.74256256370462
3492.0,-488.2616174570209,-71.22520946112616
3492.5,-488.1400774718432,-71.7078034874335
3493.0,-488.0182947899226,-72.19034362642023
3493.5,-487.8962659821152,-72.67282603062087
3494.0,-487.77397398666557,-73.15523751191017
3494.5,-487.6514140184442,-73.63756782002046
3495.0,-487.5285886926143,-74.11981811674335
3495.5,-487.4054967417314,-74.60198715756204
3496.0,-487.2821361279237,-75.0840653420153
3496.5,-487.1585038862875,-75.56604315578511
3497.0,-487.03460064807024,-76.04791197426292
3497.5,-486.9104401990389,-76.52967036067592
3498.0,-486.7860439286714,-77.01133432294715
3498.5,-486.6614253718103,-77.49291650673223
3499.0,-486.5365975452863,-77.97441225866456
3499.5,-486.41155882519973,-78.45581595031145
3500.0,-486.28633338313097,-78.93715921617647
3500.5,-486.1609274741339,-79.41845392222385
3501.0,-486.0353421116622,-79.89970650710373
3501.5,-485.90957821461103,-80.38092196521819
3502.0,-485.7836280396364,-80.86210174604953
3502.5,-485.6574878982799,-81.34324590440536
3503.0,-485.53115362351684,-81.82435540089584
3503.5,-485.404619121027,-82.30543376310654
3504.0,-485.27786966956404,-82.78648125616424
3504.5,-485.15088591735866,-83.26749300008736
3505.0,-485.023654136776,-83.74846537624657
3505.5,-484.89615401144994,-84.22939467264789
3506.0,-484.76837328526506,-84.7102736236191
3506.5,-484.64029011044244,-85.19109211374544
3507.0,-484.5118558639202,-85.67183542278073
3507.5,-484.3830714029308,-86.15250005284888
3508.0,-484.2539017438296,-86.63307683037353
3508.5,-484.12431664028776,-87.11354566553804
3509.0,-483.99429239502996,-87.59389958566845
3509.5,-483.86381082497036,-88.07412971644548
3510.0,-483.7328535191233,-88.5542227873302
3510.5,-483.60140384830703,-89.03416846590072
3511.0,-483.4694669950261,-89.51397018348776
3511.5,-483.33706420547156,-89.99364216723298
3512.0,-483.2041951561157,-90.47319147387257
3512.5,-483.07085329003456,-90.95261635794161
3513.0,-482.9370281674755,-91.43191482046193
3513.5,-482.8026386993153,-91.91106035849927
3514.0,-482.66770103301076,-92.39004750653076
3514.5,-482.5322051832347,-92.86887096748515
3515.0,-482.3961738373677,-93.34754152956612
3515.5,-482.2596254019223,-93.82607483045787
3516.0,-482.1225648280297,-94.30447761399942
3516.5,-481.98499859726917,-94.78275258411907
3517.0,-481.84691944176603,-95.26089756988135
3517.5,-481.7083020933105,-95.7389030362334
3518.0,-481.5691434390698,-96.21676286786898
3518.5,-481.42945755977576,-96.69448522361762
3519.0,-481.28921543061193,-97.17207283179489
3519.5,-481.148358408972,-97.64949503613326
3520.0,-481.0068866366731,-98.12674574498354
3520.5,-480.86476103017395,-98.60380637273796
3521.0,-480.721979507946,-99.08066856609851
3521.5,-480.578550388239,-99.55733956608738
3522.0,-480.4344779547506,-100.03382229428091
3522.5,-480.28975414835753,-100.5101082909491
3523.0,-480.1443732042063,-100.98619111102869
3523.5,-479.9983620556493,-101.46207999596014
3524.0,-479.8517385186675,-101.9377870543435
3524.5,-479.7044588311963,-102.41330354106636
3525.0,-479.55658032709056,-102.8886490156132
3525.5,-479.4081258892601,-103.36383065446029
3526.0,-479.25910370129066,-103.83885333476861
3526.5,-479.1095296274047,-104.3137246397848
3527.0,-478.95937579260925,-104.78843448995701
3527.5,-478.8086154190231,-105.26296736647362
3528.0,-478.657258521188,-105.7373206165876
3528.5,-478.5053051117144,-106.21149973687403
3529.0,-478.35276860736815,-106.68550962224407
3529.5,-478.19957054693504,-107.15932645072785
3530.0,-478.0457629585031,-107.63296140327981
3530.5,-477.89133418759445,-108.1064049210665
3531.0,-477.73626547068534,-108.57964725030197
3531.5,-477.580545246395,-109.05268161641999
3532.0,-477.424157429417,-109.52549923990236
3532.5,-477.26708251423076,-109.99808948363285
3533.0,-477.1093122883119,-110.47044584998518
3533.5,-476.9508558315898,-110.94257035328573
3534.0,-476.7916512550871,-111.41444167528364
3534.5,-476.631774054992,-111.88608330930448
3535.0,-476.4712595373257,-112.35751019744569
3535.5,-476.310129589055,-112.82872931749607
3536.0,-476.1484181151401,-113.29975599948219
3536.5,-475.98614084603975,-113.77060010354309
3537.0,-475.8233011747157,-114.24126291999835
3537.5,-475.65991447466524,-114.71174554955329
3538.0,-475.496003593147,-115.1820573448432
3538.5,-475.3315102018436,-115.65218684366064
3539.0,-475.1664751339347,-116.12214379453722
3539.5,-475.0009061402382,-116.59192768665513
3540.0,-474.8347998802575,-117.06153642329528
3540.5,-474.66816844265657,-117.53097657290488
3541.0,-474.50101468820577,-118.00025138275899
3541.5,-474.3333236151331,-118.46935491106241
3542.0,-474.1650783636753,-118.93827748489197
3542.5,-473.9962191655474,-119.40699432777983
3543.0,-473.82667949217034,-119.87547495638701
3543.5,-473.65652439726796,-120.3437364643789
3544.0,-473.48575553014325,-120.81178219437744
3544.5,-473.3143798273413,-121.27961443677829
3545.0,-473.14241016075187,-121.74723783497167
3545.5,-472.9698628616313,-122.2146606368252
3546.0,-472.79675159644455,-122.68189145589656
3546.5,-472.62305175043906,-123.14892110647416
3547.0,-472.44866597118784,-123.61570910449461
3547.5,-472.27366931177517,-124.08227637094599
3548.0,-472.0980610828606,-124.5486242060646
3548.5,-471.92184497092745,-125.01475340769956
3549.0,-471.74501409322244,-125.48066165885906
3549.5,-471.56754709095947,-125.94633957150586
3550.0,-471.3894174264842,-126.41177013243629
3550.5,-471.2105777070392,-126.87692922538832
3551.0,-471.0310336670753,-127.34182569579492
3551.5,-470.85084760773856,-127.80648353600455
3552.0,-470.67003553739625,-128.270904995633
3552.5,-470.48860271754614,-128.73509418891697
3553.0,-470.3065429008061,-129.19904805101208
3553.5,-470.12384561032565,-129.6627573330255
3554.0,-469.9405066354439,-130.12621873157025
3554.5,-469.75641773900855,-130.58938872444665
3555.0,-469.57165342387026,-131.05228688995024
3555.5,-469.38625805374244,-131.51493310229623
3556.0,-469.2002534503149,-131.97733550695446
3556.5,-469.01365334094953,-132.43950001431102
3557.0,-468.82646769707213,-132.90143134081848
3557.5,-468.6387119346538,-133.36313526023048
3558.0,-468.45037135376543,-133.82460778518453
3558.5,-468.2614902290282,-134.28587348807972
3559.0,-468.0721429240369,-134.7469666856272
3559.5,-467.8823087052891,-135.20787557675155
3560.0,-467.6919819629911,-135.66859459907747
3560.5,-467.5011664457532,-136.12912495328789
3561.0,-467.30986054323375,-136.5894680865441
3561.5,-467.11802835364534,-137.04960807073687
3562.0,-466.9256223900368,-137.50952286567912
3562.5,-466.7326900747283,-137.96922807682344
3563.0,-466.5392067549046,-138.42871190369945
3563.5,-466.34514304800723,-138.88795737505052
3564.0,-466.1504642751186,-139.34694579439235
3564.5,-465.9551383452668,-139.80566061777296
3565.0,-465.7591517733287,-140.26409080462332
3565.5,-465.5623654213276,-140.7221704301716
3566.0,-465.364927614948,-141.17996064198914
3566.5,-465.1668643678759,-141.63747334924253
3567.0,-464.96819836024764,-142.09472140142637
3567.5,-464.76896176363243,-142.55171925654463
3568.0,-464.5691886007561,-143.00848115923094
3568.5,-464.3688951161323,-143.46501903184407
3569.0,-464.16804717327557,-143.92132420597156
3569.5,-463.96675129933675,-144.37744705674112
3570.0,-463.7650384723033,-144.83340310351542
3570.5,-463.5629294623574,-145.28920404894856
3571.0,-463.3604306044284,-145.74485613264577
3571.5,-463.1575299963144,-146.2003559115706
3572.0,-462.9541925640728,-146.65568261017708
3572.5,-462.7503119721235,-147.11078480804954
3573.0,-462.5459673178167,-147.56569438016035
3573.5,-462.34115392631475,-148.02040889788228
3574.0,-462.13585976443517,-148.47492217915544
3574.5,-461.93006202361545,-148.9292220381171
3575.0,-461.7237242314894,-149.38328780527223
3575.5,-461.5167390202733,-149.83706058299043
3576.0,-461.30908847145304,-150.29052506465916
3576.5,-461.10085850526383,-150.74372796227286
3577.0,-460.8920413939211,-151.19666289646963
3577.5,-460.68262679988635,-151.64932033096576
3578.0,-460.4726098419176,-152.10169285233306
3578.5,-460.26199658459507,-152.55377866667735
3579.0,-460.05067581906303,-153.0055215927354
3579.5,-459.83876269518095,-153.4569848373109
3580.0,-459.626316585552,-153.90820215434678
3580.5,-459.4133585790067,-154.35918608768824
3581.0,-459.1998905731312,-154.8099384278921
3581.5,-458.98589810936943,-155.26045200714123
3582.0,-458.77132910260985,-155.7107010428252
3582.5,-458.55616507196294,-156.16067222785907
3583.0,-458.3404942796342,-156.61041457135244
3583.5,-458.12428371524385,-157.05990920015358
3584.0,-457.90750760319804,-157.5091363934252
3584.5,-457.69015595643015,-157.95808598086433
3585.0,-457.472236244734,-158.40676572776167
3585.5,-457.25367196140024,-158.855141160476
3586.0,-457.03460363124077,-159.30328434145937
3586.5,-456.81501379726035,-159.75118552199322
3587.0,-456.59489489959,-160.19883594880264
3587.5,-456.3742508672154,-160.64623314198306
3588.0,-456.15309761260943,-161.0933847769046
3588.5,-455.9313709326951,-161.5402682672829
3589.0,-455.70912355269184,-161.98691071253634
3589.5,-455.48634219184197,-162.43329823368822
3590.0,-455.2630191626542,-162.87942227260265
3590.5,-455.0391506445757,-163.32527965013193
3591.0,-454.81472784448084,-163.7708685500562
3591.5,-454.58967135760446,-164.21615128175134
3592.0,-454.3640007788066,-164.66113537139455
3592.5,-454.13775118841255,-165.10583298276688
3593.0,-453.91089912368386,-165.55023031771663
3593.5,-453.6834167625029,-165.99431031284317
3594.0,-453.45527898817903,-166.43805519154205
3594.5,-453.226355460539,-166.88139359538732
3595.0,-452.99671864013817,-167.32436378848956
3595.5,-452.7664401817285,-167.7670045461626
3596.0,-452.53552693405476,-168.2093211151359
3596.5,-452.303967492005,-168.65130611125903
3597.0,-452.0717313277331,-169.09293781474616
3597.5,-451.8386468378054,-169.53411751557113
3598.0,-451.6048729779381,-169.97492852052727
3598.5,-451.3704443299249,-170.415394308933
3599.0,-451.13538981534117,-170.8555331264879
3599.5,-450.8997338350861,-171.2953599571093
3600.0,-450.6634738286743,-171.73487510623568
3600.5,-450.42647005125525,-172.17400407170862
3601.0,-450.1888567361805,-172.61281756956902
3601.5,-449.9506150343391,-173.0513021405299
3602.0,-449.7117300392289,-173.48944673867155
3602.5,-449.4721991594318,-173.92724797062147
3603.0,-449.23200205610493,-174.36469555862809
3603.5,-448.9910597457609,-174.8017509012192
3604.0,-448.74944261674466,-175.23844519270645
3604.5,-448.50714136328935,-175.67476725786418
3605.0,-448.2641486405676,-176.11071118762328
3605.5,-448.02045847353725,-176.54627489659882
3606.0,-447.7759711946908,-176.98140133944258
3606.5,-447.53071121402377,-177.41610288313538
3607.0,-447.2847096596366,-177.85039251447242
3607.5,-447.0379595166,-178.28426125069365
3608.0,-446.7904625363729,-178.71770796618574
3608.5,-446.542218199321,-179.15073538406702
3609.0,-446.2930016175009,-179.58320987556445
3609.5,-446.04300182375664,-180.01523301772363
3610.0,-445.79220292067157,-180.4467952158878
3610.5,-445.54058757093225,-180.8778816979297
3611.0,-445.2881466799433,-181.3084813099776
3611.5,-445.03478769957724,-181.73853872072954
3612.0,-444.7805147916614,-182.16805844817858
3612.5,-444.5254565577273,-182.59711245281653
3613.0,-444.26960194545467,-183.02569048074037
3613.5,-444.0129363601614,-183.45377971636228
3614.0,-443.7554448282503,-183.88136667084407
3614.5,-443.49689762646534,-184.3083045992548
3615.0,-443.2375765228727,-184.73476935879128
3615.5,-442.9775061907049,-185.16077811219495
3616.0,-442.71670161728736,-185.58634055344828
3616.5,-442.4551692152045,-186.01145949752484
3617.0,-442.1927684337426,-186.4360435923168
3617.5,-441.92953050959386,-186.86010856086025
3618.0,-441.66553236031933,-187.28369963743452
3618.5,-441.40077970739327,-187.7068176371818
3619.0,-441.1352835597778,-188.1294676440456
3619.5,-440.8689971154553,-188.55162108041307
3620.0,-440.6018496578061,-188.97323079437467
3620.5,-440.3340032615845,-189.39440012390762
3621.0,-440.06545898449696,-189.8151262635799
3621.5,-439.796216295541,-190.23540534743054
3622.0,-439.52627340012685,-190.65523333398113
3622.5,-439.255443825522,-191.07449060374933
3623.0,-438.98396019401014,-191.4933263777358
3623.5,-438.7118207950888,-191.91173986559653
3624.0,-438.43901835084904,-192.329724922403
3624.5,-438.16554317303286,-192.74727233690135
3625.0,-437.8912185538941,-193.16426053173203
3625.5,-437.61616502233665,-193.58076735826086
3626.0,-437.34043145862677,-193.9968248144061
3626.5,-437.064021014693,-194.41243444086098
3627.0,-436.7869340642867,-194.827595471597
3627.5,-436.50901120256447,-195.2421986942647
3628.0,-436.2302990804856,-195.65626538000555
3628.5,-435.95089480237544,-196.0698632352602
3629.0,-435.67080661174924,-196.48299717679876
3629.5,-435.39004363670193,-196.89567187810462
3630.0,-435.10851580975384,-197.30782369501918
3630.5,-434.8262006530514,-197.71943730042094
3631.0,-434.5432288038912,-198.13059836590065
3631.5,-434.2596008483946,-198.54130676603407
3632.0,-433.9753178101353,-198.9515631245431
3632.5,-433.6903086530026,-199.3613174861797
3633.0,-433.4045503005451,-199.77055494926148
3633.5,-433.11816351179255,-200.17935874477496
3634.0,-432.8311393454774,-200.58772081318804
3634.5,-432.5434656295759,-200.9956298708042
3635.0,-432.2550422992062,-201.4030108410473
3635.5,-431.9657817740551,-201.80979886048982
3636.0,-431.6758151874585,-202.21608363153135
3636.5,-431.38513749419343,-202.62185937956968
3637.0,-431.09374131094904,-203.02711895168926
3637.5,-430.8015130996802,-203.43177906680964
3638.0,-430.50838775423955,-203.835786165695
3638.5,-430.21449673665467,-204.23923284347842
3639.0,-429.9198330627072,-204.6421090903104
3639.5,-429.6243979671276,-205.0444121301804
3640.0,-429.3280962686956,-205.44607214498268
3640.5,-429.03092290100733,-205.84708495288064
3641.0,-428.7330310055239,-206.24756276563744
3641.5,-428.434416325602,-206.6475021099247
3642.0,-428.13507519320626,-207.0468995178958
3642.5,-427.834888913896,-207.4456620358222
3643.0,-427.5339001629834,-207.84382460322698
3643.5,-427.2322403429548,-208.2414868298292
3644.0,-426.9299201479313,-208.63865764646272
3644.5,-426.6269458990422,-209.03534225747663
3645.0,-426.32315742795384,-209.43141931533182
3645.5,-426.01861746542824,-209.82693342332774
3646.0,-425.7133725793282,-210.22191507895687
3646.5,-425.40740337765214,-210.61634579507893
3647.0,-425.10069658471457,-211.01021200319454
3647.5,-424.79305130307415,-211.40336223565032
3648.0,-424.4846542677993,-211.79593833568026
3648.5,-424.17553051849495,-212.18795641977675
3649.0,-423.865659500658,-212.57939675721656
3649.5,-423.5549981152651,-212.97022089772165
3650.0,-423.2433000151883,-213.36023001675036
3650.5,-422.93080701831775,-213.74961349480193
3651.0,-422.6175153801769,-214.13836421290827
3651.5,-422.30341666831225,-214.5264717211873
3652.0,-421.98840344710396,-214.9138465563128
3652.5,-421.67235074435877,-215.3003827253523
3653.0,-421.3554572554165,-215.68623730283122
3653.5,-421.0377246526038,-216.07140873419752
3654.0,-420.71915274287585,-216.45589361198307
3654.5,-420.39954531268626,-216.83952531834544
3655.0,-420.07891247048,-217.22230464440597
3655.5,-419.7573776975248,-217.60432862765748
3656.0,-419.4349330583985,-217.98558613552845
3656.5,-419.1115753281501,-218.3660701482532
3657.0,-418.78704597618173,-218.74555765188566
3657.5,-418.461616506372,-219.12427695943327
3658.0,-418.1353544878637,-219.50228364778917
3658.5,-417.80828114950185,-219.87959418894073
3659.0,-417.48035550215195,-220.25617170879374
3659.5,-417.15142821782825,-220.6318845462269
3660.0,-416.82173377129834,-221.00693276558275
3660.5,-416.4912694715355,-221.38131111741257
3661.0,-416.16003584390995,-221.75501751079423
3661.5,-415.82788567196536,-222.12792153051683
3662.0,-415.4948658240583,-222.50006254366173
3662.5,-415.1610834627153,-222.87153081641517
3663.0,-414.8265147306344,-223.24230126167748
3663.5,-414.49113079472716,-223.61234376977654
3664.0,-414.1546258475397,-223.98137287738766
3664.5,-413.8173193639219,-224.3496775614522
3665.0,-413.479227630687,-224.7172708517591
3665.5,-413.1403475223122,-225.08414728019403
3666.0,-412.8005521789276,-225.45018575733934
3666.5,-412.45967714634634,-225.81522301571758
3667.0,-412.11791917524334,-226.1794324890267
3667.5,-411.7752817500454,-226.5428150699415
3668.0,-411.4317740487678,-226.90537797435908
3668.5,-411.0871547537768,-227.26688811606968
3669.0,-410.7416257459963,-227.62753184937083
3669.5,-410.3952522053773,-227.9873668615212
3670.0,-410.0480287696085,-228.34638341617938
3670.5,-409.69985023189497,-228.70447330813573
3671.0,-409.3506026394693,-229.06151963811402
3671.5,-409.0005538120639,-229.4177830365612
3672.0,-408.64972025857236,-229.7732777745548
3672.5,-408.29811562521445,-230.12801502165098
3673.0,-407.9455099598692,-230.48176429455745
3673.5,-407.59204476567413,-230.83465928401347
3674.0,-407.23779685146354,-231.18677313488286
3674.5,-406.8827683945374,-231.53810552511177
3675.0,-406.5268811427796,-231.88857516669728
3675.5,-406.1699891813437,-232.23803166062893
3676.0,-405.8123023570982,-232.58668093676945
3676.5,-405.4538078479452,-232.93450521843434
3677.0,-405.09449179645856,-233.28148550497463
3677.5,-404.7340458274596,-233.6272960016913
3678.0,-404.3726884491874,-233.97215452371933
3678.5,-404.0105060377044,-234.31614983421503
3679.0,-403.6475074679041,-234.65928916065383
3679.5,-403.2835799332322,-235.001449995642
3680.0,-402.91860575339336,-235.3424985426545
3680.5,-402.5528285298525,-235.6826881868645
3681.0,-402.186253346452,-236.02202203631845
3681.5,-401.81888268573914,-236.3605008528001
3682.0,-401.45044662235176,-236.69782850969247
3682.5,-401.0812170146863,-237.0342943788364
3683.0,-400.71122809248936,-237.36993325568585
3683.5,-400.34048501554565,-237.70474801949442
3684.0,-399.96885367239764,-238.0385863670024
3684.5,-399.5963042788959,-238.37141049110116
3685.0,-399.2229884935124,-238.7033828172034
3685.5,-398.84890686217784,-239.03450006931652
3686.0,-398.47405040636096,-239.36474800497228
3686.5,-398.09812300331214,-239.69378865514471
3687.0,-397.7214395242584,-240.02197071308004
3687.5,-397.34399216379506,-240.34928239655173
3688.0,-396.96576988079903,-240.67570745158153
3688.5,-396.58653700719964,-241.0009655659893
3689.0,-396.2063738833214,-241.32514075294523
3689.5,-395.8254056357471,-241.6483744448427
3690.0,-395.44363765393064,-241.9706693028202
3690.5,-395.0610100132266,-242.29195006468063
3691.0,-394.67732603711335,-242.61197678725676
3691.5,-394.29285017062097,-242.93105505783913
3692.0,-393.90757699059066,-243.2491744155932
3692.5,-393.5215003332293,-243.56632360310684
3693.0,-393.1343460037392,-243.88216109353252
3693.5,-392.746319666061,-244.1969281005815
3694.0,-392.3575081996165,-244.51072797840212
3694.5,-391.9679217582306,-244.82356970615032
3695.0,-391.57742194732685,-245.135275727836
3695.5,-391.1859439781321,-245.44575437962047
3696.0,-390.7936874702145,-245.7552504170254
3696.5,-390.40066199224384,-246.06377203592876
3697.0,-390.0068734953698,-246.3713228337221
3697.5,-389.61203102890494,-246.67752610933962
3698.0,-389.2164591308073,-246.98278905567796
3698.5,-388.820165564187,-247.28711891208158
3699.0,-388.4231564470897,-247.59052075381072
3699.5,-388.0252454241784,-247.89274733901217
3700.0,-387.62652427720246,-248.19391154871866
3700.5,-387.2271086460927,-248.49416004656163
3701.0,-386.827015344005,-248.79351221803714
3701.5,-386.42620765921254,-249.09191703436554
3702.0,-386.02456298345044,-249.38920839842885
3702.5,-385.62227574286663,-249.68563968590806
3703.0,-385.2193500740593,-249.98121272047024
3703.5,-384.81579124857393,-250.27593087443634
3704.0,-384.4113630206611,-250.5694691527742
3704.5,-384.0062680375608,-250.86209621520223
3705.0,-383.60053799325874,-251.15385169154249
3705.5,-383.19416921791196,-251.44472712947078
3706.0,-382.78701474575615,-251.7345142652332
3706.5,-382.37907504106244,-252.02320482808545
3707.0,-381.9704759704296,-252.3109690518535
3707.5,-381.56121912688224,-252.59780543978903
3708.0,-381.151273386832,-252.8836658607335
3708.5,-380.74043651232444,-253.1682551340861
3709.0,-380.3289501107266,-253.45191108145946
3709.5,-379.916807266134,-253.7346195348841
3710.0,-379.5040010569995,-254.01636613876198
3710.5,-379.09030744577706,-254.29681483005328
3711.0,-378.67588579461636,-254.57619252253238
3711.5,-378.26079737558246,-254.8545839400521
3712.0,-377.8450437946952,-255.1319870131606
3712.5,-377.4285088547954,-255.40822256533002
3713.0,-377.0111441669371,-255.6832089912901
3713.5,-376.59310941766677,-255.9571795804785
3714.0,-376.17440403506873,-256.23012862012683
3714.5,-375.7550030092324,-256.5020127435583
3715.0,-375.33467773803454,-256.7724711299022
3715.5,-374.91367456980663,-257.04187455866645
3716.0,-374.4920085101829,-257.31024165819036
3716.5,-374.069695269635,-257.5775927622024
3717.0,-373.6465527744976,-257.8436381534013
3717.5,-373.2227153858002,-258.10857992099386
3718.0,-372.7982451624849,-258.37251056296174
3718.5,-372.37313989969186,-258.635421609327
3719.0,-371.9472891886106,-258.8971283499148
3719.5,-371.5206665964861,-259.15757953616514
3720.0,-371.09342251543376,-259.4170148492174
3720.5,-370.66555215466406,-259.67542112439406
3721.0,-370.23702749793,-259.9327455707331
3721.5,-369.80763849819556,-260.1886300163656
3722.0,-369.3776447220337,-260.4435014244394
3722.5,-368.9470512897187,-260.69736405405956
3723.0,-368.5158589133982,-260.9502144850198
3723.5,-368.0838370084539,-261.2016518876457
3724.0,-367.6511483272247,-261.4519421970433
3724.5,-367.21787933766404,-261.70123158780274
3725.0,-366.78404753404766,-261.9495478253289
3725.5,-366.34957363883933,-262.19674966844894
3726.0,-365.91440195420927,-262.44273054836094
3726.5,-365.47867086854836,-262.6877251271093
3727.0,-365.0423896866078,-262.9317456721561
3727.5,-364.6055509188753,-263.1747747654639
3728.0,-364.1680144491374,-263.41655722131344
3728.5,-363.72996529422596,-263.65741824499605
3729.0,-363.2913990161202,-263.8973447337894
3729.5,-362.85231173036686,-264.136324606823
3730.0,-362.41252949278794,-264.3740330303797
3730.5,-361.9721645203533,-264.61066788538534
3731.0,-361.5312673117423,-264.84631602581845
3731.5,-361.08983585839354,-265.08096901366326
3732.0,-360.6477710123488,-265.3144358573385
3732.5,-360.205048404501,-265.5466604687037
3733.0,-359.7617934107955,-265.77787292300746
3733.5,-359.3179949760818,-266.00804674963854
3734.0,-358.87361566169307,-266.2371041017613
3734.5,-358.42848147770104,-266.46469594034096
3735.0,-357.9828186465934,-266.6912552550021
3735.5,-357.536648255742,-266.91681943570995
3736.0,-357.0899889415258,-267.1414211070638
3736.5,-356.64269224024315,-267.36476031398416
3737.0,-356.19483926826445,-267.5869870343269
3737.5,-355.7464866826264,-267.80820847270405
3738.0,-355.2976342962211,-268.02841920419144
3738.5,-354.84818912792156,-268.2474237680612
3739.0,-354.39813575553427,-268.46518098825925
3739.5,-353.947592709439,-268.68192696692995
3740.0,-353.49654871556004,-268.89763296500684
3740.5,-353.04497298609226,-269.1122290351022
3741.0,-352.5926644530128,-269.3252794478548
3741.5,-352.13982774075373,-269.5372054946426
3742.0,-351.68646520080324,-269.74800631133184
3742.5,-351.2325774986887,-269.9576772459116
3743.0,-350.77798807465405,-270.1658248685579
3743.5,-350.322820005015,-270.3727038757104
3744.0,-349.86714973365713,-270.57847551326995
3744.5,-349.41099071988623,-270.7831641471284
3745.0,-348.9542834690813,-270.98663000918407
3745.5,-348.49699156849147,-271.1887811083441
3746.0,-348.0392412809065,-271.3898932052059
3746.5,-347.58104604126095,-271.5899920157219
3747.0,-347.1224164409868,-271.78909688517274
3747.5,-346.6632170592843,-271.9868893574147
3748.0,-346.203627188939,-272.1837755060943
3748.5,-345.7436364208847,-272.3797263953136
3749.0,-345.28323375278404,-272.5747114629697
3749.5,-344.82227261732623,-272.7683759344829
3750.0,-344.36083018263326,-272.96089173242086
3750.5,-343.89895869335095,-273.15237714356147
3751.0,-343.43665929894615,-273.3428296564095
3751.5,-342.97386941153536,-273.5320901836844
3752.0,-342.5105476860367,-273.7200462405208
3752.5,-342.0468182175116,-273.90699459566014
3753.0,-341.5826817804768,-274.0929317962722
3753.5,-341.11812758901954,-274.2778253658902
3754.0,-340.6530013116235,-274.46127639250716
3754.5,-340.1874841965413,-274.6437332142864
3755.0,-339.7215962101159,-274.82524222697714
3755.5,-339.25535588280945,-275.0058463961663
3756.0,-338.78867410265735,-275.185309202136
3756.5,-338.3216247429767,-275.3638137130521
3757.0,-337.85424309665876,-275.5414468373562
3757.5,-337.3865260080427,-275.71819598290085
3758.0,-336.91840334886683,-275.8938693854234
3758.5,-336.4498449749961,-276.0683767115212
3759.0,-335.98093549699814,-276.2419374038388
3759.5,-335.51167135696113,-276.4145368173917
3760.0,-335.04202574851917,-276.5860963296822
3760.5,-334.5718818573078,-276.75628459752244
3761.0,-334.1013657008755,-276.92543892764326
3761.5,-333.6304708048464,-277.09353536210693
3762.0,-333.15919132366594,-277.2605515975634
3762.5,-332.68738120494106,-277.4260627316609
3763.0,-332.21516199802755,-277.5904010587493
3763.5,-331.7425649536204,-277.7536489407515
3764.0,-331.26959354654645,-277.9158097717054
3764.5,-330.79615028912616,-278.0765882176239
3765.0,-330.3222586423801,-278.2360388062539
3765.5,-329.8479854510643,-278.39434985948526
3766.0,-329.3733298684985,-278.55151157908927
3766.5,-328.89823938331216,-278.70735564246246
3767.0,-328.4226612906715,-278.8617046744419
3767.5,-327.94672139553563,-279.0149331394174
3768.0,-327.47042513001173,-279.1670505705759
3768.5,-326.9937676125259,-279.31803388536997
3769.0,-326.5166145991936,-279.46744373633044
3769.5,-326.0391166778147,-279.61574582838875
3770.0,-325.56127648643326,-279.7629414345718
3770.5,-325.0830971848695,-279.9090335690826
3771.0,-324.60446897203275,-280.053648813013
3771.5,-324.1255018419757,-280.1971356273484
3772.0,-323.646228164177,-280.3395943345833
3772.5,-323.1666529489788,-280.4810352410615
3773.0,-322.6867020439238,-280.62119636575557
3773.5,-322.2064162945265,-280.76020407595837
3774.0,-321.72585510003313,-280.89825498374427
3774.5,-321.24502704387953,-281.0353732318619
3775.0,-320.7639060912212,-281.1714595251079
3775.5,-320.2824710853926,-281.3064270455361
3776.0,-319.8007904666821,-281.440512208092
3776.5,-319.31886753086883,-281.57372211052666
3777.0,-318.836691765522,-281.7060130084382
3777.5,-318.35420802007434,-281.8371718611454
3778.0,-317.8715226690415,-281.96758162628856
3778.5,-317.38864135014467,-282.09725894103826
3779.0,-316.9055685234216,-282.2262162445626
3779.5,-316.4222159874538,-282.35411367087926
3780.0,-315.93866743784116,-282.4812628055398
3780.5,-315.45493067999615,-282.607690009767
3781.0,-314.9710098141558,-282.7334076111126
3781.5,-314.486849600981,-282.85819446391486
3782.0,-314.002504362442,-282.98225594474104
3782.5,-313.5179968245637,-283.1056780868467
3783.0,-313.0333309990699,-283.22847424513253
3783.5,-312.54846447257574,-283.3504725976433
3784.0,-312.0634258445861,-283.4717829177818
3784.5,-311.57824917921874,-283.5925382538168
3785.0,-311.09294159531595,-283.7127647890189
3785.5,-310.6074859792689,-283.83238894301354
3786.0,-310.12188875999925,-283.9514335174803
3786.5,-309.63618009773114,-284.0700221562472
3787.0,-309.1503627466837,-284.18816572585024
3787.5,-308.6644213701208,-284.3058000488901
3788.0,-308.17835303510424,-284.4229122377527
3788.5,-307.69219193568347,-284.5396412232238
3789.0,-307.20594103707907,-284.6559984184281
3789.5,-306.719590547311,-284.77194227840187
3790.0,-306.233131434926,-284.8874336554774
3790.5,-305.7465929755854,-285.0025935886566
3791.0,-305.25997674403914,-285.1174286876807
3791.5,-304.7732754325649,-285.23190881856647
3792.0,-304.28647814136485,-285.3459859275032
3792.5,-303.7996143855446,-285.45978225247353
3793.0,-303.3126866171383,-285.5733069552403
3793.5,-302.8256913207969,-285.68654339816544
3794.0,-302.3386153651394,-285.7994325643321
3794.5,-301.85148600017334,-285.91208975630224
3795.0,-301.36430570308005,-286.0245243981549
3795.5,-300.8770724794529,-286.1367259053955
3796.0,-300.38977220041204,-286.2486298324463
3796.5,-299.9024263114344,-286.3603297186029
3797.0,-299.41503557706005,-286.47182817877774
3797.5,-298.9275960012072,-286.5831062222461
3798.0,-298.4400944693635,-286.6941029809681
3798.5,-297.9525478720345,-286.80489514743425
3799.0,-297.4649555627734,-286.9154800085794
3799.5,-296.9773107839651,-287.02582730927173
3800.0,-296.4896002624418,-287.13587604636695
3800.5,-296.00184083349546,-287.2457032002749
3801.0,-295.514031861085,-287.3553062043898
3801.5,-295.02616472610504,-287.4646465520973
3802.0,-294.5382256458567,-287.5736646927219
3802.5,-294.05023172229943,-287.6824382686202
3803.0,-293.5621826820121,-287.7909665536579
3803.5,-293.0740677862175,-287.89920252111403
3804.0,-292.58588349543663,-288.0071292618392
3804.5,-292.09764946557874,-288.11483286778093
3805.0,-291.6093670436875,-288.22231905224237
3805.5,-291.12102623065505,-288.3295430680868
3806.0,-290.63263120027773,-288.43652079440693
3806.5,-290.14419709641146,-288.5433195365243
3807.0,-289.65572594357087,-288.6499475148227
3807.5,-289.16721007448257,-288.75636684756796
3808.0,-288.67865616998074,-288.86260696550323
3808.5,-288.1900729805817,-288.96870859341163
3809.0,-287.70146203447683,-289.0746781490067
3809.5,-287.21281725274446,-289.1804819767291
3810.0,-286.7241468351525,-289.2861590521279
3810.5,-286.2354541135928,-289.39172708257024
3811.0,-285.74673924727074,-289.4971876608123
3811.5,-285.25799366869,-289.6024994537559
3812.0,-284.76922872020896,-289.707717355993
3812.5,-284.2804459335088,-289.81284934556993
3813.0,-283.7916451137343,-289.91789503074466
3813.5,-283.3028179941983,-290.02282125777174
3814.0,-282.81397469125363,-290.1276765688834
3814.5,-282.325116167745,-290.2324653618461
3815.0,-281.8362417714264,-290.3371849393008
3815.5,-281.34735128214453,-290.44183558271817
3816.0,-280.85845156392054,-290.5464474649844
3816.5,-280.36954359713417,-290.6510250738629
3817.0,-279.88062707535676,-290.7555678452881
3817.5,-279.3917056661775,-290.8600919124494
3818.0,-278.9027828859858,-290.96461091779184
3818.5,-278.41385992417116,-291.0691296120376
3819.0,-277.9249390239518,-291.1736575948467
3819.5,-277.43602194220676,-291.2782017950777
3820.0,-276.947109852816,-291.3827673066992
3820.5,-276.45820393590867,-291.48735930514897
3821.0,-275.9693099297887,-291.59200571715263
3821.5,-275.48042459141055,-291.6966905302995
3822.0,-274.9915476718797,-291.8014116583391
3822.5,-274.50268019622314,-291.90617229776655
3823.0,-274.0138253678111,-292.01098376351496
3823.5,-273.52497941692076,-292.1158310421232
3824.0,-273.0361424162064,-292.22071529256164
3824.5,-272.5473169033862,-292.325649353791
3825.0,-272.05850286181345,-292.43063406901047
3825.5,-271.56969654041984,-292.53565177469824
3826.0,-271.0808973283653,-292.6406990088246
3826.5,-270.5921064024793,-292.74577708883385
3827.0,-270.1033207064985,-292.85087274565603
3827.5,-269.61453866601914,-292.9559807138937
3828.0,-269.1257596575104,-293.0610989200938
3828.5,-268.636981752547,-293.16622408178984
3829.0,-268.1482036216137,-293.27134990971683
3829.5,-267.65942453021876,-293.3764732757484
3830.0,-267.1706428083362,-293.4815874235448
3830.5,-266.6818577984674,-293.58668722306936
3831.0,-266.19306993911056,-293.69177681768
3831.5,-265.7042789205235,-293.7968559599606
3832.0,-265.21548216311334,-293.9019179271575
3832.5,-264.7266802244116,-294.0069612407889
3833.0,-264.2378741293007,-294.11198876654714
3833.5,-263.749063927858,-294.2170000108963
3834.0,-263.2602497644054,-294.3219961807308
3834.5,-262.7714334991747,-294.42698613228345
3835.0,-262.2826151790265,-294.531969765738
3835.5,-261.79379433996735,-294.6369449105885
3836.0,-261.30497313400065,-294.7419182359755
3836.5,-260.81615238515656,-294.84689321383553
3837.0,-260.3273324400649,-294.951871292216
3837.5,-259.8385146626291,-295.05685820626394
3838.0,-259.34969742582405,-295.1618481404943
3838.5,-258.86088080720464,-295.2668406812299
3839.0,-258.3720650283642,-295.37183604595543
3839.5,-257.8832521603837,-295.4768432120959
3840.0,-257.39444125564876,-295.58185686716354
3840.5,-256.90563201157926,-295.686875084238
3841.0,-256.4168238434264,-295.79189269885734
3841.5,-255.9280145764717,-295.8969016693563
3842.0,-255.43920306994957,-296.0019000870039
3842.5,-254.95038852126822,-296.10688578428125
3843.0,-254.46156701446523,-296.21183827794704
3843.5,-253.97274103579304,-296.31676529752696
3844.0,-253.48391010389997,-296.42166466824284
3844.5,-252.99507179443813,-296.52652400255374
3845.0,-252.50622248263812,-296.6313298166416
3845.5,-252.0173638822917,-296.7360893956648
3846.0,-251.52849548878118,-296.84079948846636
3846.5,-251.03961101859178,-296.94542184125964
3847.0,-250.5507127893823,-297.0499761946278
3847.5,-250.06180113565347,-297.15446655243244
3848.0,-249.5728721573352,-297.2588776903042
3848.5,-249.08392564224548,-297.3632019312772
3849.0,-248.59497017037262,-297.46747431340424
3849.5,-248.10600630251966,-297.57169597262424
3850.0,-247.61702739146943,-297.6758317797701
3850.5,-247.12803299158048,-297.779896587017
3851.0,-246.6390261149425,-297.8839060570305
3851.5,-246.15000596401393,-297.98785906748054
3852.0,-245.66097431021694,-298.0917572523559
3852.5,-245.1719370097657,-298.1956255423453
3853.0,-244.682895032921,-298.29946747208874
3853.5,-244.1938500119943,-298.40328532442373
3854.0,-243.70480534622715,-298.50709989071555
3854.5,-243.21576187135034,-298.6109160101017
3855.0,-242.72672074042205,-298.7147386696454
3855.5,-242.23768594843804,-298.81858436649514
3856.0,-241.7486562126609,-298.9224493138292
3856.5,-241.25963189535437,-299.0263349800689
3857.0,-240.77061711492493,-299.1302568024797
3857.5,-240.2816114792652,-299.23421633946145
3858.0,-239.7926145735837,-299.33821261233385
3858.5,-239.30362898315065,-299.4422572430529
3859.0,-238.81465896121244,-299.54637372520307
3859.5,-238.32569838393073,-299.6505378032079
3860.0,-237.8367472867089,-299.7547501008911
3860.5,-237.34781232523338,-299.85904064401745
3861.0,-236.8588897979298,-299.9633932938334
3861.5,-236.36997839314597,-300.0678019926395
3862.0,-235.88108066086625,-300.1722802021879
3862.5,-235.39219856038193,-300.2768427188539
3863.0,-234.90332672761753,-300.3814584266857
3863.5,-234.41446507648433,-300.4861258573946
3864.0,-233.9256189386079,-300.59086725166503
3864.5,-233.43678263672678,-300.69565660417004
3865.0,-232.94795456331468,-300.80048700919144
3865.5,-232.45913591108217,-300.9053658112198
3866.0,-231.97032916196983,-301.01030426981595
3866.5,-231.48153075034028,-301.11528306020944
3867.0,-230.99274073441393,-301.22030186614916
3867.5,-230.50396416379667,-301.3253818916222
3868.0,-230.01519666079835,-301.43050263682125
3868.5,-229.52643674211365,-301.5356582791712
3869.0,-229.03768531058338,-301.6408546028208
3869.5,-228.5489425458765,-301.7460934146198
3870.0,-228.06020569090012,-301.8513630762254
3870.5,-227.57147465137027,-301.9566638049132
3871.0,-227.08275276473228,-302.06201252080837
3871.5,-226.59403552418974,-302.1673872497916
3872.0,-226.10532242174023,-302.272786447439
3872.5,-225.61661401947725,-302.3782171533515
3873.0,-225.1279091275964,-302.483675441557
3873.5,-224.63920576838998,-302.5891489857629
3874.0,-224.1505033899873,-302.69463554045365
3874.5,-223.6618021612373,-302.80013774729576
3875.0,-223.17310177497532,-302.90565016107354
3875.5,-222.6844020901786,-303.01117165925416
3876.0,-222.1957027262031,-303.11670100625923
3876.5,-221.70700421674752,-303.22223597226804
3877.0,-221.21830690024686,-303.32777669977185
3877.5,-220.72961151672013,-303.4333254989056
3878.0,-220.2409189834468,-303.5388822230206
3878.5,-219.7522291430704,-303.6444457925846
3879.0,-219.26354235418148,-303.75001716466704
3879.5,-218.77486284094516,-303.8556090041363
3880.0,-218.28618888165795,-303.9612144374646
3880.5,-217.79752027818455,-304.066833218785
3881.0,-217.3088594802781,-304.1724719118185
3881.5,-216.82020880628784,-304.27814101843234
3882.0,-216.33156545038938,-304.3838327582097
3882.5,-215.84292978531823,-304.48954860989414
3883.0,-215.3543061022904,-304.59530155184746
3883.5,-214.8656911571709,-304.7010809263534
3884.0,-214.37708509472554,-304.8068878872526
3884.5,-213.88849275272895,-304.9127412447805
3885.0,-213.39990953991045,-305.0186283761076
3885.5,-212.91133452768247,-305.1245452847383
3886.0,-212.42277059625712,-305.230501791512
3886.5,-211.93421868713853,-305.33650598664053
3887.0,-211.44567350722085,-305.44253936081316
3887.5,-210.95713460666835,-305.548601022392
3888.0,-210.46860387915845,-305.6547085218638
3888.5,-209.98007610260808,-305.7608384068794
3889.0,-209.49155098585908,-305.86698897797305
3889.5,-209.00302898378172,-305.9731657461575
3890.0,-208.51450984985732,-306.0793632488796
3890.5,-208.02599229902708,-306.18557500535815
3891.0,-207.5374760054683,-306.2918020349603
3891.5,-207.04896050643436,-306.3980463436033
3892.0,-206.5604465568696,-306.5043035049791
3892.5,-206.0719344467734,-306.6105737382846
3893.0,-205.58342647958716,-306.7168599466105
3893.5,-205.09492106533335,-306.8231548194928
3894.0,-204.60641812068775,-306.9294582053114
3894.5,-204.1179189117614,-307.03577491464995
3895.0,-203.6294240650844,-307.1421039793071
3895.5,-203.140932608903,-307.2484418105677
3896.0,-202.6524453109079,-307.3547895360336
3896.5,-202.1639635717347,-307.4611482512135
3897.0,-201.67548568132415,-307.5675144860272
3897.5,-201.18701169717593,-307.6738883548998
3898.0,-200.69854389766368,-307.7802766435244
3898.5,-200.2100787592265,-307.8866728567519
3899.0,-199.7216161442886,-307.9930768787989
3899.5,-199.23315696794722,-308.0994929058209
3900.0,-198.74470035514761,-308.20592034184716
3900.5,-198.25624555054026,-308.31235622385685
3901.0,-197.7677927501187,-308.4188020902025
3901.5,-197.2793419529411,-308.5252581007648
3902.0,-196.79089163199123,-308.6317198486803
3902.5,-196.3024414374165,-308.7381872359714
3903.0,-195.81399070043625,-308.8446656156977
3903.5,-195.32553912517685,-308.9511481570173
3904.0,-194.83708669911516,-309.05763448532934
3904.5,-194.34863310758516,-309.1641251061775
3905.0,-193.86017934224867,-309.27062044086
3905.5,-193.37172585754368,-309.3771216512269
3906.0,-192.88327382598436,-309.4836355695
3906.5,-192.39482379608984,-309.59016021156043
3907.0,-191.90637469394483,-309.69668955365705
3907.5,-191.41792624500036,-309.8032218301837
3908.0,-190.9294789764789,-309.9097579066336
3908.5,-190.44103302309077,-310.0162990862114
3909.0,-189.9525885468381,-310.12284613127883
3909.5,-189.46414580874446,-310.2294001374576
3910.0,-188.97570376191976,-310.3359551213613
3910.5,-188.48726255388277,-310.4425119146678
3911.0,-187.9988236910942,-310.54907728647015
3911.5,-187.51038783607316,-310.6556540570933
3912.0,-187.02195421902454,-310.7622391889459
3912.5,-186.5335231549955,-310.86883356408924
3913.0,-186.04509297563516,-310.97543060470446
3913.5,-185.55666361203808,-311.08203053014535
3914.0,-185.068235399754,-311.1886348120821
3914.5,-184.57980651528064,-311.29524155819837
3915.0,-184.09137677626688,-311.40184856066116
3915.5,-183.60294602654486,-311.50845544628214
3916.0,-183.11451454138012,-311.61506443285174
3916.5,-182.62608273525998,-311.7216745870944
3917.0,-182.13765052906612,-311.82828559779506
3917.5,-181.6492168597067,-311.9348950684709
3918.0,-181.16078076607232,-312.0415008372375
3918.5,-180.6723425827094,-312.1481036463355
3919.0,-180.18390133381018,-312.25470283065835
3919.5,-179.69545816393511,-312.3612992054461
3920.0,-179.2070136670894,-312.4678926790619
3920.5,-178.71856756880112,-312.5744812836588
3921.0,-178.230119183608,-312.6810592128472
3921.5,-177.74166916041813,-312.7876295884535
3922.0,-177.25321717866643,-312.8941909800493
3922.5,-176.76476196643225,-313.0007394390292
3923.0,-176.27630519641198,-313.1072804252057
3923.5,-175.78784693587494,-313.2138139710908
3924.0,-175.29938530404192,-313.32032938593335
3924.5,-174.8109216952464,-313.4268340903475
3925.0,-174.3224560523758,-313.5333280167669
3925.5,-173.83398639604673,-313.63980259538266
3926.0,-173.3455133035951,-313.7462652481382
3926.5,-172.85703704097818,-313.85271718289994
3927.0,-172.36855523246274,-313.9591511953037
3927.5,-171.88006813378743,-314.06556650001784
3928.0,-171.39157716515155,-314.17196844791937
3928.5,-170.90308106970033,-314.27835320316484
3929.0,-170.4145763103831,-314.38471233122374
3929.5,-169.9260640504088,-314.4910494814794
3930.0,-169.43754142791212,-314.59735638537364
3930.5,-168.9490066983857,-314.7036242329376
3931.0,-168.46046551652017,-314.80987053587677
3931.5,-167.9719176626921,-314.9160942983997
3932.0,-167.48335895670286,-315.0222809571437
3932.5,-166.9947929741624,-315.12844177560885
3933.0,-166.50621957886207,-315.2345760415637
3933.5,-166.01763161151263,-315.34065341172675
3934.0,-165.52903517566665,-315.44669628205565
3934.5,-165.04043072802205,-315.5527061851214
3935.0,-164.55181283066915,-315.6586584180455
3935.5,-164.0631846645004,-315.76456441825206
3936.0,-163.57454758746962,-315.87043018424464
3936.5,-163.0858957345909,-315.9762288710052
3937.0,-162.5972319111147,-316.0819717815789
3937.5,-162.1085588865908,-316.18767209863387
3938.0,-161.61987247050536,-316.2933109013408
3938.5,-161.13117101050557,-316.39888083967844
3939.0,-160.6424585104254,-316.5044004181751
3939.5,-160.1537309355779,-316.60985139422314
3940.0,-159.66498431402894,-316.71521548132404
3940.5,-159.1762248031096,-316.8205211574297
3941.0,-158.687449528688,-316.9257555908386
3941.5,-158.19864801239987,-317.03087442874204
3942.0,-157.7098298762632,-317.13591987510705
3942.5,-157.2209935229454,-317.24088483309197
3943.0,-156.7321278191974,-317.3457171239152
3943.5,-156.24324632667532,-317.4504763304037
3944.0,-155.75434905813975,-317.555162343333
3944.5,-155.26541979400955,-317.6596989480072
3945.0,-154.7764707638562,-317.7641436357562
3945.5,-154.28750235523418,-317.8684981184484
3946.0,-153.7984977038216,-317.9726828605105
3946.5,-153.30947009873137,-318.07675849918365
3947.0,-152.82042203380217,-318.18073626650875
3947.5,-152.33133866768836,-318.2845417926392
3948.0,-151.84222582368213,-318.38820501098417
3948.5,-151.35308804326684,-318.49174837065715
3949.0,-150.86390758939135,-318.59508822446037
3949.5,-150.3746856370485,-318.6982342671503
3950.0,-149.88543144381038,-318.80123030164685
3950.5,-149.39612712875658,-318.9039942464858
3951.0,-148.90677171774735,-319.00652142004753
3951.5,-148.4173799840134,-319.1088790015058
3952.0,-147.92793671844234,-319.2109942876545
3952.5,-147.43843379854223,-319.3128288550334
3953.0,-146.9488896659297,-319.4144705487415
3953.5,-146.45928946976184,-319.5158507781407
3954.0,-145.9696196556508,-319.6169040105637
3954.5,-145.47990609012393,-319.71774955813095
3955.0,-144.99013796837502,-319.8183348405809
3955.5,-144.500297069998,-319.9185696609782
3956.0,-144.01041307814322,-320.0185955712357
3956.5,-143.5204787138019,-320.1183767504257
3957.0,-143.03046720165437,-320.21778056624083
3957.5,-142.5404108865254,-320.316963983552
3958.0,-142.05030500500118,-320.4159032889912
3958.5,-141.56011614870903,-320.51443160046443
3959.0,-141.06988170246166,-320.6127321370035
3959.5,-140.5795999822151,-320.7107962532823
3960.0,-140.08923260962254,-320.8084279579584
3960.5,-139.59881848489704,-320.9058220192271
3961.0,-139.1083575319423,-321.0029779621585
3961.5,-138.6178022583031,-321.0996521797422
3962.0,-138.12719284544676,-321.196048746902
3962.5,-137.6365302591908,-321.29217253850265
3963.0,-137.1457608314735,-321.38774662409304
3963.5,-136.65492399940712,-321.48297255691
3964.0,-136.16402413851887,-321.57787277480634
3964.5,-135.6730007841353,-321.6721329676666
3965.0,-135.18189361016232,-321.76595655280954
3965.5,-134.69071187448506,-321.85939119764913
3966.0,-134.19939187512443,-321.95210035715945
3966.5,-133.7079703828714,-322.04427366599515
3967.0,-133.21646226213818,-322.13598880033834
3967.5,-132.72479835439265,-322.22687545566964
3968.0,-132.23301983175648,-322.3171450890235
3968.5,-131.74114817498966,-322.40691147650915
3969.0,-131.24911874527305,-322.49581704616827
3969.5,-130.7569685357758,-322.5840549571
3970.0,-130.2647234978958,-322.67176648454404
3970.5,-129.77232150799017,-322.75859889591476
3971.0,-129.27979703950996,-322.8447339054165
3971.5,-128.78718052184433,-322.9303421898232
3972.0,-128.29441850694994,-323.01510996730275
3972.5,-127.80153847409753,-323.0991870636785
3973.0,-127.30857169913715,-323.182754131364
3973.5,-126.81546882894014,-323.2655147502548
3974.0,-126.32225317210158,-323.34759898320385
3974.5,-125.82895708506314,-323.42919866100726
3975.0,-125.33553783887223,-323.51005127016276
3975.5,-124.84200989603595,-323.59023689197795
3976.0,-124.34840615071305,-323.6699550026784
3976.5,-123.85468795047105,-323.74896233982014
3977.0,-123.3608672118431,-323.82732561972114
3977.5,-122.86697567189603,-323.9052418291476
3978.0,-122.37297724895028,-323.9824787595837
3978.5,-121.87887791929826,-324.0590665612602
3979.0,-121.3847096359198,-324.13520826015593
3979.5,-120.89043759509245,-324.2106743737884
3980.0,-120.39606804891292,-324.2854978437972
3980.5,-119.90163253174418,-324.3598839397925
3981.0,-119.40709814502654,-324.4336104237958
3981.5,-118.91246734699249,-324.5066860028668
3982.0,-118.41777265739461,-324.5793276694713
3982.5,-117.92298372086644,-324.65132527796646
3983.0,-117.42810215347052,-324.7226821620815
3983.5,-116.93315879016703,-324.7936090690565
3984.0,-116.43812312772204,-324.8638899433374
3984.5,-115.94299742668541,-324.9335329336195
3985.0,-115.44781290225725,-325.0027565807835
3985.5,-114.95254192166998,-325.0713599346011
3986.0,-114.45718717581072,-325.1393549672401
3986.5,-113.96177644924694,-325.20694098725477
3987.0,-113.4662810987913,-325.27390500936303
3987.5,-112.97070285104677,-325.34025228412804
3988.0,-112.47507010794342,-325.40619152070195
3988.5,-111.97935596227458,-325.47151715351606
3989.0,-111.48356482101573,-325.53625492961606
3989.5,-110.98772254815684,-325.60059994329487
3990.0,-110.49180273280449,-325.664345416779
3990.5,-109.99580791979555,-325.72750376884954
3991.0,-109.4997631702191,-325.79026882510306
3991.5,-109.00364219650301,-325.85242937554506
3992.0,-108.50745164690122,-325.91403089309733
3992.5,-108.01121413942613,-325.9752528785277
3993.0,-107.51490364298846,-326.0358806738849
3993.5,-107.01852537435013,-326.0959495169694
3994.0,-106.52210075889093,-326.1556339034115
3994.5,-106.02560288395205,-326.21470590957523
3995.0,-105.52903939733528,-326.2732218434222
3995.5,-105.0324304421115,-326.33135014892116
3996.0,-104.53574852888312,-326.38885102757814
3996.5,-104.03900245065009,-326.44579202836303
3997.0,-103.5422100002586,-326.5023263776004
3997.5,-103.04533867308486,-326.55816355626627
3998.0,-102.54840336508562,-326.6134264220674
3998.5,-102.0514221729647,-326.6682749980664
3999.0,-101.55436513156668,-326.722430773387
3999.5,-101.05724791112061,-326.77602811525946
4000.0,-100.56008597191041,-326.82920863510714
4000.5,-100.06284670820085,-326.88166109295287
4001.0,-99.56554977185749,-326.93356098067517
4001.5,-99.06820883409694,-326.9850372975235
4002.0,-98.57079027790486,-327.0357565433573
4002.5,-98.07331789200086,-327.0859415142174
4003.0,-97.57580268860471,-327.1356999043856
4003.5,-97.07820741693487,-327.1846501634256
4004.0,-96.58056022191607,-327.2330667242576
4004.5,-96.08287070007442,-327.281046610883
4005.0,-95.58510373517271,-327.3282125368306
4005.5,-95.08729051857787,-327.3748831568162
4006.0,-94.5894380187247,-327.4211321636172
4006.5,-94.09151280814167,-327.46658692407215
4007.0,-93.5935474116174,-327.51159362060827
4007.5,-93.09554614362193,-327.5561998006297
4008.0,-92.59747657670206,-327.6000254439784
4008.5,-92.09937248981409,-327.6434473719772
4009.0,-91.6012357469861,-327.68648738466834
4009.5,-91.10303507390931,-327.7287604346402
4010.0,-90.60480407973813,-327.7706608606592
4010.5,-90.10654074204004,-327.81216378417184
4011.0,-89.60821671375197,-327.85290293506785
4011.5,-89.10986165456805,-327.8932459875816
4012.0,-88.61147128206741,-327.9331378265116
4012.5,-88.11302037767783,-327.97223829795035
4013.0,-87.61453752882062,-328.01091490880094
4013.5,-87.11601590416744,-328.0490758401275
4014.0,-86.61743071107367,-328.0863802238539
4014.5,-86.11881102476688,-328.1232134064957
4015.0,-85.62014677108115,-328.15943557769737
4015.5,-85.12142081805392,-328.1947918075175
4016.0,-84.62266126721103,-328.2296681258732
4016.5,-84.12385615904532,-328.2638889133605
4017.0,-83.62499563181156,-328.29729445360454
4017.5,-83.12610383090819,-328.33023253957913
4018.0,-82.62716742107328,-328.36249725076124
4018.5,-82.12818505253968,-328.39404420210315
4019.0,-81.62917543165022,-328.42515936174095
4019.5,-81.13012488922313,-328.4556178012755
4020.0,-80.63103712221597,-328.4854614452537
4020.5,-80.13192625036794,-328.51491710234484
4021.0,-79.63277946915265,-328.5437564625956
4021.5,-79.13360367212564,-328.57207834572324
4022.0,-78.63440845988536,-328.60004985174174
4022.5,-78.13518119186138,-328.62742958278386
4023.0,-77.63593083945466,-328.65436750874915
4023.5,-77.1366638399128,-328.68098344439375
4024.0,-76.63736799043699,-328.707023040474
4024.5,-76.13805299880644,-328.7326685704355
4025.0,-75.63872283593791,-328.758000889727
4025.5,-75.13936337994215,-328.7827189309314
4026.0,-74.63998672238422,-328.8070672829717
4026.5,-74.1405952127442,-328.83109600555446
4027.0,-73.64117429361092,-328.85447351671695
4027.5,-73.14173906613333,-328.87752156229834
4028.0,-72.64228928919256,-328.9002345902676
4028.5,-72.14281144360383,-328.9222864174874
4029.0,-71.64331963070372,-328.9440103037085
4029.5,-71.14381129689102,-328.9653463803604
4030.0,-70.64427708325536,-328.98604696362844
4030.5,-70.14473014402272,-329.00642354660647
4031.0,-69.6451668162633,-329.02637935357455
4031.5,-69.14558069406202,-329.0457349950549
4032.0,-68.64598195622088,-329.0647530447157
4032.5,-68.14636514777925,-329.0832841695959
4033.0,-67.64672721042857,-329.1012345916172
4033.5,-67.14707724692838,-329.11884344288694
4034.0,-66.64740903413501,-329.13592056098537
4034.5,-66.147723865622,-329.1524693088707
4035.0,-65.64802798954474,-329.1686773495896
4035.5,-65.14831415558693,-329.18429871675505
4036.0,-64.6485842516391,-329.1993951178758
4036.5,-64.14884348787169,-329.2141287983931
4037.0,-63.649084025185225,-329.22820390646035
4037.5,-63.14931316777761,-329.24182326873415
4038.0,-62.64953368723523,-329.25509304589804
4038.5,-62.14973812935533,-329.2676640413418
4039.0,-61.64993310226447,-329.2798042430778
4039.5,-61.15011995745856,-329.29157504036937
4040.0,-60.650288930696895,-329.30252329682764
4040.5,-60.150450227011895,-329.31307885674966
4041.0,-59.65060308168361,-329.3232026025283
4041.5,-59.15074284923878,-329.3325400058842
4042.0,-58.65087667076385,-329.3414828331222
4042.5,-58.151002994845555,-329.3499206944214
4043.0,-57.65111782786869,-329.3575609707911
4043.5,-57.151226178063865,-329.3647545449804
4044.0,-56.65132503347301,-329.371295582055
4044.5,-56.151414494497175,-329.37705563707385
4045.0,-55.651499344193994,-329.38236358465554
4045.5,-55.15157787003272,-329.38695151669066
4046.0,-54.651650701744465,-329.3907952858748
4046.5,-54.15171980138873,-329.39415438461805
4047.0,-53.65178207602168,-329.39663495320514
4047.5,-53.1518403621141,-329.3984194822782
4048.0,-52.651896209156355,-329.39971274680005
4048.5,-52.15194984101536,-329.4000845082432
4049.0,-51.65200384908652,-329.3998790107629
4049.5,-51.15205820310635,-329.3992069658745
4050.0,-50.65211452708428,-329.39754237322785
4050.5,-50.152172400402726,-329.3953750781468
4051.0,-49.65223188155762,-329.39268610091005
4051.5,-49.15229681186847,-329.38904390466683
4052.0,-48.652365380676436,-329.3849517045726
4052.5,-48.15243878448131,-329.380282546498
4053.0,-47.652521184372105,-329.37474258996696
4053.5,-47.15260864574896,-329.36873534461574
4054.0,-46.65270372841997,-329.3620370639952
4054.5,-46.15280912968998,-329.3545305311049
4055.0,-45.65292108413609,-329.34655671298657
4055.5,-45.153044688201604,-329.33781452128903
4056.0,-44.653180530399055,-329.32836951265705
4056.5,-44.153324597774514,-329.31846565550666
4057.0,-43.653484701684995,-329.3077141247475
4057.5,-43.15365737599914,-329.29635691148223
4058.0,-42.6538395096355,-329.28455067266333
4058.5,-42.15404211914756,-329.27185100034285
4059.0,-41.65425680340273,-329.258680626168
4059.5,-41.15448250259304,-329.245080863943
4060.0,-40.6547323641581,-329.23063656921596
4060.5,-40.154993632498645,-329.2158102879962
4061.0,-39.65526915779311,-329.2005076252603
4061.5,-39.15556728215467,-329.1845064749927
4062.0,-38.65587756857251,-329.16815622082623
4062.5,-38.15620583587574,-329.1513022108583
4063.0,-37.656556435846575,-329.13385145066985
4063.5,-37.1569200070209,-329.11606432245753
4064.0,-36.65730549189387,-329.09772299396286
4064.5,-36.157712011170496,-329.07887862407085
4065.0,-35.658132436712236,-329.0597053787501
4065.5,-35.15858012956441,-329.03990092033166
4066.0,-34.65904787857195,-329.0196464442013
4066.5,-34.15953078990519,-328.999052730663
4067.0,-33.66004761793792,-328.97771547204127
4067.5,-33.160583525032195,-328.9559584317173
4068.0,-32.66113826086556,-328.9337871173407
4068.5,-32.161731073430886,-328.9107865768223
4069.0,-31.662342814579084,-328.88738429324485
4069.5,-31.162979827629528,-328.8634471595968
4070.0,-30.663654886061398,-328.8387177149458
4070.5,-30.164350583624525,-328.8135618434127
4071.0,-29.665078876259297,-328.7877350336073
4071.5,-29.165843008269064,-328.76118568294373
4072.0,-28.666628844925825,-328.73420641155684
4072.5,-28.167454205990126,-328.7064613934161
4073.0,-27.668311840277404,-328.67810179525685
4073.5,-27.1691918860504,-328.6493208192822
4074.0,-26.670117753784126,-328.61972033998177
4074.5,-26.171071672677066,-328.58964865807474
4075.0,-25.672049565761963,-328.5591742583457
4075.5,-25.173078712362997,-328.52786871815016
4076.0,-24.674132052388142,-328.49618268286287
4076.5,-24.175216278438693,-328.4640113809604
4077.0,-23.67634742005777,-328.43113080495414
4077.5,-23.1775029094701,-328.3978965766811
4078.0,-22.67869578913339,-328.3641274640733
4078.5,-22.179931446685163,-328.32976106359047
4079.0,-21.681192386553896,-328.2950445120522
4079.5,-21.182499199906456,-328.2596981165196
4080.0,-20.683844805055834,-328.2238287153627
4080.5,-20.185216935335692,-328.187603669474
4081.0,-19.686644876183188,-328.1506442906168
4081.5,-19.188107064849582,-328.1132414732978
4082.0,-18.689598271268768,-328.0754629360621
4082.5,-18.191153803854068,-328.0368703954353
4083.0,-17.69273916037476,-327.99790526972333
4083.5,-17.194363277452133,-327.9584561442667
4084.0,-16.6960475359093,-327.9182639916868
4084.5,-16.197762718565482,-327.8776944480405
4085.0,-15.699526550213381,-327.83653429752036
4085.5,-15.201344571234287,-327.7947339320416
4086.0,-14.703194566052256,-327.7525577348443
4086.5,-14.205103687137823,-327.7096911602141
4087.0,-13.707059187816498,-327.6662947581213
4087.5,-13.209047162709549,-327.6225291781938
4088.0,-12.711105281742569,-327.5779861695922
4088.5,-12.21320188720129,-327.5330210588097
4089.0,-11.715335580151502,-327.4876491887412
4089.5,-11.217543020718628,-327.44148524769037
4090.0,-10.719784543504858,-327.39496132849973
4090.5,-10.222073762012442,-327.34793478798554
4091.0,-9.724427541201058,-327.3002471529385
4091.5,-9.226816119066228,-327.2522063938432
4092.0,-8.729263993871431,-327.20356748466924
4092.5,-8.231768980229484,-327.15435523048336
4093.0,-7.7343098328354705,-327.1047849685133
4093.5,-7.2369224884255985,-327.05450694271497
4094.0,-6.739583298324133,-327.0037648625319
4094.5,-6.242280816609534,-326.952669139796
4095.0,-5.745064546126732,-326.90075601077876
4095.5,-5.247887098999845,-326.8484773166318
4096.0,-4.750758342873367,-326.79574014249346
4096.5,-4.253708875619599,-326.7422706464182
4097.0,-3.756699359669249,-326.6884327826739
4097.5,-3.2597533993243477,-326.6340092864215
4098.0,-2.7628763253374156,-326.5789618513051
4098.5,-2.266039126515268,-326.5235576904367
4099.0,-1.7692768953849995,-326.4674945505993
4099.5,-1.2725710617084722,-326.4109456181606
4100.0,-0.7759049961453719,-326.354054138516
4100.5,-0.2793273014145732,-326.2964015493786
4101.0,0.21720628287363608,-326.23837769910244
4101.5,0.7136921998914463,-326.179952651195
4102.0,1.2100953929975165,-326.1208513367769
4102.5,1.7064588620362353,-326.0614303414039
4103.0,2.2027618199185595,-326.0015242938571
4103.5,2.6989910850185757,-325.94102569098874
4104.0,3.1951798112480745,-325.8802030117064
4104.5,3.691294721770644,-325.8187940340508
4105.0,4.187349771476235,-325.75692257067817
4105.5,4.683364266030571,-325.6947381277204
4106.0,5.179288883969324,-325.6318641108091
4106.5,5.675164861531935,-325.56861822535575
4107.0,6.170991720053018,-325.504996811837
4107.5,6.666728139859564,-325.4406972415288
4108.0,7.162422680785785,-325.3760891311406
4108.5,7.658054317439592,-325.3110192705664
4109.0,8.153606159651897,-325.2453686674255
4109.5,8.649113971675249,-325.17939711766365
4110.0,9.144539900104382,-325.11282778324613
4110.5,9.639897566194085,-325.0457676347912
4111.0,10.135209737106186,-324.97838098978605
4111.5,10.630423405573998,-324.91029465521
4112.0,11.12558197437062,-324.84182240790585
4112.5,11.6206841902392,-324.7729554701847
4113.0,12.115678551931344,-324.70331771949236
4113.5,12.610622614571021,-324.6333196855314
4114.0,13.105489433644939,-324.5627680898978
4114.5,13.600265092287389,-324.49157617565737
4115.0,14.094990117300538,-324.4200304931059
4115.5,14.589618633571327,-324.3478145776612
4116.0,15.084171517696987,-324.27506929026123
4116.5,15.578672832938285,-324.20196308739406
4117.0,16.073058171531432,-324.12804574834513
4117.5,16.567386880815157,-324.0537373232885
4118.0,17.061651998459723,-323.9789897298836
4118.5,17.555809576302952,-323.903513845347
4119.0,18.0499164224671,-323.8276963622778
4119.5,18.543941579294362,-323.75132988488673
4120.0,19.037878995564178,-323.674378153068
4120.5,19.531766735662202,-323.59709744418
4121.0,20.025557197280335,-323.51918005437796
4121.5,20.51928032208105,-323.44083153618925
4122.0,21.012954949584213,-323.3621725674601
4122.5,21.50651827651626,-323.2828092880443
4123.0,22.00003381309848,-323.20314609078645
4123.5,22.49348547975983,-323.1230820651417
4124.0,22.986843115894338,-323.0424361541022
4124.5,23.48015429882171,-322.96150530500256
4125.0,23.97338485702057,-322.88008238611843
4125.5,24.46654186693875,-322.7982144522482
4126.0,24.959653800789663,-322.71607453779524
4126.5,25.452668750533412,-322.6333539749228
4127.0,25.9456264247235,-322.5502898151719
4127.5,26.438533418651936,-322.46692162379503
4128.0,26.93133588383939,-322.3829285162419
4128.5,27.424091677918533,-322.2986580101448
4129.0,27.916778283471857,-322.2139765737783
4129.5,28.409375610245732,-322.12877048214864
4130.0,28.901925417597894,-322.0432859514462
4130.5,29.394387202764605,-321.9572870343025
4131.0,29.88677613018869,-321.8708629665388
4131.5,30.37911725641162,-321.78416043507326
4132.0,30.87135363154523,-321.6968534938819
4132.5,31.363535477386286,-321.60923798082325
4133.0,31.85565982639921,-321.5212971031249
4133.5,32.34768196689178,-321.43278364520324
4134.0,32.83965768958098,-321.34401084167285
4134.5,33.33156015245431,-321.25482903032815
4135.0,33.82337906589149,-321.165186712226
4135.5,34.315151047629236,-321.07528582226223
4136.0,34.80683045104657,-320.98487516596265
4136.5,35.29844398924847,-320.89410159580905
4137.0,35.79001089061545,-320.8030711598034
4137.5,36.28146837669253,-320.71144499075734
4138.0,36.77287728133635,-320.61955574302704
4138.5,37.26422276206471,-320.5273230414479
4139.0,37.755473308953874,-320.43457330491356
4139.5,38.246676913257815,-320.3415681692204
4140.0,38.737798610147415,-320.24811764716816
4140.5,39.22884383651072,-320.1542520301587
4141.0,39.719842768383884,-320.06013608749527
4141.5,40.210743014318055,-319.9654924307185
4142.0,40.701585763904504,-319.870545109913
4142.5,41.19237670269381,-319.7753241530245
4143.0,41.68306458759795,-319.67956304129666
4143.5,42.173707175841535,-319.58356509170414
4144.0,42.66428032082453,-319.487204193278
4144.5,43.154770814227454,-319.3904175280055
4145.0,43.645217231695604,-319.2934054711734
4145.5,44.13557874049075,-319.195962945348
4146.0,44.62587729045579,-319.0982047623666
4146.5,45.11613293396779,-319.00023156570575
4147.0,45.60629002295248,-318.9017683856517
4147.5,46.0964023255427,-318.8030841519277
4148.0,46.58645777002522,-318.70411928178453
4148.5,47.07642710653219,-318.60473339669
4149.0,47.56635416749833,-318.5051410096826
4149.5,48.05620638978483,-318.405183245245
4150.0,48.54598832147539,-318.3048830104121
4150.5,49.035727768234636,-318.2043761505756
4151.0,49.52537483194344,-318.1034225450965
4151.5,50.0149684720522,-318.0022118305392
4152.0,50.50451137876166,-317.9007569538977
4152.5,50.993955991428216,-317.7988285257473
4153.0,51.483356405128845,-317.69668736098674
4153.5,51.972685942222625,-317.59420512524986
4154.0,52.4619334784122,-317.49132861197006
4154.5,52.95113584930241,-317.3882347812568
4155.0,53.44024588136336,-317.2846961828507
4155.5,53.929292762124874,-317.1808538514278
4156.0,54.41829300732896,-317.0767872212389
4156.5,54.90718361281387,-316.9721929601798
4157.0,55.3960289988611,-316.8673805482357
4157.5,55.88480806102015,-316.7622481446396
4158.0,56.37349860787893,-316.6566898854065
4158.5,56.86214478896686,-316.5509182647716
4159.0,57.35070728551993,-316.4447443409687
4159.5,57.839204072281554,-316.3382545569926
4160.0,58.3276580211028,-316.23155899601693
4160.5,58.816011947163325,-316.124386330759
4161.0,59.30432035745273,-316.0170002309742
4161.5,59.792572141991045,-315.9093485992627
4162.0,60.28073990187984,-315.8013101862281
4162.5,60.7688679003693,-315.69308976058244
4163.0,61.25692447988725,-315.5845434355857
4163.5,61.74491731890651,-315.47570854469944
4164.0,62.23287152593325,-315.36669905113865
4164.5,62.72073949461458,-315.2573025854866
4165.0,63.208563140229366,-315.14770870420887
4165.5,63.69633979523695,-315.03790552603783
4166.0,64.18403452481526,-314.9277389259477
4166.5,64.67169180108425,-314.8174056978789
4167.0,65.15928441277777,-314.70678447999575
4167.5,65.64681286934281,-314.5958777913467
4168.0,66.13430435237662,-314.4848069285071
4168.5,66.62171458615241,-314.37337730893364
4169.0,67.10907683691264,-314.26173562633386
4169.5,67.59639416605465,-314.1498954106866
4170.0,68.08362737515633,-314.03768020717405
4170.5,68.57082422843125,-313.9253031442628
4171.0,69.05796082148169,-313.8126578813069
4171.5,69.54503423400085,-313.6997342547408
4172.0,70.0320729297126,-313.5866579074742
4172.5,70.51903821883153,-313.4732596561306
4173.0,71.00595851248255,-313.35966502952704
4173.5,71.49284026907866,-313.2459022143361
4174.0,71.97964552167936,-313.13180775172737
4174.5,72.46641940028817,-313.0175784620368
4175.0,72.9531426577408,-312.9031319685538
4175.5,73.43981076214521,-312.7884510637384
4176.0,73.92644927689777,-312.6736446447007
4176.5,74.41302557921382,-312.5585752141965
4177.0,74.899560913023,-312.4433326340623
4177.5,75.38606298353886,-312.32794946967533
4178.0,75.87249442966996,-312.2122672847014
4178.5,76.3588966096535,-312.0964614997008
4179.0,76.8452518254048,-311.98045743687334
4179.5,77.33155118749296,-311.8642186797774
4180.0,77.81782084536138,-311.74785521991583
4180.5,78.30402761934299,-311.631228134435
4181.0,78.7901927071276,-311.5144264672786
4181.5,79.27632457374126,-311.39748566995195
4182.0,79.76238658029554,-311.28025320804164
4182.5,80.24841942744573,-311.16289954567367
4183.0,80.73440526923915,-311.0453506132705
4183.5,81.2203378710801,-310.9275821218079
4184.0,81.70624274482542,-310.8096994824676
4184.5,82.19209015727469,-310.6915809821044
4185.0,82.67790106192851,-310.5733126664083
4185.5,83.16368241072564,-310.4549230637254
4186.0,83.649402393129,-310.3362823780835
4186.5,84.13509782070517,-310.2175415429464
4187.0,84.62075331230277,-310.098637901257
4187.5,85.10636532681343,-309.97955722521425
4188.0,85.59195427518662,-309.8603826623064
4188.5,86.0774937506615,-309.7410068666495
4189.0,86.56300337199092,-309.6215097611969
4189.5,87.0484875779435,-309.50190938250967
4190.0,87.53392300556247,-309.3821106985999
4190.5,88.01933799653096,-309.26222899991416
4191.0,88.50471861424805,-309.1422076976403
4191.5,88.99006186153329,-309.0220349597861
4192.0,89.47538489241241,-308.90178032855624
4192.5,89.96066345557954,-308.7813457085501
4193.0,90.44591548154652,-308.66080395925235
4193.5,90.93114289070789,-308.5401628331954
4194.0,91.41632172353798,-308.41932629573927
4194.5,91.90147918446148,-308.2984039617035
4195.0,92.38659893095029,-308.1773303107861
4195.5,92.87168089965468,-308.05610542673384
4196.0,93.35674172412807,-307.9347959367044
4196.5,93.84175430003383,-307.8132936683745
4197.0,94.32674133125401,-307.6916895236875
4197.5,94.8117016434947,-307.56997881936843
4198.0,95.29661673612424,-307.4480881092963
4198.5,95.78151199606812,-307.32611858894313
4199.0,96.26637084471889,-307.2040044903154
4199.5,96.75119700577962,-307.0817609851409
4200.0,97.23600402033269,-306.95944171044147
4200.5,97.72076603936509,-306.8369447750248
4201.0,98.20550668550938,-306.7143636889666
4201.5,98.69022123820464,-306.59167986618604
4202.0,99.17489710891454,-306.4688442307632
4202.5,99.65955529910369,-306.34593926607886
4203.0,100.14417916095186,-306.22289977434576
4203.5,100.62877576756323,-306.0997537992973
4204.0,101.11335530348734,-305.9765411430146
4204.5,101.5978916004249,-305.85316046073905
4205.0,102.08241119168926,-305.72971503502623
4205.5,102.56690604604687,-305.6061737405417
4206.0,103.05137009222653,-305.4825136869786
4206.5,103.5358193518559,-305.3587966555386
4207.0,104.02023834317016,-305.2349630413786
4207.5,104.5046373753821,-305.11105269950644
4208.0,104.98902139194934,-304.98708463379245
4208.5,105.47337320310834,-304.86299371926975
4209.0,105.95771290074792,-304.73885703948747
4209.5,106.44203241050784,-304.6146441833402
4210.0,106.9263315289287,-304.4903535231274
4210.5,107.4106200300389,-304.3660222188738
4211.0,107.89488513587102,-304.24160069596337
4211.5,108.37913754737059,-304.11713021834476
4212.0,108.8633777548774,-303.9926126769751
4212.5,109.34759729826939,-303.86801509969206
4213.0,109.83180830058043,-303.74338407322705
4213.5,110.31600371414432,-303.61869173755093
4214.0,110.80018466016564,-303.49394237157907
4214.5,111.28435731900869,-303.3691603738695
4215.0,111.76851044655066,-303.2443019970147
4215.5,112.25265487192722,-303.1194100744258
4216.0,112.73678826243169,-302.9944756138168
4216.5,113.2209056119421,-302.86947958595823
4217.0,113.70501540906344,-302.7444546555254
4217.5,114.18910958881546,-302.6193700994041
4218.0,114.67319232139464,-302.49424267417
4218.5,115.15726727850507,-302.3690861301785
4219.0,115.64132382346523,-302.24386197808434
4219.5,116.12537330023252,-302.11861236692414
4220.0,116.60941107120065,-301.9933206391757
4220.5,117.09343512570457,-301.8679799499954
4221.0,117.57745231949531,-301.7426149882035
4221.5,118.06145471266586,-301.6171986435258
4222.0,118.54544917897304,-301.4917557551282
4222.5,119.02943612457382,-301.36628768305906
4223.0,119.51341117876278,-301.24078114374396
4223.5,119.9973814898725,-301.11525929586304
4224.0,120.48134307637396,-300.98970931512065
4224.5,120.96529789900511,-300.8641374502907
4225.0,121.44924891211211,-300.73855332910586
4225.5,121.93319245840229,-300.6129466465499
4226.0,122.41713280509899,-300.4873307694874
4226.5,122.90106878342067,-300.36170233925117
4227.0,123.38499843424216,-300.23605446443105
4227.5,123.86892526000588,-300.1103977714878
4228.0,124.3528464244084,-299.98472307676366
4228.5,124.83676410411104,-299.859037990499
4229.0,125.32067909837528,-299.7333448961296
4229.5,125.8045886595746,-299.6076375236675
4230.0,126.2884962801601,-299.4819242093196
4230.5,126.77240052196176,-299.35620026289416
4231.0,127.25630081439415,-299.23046234295396
4231.5,127.74019893326461,-299.10471679754147
4232.0,128.22409139103,-298.97895194003576
4232.5,128.70798170872195,-298.85317970995163
4233.0,129.19186953165567,-298.7273988853954
4233.5,129.67575584128556,-298.6016125988684
4234.0,130.15964183942043,-298.4758251552186
4234.5,130.64352775283976,-298.3500372882206
4235.0,131.12741271624762,-298.22424674172527
4235.5,131.611297036102,-298.09845438009404
4236.0,132.09517906078185,-297.97265483910587
4236.5,132.5790605843955,-297.84685396723364
4237.0,133.06294129583776,-297.72105099234966
4237.5,133.5468218941494,-297.5952488765589
4238.0,134.03070239596937,-297.4694475941348
4238.5,134.51458243274425,-297.34365070704337
4239.0,134.99846136259012,-297.21785355207425
4239.5,135.48233909619518,-297.09205610761387
4240.0,135.96621572995184,-296.9662632132194
4240.5,136.45009189369415,-296.840472861949
4241.0,136.9339671124785,-296.71468839889405
4241.5,137.4178405801635,-296.5889070779744
4242.0,137.90171291710564,-296.46312778603556
4242.5,138.38558152401689,-296.33735260532
4243.0,138.8694488383365,-296.2115811970678
4243.5,139.35331394738685,-296.0858164392729
4244.0,139.83717676698686,-295.9600613660715
4244.5,140.32103852446727,-295.8343109784311
4245.0,140.80489839825128,-295.7085701811629
4245.5,141.28875905840988,-295.5828371237586
4246.0,141.77262057011126,-295.45711244763436
4246.5,142.25648491964478,-295.33140233138147
4247.0,142.7403513354388,-295.20569953834723
4247.5,143.22422312859587,-295.0800131793083
4248.0,143.70809919846738,-294.9543383260361
4248.5,144.19197811753423,-294.8286711380353
4249.0,144.67586405966375,-294.70302448221366
4249.5,145.15975378609127,-294.57738912416715
4250.0,145.64365031510673,-294.4517740977515
4250.5,146.1275549700364,-294.3261831588233
4251.0,146.61146373819562,-294.2006043691965
4251.5,147.0953818184647,-294.0750527405548
4252.0,147.57930400719016,-293.9495148952379
4252.5,148.06323100015112,-293.8239931674923
4253.0,148.54716497307183,-293.6984990532829
4253.5,149.03110204858544,-293.57301822185883
4254.0,149.5150457736234,-293.44756765234035
4254.5,149.99899368414665,-293.3221399898012
4255.0,150.48294470341804,-293.1967293413058
4255.5,150.966899942081,-293.07135324298514
4256.0,151.4508557968881,-292.9459881938516
4256.5,151.93481245171176,-292.8206427974434
4257.0,152.41876944024932,-292.69531789803136
4257.5,152.90272647999439,-292.5700039690745
4258.0,153.38668170239447,-292.44471659049975
4258.5,153.87063471473394,-292.31943611315603
4259.0,154.35458471087563,-292.1941650543219
4259.5,154.83853264296386,-292.0689077231947
4260.0,155.3224801681372,-291.94365721789745
4260.5,155.8064284012712,-291.81842352720247
4261.0,156.29037753004073,-291.6931987986647
4261.5,156.77432745580518,-291.56798204523903
4262.0,157.25828016642075,-291.44278141471085
4262.5,157.74223472218057,-291.3175888640842
4263.0,158.22619350595699,-291.19241358350166
4263.5,158.71015647778262,-291.06725470106005
4264.0,159.19412188075586,-290.94210533715443
4264.5,159.67809544016006,-290.8169858504168
4265.0,160.16207193286837,-290.69187711546135
4265.5,160.6460534782614,-290.5667869007014
4266.0,161.13004219205226,-290.44172225554917
4266.5,161.61403437707133,-290.31667007929906
4267.0,162.09803438284752,-290.1916465783045
4267.5,162.58203840957177,-290.0666368904181
4268.0,163.0660470295851,-289.941642981795
4268.5,163.55006332140732,-289.8166774374355
4269.0,164.034083153586,-289.6917255804638
4269.5,164.518111064297,-289.56680600780555
4270.0,165.00214374020237,-289.44190908632726
4270.5,165.48618010340402,-289.3170296922789
4271.0,165.97022233588353,-289.19218229100153
4271.5,166.45426671423974,-289.06734717939423
4272.0,166.93831517183537,-288.94253572852205
4272.5,167.4223651667921,-288.8177425889474
4273.0,167.90641599657306,-288.69295958908106
4273.5,168.39046841871985,-288.5682040307732
4274.0,168.87452262243633,-288.4434637889266
4274.5,169.35857965180182,-288.3187478396698
4275.0,169.84264051739297,-288.1940647165047
4275.5,170.3267031119883,-288.06939741704656
4276.0,170.81076923087127,-287.944768268365
4276.5,171.29483719611986,-287.82015863413204
4277.0,171.7789071832963,-287.6955703698854
4277.5,172.26298333112422,-287.571023497687
4278.0,172.74706218706024,-287.4464954933119
4278.5,173.2311470762915,-287.32201066480883
4279.0,173.71523690232547,-287.197557419558
4279.5,174.19933052030538,-287.07312843332534
4280.0,174.68343381161284,-286.9487477521789
4280.5,175.16754146952042,-286.8243865271658
4281.0,175.6516579846069,-286.7000637745492
4281.5,176.13578277531258,-286.5757753758706
4282.0,176.6199121866076,-286.4515060573511
4282.5,177.10405636252761,-286.327290338986
4283.0,177.58820637705335,-286.2030935323898
4283.5,178.07236615818715,-286.07892836071534
4284.0,178.55653617756394,-285.9547962855078
4284.5,179.0407109751605,-285.8306797001523
4285.0,179.52489605083846,-285.7065967521118
4285.5,180.00908514838414,-285.58252596526944
4286.0,180.493279041111,-285.4584696779462
4286.5,180.9774777831732,-285.3344296949777
4287.0,181.46167816868603,-285.2103963254611
4287.5,181.94588113604033,-285.0863767239761
4288.0,182.43008321986687,-284.96235775627144
4288.5,182.9142845381534,-284.83833933771086
4289.0,183.3984808639692,-284.71431038638315
4289.5,183.88267426966092,-284.5902746092595
4290.0,184.36686082417344,-284.4662224265472
4290.5,184.85103847387074,-284.3421472948052
4291.0,185.33521050236774,-284.21805767639614
4291.5,185.81936580563496,-284.09391696800964
4292.0,186.30351475003346,-283.9697545063646
4292.5,186.78765177364255,-283.8455509010229
4293.0,187.27177393063562,-283.7212952467191
4293.5,187.75588820929747,-283.5970119525853
4294.0,188.23997882893963,-283.47264463540824
4294.5,188.72405887838275,-283.34823917779863
4295.0,189.2081233001743,-283.22377733095857
4295.5,189.69216632439898,-283.0992379931797
4296.0,190.17619923009747,-282.97466178061194
4296.5,190.66020676201404,-282.8499919513607
4297.0,191.14420056821797,-282.725270896281
4297.5,191.62817918867393,-282.60049316636463
