lap_distance,x_position,y_position
0,-1428.01515,-1292.74692
0.540988661,-1428.55491,-1292.71048
1.08251677,-1429.09521,-1292.67403
1.624573677,-1429.63604,-1292.63758
2.167160731,-1430.1774,-1292.60111
2.710306519,-1430.71932,-1292.56464
3.254023035,-1431.26181,-1292.52814
3.798259051,-1431.80482,-1292.49163
4.343015236,-1432.34835,-1292.4551
4.888411993,-1432.89252,-1292.41854
5.434429367,-1433.43731,-1292.38195
5.981106597,-1433.98276,-1292.34534
6.52838449,-1434.52881,-1292.3087
7.076231775,-1435.07543,-1292.27205
7.62462716,-1435.6226,-1292.23541
8.173581963,-1436.17033,-1292.19876
8.723084206,-1436.71861,-1292.16213
9.27313323,-1437.26744,-1292.12553
9.823678489,-1437.81677,-1292.08897
10.37471999,-1438.3666,-1292.05245
10.92623647,-1438.91691,-1292.01599
11.4782592,-1439.46773,-1291.97957
12.03083609,-1440.01911,-1291.94322
12.58396981,-1440.57105,-1291.9069
13.13771024,-1441.1236,-1291.87061
13.6920574,-1441.67676,-1291.83435
14.24701064,-1442.23053,-1291.79813
14.80255198,-1442.78489,-1291.76192
15.35864019,-1443.3398,-1291.72574
15.91522605,-1443.89521,-1291.68958
16.47234946,-1444.45116,-1291.65344
17.03000112,-1445.00764,-1291.61731
17.58820097,-1445.56467,-1291.58119
18.14692971,-1446.12223,-1291.54507
18.70615676,-1446.68029,-1291.50896
19.26588213,-1447.23885,-1291.47286
19.82609776,-1447.7979,-1291.43674
20.38682298,-1448.35746,-1291.40061
20.94809835,-1448.91757,-1291.36446
21.50990454,-1449.47821,-1291.32828
22.07225155,-1450.03939,-1291.29207
22.63514001,-1450.60111,-1291.25582
23.19858924,-1451.16339,-1291.21954
23.76260922,-1451.72624,-1291.18323
24.32719995,-1452.28966,-1291.14689
24.89237141,-1452.85366,-1291.11052
25.45810235,-1453.41822,-1291.07414
26.0244034,-1453.98335,-1291.03774
26.59126393,-1454.54904,-1291.00133
27.15865466,-1455.11526,-1290.9649
27.72658491,-1455.68202,-1290.92846
28.29502539,-1456.24929,-1290.892
28.86398545,-1456.81708,-1290.85553
29.43345446,-1457.38538,-1290.81906
30.0034337,-1457.95419,-1290.78257
30.57390322,-1458.52349,-1290.74606
31.14489295,-1459.09331,-1290.70953
31.71640289,-1459.66365,-1290.67298
32.2884218,-1460.2345,-1290.63643
32.8609796,-1460.80589,-1290.59988
33.43407566,-1461.37782,-1290.56334
34.00769066,-1461.95027,-1290.5268
34.58186262,-1462.52328,-1290.49029
35.15659155,-1463.09685,-1290.45381
35.73186683,-1463.67097,-1290.41737
36.30768784,-1464.24564,-1290.38098
36.88405397,-1464.82086,-1290.34465
37.46094465,-1465.39661,-1290.30839
38.03835926,-1465.97289,-1290.27221
38.61631716,-1466.54972,-1290.23612
39.1947978,-1467.12708,-1290.20013
39.77380244,-1467.70497,-1290.16422
40.3533199,-1468.28338,-1290.12841
40.93334269,-1468.8623,-1290.09266
41.51387081,-1469.44173,-1290.05697
42.09494482,-1470.02171,-1290.02133
42.67653602,-1470.60221,-1289.98572
43.2586656,-1471.18325,-1289.95012
43.84130238,-1471.7648,-1289.91455
44.42444883,-1472.34686,-1289.87897
45.00809496,-1472.92942,-1289.84338
45.59225075,-1473.51249,-1289.80778
46.17690743,-1474.09606,-1289.77215
46.76205504,-1474.68012,-1289.73649
47.34767421,-1475.26465,-1289.70079
47.93382483,-1475.84971,-1289.66505
48.52049753,-1476.43529,-1289.62926
49.1077516,-1477.02145,-1289.59343
49.69555769,-1477.60816,-1289.55755
50.2839158,-1478.19542,-1289.52162
50.87279539,-1478.7832,-1289.48565
51.46220704,-1479.37151,-1289.44963
52.05214078,-1479.96034,-1289.41356
52.64258662,-1480.54968,-1289.37744
53.23353336,-1481.13952,-1289.34129
53.8249922,-1481.72987,-1289.30509
54.41694318,-1482.32071,-1289.26884
55.00940627,-1482.91206,-1289.23254
55.60238147,-1483.50392,-1289.19619
56.19586877,-1484.09629,-1289.15979
56.7898582,-1484.68916,-1289.12334
57.38436971,-1485.28255,-1289.08684
57.97941391,-1485.87647,-1289.05028
58.57500017,-1486.47093,-1289.01367
59.17110912,-1487.06591,-1288.977
59.76773019,-1487.6614,-1288.94028
60.36485524,-1488.25739,-1288.90348
60.96248426,-1488.85388,-1288.8666
61.56061728,-1489.45087,-1288.82964
62.1592549,-1490.04836,-1288.79259
62.75837779,-1490.64633,-1288.75544
63.35799533,-1491.24479,-1288.7182
63.95809753,-1491.84373,-1288.68087
64.55871559,-1492.44318,-1288.64343
65.15983019,-1493.04312,-1288.60587
65.76145069,-1493.64356,-1288.5682
66.36354715,-1494.24447,-1288.53042
66.96612896,-1494.84586,-1288.49254
67.56921732,-1495.44775,-1288.45454
68.17281162,-1496.05014,-1288.41643
68.77695243,-1496.65307,-1288.3782
69.3815992,-1497.2565,-1288.33986
69.98675195,-1497.86043,-1288.30141
70.59239072,-1498.46484,-1288.26285
71.19852423,-1499.06974,-1288.2242
71.80515377,-1499.67513,-1288.18544
72.41228995,-1500.28102,-1288.14656
73.0199122,-1500.88739,-1288.10757
73.62801119,-1501.49423,-1288.06846
74.23657566,-1502.10153,-1288.02925
74.84563685,-1502.70932,-1287.98992
75.45519412,-1503.3176,-1287.95048
76.06524684,-1503.92637,-1287.91094
76.67578569,-1504.53562,-1287.87129
77.28679007,-1505.14533,-1287.83154
77.89827863,-1505.75552,-1287.79171
78.51026202,-1506.3662,-1287.75179
79.12273893,-1506.97737,-1287.7118
79.73573866,-1507.58906,-1287.67175
80.34922127,-1508.20123,-1287.63164
80.96320543,-1508.8139,-1287.59149
81.57765188,-1509.42703,-1287.55129
82.19257926,-1510.04064,-1287.51106
82.8079776,-1510.65472,-1287.4708
83.42384755,-1511.26927,-1287.4305
84.04018845,-1511.88429,-1287.39017
84.65701029,-1512.49979,-1287.34981
85.27429376,-1513.11575,-1287.30941
85.89204819,-1513.73218,-1287.26898
86.51025426,-1514.34906,-1287.22851
87.12892197,-1514.9664,-1287.188
87.74804134,-1515.58419,-1287.14745
88.3676629,-1516.20248,-1287.10685
88.98775673,-1516.82124,-1287.0662
89.60834345,-1517.44049,-1287.02549
90.22940308,-1518.06021,-1286.98472
90.85089639,-1518.68036,-1286.94388
91.47282336,-1519.30094,-1286.90297
92.09513412,-1519.9219,-1286.86199
92.71748941,-1520.5429,-1286.82094
93.33954799,-1521.1636,-1286.77985
93.96139968,-1521.78409,-1286.73872
94.58309568,-1522.40442,-1286.69753
95.20473646,-1523.02469,-1286.65627
95.82651294,-1523.64509,-1286.61492
96.4484444,-1524.26564,-1286.57349
97.07056147,-1524.88637,-1286.53197
97.69296392,-1525.50738,-1286.49036
98.31572161,-1526.12874,-1286.44866
98.93882322,-1526.75044,-1286.40689
99.56229937,-1527.37251,-1286.36504
100.186158,-1527.99496,-1286.32314
100.8104191,-1528.61781,-1286.28119
101.4350913,-1529.24107,-1286.23921
102.0601639,-1529.86473,-1286.19721
102.6856457,-1530.4888,-1286.15521
103.3115271,-1531.11327,-1286.1132
103.937837,-1531.73817,-1286.0712
104.5645659,-1532.36349,-1286.0292
105.1917224,-1532.98924,-1285.98722
105.8193167,-1533.61543,-1285.94526
106.44734,-1534.24205,-1285.9033
107.0758323,-1534.86914,-1285.86134
107.7047722,-1535.49668,-1285.8194
108.3341611,-1536.12467,-1285.77746
108.963987,-1536.7531,-1285.73555
109.594242,-1537.38196,-1285.69364
110.2249247,-1538.01125,-1285.65175
110.8560258,-1538.64096,-1285.60987
111.487536,-1539.27108,-1285.56799
112.1194547,-1539.90161,-1285.52612
112.7517631,-1540.53253,-1285.48424
113.3844827,-1541.16386,-1285.44233
114.0175827,-1541.79557,-1285.4004
114.6510852,-1542.42768,-1285.35842
115.2849801,-1543.06018,-1285.31639
115.9192568,-1543.69306,-1285.27432
116.5539473,-1544.32635,-1285.23218
117.1890303,-1544.96003,-1285.18999
117.8245163,-1545.59411,-1285.14774
118.4604048,-1546.22859,-1285.10544
119.0966964,-1546.86347,-1285.06308
119.7333804,-1547.49874,-1285.02067
120.3704662,-1548.13441,-1284.97822
121.0079545,-1548.77048,-1284.93572
121.6458332,-1549.40694,-1284.8932
122.2841151,-1550.0438,-1284.85062
122.9227788,-1550.68104,-1284.808
123.5618449,-1551.31868,-1284.76533
124.2012835,-1551.95669,-1284.72261
124.8411046,-1552.59508,-1284.67984
125.4813189,-1553.23386,-1284.63701
126.1219176,-1553.87302,-1284.5941
126.7629202,-1554.51258,-1284.55112
127.4043079,-1555.15252,-1284.50805
128.0460908,-1555.79285,-1284.46489
128.6882496,-1556.43355,-1284.42163
129.3308149,-1557.07465,-1284.37826
129.9737661,-1557.71613,-1284.33479
130.6171032,-1558.35799,-1284.29122
131.2608382,-1559.00024,-1284.24752
131.9049399,-1559.64285,-1284.20371
132.5494288,-1560.28584,-1284.15978
133.1942964,-1560.9292,-1284.11571
133.839552,-1561.57294,-1284.07151
134.4851964,-1562.21706,-1284.02717
135.1312408,-1562.86157,-1283.98267
135.7776747,-1563.50646,-1283.93802
136.4244894,-1564.15172,-1283.8932
137.071705,-1564.79737,-1283.84821
137.7193001,-1565.44339,-1283.80307
138.3672669,-1566.08977,-1283.75775
139.0156041,-1566.73651,-1283.71227
139.6643223,-1567.38362,-1283.66662
140.3134115,-1568.03109,-1283.6208
140.9628912,-1568.67894,-1283.57482
141.6127312,-1569.32714,-1283.52868
142.2629525,-1569.97571,-1283.48237
142.9135542,-1570.62465,-1283.4359
143.5645264,-1571.27395,-1283.38927
144.2158892,-1571.92363,-1283.34248
144.8676332,-1572.57368,-1283.29552
145.5197585,-1573.2241,-1283.24839
146.1722559,-1573.87488,-1283.20108
146.8251346,-1574.52603,-1283.1536
147.4784047,-1575.17756,-1283.10595
148.1320685,-1575.82947,-1283.0581
148.7861236,-1576.48176,-1283.01008
149.4405418,-1577.1344,-1282.96187
150.0953316,-1577.7874,-1282.91349
150.7504944,-1578.44076,-1282.86492
151.4060396,-1579.09449,-1282.81617
152.0619557,-1579.74858,-1282.76726
152.7182442,-1580.40303,-1282.71817
153.3748845,-1581.05782,-1282.66891
154.0318966,-1581.71297,-1282.61948
154.6892896,-1582.36849,-1282.56989
155.3470438,-1583.02436,-1282.52014
156.0051897,-1583.68061,-1282.47022
156.6636968,-1584.33721,-1282.42014
157.3225666,-1584.99416,-1282.36988
157.9818075,-1585.65147,-1282.31946
158.6414212,-1586.30914,-1282.26886
159.3014168,-1586.96718,-1282.21809
159.9617852,-1587.62558,-1282.16714
160.6225365,-1588.28435,-1282.11601
161.2836506,-1588.94347,-1282.0647
161.9451269,-1589.60294,-1282.01322
162.6069646,-1590.26276,-1281.96158
163.2691637,-1590.92293,-1281.90978
163.9317235,-1591.58345,-1281.85783
164.594634,-1592.24431,-1281.80573
165.2579144,-1592.90553,-1281.75349
165.9215456,-1593.56709,-1281.7011
166.5855459,-1594.22901,-1281.64858
167.249897,-1594.89127,-1281.59591
167.9146174,-1595.55389,-1281.54311
168.5797093,-1596.21687,-1281.49015
169.245172,-1596.88021,-1281.43704
169.9110055,-1597.54391,-1281.38378
170.5772115,-1598.20797,-1281.33035
171.2437801,-1598.87238,-1281.27675
171.9107219,-1599.53715,-1281.22297
172.5780264,-1600.20227,-1281.16902
173.2457142,-1600.86776,-1281.11489
173.9137662,-1601.5336,-1281.06057
174.5821918,-1602.1998,-1281.00607
175.2509709,-1602.86634,-1280.95139
175.9200936,-1603.53321,-1280.89653
176.5895882,-1604.20044,-1280.84151
177.2594548,-1604.86803,-1280.78633
177.9296734,-1605.53596,-1280.73099
178.6002524,-1606.20424,-1280.67551
179.271181,-1606.87286,-1280.6199
179.9424684,-1607.54183,-1280.56417
180.6141037,-1608.21114,-1280.50833
181.2860861,-1608.88079,-1280.45239
181.9583958,-1609.55076,-1280.39635
182.631041,-1610.22106,-1280.34023
183.3040325,-1610.8917,-1280.28402
183.9773703,-1611.56268,-1280.22772
184.6510636,-1612.23401,-1280.17134
185.3251116,-1612.90569,-1280.11489
185.9995158,-1613.57772,-1280.05835
186.6742656,-1614.25009,-1280.00173
187.3493717,-1614.92281,-1279.94502
188.0248233,-1615.59587,-1279.88823
188.7006204,-1616.26927,-1279.83136
189.3767539,-1616.943,-1279.7744
190.0532222,-1617.61706,-1279.71737
190.7300277,-1618.29145,-1279.66024
191.4071788,-1618.96618,-1279.60303
192.0846662,-1619.64124,-1279.54573
192.7624793,-1620.31662,-1279.48835
193.4406289,-1620.99233,-1279.43088
194.119114,-1621.66837,-1279.37333
194.7979564,-1622.34476,-1279.31568
195.4771452,-1623.02149,-1279.25794
196.1566704,-1623.69855,-1279.20011
196.8365321,-1624.37594,-1279.14219
197.5167203,-1625.05365,-1279.08418
198.1972342,-1625.73168,-1279.02609
198.8780854,-1626.41004,-1278.9679
199.5592731,-1627.08873,-1278.90962
200.2407973,-1627.76775,-1278.85125
200.9226688,-1628.44711,-1278.79278
201.6048677,-1629.12679,-1278.73421
202.2874248,-1629.80682,-1278.67553
202.9703309,-1630.48719,-1278.61673
203.6535952,-1631.16791,-1278.55782
204.3372094,-1631.84897,-1278.49878
205.0211628,-1632.53036,-1278.43962
205.7054562,-1633.21208,-1278.38033
206.390078,-1633.89412,-1278.32093
207.0750389,-1634.57649,-1278.26141
207.7603281,-1635.25918,-1278.20178
208.4459466,-1635.94219,-1278.14203
209.1318926,-1636.62552,-1278.08218
209.8181878,-1637.30919,-1278.02221
210.5048105,-1637.99318,-1277.96214
211.1917707,-1638.6775,-1277.90197
211.879071,-1639.36215,-1277.84167
212.5667079,-1640.04713,-1277.78128
213.2546833,-1640.73244,-1277.72078
213.942997,-1641.41808,-1277.66017
214.6316591,-1642.10406,-1277.59945
215.3206587,-1642.79037,-1277.53863
216.0099859,-1643.477,-1277.47771
216.6996398,-1644.16395,-1277.4167
217.3896205,-1644.85122,-1277.3556
218.0799178,-1645.5388,-1277.29441
218.7705709,-1646.22673,-1277.23314
219.4615598,-1646.91499,-1277.17179
220.1528954,-1647.60359,-1277.11035
220.8445559,-1648.29251,-1277.04884
221.5365522,-1648.98176,-1276.98725
222.2288726,-1649.67133,-1276.9256
222.9215188,-1650.36122,-1276.86387
223.6144791,-1651.05142,-1276.80208
224.3077554,-1651.74193,-1276.74021
225.0013575,-1652.43276,-1276.67826
225.6952855,-1653.12391,-1276.61623
226.3895593,-1653.8154,-1276.55412
227.0841489,-1654.5072,-1276.49193
227.7790763,-1655.19933,-1276.42964
228.4743394,-1655.89179,-1276.36727
229.1699303,-1656.58457,-1276.3048
229.8658579,-1657.27768,-1276.24224
230.562124,-1657.97112,-1276.17957
231.2587079,-1658.66487,-1276.1168
231.9555987,-1659.35892,-1276.05394
232.6528091,-1660.05328,-1275.99096
233.3503581,-1660.74797,-1275.92787
234.0482465,-1661.44299,-1275.86466
234.7464645,-1662.13833,-1275.80133
235.445023,-1662.834,-1275.73787
236.143902,-1663.52998,-1275.67428
236.8430907,-1664.22626,-1275.61057
237.5426108,-1664.92286,-1275.54672
238.2424515,-1665.61977,-1275.48274
238.9426028,-1666.31698,-1275.41863
239.6430747,-1667.0145,-1275.35439
240.3438673,-1667.71233,-1275.29002
241.0449805,-1668.41047,-1275.22552
241.7464053,-1669.10891,-1275.16088
242.4481417,-1669.80765,-1275.0961
243.1501988,-1670.5067,-1275.03119
243.8525667,-1671.20605,-1274.96615
244.5552572,-1671.90571,-1274.90096
245.2582792,-1672.60569,-1274.83563
245.9616139,-1673.30597,-1274.77015
246.6652613,-1674.00655,-1274.70452
247.3692214,-1674.70743,-1274.63874
248.0734941,-1675.40861,-1274.57281
248.7780707,-1676.11008,-1274.50672
249.4829708,-1676.81186,-1274.44047
250.1881738,-1677.51393,-1274.37407
250.8937014,-1678.21631,-1274.3075
251.599521,-1678.91897,-1274.24079
252.3056544,-1679.62193,-1274.17392
253.0121006,-1680.32519,-1274.1069
253.7188697,-1681.02876,-1274.03973
254.4259517,-1681.73263,-1273.97241
255.1333367,-1682.43679,-1273.90494
255.8410228,-1683.14124,-1273.83734
256.5490218,-1683.84599,-1273.76959
257.257313,-1684.55102,-1273.7017
257.9659171,-1685.25635,-1273.63366
258.6748333,-1685.96198,-1273.56548
259.3840527,-1686.6679,-1273.49715
260.093586,-1687.37412,-1273.42866
260.8034035,-1688.08061,-1273.36001
261.5135262,-1688.78739,-1273.29119
262.2239459,-1689.49445,-1273.22218
262.9346738,-1690.2018,-1273.15297
263.6457097,-1690.90944,-1273.08356
264.3570677,-1691.61738,-1273.01391
265.0687378,-1692.32561,-1272.94402
265.7807121,-1693.03412,-1272.87387
266.4929927,-1693.74291,-1272.80344
267.2055697,-1694.45197,-1272.73273
267.9184452,-1695.1613,-1272.66172
268.6316113,-1695.87089,-1272.59039
269.3450772,-1696.58075,-1272.51875
270.0588459,-1697.29088,-1272.44677
270.7729066,-1698.00127,-1272.37446
271.4872515,-1698.71191,-1272.3018
272.2018987,-1699.42282,-1272.22881
272.9168304,-1700.13398,-1272.15547
273.6320645,-1700.84541,-1272.0818
274.3476023,-1701.55711,-1272.00779
275.0634241,-1702.26906,-1271.93344
275.7795298,-1702.98126,-1271.85875
276.4959197,-1703.69371,-1271.78372
277.2126039,-1704.40642,-1271.70835
277.9295923,-1705.1194,-1271.63264
278.6468864,-1705.83265,-1271.55658
279.3644651,-1706.54615,-1271.48018
280.0823297,-1707.2599,-1271.40343
280.8004882,-1707.97391,-1271.32635
281.5189417,-1708.68818,-1271.24893
282.2376783,-1709.4027,-1271.17119
282.9566871,-1710.11746,-1271.09314
283.6759881,-1710.83248,-1271.01478
284.3955604,-1711.54774,-1270.93612
285.1154151,-1712.26325,-1270.85715
285.8355723,-1712.97903,-1270.77787
286.5559536,-1713.695,-1270.69827
287.2761693,-1714.41077,-1270.61837
287.9960087,-1715.12613,-1270.53819
288.7156266,-1715.84123,-1270.45768
289.4350386,-1716.55608,-1270.37679
290.1541966,-1717.27063,-1270.29551
290.8732763,-1717.98505,-1270.21378
291.5924318,-1718.69949,-1270.13156
292.3117498,-1719.41403,-1270.04879
293.0312118,-1720.12865,-1269.96546
293.7508529,-1720.84338,-1269.88153
294.4707289,-1721.55827,-1269.79695
295.190848,-1722.27333,-1269.71174
295.9112119,-1722.98856,-1269.62589
296.6318025,-1723.70394,-1269.53939
297.3526624,-1724.41951,-1269.45222
298.0737985,-1725.13528,-1269.36441
298.7952089,-1725.85125,-1269.27598
299.5168865,-1726.56741,-1269.18691
300.2388481,-1727.28378,-1269.09723
300.9610928,-1728.00036,-1269.00695
301.6836147,-1728.71715,-1268.91612
302.4064144,-1729.43415,-1268.82474
303.1294981,-1730.15137,-1268.73284
303.8528651,-1730.86881,-1268.64043
304.5765143,-1731.58647,-1268.54752
305.3004322,-1732.30434,-1268.45414
306.0246265,-1733.02243,-1268.36031
306.7491059,-1733.74075,-1268.26604
307.4738582,-1734.45929,-1268.17135
308.1989021,-1735.17807,-1268.07625
308.9242154,-1735.89707,-1267.98076
309.6497856,-1736.61628,-1267.8849
310.375609,-1737.3357,-1267.7887
311.101683,-1738.05533,-1267.69218
311.8280163,-1738.77518,-1267.59535
312.554609,-1739.49525,-1267.49821
313.28145,-1740.21553,-1267.40077
314.0085466,-1740.93603,-1267.30305
314.7359002,-1741.65675,-1267.20504
315.4635182,-1742.3777,-1267.10676
316.1914019,-1743.09888,-1267.0082
316.91955,-1743.82029,-1266.90937
317.6479501,-1744.54192,-1266.81029
318.3766022,-1745.26377,-1266.71096
319.105505,-1745.98584,-1266.61139
319.8346657,-1746.70814,-1266.5116
320.5640646,-1747.43065,-1266.41159
321.2937187,-1748.15339,-1266.31138
322.023607,-1748.87634,-1266.21098
322.7537478,-1749.59952,-1266.1104
323.4841314,-1750.32292,-1266.00964
324.2147563,-1751.04654,-1265.90871
324.9456198,-1751.77038,-1265.80763
325.6767361,-1752.49445,-1265.70637
326.4081009,-1753.21875,-1265.60496
327.1397071,-1753.94327,-1265.50338
327.8715832,-1754.66804,-1265.40164
328.6037107,-1755.39304,-1265.29973
329.3361009,-1756.11828,-1265.19764
330.0687426,-1756.84375,-1265.09538
330.8016258,-1757.56944,-1264.99295
331.5347606,-1758.29536,-1264.89035
332.2681469,-1759.02151,-1264.78758
333.0017763,-1759.74788,-1264.68463
333.7356361,-1760.47446,-1264.58152
334.4697277,-1761.20125,-1264.47824
335.2040497,-1761.92825,-1264.3748
335.9386036,-1762.65546,-1264.27119
336.6734106,-1763.3829,-1264.1674
337.4084594,-1764.11056,-1264.06344
338.1437317,-1764.83842,-1263.9593
338.8792571,-1765.56651,-1263.85498
339.6150373,-1766.29483,-1263.75047
340.351072,-1767.02338,-1263.64577
341.0873545,-1767.75215,-1263.54086
341.8238832,-1768.48114,-1263.43575
342.5606709,-1769.21036,-1263.33042
343.2976995,-1769.93979,-1263.22486
344.0349929,-1770.66945,-1263.11904
344.7725385,-1771.39933,-1263.01298
345.5103209,-1772.12941,-1262.90665
346.2483402,-1772.85969,-1262.80005
346.9866077,-1773.59018,-1262.69317
347.7251024,-1774.32086,-1262.58602
348.4638554,-1775.05176,-1262.47859
349.2028273,-1775.78284,-1262.37088
349.9420364,-1776.51412,-1262.2629
350.6814828,-1777.2456,-1262.15465
351.4211568,-1777.97727,-1262.04613
352.1610811,-1778.70915,-1261.93732
352.9012459,-1779.44123,-1261.82822
353.6416399,-1780.1735,-1261.71884
354.3822846,-1780.90598,-1261.60917
355.1231799,-1781.63867,-1261.49921
355.8643289,-1782.37157,-1261.38894
356.6057317,-1783.10468,-1261.27836
357.3473559,-1783.83797,-1261.16749
358.0892128,-1784.57145,-1261.05632
358.8312957,-1785.30511,-1260.94483
359.5736176,-1786.03896,-1260.833
360.3161885,-1786.77301,-1260.72083
361.0590016,-1787.50725,-1260.6083
361.8020602,-1788.24168,-1260.49539
362.5453576,-1788.97629,-1260.38208
363.2888871,-1789.71107,-1260.26835
364.0326589,-1790.44603,-1260.1542
364.7766533,-1791.18115,-1260.03963
365.5208904,-1791.91645,-1259.92464
366.2653505,-1792.65191,-1259.80923
367.0100521,-1793.38755,-1259.69341
367.7549657,-1794.12334,-1259.57718
368.5001228,-1794.85931,-1259.46053
369.245484,-1795.59542,-1259.34346
369.9910823,-1796.3317,-1259.22595
370.736918,-1797.06815,-1259.108
371.4830058,-1797.80478,-1258.98958
372.2293591,-1798.5416,-1258.87067
372.9759404,-1799.27857,-1258.75126
373.7227629,-1800.0157,-1258.63133
374.4698138,-1800.75298,-1258.5109
375.2170771,-1801.49039,-1258.38995
375.964558,-1802.22794,-1258.26851
376.7122798,-1802.96565,-1258.14656
377.4602197,-1803.7035,-1258.02412
378.2083897,-1804.4415,-1257.90118
378.9567636,-1805.17962,-1257.77772
379.7053451,-1805.91786,-1257.65372
380.4541511,-1806.65623,-1257.52914
381.2031935,-1807.39474,-1257.40397
381.952491,-1808.1334,-1257.27816
382.7020376,-1808.8722,-1257.15169
383.4518192,-1809.61112,-1257.02453
384.2018184,-1810.35014,-1256.89667
384.9520439,-1811.08927,-1256.76812
385.7024765,-1811.82849,-1256.63888
386.4531367,-1812.56782,-1256.50895
387.2039982,-1813.30724,-1256.37837
387.9550912,-1814.04678,-1256.24714
388.7063849,-1814.78641,-1256.11527
389.4579013,-1815.52615,-1255.98275
390.2096372,-1816.266,-1255.8496
390.9615852,-1817.00595,-1255.71581
391.7137493,-1817.746,-1255.58136
392.4661256,-1818.48614,-1255.44622
393.218728,-1819.22638,-1255.31037
393.9715529,-1819.96671,-1255.17378
394.7246261,-1820.70715,-1255.03642
395.4779009,-1821.44765,-1254.89828
396.2314014,-1822.18823,-1254.75934
396.9850972,-1822.92886,-1254.61961
397.7390029,-1823.66956,-1254.47912
398.4931139,-1824.41033,-1254.3379
399.2474231,-1825.15117,-1254.19599
400.0019216,-1825.89208,-1254.05344
400.7566339,-1826.63309,-1253.91028
401.5115429,-1827.37419,-1253.76655
402.2666647,-1828.1154,-1253.62227
403.0219842,-1828.85671,-1253.47747
403.7775175,-1829.59814,-1253.33217
404.533255,-1830.33968,-1253.18637
405.2892148,-1831.08135,-1253.04008
406.0453931,-1831.82315,-1252.89332
406.8018139,-1832.5651,-1252.74607
407.5584577,-1833.30718,-1252.59833
408.315315,-1834.04938,-1252.4501
409.0723978,-1834.79171,-1252.30137
409.8296771,-1835.53414,-1252.15214
410.5871865,-1836.2767,-1252.00239
411.3449008,-1837.01936,-1251.8521
412.1028224,-1837.76212,-1251.70126
412.8609458,-1838.50497,-1251.54985
413.6192774,-1839.24791,-1251.39784
414.3778119,-1839.99093,-1251.24521
415.1365323,-1840.73401,-1251.09195
415.8954469,-1841.47715,-1250.93802
416.654537,-1842.22033,-1250.78342
417.4138266,-1842.96357,-1250.62813
418.1733106,-1843.70686,-1250.47213
418.9329877,-1844.4502,-1250.31543
419.6928604,-1845.19359,-1250.15802
420.4529155,-1845.93702,-1249.99992
421.2131613,-1846.6805,-1249.84114
421.9736017,-1847.42404,-1249.68171
422.7342429,-1848.16765,-1249.52165
423.495079,-1848.91133,-1249.36099
424.2560943,-1849.65507,-1249.19976
425.0172774,-1850.39886,-1249.03797
425.7786068,-1851.14268,-1248.87563
426.5400655,-1851.88651,-1248.71273
427.3016584,-1852.63035,-1248.54925
428.0633879,-1853.3742,-1248.38518
428.8252121,-1854.11801,-1248.22049
429.5870263,-1854.86167,-1248.05517
430.3487725,-1855.60512,-1247.88922
431.110472,-1856.34837,-1247.72259
431.8721493,-1857.09144,-1247.55526
432.6336806,-1857.8342,-1247.38722
433.3950156,-1858.5766,-1247.21848
434.1562127,-1859.31869,-1247.049
434.9172577,-1860.06045,-1246.87876
435.6780541,-1860.80178,-1246.70776
436.4385541,-1861.54263,-1246.536
437.1987511,-1862.28299,-1246.36347
437.9586702,-1863.02288,-1246.19015
438.7184069,-1863.76239,-1246.01601
439.4778384,-1864.5014,-1245.84108
440.2367741,-1865.23972,-1245.66539
440.995203,-1865.97734,-1245.48895
441.7532595,-1866.71439,-1245.31173
442.510957,-1867.45089,-1245.13376
443.268248,-1868.18679,-1244.95504
444.0251019,-1868.92206,-1244.77558
444.7815224,-1869.65671,-1244.59541
445.5375587,-1870.39079,-1244.41453
446.2931878,-1871.12428,-1244.23296
447.0483958,-1871.85717,-1244.05072
447.803174,-1872.58945,-1243.86781
448.5575328,-1873.32113,-1243.68423
449.3114513,-1874.05219,-1243.49999
450.0649231,-1874.78262,-1243.31508
450.817944,-1875.51242,-1243.12952
451.5704884,-1876.24156,-1242.9433
452.3225811,-1876.97007,-1242.75644
453.0742061,-1877.69793,-1242.56893
453.8253568,-1878.42514,-1242.3808
454.5760603,-1879.15173,-1242.19206
455.3263003,-1879.87769,-1242.00274
456.0760967,-1880.60304,-1241.81284
456.8254497,-1881.32779,-1241.6224
457.5743503,-1882.05193,-1241.43142
458.3228158,-1882.77548,-1241.23991
459.0708373,-1883.49843,-1241.04787
459.8184294,-1884.2208,-1240.85532
460.5655662,-1884.94256,-1240.66225
461.3122633,-1885.66372,-1240.46864
462.058531,-1886.38429,-1240.27449
462.8043478,-1887.10425,-1240.07981
463.5497196,-1887.8236,-1239.88458
464.2946524,-1888.54234,-1239.68878
465.0391371,-1889.26046,-1239.49241
465.7831658,-1889.97794,-1239.29543
466.5267445,-1890.69478,-1239.09782
467.2698767,-1891.41098,-1238.89957
468.0125536,-1892.12653,-1238.70068
468.7547773,-1892.84142,-1238.50111
469.4965292,-1893.55563,-1238.30086
470.2378325,-1894.26918,-1238.09992
470.9786825,-1894.98207,-1237.89831
471.7190843,-1895.69431,-1237.69605
472.4590389,-1896.4059,-1237.49314
473.1985348,-1897.11683,-1237.28959
473.9375864,-1897.82712,-1237.08542
474.6761809,-1898.53675,-1236.88061
475.4143273,-1899.24574,-1236.6752
476.1520018,-1899.95405,-1236.46914
476.8892191,-1900.6617,-1236.26245
477.6259567,-1901.36866,-1236.05511
478.362206,-1902.07492,-1235.84712
479.0979814,-1902.7805,-1235.6385
479.8332646,-1903.48538,-1235.42925
480.5680546,-1904.18957,-1235.21941
481.3023466,-1904.89307,-1235.009
482.0361516,-1905.5959,-1234.79805
482.7694495,-1906.29805,-1234.5866
483.5022445,-1906.99953,-1234.37467
484.2345219,-1907.70033,-1234.16228
484.9662439,-1908.40041,-1233.94943
485.6974016,-1909.09976,-1233.73612
486.4279257,-1909.79831,-1233.52236
487.1577697,-1910.49602,-1233.30818
487.8869394,-1911.19288,-1233.09353
488.6153907,-1911.88884,-1232.8784
489.3430896,-1912.58387,-1232.66281
490.0700363,-1913.27796,-1232.44673
490.7961844,-1913.97107,-1232.23019
491.5215185,-1914.66318,-1232.01318
492.2459988,-1915.35426,-1231.79574
492.9695849,-1916.04427,-1231.57788
493.6922458,-1916.73318,-1231.35961
494.4139316,-1917.42094,-1231.14094
495.1345988,-1918.10751,-1230.92189
495.8542262,-1918.79287,-1230.70247
496.5727731,-1919.47698,-1230.48269
497.2902211,-1920.15981,-1230.26252
498.0065866,-1920.84137,-1230.04194
498.7218641,-1921.52165,-1229.82094
499.4360418,-1922.20064,-1229.59953
500.1491143,-1922.87833,-1229.3777
500.8610696,-1923.5547,-1229.15543
501.571896,-1924.22974,-1228.93273
502.281582,-1924.90344,-1228.70961
502.9901475,-1925.57582,-1228.48607
503.697587,-1926.24688,-1228.26213
504.4038667,-1926.91658,-1228.03778
505.1089844,-1927.58492,-1227.81303
505.8129377,-1928.2519,-1227.58789
506.515715,-1928.91751,-1227.36237
507.2172729,-1929.58171,-1227.13649
507.9176313,-1930.24451,-1226.91022
508.6167754,-1930.9059,-1226.68358
509.314703,-1931.56587,-1226.45655
510.0113931,-1932.2244,-1226.22914
510.7068314,-1932.88146,-1226.00131
511.4010218,-1933.53706,-1225.77308
512.0939752,-1934.1912,-1225.54442
512.785693,-1934.84388,-1225.31533
513.4761389,-1935.49505,-1225.08578
514.1653392,-1936.14474,-1224.85578
514.8532979,-1936.79296,-1224.62535
515.5400222,-1937.43972,-1224.3945
516.2255064,-1938.08502,-1224.16325
516.9097664,-1938.72889,-1223.93164
517.5928186,-1939.37135,-1223.69968
518.2746341,-1940.01239,-1223.46743
518.9552445,-1940.65205,-1223.23491
519.6346393,-1941.29034,-1223.00218
520.3128441,-1941.92729,-1222.76925
520.9898575,-1942.56292,-1222.53618
521.6656731,-1943.19723,-1222.30299
522.3403008,-1943.83023,-1222.06968
523.0137588,-1944.46195,-1221.83628
523.6860466,-1945.0924,-1221.60282
524.35699,-1945.72142,-1221.36937
525.0266749,-1946.34909,-1221.1359
525.6952433,-1946.97555,-1220.90238
526.3626827,-1947.60079,-1220.66882
527.0290343,-1948.22485,-1220.43521
527.6943208,-1948.84775,-1220.20154
528.3584253,-1949.46938,-1219.96785
529.0212781,-1950.08968,-1219.73418
529.682918,-1950.70868,-1219.5005
530.3433805,-1951.32641,-1219.26679
531.0026601,-1951.94286,-1219.03304
531.6607538,-1952.55803,-1218.79926
532.3176653,-1953.17192,-1218.56544
532.9733857,-1953.78452,-1218.33158
533.6279283,-1954.39584,-1218.09767
534.2812992,-1955.00589,-1217.86372
534.9334932,-1955.61466,-1217.62972
535.5845219,-1956.22217,-1217.39569
536.2343837,-1956.82841,-1217.16161
536.8830868,-1957.4334,-1216.92751
537.5306445,-1958.03715,-1216.69338
538.1770348,-1958.63964,-1216.45923
538.8222638,-1959.24088,-1216.22507
539.4663204,-1959.84085,-1215.99088
540.1092237,-1960.43957,-1215.75666
540.7509591,-1961.03702,-1215.5224
541.3915342,-1961.6332,-1215.28808
542.0309308,-1962.22809,-1215.0537
542.6691419,-1962.82167,-1214.81923
543.3061716,-1963.41394,-1214.58466
543.9420408,-1964.00491,-1214.34996
544.5767222,-1964.59455,-1214.11513
545.2102182,-1965.18285,-1213.88014
545.8425202,-1965.7698,-1213.64499
546.4736679,-1966.35543,-1213.40965
547.1036452,-1966.93973,-1213.17414
547.7324474,-1967.52269,-1212.93845
548.3600973,-1968.10433,-1212.70257
548.9865605,-1968.68462,-1212.46652
549.6118636,-1969.26358,-1212.23028
550.2359835,-1969.84118,-1211.99384
550.8589356,-1970.41744,-1211.75721
551.4807376,-1970.99237,-1211.52037
552.101394,-1971.56597,-1211.28331
552.7207219,-1972.13807,-1211.0461
553.3389097,-1972.70884,-1210.80866
553.9559883,-1973.2783,-1210.57096
554.5718324,-1973.84633,-1210.33304
555.1864261,-1974.41292,-1210.09492
555.7998424,-1974.97814,-1209.85658
556.4121323,-1975.54204,-1209.61801
557.0232649,-1976.10459,-1209.37922
557.6332098,-1976.66576,-1209.14022
558.2419389,-1977.22551,-1208.90099
558.8494531,-1977.78384,-1208.66153
559.4557784,-1978.34076,-1208.4218
560.0609146,-1978.89626,-1208.18178
560.6648629,-1979.45034,-1207.94147
561.2676009,-1980.00297,-1207.70086
561.8691573,-1980.55418,-1207.45995
562.4695252,-1981.10397,-1207.21876
563.0687252,-1981.65237,-1206.97731
563.6667675,-1982.19939,-1206.7356
564.2636238,-1982.74502,-1206.49368
564.8593081,-1983.28927,-1206.25154
565.4538184,-1983.83215,-1206.00921
566.047184,-1984.3737,-1205.76671
566.6394147,-1984.91393,-1205.52404
567.2305172,-1985.45286,-1205.28123
567.8204924,-1985.99049,-1205.03828
568.4093319,-1986.52681,-1204.79519
568.9970645,-1987.06186,-1204.55198
569.5836462,-1987.5956,-1204.30867
570.1691043,-1988.12805,-1204.06524
570.7534394,-1988.65921,-1203.82169
571.3366481,-1989.18908,-1203.57803
571.9187074,-1989.71762,-1203.33423
572.4996257,-1990.24482,-1203.09025
573.0793803,-1990.77064,-1202.84606
573.6579844,-1991.29507,-1202.60161
574.2354336,-1991.81809,-1202.35687
574.8117276,-1992.33967,-1202.11178
575.3868717,-1992.8598,-1201.86631
575.9608756,-1993.37847,-1201.62042
576.533732,-1993.89567,-1201.37411
577.1054607,-1994.41142,-1201.12738
577.6760729,-1994.92574,-1200.88025
578.2455796,-1995.43865,-1200.63274
578.8139966,-1995.95019,-1200.3849
579.3813165,-1996.46036,-1200.13675
579.9475454,-1996.96918,-1199.88832
580.5126895,-1997.47667,-1199.63964
581.0767678,-1997.98285,-1199.39071
581.6397817,-1998.48774,-1199.14157
582.2017009,-1998.9913,-1198.89221
582.7625397,-1999.49354,-1198.64262
583.3223038,-1999.99446,-1198.39279
583.8809854,-2000.49405,-1198.14272
584.4385992,-2000.99231,-1197.89238
584.9951152,-2001.4892,-1197.64176
585.5505529,-2001.98472,-1197.39082
586.1049092,-2002.47886,-1197.13955
586.6581858,-2002.97162,-1196.88795
587.2103933,-2003.463,-1196.636
587.7615597,-2003.95304,-1196.38372
588.3116776,-2004.44173,-1196.13111
588.8607301,-2004.92907,-1195.87821
589.4087495,-2005.4151,-1195.62503
589.9557541,-2005.89986,-1195.37161
590.5017575,-2006.38338,-1195.11798
591.0467651,-2006.86567,-1194.86415
591.590764,-2007.34673,-1194.61015
592.1337638,-2007.82657,-1194.35598
592.6757827,-2008.30522,-1194.10166
593.2168392,-2008.7827,-1193.84719
593.7569382,-2009.25902,-1193.59258
594.2960725,-2009.73416,-1193.33781
594.8342382,-2010.20812,-1193.08289
595.3714409,-2010.6809,-1192.82781
595.907687,-2011.15249,-1192.57254
596.4429464,-2011.62286,-1192.31709
596.9770414,-2012.09185,-1192.06154
597.510032,-2012.5595,-1191.80584
598.0421669,-2013.02601,-1191.54984
598.5733493,-2013.49129,-1191.29358
599.1036026,-2013.95536,-1191.03705
599.6328661,-2014.41816,-1190.78027
600.161141,-2014.87969,-1190.52324
600.6884646,-2015.33998,-1190.26594
601.2148692,-2015.79906,-1190.00836
601.7403651,-2016.25694,-1189.7505
602.2649473,-2016.71363,-1189.49239
602.7886297,-2017.16915,-1189.23404
603.3113996,-2017.62349,-1188.97546
603.8332758,-2018.07667,-1188.71665
604.3542469,-2018.52867,-1188.4576
604.8743266,-2018.97951,-1188.19832
605.3935592,-2019.42924,-1187.93881
605.9119322,-2019.87785,-1187.67908
606.4294518,-2020.32534,-1187.41912
606.9461312,-2020.77173,-1187.15894
607.4619731,-2021.21701,-1186.89852
607.9769923,-2021.66119,-1186.63785
608.4912035,-2022.10428,-1186.37692
609.004601,-2022.54626,-1186.11571
609.5171962,-2022.98713,-1185.8542
610.0290316,-2023.42692,-1185.59236
610.5401084,-2023.86563,-1185.33019
611.0504454,-2024.30328,-1185.06769
611.5600437,-2024.73987,-1184.80486
612.0689407,-2025.17543,-1184.54168
612.5771123,-2025.60993,-1184.27815
613.084582,-2026.04339,-1184.01426
613.5913565,-2026.47581,-1183.75
614.0974274,-2026.90716,-1183.48534
614.6028139,-2027.33743,-1183.22023
615.107537,-2027.76663,-1182.95465
615.6115771,-2028.19471,-1182.68856
616.1149606,-2028.62168,-1182.42193
616.6176686,-2029.04749,-1182.15472
617.1197155,-2029.47211,-1181.88686
617.6210856,-2029.89548,-1181.61829
618.1217952,-2030.31759,-1181.34897
618.6218609,-2030.73843,-1181.07886
619.121281,-2031.158,-1180.80797
619.6200783,-2031.57631,-1180.53628
620.1182284,-2031.99332,-1180.26378
620.6157714,-2032.40906,-1179.99045
621.1126667,-2032.82349,-1179.71631
621.6089322,-2033.23662,-1179.44135
622.1045911,-2033.64848,-1179.16558
622.5996527,-2034.05909,-1178.88902
623.0941181,-2034.46844,-1178.61166
623.5879883,-2034.87652,-1178.33349
624.0812617,-2035.28333,-1178.05452
624.5739319,-2035.68883,-1177.77471
625.0660112,-2036.09303,-1177.49406
625.5575039,-2036.49593,-1177.21257
626.0484247,-2036.89755,-1176.93025
626.538781,-2037.29788,-1176.64708
627.0285714,-2037.69692,-1176.36307
627.5178035,-2038.09466,-1176.0782
628.0064653,-2038.49108,-1175.79247
628.4945916,-2038.88621,-1175.50587
628.9821771,-2039.28006,-1175.21843
629.4692361,-2039.67265,-1174.93016
629.9557788,-2040.06398,-1174.64105
630.4418173,-2040.45406,-1174.3511
630.9273598,-2040.84291,-1174.06033
631.4124183,-2041.23054,-1173.76874
631.8970067,-2041.61697,-1173.47634
632.3811349,-2042.0022,-1173.18312
632.8648068,-2042.38623,-1172.88908
633.3480405,-2042.76907,-1172.59421
633.8308319,-2043.15071,-1172.29851
634.3131896,-2043.53114,-1172.00196
634.7950816,-2043.91033,-1171.70458
635.2765415,-2044.28827,-1171.40631
635.7575676,-2044.66496,-1171.10716
636.2382002,-2045.04043,-1170.80711
636.7184469,-2045.4147,-1170.50618
637.198326,-2045.78778,-1170.20436
637.6778371,-2046.15968,-1169.90167
638.1569906,-2046.5304,-1169.5981
638.6358048,-2046.89995,-1169.29364
639.1142778,-2047.26833,-1168.9883
639.5924469,-2047.6356,-1168.6821
640.0702968,-2048.00176,-1168.37507
640.547862,-2048.36685,-1168.06721
641.0251472,-2048.73088,-1167.75853
641.5021626,-2049.09385,-1167.44902
641.9788824,-2049.45573,-1167.13869
642.4553106,-2049.81652,-1166.82754
642.9314552,-2050.1762,-1166.51554
643.4073042,-2050.53474,-1166.20268
643.8828458,-2050.89211,-1165.88895
644.3580909,-2051.24831,-1165.57434
644.8330297,-2051.60333,-1165.25886
645.3076747,-2051.95719,-1164.94252
645.7820443,-2052.3099,-1164.62531
646.2562007,-2052.66152,-1164.30721
646.7301619,-2053.01206,-1163.98821
647.2039267,-2053.36154,-1163.66834
647.677642,-2053.71009,-1163.34753
648.1514408,-2054.05784,-1163.02573
648.6252721,-2054.40479,-1162.70302
649.0990112,-2054.75084,-1162.37948
649.5725992,-2055.09598,-1162.05519
650.0460883,-2055.44024,-1161.73011
650.5195239,-2055.78365,-1161.40421
650.9929447,-2056.12625,-1161.07748
651.466346,-2056.46802,-1160.74991
651.9397023,-2056.80893,-1160.42151
652.4130161,-2057.14896,-1160.09226
652.8862972,-2057.48809,-1159.76213
653.359563,-2057.82633,-1159.43111
653.8328167,-2058.16366,-1159.09918
654.3060617,-2058.50007,-1158.76633
654.7792732,-2058.83553,-1158.43257
655.252462,-2059.17005,-1158.0979
655.7255964,-2059.5036,-1157.76234
656.1987009,-2059.83623,-1157.42591
656.6717713,-2060.16798,-1157.08866
657.1448245,-2060.49888,-1156.7506
657.6178564,-2060.82893,-1156.41174
658.0908773,-2061.15811,-1156.07205
658.5638769,-2061.48638,-1155.73151
659.0368379,-2061.81371,-1155.39012
659.509798,-2062.14015,-1155.04788
659.9827392,-2062.46569,-1154.70481
660.4556709,-2062.79035,-1154.36092
660.9286032,-2063.11414,-1154.01621
661.4015414,-2063.43701,-1153.67063
661.8744822,-2063.75895,-1153.32418
662.3474205,-2064.07998,-1152.97689
662.8203627,-2064.40017,-1152.62882
663.2933098,-2064.71955,-1152.28
663.7662637,-2065.03813,-1151.93044
664.2392196,-2065.35591,-1151.58015
664.7121879,-2065.67288,-1151.22911
665.1851721,-2065.98903,-1150.87731
665.6581548,-2066.30433,-1150.52475
666.1311289,-2066.61881,-1150.17147
666.6041209,-2066.93245,-1149.81742
667.0771099,-2067.24518,-1149.46257
667.5500716,-2067.55697,-1149.10693
668.0230141,-2067.86777,-1148.75045
668.4959037,-2068.1775,-1148.39311
668.968755,-2068.48613,-1148.03487
669.4415637,-2068.79367,-1147.67575
669.9143445,-2069.10016,-1147.31577
670.3870815,-2069.40564,-1146.95499
670.8597745,-2069.71014,-1146.59344
671.3324564,-2070.01373,-1146.23114
671.8051084,-2070.3164,-1145.86811
672.2777281,-2070.61819,-1145.50439
672.7503143,-2070.91913,-1145.14001
673.2228765,-2071.21928,-1144.77501
673.6954091,-2071.51864,-1144.4094
674.1679255,-2071.81724,-1144.04319
674.6404198,-2072.11508,-1143.67639
675.1129111,-2072.41215,-1143.30897
675.5853998,-2072.70841,-1142.9409
676.0578833,-2073.00384,-1142.57217
676.5303657,-2073.29843,-1142.20277
677.0028651,-2073.59218,-1141.83268
677.4753889,-2073.88506,-1141.46187
677.9479258,-2074.17706,-1141.09035
678.4204819,-2074.46816,-1140.7181
678.8930425,-2074.75837,-1140.34515
679.3656244,-2075.0477,-1139.97149
679.8382224,-2075.33615,-1139.59713
680.3108433,-2075.62374,-1139.22208
680.7834897,-2075.91047,-1138.84634
681.2561604,-2076.19636,-1138.46993
681.7288739,-2076.48145,-1138.09286
682.2016406,-2076.76574,-1137.71512
682.6744586,-2077.04925,-1137.33673
683.1473603,-2077.33199,-1136.95766
683.6203656,-2077.61399,-1136.57791
684.0934869,-2077.89524,-1136.19746
684.5667124,-2078.17573,-1135.81632
685.0400464,-2078.45545,-1135.43448
685.5134728,-2078.73441,-1135.05197
685.9870041,-2079.0126,-1134.66877
686.4606507,-2079.29002,-1134.28487
686.9344031,-2079.56665,-1133.90027
687.4082659,-2079.84248,-1133.51496
687.8822439,-2080.1175,-1133.12893
688.3563409,-2080.39167,-1132.74215
688.8305514,-2080.66499,-1132.35463
689.3048681,-2080.9374,-1131.96634
689.7792948,-2081.20893,-1131.5773
690.2538121,-2081.47957,-1131.18753
690.7284404,-2081.74938,-1130.79705
691.2031771,-2082.01838,-1130.40588
691.6780081,-2082.28657,-1130.01404
692.1529555,-2082.554,-1129.62154
692.6279964,-2082.82064,-1129.22839
693.1031302,-2083.0865,-1128.8346
693.5783314,-2083.35159,-1128.44021
694.0536214,-2083.61593,-1128.04521
694.5289856,-2083.87955,-1127.64964
695.0044286,-2084.14244,-1127.25349
695.4799657,-2084.40464,-1126.85677
695.9555962,-2084.66613,-1126.45947
696.4313135,-2084.92688,-1126.06158
696.9071226,-2085.18688,-1125.66309
697.3830085,-2085.44613,-1125.26402
697.8589816,-2085.70463,-1124.86436
698.3350245,-2085.96236,-1124.46412
698.8111367,-2086.2193,-1124.06329
699.2873203,-2086.47545,-1123.66187
699.763592,-2086.73079,-1123.25983
700.2399262,-2086.9853,-1122.85719
700.7163666,-2087.23901,-1122.45392
701.1928825,-2087.49189,-1122.05004
701.6695067,-2087.74395,-1121.64552
702.1462226,-2087.99517,-1121.24037
702.6230461,-2088.24556,-1120.83458
703.0999678,-2088.49513,-1120.42817
703.5769727,-2088.74388,-1120.02116
704.0540838,-2088.99185,-1119.61355
704.5312723,-2089.23903,-1119.20537
705.0085608,-2089.48546,-1118.79662
705.4859409,-2089.73117,-1118.38733
705.9634295,-2089.97619,-1117.9775
706.4410198,-2090.22052,-1117.56714
706.9186926,-2090.46417,-1117.15628
707.3964767,-2090.70716,-1116.7449
707.8743634,-2090.94947,-1116.333
708.3523386,-2091.19112,-1115.92061
708.8304071,-2091.4321,-1115.50772
709.3085582,-2091.67242,-1115.09435
709.7868155,-2091.91209,-1114.68048
710.2651582,-2092.1511,-1114.26613
710.7435479,-2092.38944,-1113.85134
711.2219611,-2092.62713,-1113.43615
711.700372,-2092.86415,-1113.02058
712.1787604,-2093.10051,-1112.60466
712.6571473,-2093.33625,-1112.18839
713.1355077,-2093.57137,-1111.7718
713.6138087,-2093.80589,-1111.35494
714.0920775,-2094.03981,-1110.93778
714.5703122,-2094.27316,-1110.52034
715.0484106,-2094.50589,-1110.10271
715.5263473,-2094.738,-1109.68492
716.00403,-2094.96946,-1109.26706
716.4814097,-2095.20024,-1108.84917
716.9584875,-2095.43034,-1108.43125
717.4353134,-2095.65979,-1108.01326
717.911901,-2095.88858,-1107.59518
718.3882607,-2096.11673,-1107.17701
718.8643797,-2096.34423,-1106.75876
719.3402324,-2096.57108,-1106.34046
719.8158196,-2096.79728,-1105.92211
720.2911508,-2097.02283,-1105.5037
720.7662091,-2097.24773,-1105.08525
721.2410088,-2097.47199,-1104.66675
721.7155331,-2097.69561,-1104.24822
722.1897737,-2097.91859,-1103.82967
722.6637185,-2098.14094,-1103.41112
723.1373597,-2098.36268,-1102.99259
723.6106802,-2098.58381,-1102.5741
724.0836677,-2098.80434,-1102.15567
724.5562868,-2099.02425,-1101.73733
725.0285519,-2099.24357,-1101.31908
725.500415,-2099.46231,-1100.90098
725.9718588,-2099.68047,-1100.48305
726.4428667,-2099.89809,-1100.06533
726.9133901,-2100.11516,-1099.64787
727.3833536,-2100.33167,-1099.23075
727.85274,-2100.54764,-1098.814
728.3215183,-2100.76306,-1098.39765
728.7896537,-2100.97797,-1097.98176
729.2571376,-2101.19237,-1097.56634
729.7239031,-2101.40625,-1097.15146
730.1899372,-2101.61962,-1096.73714
730.6551956,-2101.83248,-1096.32343
731.1196381,-2102.04482,-1095.91037
731.5832249,-2102.25665,-1095.49801
732.0459248,-2102.46796,-1095.08638
732.5077022,-2102.67875,-1094.67552
732.9685261,-2102.88903,-1094.26547
733.4283742,-2103.09879,-1093.85625
733.8872245,-2103.30806,-1093.4479
734.3450457,-2103.51681,-1093.04044
734.8018066,-2103.72505,-1092.63391
735.2574938,-2103.93277,-1092.22832
735.7120852,-2104.13998,-1091.8237
736.165545,-2104.34666,-1091.42008
736.6178509,-2104.55282,-1091.01749
737.068985,-2104.75844,-1090.61594
737.5189384,-2104.96352,-1090.21544
737.9676844,-2105.16806,-1089.81602
738.4152229,-2105.37206,-1089.41768
738.8615271,-2105.5755,-1089.02044
739.3066107,-2105.77841,-1088.6243
739.7504599,-2105.98076,-1088.22926
740.1930795,-2106.18258,-1087.83533
740.6344694,-2106.38385,-1087.4425
741.0746208,-2106.58459,-1087.05079
741.5135158,-2106.78478,-1086.66021
741.9511588,-2106.98443,-1086.27076
742.3875588,-2107.18354,-1085.88243
742.8227024,-2107.3821,-1085.49523
743.2565986,-2107.58013,-1085.10916
743.6892607,-2107.77762,-1084.7242
744.1206979,-2107.97459,-1084.34035
744.5509055,-2108.17103,-1083.95761
744.9799016,-2108.36696,-1083.57597
745.4076859,-2108.56236,-1083.19542
745.8342542,-2108.75724,-1082.81597
746.2596199,-2108.95161,-1082.43761
746.6837965,-2109.14548,-1082.06033
747.1067975,-2109.33886,-1081.68412
747.5286271,-2109.53174,-1081.30897
747.9493705,-2109.72417,-1080.93481
748.3690589,-2109.91616,-1080.56161
748.78746,-2110.10761,-1080.18958
749.2044033,-2110.29842,-1079.81886
749.6200057,-2110.48867,-1079.44936
750.0345755,-2110.67849,-1079.0808
750.4482471,-2110.86796,-1078.71307
750.8610204,-2111.05706,-1078.34616
751.2729402,-2111.24583,-1077.98004
751.6840245,-2111.43427,-1077.61469
752.0942912,-2111.6224,-1077.2501
752.5037446,-2111.81021,-1076.88626
752.9122777,-2111.99766,-1076.52327
753.3197874,-2112.1847,-1076.16122
753.7262915,-2112.37133,-1075.80009
754.1318888,-2112.55761,-1075.4398
754.5366771,-2112.74356,-1075.08025
754.9407151,-2112.92923,-1074.7214
755.3440204,-2113.11462,-1074.36323
755.7465439,-2113.2997,-1074.00578
756.1482499,-2113.48447,-1073.64909
756.5491292,-2113.66891,-1073.29316
756.9491597,-2113.85301,-1072.93801
757.3483681,-2114.03679,-1072.58362
757.746768,-2114.22026,-1072.22998
758.1443591,-2114.4034,-1071.87708
758.5411551,-2114.58624,-1071.52492
758.9371289,-2114.76874,-1071.17351
759.3322765,-2114.95093,-1070.82287
759.7266018,-2115.13278,-1070.47298
760.120114,-2115.31431,-1070.12384
760.5128086,-2115.49551,-1069.77545
760.9046809,-2115.67637,-1069.42781
761.2957179,-2115.8569,-1069.08094
761.6859414,-2116.03709,-1068.73481
762.0753427,-2116.21694,-1068.38943
762.4639171,-2116.39644,-1068.0448
762.8516473,-2116.57561,-1067.70095
763.2385283,-2116.75442,-1067.35787
763.6245601,-2116.93287,-1067.01556
764.0097384,-2117.11097,-1066.67403
764.3940498,-2117.28871,-1066.33329
764.7774808,-2117.46608,-1065.99335
765.1600133,-2117.64306,-1065.65422
765.5416565,-2117.81967,-1065.3159
765.9223834,-2117.99589,-1064.97841
766.3021805,-2118.17171,-1064.64176
766.6810391,-2118.34713,-1064.30596
767.0589591,-2118.52215,-1063.97101
767.4359223,-2118.69675,-1063.63692
767.8119246,-2118.87094,-1063.3037
768.1869702,-2119.04471,-1062.97134
768.5610502,-2119.21806,-1062.63985
768.9341558,-2119.39099,-1062.30924
769.3062776,-2119.56348,-1061.97951
769.6774027,-2119.73554,-1061.65068
770.0475174,-2119.90716,-1061.32276
770.4166173,-2120.07833,-1060.99575
770.784685,-2120.24907,-1060.66968
771.1517153,-2120.41935,-1060.34454
771.5176954,-2120.58918,-1060.02035
771.8826297,-2120.75857,-1059.69711
772.2465137,-2120.92751,-1059.37482
772.6093339,-2121.09599,-1059.05349
772.9710907,-2121.26403,-1058.73313
773.331779,-2121.4316,-1058.41373
773.6913862,-2121.59873,-1058.09532
774.0499208,-2121.7654,-1057.77788
774.4073604,-2121.9316,-1057.46143
774.7637142,-2122.09735,-1057.14597
775.1189777,-2122.26264,-1056.8315
775.4731463,-2122.42746,-1056.51802
775.826211,-2122.59181,-1056.20554
776.1781942,-2122.7557,-1055.89404
776.52906,-2122.91911,-1055.58355
776.8788398,-2123.08205,-1055.27404
777.2275111,-2123.24451,-1054.96553
777.5750786,-2123.4065,-1054.65802
777.9215376,-2123.56801,-1054.35151
778.2668929,-2123.72905,-1054.046
778.6111527,-2123.8896,-1053.74147
778.9542999,-2124.04968,-1053.43795
779.296334,-2124.20927,-1053.13543
779.6372596,-2124.36838,-1052.83391
779.9770675,-2124.52699,-1052.53339
780.3157805,-2124.68513,-1052.23386
780.6533757,-2124.84277,-1051.93533
780.9898802,-2124.99993,-1051.63778
781.3252534,-2125.15658,-1051.34124
781.6593212,-2125.31265,-1051.04587
781.9919624,-2125.46807,-1050.75177
782.3231636,-2125.62283,-1050.45895
782.6529382,-2125.77694,-1050.1674
782.9815592,-2125.93053,-1049.87688
783.3091612,-2126.08368,-1049.58728
783.6357302,-2126.23636,-1049.2986
783.9612044,-2126.38857,-1049.01091
784.2855384,-2126.54027,-1048.72424
784.6086965,-2126.69144,-1048.43862
784.9306568,-2126.84209,-1048.15408
785.2514323,-2126.99221,-1047.8706
785.5710277,-2127.14181,-1047.58818
785.8894654,-2127.2909,-1047.3068
786.2067676,-2127.43949,-1047.02644
786.5229615,-2127.5876,-1046.74708
786.8380465,-2127.73521,-1046.46871
787.1520185,-2127.88233,-1046.19134
787.4648733,-2128.02897,-1045.91498
787.7766105,-2128.17511,-1045.63962
788.0872257,-2128.32076,-1045.36527
788.3967015,-2128.46592,-1045.09195
788.7050596,-2128.61058,-1044.81963
789.0123005,-2128.75476,-1044.54832
789.3184331,-2128.89846,-1044.27801
789.6234663,-2129.04168,-1044.00869
789.9273865,-2129.18441,-1043.74037
790.2302078,-2129.32668,-1043.47305
790.5319208,-2129.46847,-1043.20673
790.8325079,-2129.60978,-1042.94143
791.1319914,-2129.75062,-1042.67713
791.430345,-2129.89099,-1042.41386
791.7275814,-2130.03088,-1042.1516
792.0236832,-2130.17029,-1041.89037
792.3186503,-2130.30922,-1041.63017
792.612501,-2130.44769,-1041.37099
792.9052617,-2130.5857,-1041.1128
793.1969101,-2130.72324,-1040.85562
793.4874645,-2130.86033,-1040.59944
793.7769066,-2130.99695,-1040.34427
794.0652324,-2131.13311,-1040.09012
794.3524555,-2131.26882,-1039.83698
794.6385839,-2131.40406,-1039.58483
794.9236055,-2131.53886,-1039.3337
795.2075109,-2131.6732,-1039.08359
795.4903047,-2131.80709,-1038.8345
795.7719783,-2131.94053,-1038.58644
796.0525363,-2132.07353,-1038.33941
796.3320012,-2132.2061,-1038.09339
796.6103731,-2132.33824,-1037.84838
796.8876702,-2132.46997,-1037.60437
797.163879,-2132.60128,-1037.36137
797.4389949,-2132.73216,-1037.11938
797.7130321,-2132.86264,-1036.8784
797.9859947,-2132.99271,-1036.63842
798.2578605,-2133.12236,-1036.39946
798.5286214,-2133.25161,-1036.16154
798.7982952,-2133.38046,-1035.92464
799.0668642,-2133.50891,-1035.68878
799.3343471,-2133.63698,-1035.45395
799.6007525,-2133.76467,-1035.22014
799.8660766,-2133.89199,-1034.98736
800.1303643,-2134.01896,-1034.75557
800.3936476,-2134.14561,-1034.52475
800.6559586,-2134.27197,-1034.29488
800.9173365,-2134.39803,-1034.06591
801.1778006,-2134.52383,-1033.83784
801.4373726,-2134.64936,-1033.61064
801.6960895,-2134.77466,-1033.38429
801.9539737,-2134.89974,-1033.15877
802.2110527,-2135.02462,-1032.93406
802.4673577,-2135.14931,-1032.71013
802.7229122,-2135.27384,-1032.48697
802.9777524,-2135.39823,-1032.26455
803.2318845,-2135.52251,-1032.04288
803.4853299,-2135.64667,-1031.82193
803.7381125,-2135.77074,-1031.60169
803.9902733,-2135.89475,-1031.38213
804.2418127,-2136.0187,-1031.16325
804.4927942,-2136.14263,-1030.945
804.7432268,-2136.26654,-1030.72737
804.9931432,-2136.39046,-1030.51034
805.2425647,-2136.51438,-1030.29388
805.491498,-2136.63833,-1030.078
805.7399657,-2136.76232,-1029.86268
805.9879647,-2136.88636,-1029.64793
806.2355313,-2137.01047,-1029.43372
806.4826659,-2137.13465,-1029.22005
806.7293928,-2137.25893,-1029.00691
806.975709,-2137.38332,-1028.79431
807.2216422,-2137.50784,-1028.58223
807.4671947,-2137.63251,-1028.37068
807.7123756,-2137.75733,-1028.15965
807.957208,-2137.88231,-1027.94912
808.2017112,-2138.00747,-1027.73908
808.4458945,-2138.13281,-1027.52952
808.6897587,-2138.25833,-1027.32044
808.933318,-2138.38404,-1027.11183
809.176563,-2138.50997,-1026.90372
809.4195098,-2138.6361,-1026.69608
809.662161,-2138.76245,-1026.48892
809.9045055,-2138.88903,-1026.28226
810.1465664,-2139.01585,-1026.07608
810.3883414,-2139.14292,-1025.87039
810.6298229,-2139.27024,-1025.6652
810.8710204,-2139.39781,-1025.4605
811.1119452,-2139.52565,-1025.25629
811.3525932,-2139.65375,-1025.05257
811.592979,-2139.78212,-1024.84933
811.8331091,-2139.91077,-1024.64657
812.0729982,-2140.03971,-1024.44428
812.3126166,-2140.16893,-1024.24249
812.551971,-2140.29844,-1024.0412
812.7910623,-2140.42824,-1023.84041
813.0299001,-2140.55833,-1023.64011
813.2684884,-2140.6887,-1023.44029
813.5068279,-2140.81938,-1023.24097
813.7449311,-2140.95036,-1023.04213
813.9827961,-2141.08165,-1022.84378
814.2204603,-2141.21327,-1022.64589
814.4579054,-2141.3452,-1022.44847
814.6951437,-2141.47746,-1022.25152
814.9321874,-2141.61004,-1022.05502
815.1690323,-2141.74296,-1021.85899
815.40566,-2141.8762,-1021.66344
815.6420971,-2142.00979,-1021.46836
815.8783201,-2142.14373,-1021.27378
816.1143437,-2142.278,-1021.07967
816.3501641,-2142.41262,-1020.88605
816.5857875,-2142.54757,-1020.6929
816.8212072,-2142.68285,-1020.50023
817.0564242,-2142.81846,-1020.30804
817.2914376,-2142.95441,-1020.11634
817.5262592,-2143.09069,-1019.92511
817.7608878,-2143.22731,-1019.73436
817.9953086,-2143.36427,-1019.54411
818.229531,-2143.50157,-1019.35435
818.4635557,-2143.63925,-1019.16511
818.6973784,-2143.7773,-1018.97639
818.9309883,-2143.91574,-1018.78822
819.1643892,-2144.05456,-1018.60059
819.3975788,-2144.19378,-1018.41352
819.630571,-2144.33338,-1018.22698
819.8633493,-2144.47337,-1018.041
820.0959357,-2144.61377,-1017.85557
820.3283241,-2144.75458,-1017.6707
820.5604969,-2144.89582,-1017.48643
820.7924719,-2145.03749,-1017.30274
821.0242355,-2145.17959,-1017.11965
821.255788,-2145.32213,-1016.93717
821.4871381,-2145.46512,-1016.7553
821.7182722,-2145.60856,-1016.57406
821.9491927,-2145.75245,-1016.39345
822.1799115,-2145.89678,-1016.21345
822.410437,-2146.04156,-1016.03406
822.6407547,-2146.1868,-1015.85531
822.8708733,-2146.33251,-1015.6772
823.1007786,-2146.4787,-1015.49976
823.3304863,-2146.62539,-1015.32299
823.559976,-2146.77258,-1015.14692
823.7892497,-2146.92028,-1014.97156
824.0183081,-2147.06851,-1014.79693
824.2471558,-2147.21726,-1014.62302
824.4757873,-2147.36654,-1014.44985
824.7042192,-2147.51637,-1014.27742
824.9324249,-2147.66675,-1014.10577
825.1604233,-2147.81768,-1013.93488
825.388203,-2147.96916,-1013.76477
825.6157731,-2148.12122,-1013.59546
825.8431153,-2148.27386,-1013.42698
826.0702394,-2148.42711,-1013.25935
826.297136,-2148.58096,-1013.09258
826.5238096,-2148.73541,-1012.92667
826.7502508,-2148.89045,-1012.76163
826.9764783,-2149.04609,-1012.59745
827.2024896,-2149.20233,-1012.43414
827.4282754,-2149.35915,-1012.2717
827.6538549,-2149.51655,-1012.11011
827.8792252,-2149.67454,-1011.94939
828.1043769,-2149.83309,-1011.78953
828.3293147,-2149.99221,-1011.63054
828.554036,-2150.1519,-1011.47243
828.778539,-2150.31219,-1011.31524
829.0028079,-2150.47308,-1011.159
829.2268411,-2150.63457,-1011.00372
829.4506583,-2150.79667,-1010.84939
829.6742501,-2150.95935,-1010.696
829.8976231,-2151.12264,-1010.54358
830.1207682,-2151.28652,-1010.39213
830.3436843,-2151.45099,-1010.24166
830.5663912,-2151.61606,-1010.09216
830.7888714,-2151.78169,-1009.94362
831.0111285,-2151.94786,-1009.79602
831.2331941,-2152.11457,-1009.64932
831.4550381,-2152.2818,-1009.50355
831.676672,-2152.44955,-1009.3587
831.8980952,-2152.61783,-1009.21479
832.1192935,-2152.78664,-1009.07185
832.3402668,-2152.95599,-1008.9299
832.5610235,-2153.1259,-1008.78896
832.7815424,-2153.29636,-1008.64906
833.0018298,-2153.46737,-1008.5102
833.2218946,-2153.63895,-1008.3724
833.4417277,-2153.81108,-1008.23566
833.6613318,-2153.98374,-1008.09996
833.880734,-2154.15691,-1007.96524
834.099922,-2154.33056,-1007.83149
834.3189131,-2154.50469,-1007.69869
834.5376862,-2154.67929,-1007.56687
834.7562545,-2154.85434,-1007.43599
834.9746187,-2155.02985,-1007.30607
835.1927605,-2155.20582,-1007.17715
835.4106849,-2155.38225,-1007.04923
835.6283904,-2155.55916,-1006.92235
835.8458678,-2155.73656,-1006.79655
836.0631117,-2155.91445,-1006.67185
836.280111,-2156.09285,-1006.54831
836.496881,-2156.27177,-1006.42593
836.7133929,-2156.45118,-1006.30473
836.9296733,-2156.63109,-1006.18469
837.1457237,-2156.81148,-1006.06579
837.361545,-2156.99233,-1005.94801
837.5771403,-2157.17361,-1005.83131
837.7925263,-2157.35532,-1005.71567
838.0076888,-2157.53743,-1005.60108
838.2226283,-2157.71994,-1005.48755
838.4373432,-2157.90286,-1005.37511
838.651824,-2158.08619,-1005.26379
838.8660601,-2158.26994,-1005.15364
839.0800465,-2158.45412,-1005.0447
839.2937742,-2158.63874,-1004.93702
839.5072375,-2158.82379,-1004.83061
839.7204533,-2159.00928,-1004.72547
839.9334112,-2159.1952,-1004.62162
840.1461139,-2159.38156,-1004.51909
840.3585512,-2159.56836,-1004.41792
840.5707106,-2159.75557,-1004.3181
840.7826096,-2159.94321,-1004.21965
840.9942398,-2160.13126,-1004.12257
841.205597,-2160.31971,-1004.02687
841.4166863,-2160.50854,-1003.93252
841.6274988,-2160.69774,-1003.83954
841.8380525,-2160.88731,-1003.74791
842.0483339,-2161.07723,-1003.65764
842.2583268,-2161.2675,-1003.56879
842.4680359,-2161.45811,-1003.48135
842.6774455,-2161.64905,-1003.39536
842.8865575,-2161.84032,-1003.31084
843.0953666,-2162.03192,-1003.22783
843.3038549,-2162.22384,-1003.14638
843.5120381,-2162.41608,-1003.06648
843.7198923,-2162.60861,-1002.98815
843.9274461,-2162.80144,-1002.91137
844.1346847,-2162.99453,-1002.83611
844.3416297,-2163.18788,-1002.76234
844.5482707,-2163.38146,-1002.69004
844.7546026,-2163.57525,-1002.6192
844.9606457,-2163.76925,-1002.54979
845.1663941,-2163.96344,-1002.4818
845.3718319,-2164.1578,-1002.41525
845.5769659,-2164.35233,-1002.35015
845.7817839,-2164.54702,-1002.28654
845.9862783,-2164.74187,-1002.22448
846.1904427,-2164.93688,-1002.16403
846.3942616,-2165.13203,-1002.10522
846.5977088,-2165.3273,-1002.04812
846.8007997,-2165.5227,-1001.99276
847.0035266,-2165.71821,-1001.93915
847.2058969,-2165.91382,-1001.88728
847.4079036,-2166.1095,-1001.83712
847.6095652,-2166.30525,-1001.78865
847.8108857,-2166.50106,-1001.74187
848.0118726,-2166.69691,-1001.69672
848.2125333,-2166.89279,-1001.65318
848.4128626,-2167.08868,-1001.61124
848.612879,-2167.28458,-1001.57087
848.8125569,-2167.48045,-1001.53206
849.0119258,-2167.67631,-1001.49482
849.2109582,-2167.87212,-1001.45915
849.4096459,-2168.06787,-1001.42511
849.6080016,-2168.26356,-1001.3927
849.8060039,-2168.45916,-1001.36195
850.0036549,-2168.65466,-1001.33287
850.2009694,-2168.85006,-1001.30545
850.3979458,-2169.04535,-1001.27973
850.5945561,-2169.24049,-1001.25573
850.7908336,-2169.4355,-1001.23346
850.9867533,-2169.63034,-1001.21292
851.182329,-2169.82501,-1001.19412
851.3775775,-2170.01951,-1001.17704
851.5724952,-2170.21382,-1001.16166
851.7670873,-2170.40793,-1001.14797
851.9613701,-2170.60184,-1001.13594
852.1553491,-2170.79554,-1001.12554
852.3490401,-2170.98903,-1001.11672
852.5424464,-2171.1823,-1001.10946
852.7355711,-2171.37534,-1001.10374
852.9284171,-2171.56814,-1001.09953
853.1209968,-2171.7607,-1001.09677
853.3133112,-2171.95301,-1001.09547
853.5053713,-2172.14507,-1001.09565
853.6971483,-2172.33684,-1001.09729
853.8886736,-2172.52834,-1001.1004
854.0799201,-2172.71953,-1001.10505
854.2708998,-2172.91041,-1001.11122
854.4616245,-2173.10098,-1001.1189
854.6521762,-2173.29131,-1001.12809
854.8426576,-2173.48149,-1001.1388
855.0331387,-2173.67158,-1001.151
855.2236975,-2173.86165,-1001.16464
855.4143624,-2174.05172,-1001.17969
855.6051412,-2174.24179,-1001.19612
855.796012,-2174.43183,-1001.21391
855.9869716,-2174.62183,-1001.23303
856.1780956,-2174.81186,-1001.25345
856.3693947,-2175.00193,-1001.2751
856.5609115,-2175.19208,-1001.29794
856.7526345,-2175.3823,-1001.3219
856.944561,-2175.57259,-1001.34691
857.1366785,-2175.76294,-1001.37291
857.3290005,-2175.95337,-1001.39982
857.5215209,-2176.14388,-1001.42757
857.7142498,-2176.33449,-1001.45607
857.9071952,-2176.52521,-1001.48529
858.1003685,-2176.71606,-1001.51516
858.293777,-2176.90705,-1001.54565
858.4874372,-2177.0982,-1001.57673
858.6813509,-2177.28952,-1001.60834
858.8755111,-2177.48101,-1001.64043
859.0699285,-2177.67269,-1001.67294
859.2645856,-2177.86455,-1001.70582
859.4595008,-2178.05661,-1001.73906
859.6546545,-2178.24886,-1001.7726
859.8500866,-2178.44134,-1001.80644
860.0457788,-2178.63404,-1001.84053
860.241759,-2178.82699,-1001.87486
860.4380419,-2179.02021,-1001.9094
860.6346259,-2179.2137,-1001.94414
860.8315253,-2179.40748,-1001.97905
861.0287305,-2179.60154,-1002.01413
861.2262693,-2179.79591,-1002.04937
861.4241121,-2179.99056,-1002.08477
861.6222769,-2180.18551,-1002.12032
861.8207737,-2180.38077,-1002.15602
862.019571,-2180.57631,-1002.19186
862.2186888,-2180.77215,-1002.22784
862.4181287,-2180.96829,-1002.26397
862.617932,-2181.16477,-1002.30026
862.8181147,-2181.36161,-1002.33669
863.0187002,-2181.55883,-1002.37328
863.2196769,-2181.75642,-1002.41002
863.421043,-2181.95438,-1002.4469
863.6227825,-2182.15269,-1002.48394
863.8248881,-2182.35135,-1002.5211
864.0273536,-2182.55035,-1002.5584
864.2301693,-2182.74968,-1002.59584
864.4333609,-2182.94937,-1002.6334
864.6369126,-2183.1494,-1002.6711
864.840852,-2183.3498,-1002.70893
865.0451889,-2183.55058,-1002.74689
865.2499135,-2183.75173,-1002.78498
865.4550474,-2183.95327,-1002.82321
865.6605592,-2184.15517,-1002.86157
865.8664667,-2184.35745,-1002.90005
866.0727424,-2184.56008,-1002.93866
866.2794021,-2184.76308,-1002.97738
866.4864379,-2184.96644,-1003.01622
866.6938284,-2185.17014,-1003.05517
866.901601,-2185.37421,-1003.09422
867.1097381,-2185.57863,-1003.13338
867.3182358,-2185.7834,-1003.17263
867.5270962,-2185.98852,-1003.21198
867.7363153,-2186.19399,-1003.25141
867.9458932,-2186.39981,-1003.29092
868.1558202,-2186.60597,-1003.33051
868.3661059,-2186.81248,-1003.37018
868.5767387,-2187.01933,-1003.40992
868.7877383,-2187.22654,-1003.44973
868.9990751,-2187.43408,-1003.48961
869.2107062,-2187.64191,-1003.52954
869.4226217,-2187.85002,-1003.56952
869.6348001,-2188.05839,-1003.60954
869.8472572,-2188.26704,-1003.64958
870.0599674,-2188.47594,-1003.68966
870.2728622,-2188.68503,-1003.72973
870.4859634,-2188.89433,-1003.7698
870.6992315,-2189.1038,-1003.80987
870.9126689,-2189.31345,-1003.8499
871.1262793,-2189.52328,-1003.88991
871.3400493,-2189.73328,-1003.92988
871.5539886,-2189.94346,-1003.96981
871.768117,-2190.15384,-1004.0097
871.9823619,-2190.36435,-1004.04953
872.1967216,-2190.57499,-1004.08929
872.4111727,-2190.78574,-1004.12896
872.6257171,-2190.9966,-1004.16855
872.8403432,-2191.20756,-1004.20805
873.0550591,-2191.41863,-1004.24745
873.2698746,-2191.62982,-1004.28675
873.4848059,-2191.84115,-1004.32593
873.6998431,-2192.05261,-1004.36499
873.9149828,-2192.2642,-1004.40391
874.1302466,-2192.47594,-1004.4427
874.3456032,-2192.6878,-1004.48135
874.561069,-2192.8998,-1004.51984
874.7766225,-2193.11192,-1004.55816
874.9922541,-2193.32415,-1004.59631
875.2079802,-2193.53651,-1004.63427
875.423791,-2193.74899,-1004.67204
875.6396834,-2193.96159,-1004.7096
875.8556691,-2194.17432,-1004.74696
876.0717466,-2194.38718,-1004.78411
876.2879261,-2194.60018,-1004.82105
876.5042176,-2194.81333,-1004.85778
876.7206,-2195.02661,-1004.89429
876.9370817,-2195.24003,-1004.93057
877.153663,-2195.45359,-1004.96662
877.370341,-2195.66729,-1005.00242
877.5871274,-2195.88114,-1005.03798
877.804011,-2196.09513,-1005.07329
878.0209989,-2196.30927,-1005.10833
878.2380882,-2196.52356,-1005.14308
878.4552892,-2196.73801,-1005.17754
878.6725946,-2196.95262,-1005.21166
878.8899524,-2197.16734,-1005.24542
879.1073222,-2197.38213,-1005.27881
879.324672,-2197.59696,-1005.31181
879.5419812,-2197.81181,-1005.34441
879.7592377,-2198.02667,-1005.37659
879.9764521,-2198.24155,-1005.40835
880.193655,-2198.45648,-1005.43969
880.4108543,-2198.67147,-1005.47059
880.6280111,-2198.88648,-1005.50105
880.8450644,-2199.10145,-1005.53105
881.0619923,-2199.31636,-1005.56057
881.2787438,-2199.53116,-1005.58959
881.4952538,-2199.74579,-1005.61806
881.7115111,-2199.96024,-1005.64596
881.9275119,-2200.17451,-1005.67325
882.1432468,-2200.38859,-1005.69992
882.3587832,-2200.60255,-1005.72594
882.5741205,-2200.81639,-1005.75129
882.7892906,-2201.03014,-1005.77597
883.0042844,-2201.24379,-1005.79997
883.219105,-2201.45734,-1005.8233
883.4337413,-2201.67078,-1005.84593
883.6481657,-2201.88408,-1005.86786
883.8623892,-2202.09725,-1005.88908
884.0764062,-2202.31028,-1005.90961
884.2902168,-2202.52317,-1005.92943
884.5038225,-2202.73592,-1005.94853
884.7172437,-2202.94855,-1005.96689
884.930468,-2203.16105,-1005.98445
885.1434867,-2203.37341,-1006.00119
885.35631,-2203.58564,-1006.01707
885.5689205,-2203.79772,-1006.03208
885.7813317,-2204.00966,-1006.04622
885.9935183,-2204.22143,-1006.05951
886.2055142,-2204.43306,-1006.07196
886.4173038,-2204.64453,-1006.08359
886.6289001,-2204.85585,-1006.0944
886.8403067,-2205.06702,-1006.1044
887.0515263,-2205.27804,-1006.11358
887.2625512,-2205.4889,-1006.12192
887.4733839,-2205.6996,-1006.1294
887.6840167,-2205.91013,-1006.13598
887.8944423,-2206.12048,-1006.14162
888.1046535,-2206.33064,-1006.14626
888.3146445,-2206.5406,-1006.14987
888.5244203,-2206.75036,-1006.15244
888.7339656,-2206.9599,-1006.15393
888.943296,-2207.16923,-1006.15436
889.1524169,-2207.37835,-1006.15374
889.3613236,-2207.58725,-1006.15207
889.5700312,-2207.79594,-1006.14936
889.7785244,-2208.0044,-1006.14564
889.9868281,-2208.21265,-1006.14091
890.194927,-2208.42067,-1006.13518
890.4028166,-2208.62845,-1006.12843
890.6105028,-2208.83599,-1006.12064
890.8179716,-2209.04327,-1006.11179
891.0252296,-2209.25029,-1006.10186
891.2322831,-2209.45705,-1006.09084
891.4391179,-2209.66353,-1006.07873
891.6457413,-2209.86973,-1006.06551
891.8521414,-2210.07563,-1006.05115
892.0583356,-2210.28124,-1006.03564
892.2643104,-2210.48654,-1006.01898
892.4700636,-2210.69152,-1006.00116
892.6756027,-2210.89618,-1005.98217
892.8809238,-2211.10051,-1005.96202
893.0860198,-2211.3045,-1005.94075
893.2909168,-2211.50817,-1005.91836
893.4956091,-2211.71151,-1005.89487
893.700083,-2211.9145,-1005.87028
893.9043462,-2212.11714,-1005.84458
894.1084025,-2212.31943,-1005.81779
894.312258,-2212.52137,-1005.78991
894.5159161,-2212.72296,-1005.76096
894.7193661,-2212.92418,-1005.73092
894.9226438,-2213.12506,-1005.69979
895.1258659,-2213.32571,-1005.66756
895.3291502,-2213.52624,-1005.63421
895.5325243,-2213.72667,-1005.59973
895.7359918,-2213.92699,-1005.56408
895.9395845,-2214.12722,-1005.52723
896.1433585,-2214.32741,-1005.48918
896.3473169,-2214.52756,-1005.44995
896.5514762,-2214.72767,-1005.40949
896.7557767,-2214.92768,-1005.36784
896.9601807,-2215.12754,-1005.32498
897.1646498,-2215.32719,-1005.28085
897.3691334,-2215.52657,-1005.23545
897.5736495,-2215.72569,-1005.18878
897.7781995,-2215.92455,-1005.14087
897.9827911,-2216.12316,-1005.09176
898.1874388,-2216.32154,-1005.0415
898.3921418,-2216.51969,-1004.99012
898.5969162,-2216.71762,-1004.93762
898.8017726,-2216.91534,-1004.88402
899.0067268,-2217.11286,-1004.82932
899.2117492,-2217.31014,-1004.77351
899.4168554,-2217.50719,-1004.71659
899.622048,-2217.704,-1004.65854
899.8273237,-2217.90056,-1004.59936
900.0326846,-2218.09685,-1004.539
900.2381211,-2218.29284,-1004.47742
900.443641,-2218.48853,-1004.41462
900.6492421,-2218.6839,-1004.35057
900.8549042,-2218.87892,-1004.28527
901.0606292,-2219.07358,-1004.21871
901.2664281,-2219.26789,-1004.15091
901.4722964,-2219.46184,-1004.08188
901.6782283,-2219.65543,-1004.01166
901.884242,-2219.84869,-1003.9403
902.0903469,-2220.04163,-1003.86782
902.2965622,-2220.23426,-1003.79421
902.5028837,-2220.42658,-1003.7195
902.7093233,-2220.6186,-1003.6437
902.9159466,-2220.81038,-1003.5668
903.1227224,-2221.00188,-1003.4888
903.3296015,-2221.19304,-1003.4097
903.5365795,-2221.38384,-1003.32948
903.7436801,-2221.57429,-1003.24812
903.9509351,-2221.7644,-1003.16558
904.1583325,-2221.95414,-1003.08184
904.3658695,-2222.14349,-1002.99688
904.5735408,-2222.33244,-1002.91071
904.7813318,-2222.52097,-1002.82334
904.9892325,-2222.70907,-1002.73479
905.1972552,-2222.89675,-1002.64507
905.405385,-2223.08399,-1002.55419
905.6136469,-2223.2708,-1002.46213
905.8220216,-2223.45716,-1002.36891
906.0305254,-2223.64308,-1002.27453
906.2391607,-2223.82857,-1002.17902
906.4479256,-2224.01362,-1002.08238
906.6568313,-2224.19824,-1001.98462
906.8658844,-2224.38243,-1001.88574
907.075087,-2224.56619,-1001.78575
907.2844419,-2224.74951,-1001.68464
907.4939519,-2224.93238,-1001.5824
907.7036067,-2225.11478,-1001.47903
907.9133982,-2225.29671,-1001.37456
908.1233261,-2225.47815,-1001.26897
908.3333974,-2225.6591,-1001.16226
908.5436,-2225.83952,-1001.0544
908.753945,-2226.01942,-1000.9454
908.964418,-2226.19875,-1000.83522
909.1750271,-2226.37751,-1000.72386
909.3857879,-2226.55569,-1000.61129
909.5966698,-2226.73325,-1000.49752
909.8076926,-2226.91021,-1000.38256
910.0188564,-2227.08656,-1000.26641
910.2301556,-2227.26229,-1000.14908
910.4415847,-2227.43739,-1000.03058
910.6531767,-2227.61189,-999.91091
910.8649167,-2227.78579,-999.79011
911.0767944,-2227.95911,-999.66824
911.2888361,-2228.13186,-999.54528
911.5010212,-2228.30402,-999.42125
911.7133404,-2228.47557,-999.29615
911.9258104,-2228.6465,-999.16995
912.1384506,-2228.81681,-999.04263
912.3512368,-2228.98646,-998.91419
912.564173,-2229.15543,-998.78461
912.7772876,-2229.32373,-998.65387
912.9905625,-2229.49135,-998.522
913.2040071,-2229.65826,-998.38896
913.4176174,-2229.82446,-998.25477
913.6313866,-2229.98993,-998.11943
913.8453142,-2230.1547,-997.98299
914.0593965,-2230.31878,-997.84548
914.2736152,-2230.48217,-997.70694
914.4879717,-2230.64488,-997.56739
914.7024666,-2230.80691,-997.42684
914.9170997,-2230.96826,-997.2853
915.1318762,-2231.12891,-997.14275
915.3468162,-2231.28886,-996.99917
915.5619121,-2231.44809,-996.85456
915.7771637,-2231.60659,-996.70892
915.9925925,-2231.76437,-996.56224
916.2081847,-2231.92142,-996.41454
916.4239482,-2232.07776,-996.26584
916.6398906,-2232.23342,-996.11617
916.856012,-2232.38843,-995.96557
917.0723253,-2232.5428,-995.81404
917.2888435,-2232.69658,-995.66162
917.5055506,-2232.84976,-995.50833
917.7224726,-2233.00235,-995.35415
917.9396075,-2233.15436,-995.1991
918.1569464,-2233.30575,-995.04316
918.3745157,-2233.45654,-994.88632
918.5923292,-2233.60669,-994.72853
918.8103866,-2233.75617,-994.56977
919.028675,-2233.90492,-994.41001
919.2472073,-2234.05296,-994.24926
919.465964,-2234.20024,-994.08751
919.684957,-2234.34679,-993.92478
919.904164,-2234.4926,-993.7611
920.1236027,-2234.63771,-993.59649
920.3432989,-2234.78215,-993.43095
920.5633039,-2234.92599,-993.26448
920.7836131,-2235.06925,-993.09711
921.004256,-2235.21198,-992.92885
921.2252421,-2235.3542,-992.75971
921.4465872,-2235.49594,-992.5897
921.6683141,-2235.63723,-992.41882
921.8904238,-2235.77809,-992.24709
922.1129494,-2235.91853,-992.07448
922.3359004,-2236.05856,-991.90099
922.5593164,-2236.1982,-991.72659
922.7832444,-2236.33747,-991.55124
923.007702,-2236.47638,-991.37493
923.2327329,-2236.61497,-991.19764
923.4583467,-2236.75325,-991.01937
923.6845664,-2236.89124,-990.84011
923.9113995,-2237.02896,-990.65987
924.1388629,-2237.16642,-990.47864
924.3669472,-2237.3036,-990.29642
924.5956695,-2237.44055,-990.11323
924.8250102,-2237.57726,-989.92909
925.0549677,-2237.71375,-989.74402
925.285556,-2237.85004,-989.55802
925.5167788,-2237.98616,-989.37111
925.7486499,-2238.12213,-989.18329
925.981185,-2238.25796,-988.99455
926.2143813,-2238.39367,-988.80491
926.4482569,-2238.52926,-988.61435
926.6828109,-2238.66474,-988.42288
926.9180278,-2238.80008,-988.2305
927.153951,-2238.93531,-988.03718
927.3905823,-2239.07043,-987.84292
927.627934,-2239.20543,-987.6477
927.8660193,-2239.34033,-987.45152
928.1048619,-2239.47514,-987.25436
928.34445,-2239.60988,-987.05625
928.584774,-2239.74456,-986.85721
928.8258382,-2239.8792,-986.65725
929.0676216,-2240.01382,-986.45641
929.3101144,-2240.14843,-986.25471
929.5533313,-2240.28304,-986.05214
929.797276,-2240.41767,-985.84871
930.0419548,-2240.55233,-985.64442
930.2873573,-2240.68703,-985.43929
930.5335062,-2240.82181,-985.23332
930.7804022,-2240.95667,-985.02651
931.0280512,-2241.09162,-984.81886
931.2764257,-2241.22667,-984.61041
931.5255509,-2241.36185,-984.40115
931.7754243,-2241.49717,-984.19109
932.0260432,-2241.63264,-983.98024
932.2774272,-2241.76828,-983.76859
932.5295875,-2241.90411,-983.55614
932.7825212,-2242.04014,-983.3429
933.0362417,-2242.17641,-983.12888
933.2907629,-2242.31293,-982.91407
933.546085,-2242.4497,-982.69847
933.802202,-2242.58674,-982.4821
934.0591279,-2242.72406,-982.26495
934.3168903,-2242.86168,-982.047
934.5754618,-2242.99958,-981.82827
934.834867,-2243.13779,-981.60875
935.095109,-2243.2763,-981.38843
935.3561903,-2243.41513,-981.16732
935.6180832,-2243.55426,-980.94544
935.8808069,-2243.69371,-980.72278
936.1443394,-2243.83347,-980.49936
936.4086774,-2243.97355,-980.27519
936.6738179,-2244.11396,-980.05028
936.9397418,-2244.25468,-979.82464
937.2064598,-2244.39573,-979.59827
937.4739719,-2244.53711,-979.37117
937.7423141,-2244.67884,-979.14331
938.0114983,-2244.82091,-978.91467
938.2815541,-2244.96336,-978.68524
938.5524795,-2245.10617,-978.45501
938.8242967,-2245.24935,-978.22396
939.0970059,-2245.3929,-977.99209
939.3705986,-2245.53682,-977.75941
939.6450663,-2245.68111,-977.52593
939.9203953,-2245.82576,-977.29166
940.1965836,-2245.97075,-977.05659
940.4736026,-2246.11609,-976.82076
940.7514607,-2246.26178,-976.58416
941.0301475,-2246.4078,-976.34679
941.3096822,-2246.55417,-976.10864
941.5900594,-2246.70088,-975.86971
941.8712982,-2246.84795,-975.62999
942.1533882,-2246.99536,-975.38948
942.4363313,-2247.14313,-975.14819
942.7201002,-2247.29124,-974.90614
943.0046948,-2247.43969,-974.66333
943.290129,-2247.58849,-974.41975
943.576406,-2247.73763,-974.17539
943.8635312,-2247.88712,-973.93025
944.151544,-2248.03697,-973.68429
944.4404443,-2248.18718,-973.43751
944.7302238,-2248.33775,-973.18992
945.0208772,-2248.48867,-972.94152
945.3124064,-2248.63996,-972.69232
945.604796,-2248.79159,-972.44232
945.8980511,-2248.94357,-972.19152
946.1921495,-2249.09589,-971.93994
946.4871084,-2249.24855,-971.68756
946.782933,-2249.40156,-971.43438
947.0794963,-2249.55484,-971.1805
947.3762823,-2249.70812,-970.92636
947.6729462,-2249.86123,-970.67226
947.9695327,-2250.01419,-970.41816
948.2661585,-2250.16706,-970.16396
948.5630449,-2250.31997,-969.90948
948.8602589,-2250.47295,-969.65466
949.1578844,-2250.62603,-969.39942
949.4559009,-2250.77922,-969.14379
949.7543841,-2250.93255,-968.8877
950.0534504,-2251.08608,-968.63105
950.3531995,-2251.23987,-968.37376
950.6536794,-2251.39393,-968.11578
950.954909,-2251.54828,-967.8571
951.2568711,-2251.70292,-967.59774
951.5595693,-2251.85784,-967.33769
951.8630225,-2252.01306,-967.07694
952.1672529,-2252.16859,-966.81547
952.4722469,-2252.32442,-966.55329
952.778037,-2252.48058,-966.29038
953.0846147,-2252.63707,-966.02675
953.3919973,-2252.79389,-965.76238
953.7001811,-2252.95105,-965.49728
954.0091663,-2253.10855,-965.23145
954.3189751,-2253.2664,-964.96487
954.6295955,-2253.42461,-964.69756
954.9410396,-2253.58317,-964.4295
955.25334,-2253.74211,-964.16067
955.5664828,-2253.90142,-963.89108
955.8804905,-2254.06111,-963.62071
956.1953991,-2254.2212,-963.34953
956.5112308,-2254.3817,-963.07752
956.8279807,-2254.5426,-962.80468
957.145671,-2254.70391,-962.53099
957.4643018,-2254.86563,-962.25645
957.7838679,-2255.02775,-961.98106
958.1043696,-2255.19027,-961.70482
958.4257843,-2255.35318,-961.42775
958.7480884,-2255.51645,-961.14986
959.0713058,-2255.68011,-960.87114
959.3954039,-2255.84413,-960.59161
959.7204,-2256.00851,-960.31125
960.0462872,-2256.17327,-960.03008
960.3730638,-2256.33839,-959.74809
960.7007178,-2256.50388,-959.4653
961.0292131,-2256.66972,-959.18174
961.3585736,-2256.83594,-958.8974
961.6888201,-2257.00253,-958.61225
962.019985,-2257.16952,-958.32627
962.3521217,-2257.33693,-958.03941
962.6852337,-2257.50475,-957.75166
963.0193485,-2257.673,-957.463
963.35443,-2257.84166,-957.17346
963.6904459,-2258.0107,-956.88306
964.0273926,-2258.18013,-956.59181
964.3652378,-2258.34992,-956.29973
964.7040001,-2258.52009,-956.00681
965.0436611,-2258.69062,-955.71306
965.3842443,-2258.86154,-955.41847
965.725757,-2259.03283,-955.12302
966.0682008,-2259.20451,-954.82672
966.4115842,-2259.37658,-954.52956
966.7559295,-2259.54905,-954.23152
967.1012369,-2259.72192,-953.9326
967.4475014,-2259.89518,-953.6328
967.7947106,-2260.06884,-953.33214
968.1428596,-2260.24289,-953.03062
968.4919124,-2260.41731,-952.72827
968.841879,-2260.59212,-952.42509
969.1927272,-2260.76729,-952.1211
969.5444533,-2260.94283,-951.81631
969.8970659,-2261.11874,-951.51071
970.2505392,-2261.29502,-951.20433
970.6048804,-2261.47165,-950.89715
970.9601356,-2261.64867,-950.58914
971.3162774,-2261.82606,-950.28032
971.6733456,-2262.00383,-949.97065
972.0313501,-2262.182,-949.66013
972.3903343,-2262.36057,-949.34871
972.7503032,-2262.53955,-949.03639
973.1112643,-2262.71892,-948.72315
973.4732325,-2262.89871,-948.40899
973.8362015,-2263.07889,-948.0939
974.2001815,-2263.25948,-947.77788
974.56514,-2263.44045,-947.46095
974.9310599,-2263.6218,-947.14313
975.2979375,-2263.80354,-946.82443
975.6657416,-2263.98566,-946.50488
976.0344625,-2264.16814,-946.18448
976.4040791,-2264.35099,-945.86326
976.774605,-2264.53422,-945.54121
977.1460179,-2264.71782,-945.21835
977.5183451,-2264.90181,-944.89466
977.8915642,-2265.08618,-944.57016
978.2656754,-2265.27093,-944.24485
978.6406661,-2265.45607,-943.91875
979.0165984,-2265.64162,-943.5918
979.3934959,-2265.82761,-943.26399
979.7713894,-2266.01405,-942.93529
980.1502879,-2266.20094,-942.60569
980.5302098,-2266.3883,-942.27518
980.9111725,-2266.57613,-941.94374
981.2931548,-2266.76444,-941.6114
981.6761508,-2266.9532,-941.27815
982.0601255,-2267.14241,-940.94403
982.4450654,-2267.33206,-940.60905
982.8309531,-2267.52215,-940.27323
983.2177662,-2267.71267,-939.93659
983.6055183,-2267.90363,-939.59912
983.9941872,-2268.09502,-939.26084
984.3837777,-2268.28685,-938.92175
984.7742986,-2268.47912,-938.58184
985.1657226,-2268.67181,-938.24113
985.5580818,-2268.86495,-937.8996
985.9513442,-2269.05851,-937.55727
986.3455593,-2269.25252,-937.2141
986.7406873,-2269.44697,-936.87013
987.1367136,-2269.64183,-936.52536
987.5336342,-2269.83711,-936.1798
987.9314493,-2270.03281,-935.83345
988.3301228,-2270.22891,-935.48634
988.7296907,-2270.42543,-935.13844
989.1301481,-2270.62236,-934.78975
989.5315408,-2270.81974,-934.44024
989.9338726,-2271.01756,-934.0899
990.3369016,-2271.2157,-933.73894
990.7398935,-2271.4138,-933.388
991.1426561,-2271.61177,-933.03725
991.5454845,-2271.80975,-932.68643
991.9485848,-2272.00784,-932.33536
992.3518451,-2272.20599,-931.98414
992.755185,-2272.40416,-931.63284
993.1586713,-2272.60238,-931.2814
993.562546,-2272.80077,-930.92961
993.9670014,-2272.99942,-930.5773
994.3721181,-2273.19837,-930.2244
994.777865,-2273.39761,-929.87094
995.1842547,-2273.59713,-929.5169
995.5913677,-2273.79697,-929.16221
995.9992275,-2273.99716,-928.80686
996.4078108,-2274.19767,-928.45086
996.8171049,-2274.39851,-928.09423
997.2271,-2274.59966,-927.73697
997.6377837,-2274.80113,-927.3791
998.0492006,-2275.00294,-927.02058
998.4613197,-2275.20508,-926.66144
998.8741409,-2275.40755,-926.30168
999.2876469,-2275.61035,-925.94132
999.7018686,-2275.81349,-925.58033
1000.116811,-2276.01698,-925.21871
1000.53251,-2276.22084,-924.85643
1000.949005,-2276.42508,-924.49345
1001.366325,-2276.62972,-924.12975
1001.784493,-2276.83476,-923.7653
1002.203521,-2277.0402,-923.40009
1002.623443,-2277.24606,-923.03409
1003.044232,-2277.45232,-922.66732
1003.465857,-2277.65897,-922.29981
1003.888291,-2277.86599,-921.93158
1004.311525,-2278.07338,-921.56264
1004.735524,-2278.28112,-921.19302
1005.160296,-2278.48921,-920.82271
1005.585828,-2278.69766,-920.45173
1006.012129,-2278.90647,-920.08007
1006.439182,-2279.11564,-919.70775
1006.866982,-2279.32516,-919.33477
1007.295534,-2279.53504,-918.96113
1007.724864,-2279.7453,-918.58681
1008.154969,-2279.95593,-918.21181
1008.585852,-2280.16694,-917.83613
1009.017524,-2280.37833,-917.45976
1009.450005,-2280.59011,-917.08268
1009.883296,-2280.80228,-916.70489
1010.317384,-2281.01483,-916.3264
1010.752268,-2281.22776,-915.94721
1011.187944,-2281.44106,-915.56732
1011.624402,-2281.65473,-915.18674
1012.06164,-2281.86878,-914.80548
1012.499664,-2282.08319,-914.42352
1012.938458,-2282.29798,-914.04089
1013.378039,-2282.51313,-913.65756
1013.818377,-2282.72865,-913.27357
1014.259461,-2282.94452,-912.88892
1014.701284,-2283.16074,-912.50362
1015.143836,-2283.37731,-912.11768
1015.587117,-2283.59423,-911.7311
1016.03115,-2283.81151,-911.34386
1016.475925,-2284.02913,-910.95596
1016.921435,-2284.24711,-910.56742
1017.367682,-2284.46544,-910.17823
1017.814663,-2284.68411,-909.78839
1018.262382,-2284.90313,-909.3979
1018.71087,-2285.12251,-909.00673
1019.160145,-2285.34225,-908.61486
1019.610264,-2285.56238,-908.22224
1020.061207,-2285.78289,-907.82889
1020.51298,-2286.00378,-907.4348
1020.96553,-2286.22501,-907.04001
1021.418899,-2286.44661,-906.64449
1021.873035,-2286.66855,-906.24828
1022.327953,-2286.89084,-905.85137
1022.783653,-2287.11348,-905.45376
1023.240098,-2287.33645,-905.05548
1023.697294,-2287.55976,-904.65653
1024.155228,-2287.7834,-904.25692
1024.613898,-2288.00737,-903.85665
1025.073302,-2288.23168,-903.45573
1025.533434,-2288.45632,-903.05416
1025.99425,-2288.68127,-902.65198
1026.45575,-2288.90653,-902.24919
1026.917916,-2289.1321,-901.84581
1027.380729,-2289.35796,-901.44185
1027.844209,-2289.58413,-901.0373
1028.308323,-2289.81058,-900.63218
1028.773072,-2290.03733,-900.2265
1029.23842,-2290.26434,-899.82028
1029.704353,-2290.49162,-899.41354
1030.170818,-2290.71915,-899.00633
1030.637824,-2290.94693,-898.59864
1031.105313,-2291.17493,-898.19052
1031.573299,-2291.40316,-897.78196
1032.041749,-2291.63161,-897.37299
1032.510642,-2291.86027,-896.96363
1032.979956,-2292.08913,-896.5539
1033.449686,-2292.31818,-896.1438
1033.919841,-2292.54744,-895.73333
1034.390394,-2292.77689,-895.32251
1034.861359,-2293.00654,-894.91133
1035.332745,-2293.23639,-894.49978
1035.804551,-2293.46644,-894.08786
1036.276774,-2293.6967,-893.67558
1036.749418,-2293.92716,-893.26293
1037.222478,-2294.15783,-892.84992
1037.69595,-2294.3887,-892.43655
1038.169851,-2294.61977,-892.0228
1038.64416,-2294.85105,-891.6087
1039.118881,-2295.08253,-891.19424
1039.594019,-2295.31422,-890.77942
1040.069578,-2295.54613,-890.36424
1040.545546,-2295.77825,-889.94871
1041.021903,-2296.01058,-889.53285
1041.498675,-2296.24315,-889.11665
1041.975842,-2296.47594,-888.70012
1042.453414,-2296.70897,-888.28326
1042.931409,-2296.94224,-887.86605
1043.409848,-2297.17574,-887.44846
1043.888745,-2297.4095,-887.03049
1044.368105,-2297.64351,-886.61213
1044.847914,-2297.87776,-886.19339
1045.328154,-2298.11225,-885.77429
1045.808801,-2298.34695,-885.35484
1046.289871,-2298.58187,-884.93503
1046.771357,-2298.817,-884.51486
1047.253247,-2299.05235,-884.09435
1047.735546,-2299.28791,-883.67349
1048.218257,-2299.52369,-883.25228
1048.701364,-2299.75969,-882.83074
1049.18487,-2299.99592,-882.40887
1049.668792,-2300.23241,-881.98667
1050.153093,-2300.46914,-881.56417
1050.637779,-2300.70614,-881.14138
1051.122801,-2300.9434,-880.71835
1051.608161,-2301.18094,-880.29509
1052.09382,-2301.41877,-879.87165
1052.579776,-2301.65694,-879.44806
1053.066014,-2301.89547,-879.02435
1053.552531,-2302.13441,-878.60055
1054.039312,-2302.3738,-878.1767
1054.526358,-2302.61369,-877.75283
1055.01365,-2302.8541,-877.32897
1055.50119,-2303.09508,-876.90515
1055.988948,-2303.33666,-876.48142
1056.476906,-2303.57887,-876.05782
1056.965062,-2303.82176,-875.63438
1057.453393,-2304.0654,-875.21117
1057.941907,-2304.30984,-874.78821
1058.430547,-2304.5551,-874.36558
1058.91928,-2304.8012,-873.94333
1059.408106,-2305.04815,-873.52147
1059.897043,-2305.29602,-873.10002
1060.386109,-2305.54484,-872.67898
1060.875295,-2305.79467,-872.2584
1061.364602,-2306.04556,-871.83831
1061.854045,-2306.29755,-871.41872
1062.343588,-2306.55063,-870.99967
1062.833203,-2306.80479,-870.58119
1063.322883,-2307.06006,-870.16331
1063.812589,-2307.31644,-869.74608
1064.302319,-2307.57397,-869.32953
1064.792073,-2307.83269,-868.91369
1065.281833,-2308.09256,-868.49856
1065.771626,-2308.35359,-868.08412
1066.261421,-2308.61581,-867.67043
1066.751235,-2308.87923,-867.25748
1067.241064,-2309.14388,-866.8453
1067.7309,-2309.40977,-866.43391
1068.220739,-2309.6769,-866.02332
1068.710594,-2309.94527,-865.61352
1069.200454,-2310.21485,-865.20451
1069.690328,-2310.48565,-864.79629
1070.180203,-2310.75764,-864.38886
1070.67009,-2311.03083,-863.98222
1071.159964,-2311.3052,-863.57639
1071.649819,-2311.58073,-863.17137
1072.13967,-2311.85741,-862.76714
1072.629497,-2312.1352,-862.3637
1073.119315,-2312.41413,-861.96106
1073.609128,-2312.69419,-861.55921
1074.098922,-2312.97539,-861.15818
1074.58871,-2313.25773,-860.75796
1075.078487,-2313.54121,-860.35856
1075.568253,-2313.82581,-859.95997
1076.058011,-2314.11154,-859.5622
1076.547751,-2314.39842,-859.16528
1077.037482,-2314.68647,-858.76922
1077.527206,-2314.9757,-858.37403
1078.016896,-2315.2661,-857.97974
1078.506578,-2315.55769,-857.58634
1078.996236,-2315.85045,-857.19384
1079.485882,-2316.14442,-856.80226
1079.975503,-2316.43961,-856.41163
1080.465126,-2316.73603,-856.02193
1080.95472,-2317.03366,-855.63319
1081.444302,-2317.33252,-855.24541
1081.933863,-2317.6326,-854.8586
1082.423432,-2317.9339,-854.47273
1082.913,-2318.2364,-854.0878
1083.402572,-2318.54006,-853.70378
1083.892135,-2318.84484,-853.32066
1084.381699,-2319.15075,-852.93844
1084.87125,-2319.45776,-852.55712
1085.360797,-2319.76589,-852.17671
1085.850343,-2320.07509,-851.79717
1086.339874,-2320.38532,-851.41849
1086.829412,-2320.69657,-851.04064
1087.31893,-2321.00883,-850.66365
1087.808443,-2321.32213,-850.28753
1088.297963,-2321.63647,-849.91227
1088.787479,-2321.95184,-849.53788
1089.277003,-2322.26824,-849.16435
1089.766523,-2322.58567,-848.7917
1090.256059,-2322.90412,-848.4199
1090.745614,-2323.2236,-848.04896
1091.235173,-2323.54407,-847.67887
1091.724737,-2323.86555,-847.30965
1092.214309,-2324.18805,-846.94131
1092.703879,-2324.51155,-846.57385
1093.193446,-2324.83603,-846.20726
1093.683019,-2325.16149,-845.84153
1094.17259,-2325.48792,-845.47667
1094.662175,-2325.81533,-845.11267
1095.151775,-2326.14376,-844.74957
1095.641384,-2326.47323,-844.3874
1096.131014,-2326.80375,-844.02616
1096.620671,-2327.13529,-843.66582
1097.110336,-2327.46786,-843.30642
1097.600026,-2327.80146,-842.94794
1098.08974,-2328.13609,-842.59039
1098.57948,-2328.47175,-842.23377
1099.069237,-2328.80841,-841.87807
1099.559018,-2329.14601,-841.52323
1100.048833,-2329.48453,-841.16922
1100.538665,-2329.82393,-840.81603
1101.028532,-2330.1642,-840.46363
1101.51845,-2330.50536,-840.11202
1102.00843,-2330.84739,-839.76117
1102.498488,-2331.1903,-839.41107
1102.988607,-2331.53406,-839.06172
1103.478768,-2331.87865,-838.71313
1103.968979,-2332.22408,-838.3653
1104.459259,-2332.57036,-838.01822
1104.949624,-2332.9175,-837.67188
1105.440055,-2333.26551,-837.32632
1105.930556,-2333.61441,-836.98156
1106.421122,-2333.96423,-836.63764
1106.911756,-2334.31498,-836.29457
1107.402456,-2334.66666,-835.95236
1107.89321,-2335.01925,-835.61101
1108.384029,-2335.37277,-835.27053
1108.874902,-2335.72721,-834.93093
1109.365831,-2336.08256,-834.5922
1109.856827,-2336.43882,-834.25433
1110.347865,-2336.79596,-833.91733
1110.838932,-2337.15395,-833.58119
1111.330059,-2337.51279,-833.24587
1111.82122,-2337.87246,-832.91139
1112.312425,-2338.23295,-832.57773
1112.803661,-2338.59424,-832.24489
1113.294946,-2338.95634,-831.91286
1113.786254,-2339.31925,-831.58168
1114.277581,-2339.68295,-831.25134
1114.768938,-2340.04747,-830.92186
1115.260341,-2340.4128,-830.59321
1115.751764,-2340.77892,-830.26541
1116.243189,-2341.14581,-829.93847
1116.734603,-2341.51346,-829.6124
1117.226004,-2341.88187,-829.28721
1117.717401,-2342.25106,-828.96291
1118.208763,-2342.621,-828.63952
1118.700097,-2342.99167,-828.31701
1119.191391,-2343.36306,-827.99539
1119.682624,-2343.73512,-827.67464
1120.173775,-2344.10783,-827.35477
1120.664854,-2344.48119,-827.03577
1121.155868,-2344.85518,-826.71761
1121.646833,-2345.22982,-826.40029
1122.137743,-2345.60508,-826.08379
1122.628596,-2345.98094,-825.76809
1123.119387,-2346.35738,-825.45318
1123.610142,-2346.7344,-825.13902
1124.100809,-2347.11197,-824.82566
1124.591365,-2347.49006,-824.5131
1125.081786,-2347.86865,-824.20136
1125.57207,-2348.24773,-823.89043
1126.062178,-2348.62726,-823.58033
1126.552067,-2349.00721,-823.27109
1127.041702,-2349.38754,-822.96272
1127.531106,-2349.76826,-822.6552
1128.020298,-2350.14936,-822.34849
1128.509303,-2350.53084,-822.04255
1128.998127,-2350.91268,-821.73735
1129.486758,-2351.29484,-821.43286
1129.975193,-2351.67729,-821.12905
1130.463418,-2352.05998,-820.82588
1130.951451,-2352.4429,-820.52331
1131.4393,-2352.82602,-820.22129
1131.926959,-2353.20933,-819.91982
1132.414422,-2353.5928,-819.61887
1132.901707,-2353.97642,-819.3184
1133.388784,-2354.36016,-819.01842
1133.875679,-2354.74402,-818.71889
1134.362382,-2355.12798,-818.4198
1134.848891,-2355.51202,-818.12113
1135.335211,-2355.89614,-817.82287
1135.821327,-2356.28032,-817.52502
1136.307256,-2356.66455,-817.22754
1136.792996,-2357.04882,-816.93042
1137.278545,-2357.43311,-816.63364
1137.763905,-2357.81741,-816.33718
1138.249089,-2358.20171,-816.04101
1138.73409,-2358.58598,-815.7451
1139.218899,-2358.9702,-815.44944
1139.703535,-2359.35437,-815.154
1140.187979,-2359.73846,-814.85877
1140.672251,-2360.12248,-814.56373
1141.156327,-2360.50639,-814.26887
1141.640212,-2360.89019,-813.97418
1142.123924,-2361.27388,-813.67963
1142.607446,-2361.65743,-813.38521
1143.090785,-2362.04084,-813.09091
1143.573951,-2362.42411,-812.79671
1144.056929,-2362.80722,-812.50261
1144.539724,-2363.19016,-812.20859
1145.022341,-2363.57293,-811.91464
1145.504785,-2363.95552,-811.62074
1145.98705,-2364.33793,-811.3269
1146.46914,-2364.72015,-811.0331
1146.951061,-2365.10218,-810.73933
1147.432801,-2365.48399,-810.44557
1147.914361,-2365.86558,-810.15182
1148.395731,-2366.24693,-809.85807
1148.876923,-2366.62804,-809.5643
1149.357937,-2367.00891,-809.27051
1149.838765,-2367.38953,-808.9767
1150.319418,-2367.76989,-808.68284
1150.799892,-2368.15,-808.38895
1151.280177,-2368.52984,-808.09502
1151.760294,-2368.90943,-807.80104
1152.240231,-2369.28876,-807.50702
1152.719986,-2369.66783,-807.21296
1153.199575,-2370.04665,-806.91885
1153.678984,-2370.42522,-806.62471
1154.158229,-2370.80355,-806.33053
1154.637297,-2371.18164,-806.03633
1155.116191,-2371.55948,-805.74209
1155.594915,-2371.93708,-805.44782
1156.073462,-2372.31444,-805.15353
1156.551846,-2372.69157,-804.85921
1157.030039,-2373.06845,-804.56488
1157.508062,-2373.44509,-804.27052
1157.985901,-2373.82149,-803.97615
1158.463572,-2374.19766,-803.68176
1158.941058,-2374.57358,-803.38735
1159.41837,-2374.94927,-803.09293
1159.895519,-2375.32473,-802.79848
1160.372491,-2375.69995,-802.50401
1160.849285,-2376.07492,-802.20951
1161.325908,-2376.44964,-801.91497
1161.802363,-2376.8241,-801.62037
1162.278643,-2377.19829,-801.32571
1162.754751,-2377.57219,-801.03096
1163.230687,-2377.9458,-800.73612
1163.706433,-2378.31909,-800.44118
1164.182016,-2378.69206,-800.1461
1164.657413,-2379.06469,-799.85089
1165.132627,-2379.43696,-799.55552
1165.607671,-2379.80887,-799.25997
1166.082542,-2380.1804,-798.96422
1166.557253,-2380.55155,-798.66825
1167.031781,-2380.92229,-798.37206
1167.506143,-2381.29261,-798.07561
1167.980325,-2381.66249,-797.7789
1168.454343,-2382.03192,-797.48189
1168.928173,-2382.40085,-797.18456
1169.401817,-2382.76926,-796.88688
1169.87529,-2383.13715,-796.58883
1170.348582,-2383.50449,-796.29039
1170.821694,-2383.87128,-795.99156
1171.294621,-2384.23749,-795.69231
1171.76736,-2384.60308,-795.3926
1172.23991,-2384.96804,-795.09242
1172.712277,-2385.33235,-794.79174
1173.184468,-2385.69601,-794.49055
1173.656475,-2386.059,-794.18884
1174.128306,-2386.42132,-793.8866
1174.599954,-2386.78295,-793.58382
1175.07143,-2387.14391,-793.28051
1175.542715,-2387.50415,-792.97664
1176.013819,-2387.86368,-792.67221
1176.484734,-2388.22246,-792.36719
1176.955464,-2388.58047,-792.06155
1177.425989,-2388.93768,-791.75529
1177.896341,-2389.29412,-791.4484
1178.366491,-2389.64975,-791.14088
1178.836461,-2390.00456,-790.83269
1179.306229,-2390.35852,-790.52383
1179.775817,-2390.71162,-790.21426
1180.245212,-2391.06383,-789.90397
1180.714401,-2391.41512,-789.59295
1181.183406,-2391.76549,-789.28117
1181.652224,-2392.11494,-788.96864
1182.120843,-2392.46345,-788.65536
1182.589287,-2392.81103,-788.34131
1183.057536,-2393.15766,-788.0265
1183.525587,-2393.50332,-787.71092
1183.993457,-2393.84802,-787.39456
1184.461141,-2394.19177,-787.07744
1184.928624,-2394.53456,-786.75958
1185.39593,-2394.87643,-786.44099
1185.863048,-2395.21738,-786.12169
1186.329981,-2395.55741,-785.80168
1186.796726,-2395.89653,-785.48098
1187.263278,-2396.23473,-785.15959
1187.729655,-2396.57204,-784.83752
1188.195845,-2396.90845,-784.51478
1188.661836,-2397.24396,-784.19139
1189.127653,-2397.57856,-783.86731
1189.593276,-2397.91224,-783.54256
1190.058715,-2398.24498,-783.21711
1190.523959,-2398.5768,-782.891
1190.989025,-2398.90769,-782.5642
1191.453902,-2399.23764,-782.23672
1191.918591,-2399.56663,-781.90854
1192.383104,-2399.89466,-781.57965
1192.84743,-2400.22171,-781.25005
1193.31157,-2400.5478,-780.91976
1193.775528,-2400.87292,-780.58877
1194.239315,-2401.19707,-780.25707
1194.702912,-2401.52024,-779.92468
1195.166342,-2401.84247,-779.59161
1195.629595,-2402.16375,-779.25787
1196.09268,-2402.4841,-778.92347
1196.555585,-2402.80351,-778.58842
1197.01832,-2403.122,-778.25273
1197.48088,-2403.43957,-777.91641
1197.943274,-2403.75625,-777.57948
1198.405482,-2404.07204,-777.24197
1198.867527,-2404.38697,-776.90388
1199.329411,-2404.70105,-776.56522
1199.791114,-2405.01428,-776.22602
1200.252665,-2405.3267,-775.88628
1200.714031,-2405.6383,-775.54604
1201.175233,-2405.94909,-775.20528
1201.636274,-2406.25908,-774.86401
1202.097135,-2406.56825,-774.52224
1202.557833,-2406.8766,-774.17995
1203.018355,-2407.18412,-773.83715
1203.478709,-2407.49083,-773.49385
1203.938891,-2407.79671,-773.15004
1204.398912,-2408.10175,-772.8057
1204.85876,-2408.40594,-772.46084
1205.318445,-2408.70927,-772.11544
1205.777963,-2409.01173,-771.7695
1206.237316,-2409.31331,-771.42301
1206.696506,-2409.61403,-771.07599
1207.155536,-2409.91388,-770.72843
1207.614393,-2410.21285,-770.38034
1208.073094,-2410.51095,-770.03171
1208.531625,-2410.80818,-769.68256
1208.990003,-2411.10456,-769.33289
1209.448215,-2411.40008,-768.98271
1209.906261,-2411.69476,-768.63204
1210.36415,-2411.9886,-768.28087
1210.821867,-2412.28161,-767.92923
1211.27943,-2412.5738,-767.57711
1211.736819,-2412.86515,-767.22452
1212.19405,-2413.15567,-766.87145
1212.651114,-2413.44533,-766.51789
1213.107991,-2413.73412,-766.16386
1213.56472,-2414.02206,-765.80933
1214.021277,-2414.30911,-765.4543
1214.477657,-2414.59526,-765.09877
1214.93386,-2414.88049,-764.74273
1215.389899,-2415.16477,-764.38614
1215.845766,-2415.44807,-764.02899
1216.301464,-2415.73039,-763.67128
1216.756992,-2416.01171,-763.313
1217.212358,-2416.29204,-762.95415
1217.66755,-2416.57138,-762.59475
1218.122677,-2416.84979,-762.23471
1218.577895,-2417.12735,-761.8739
1219.033238,-2417.40406,-761.51228
1219.488546,-2417.67982,-761.14998
1219.943804,-2417.95463,-760.78702
1220.399031,-2418.2285,-760.42339
1220.854283,-2418.50148,-760.05906
1221.309645,-2418.7736,-759.69395
1221.765093,-2419.0448,-759.32805
1222.220617,-2419.31506,-758.96136
1222.676198,-2419.58437,-758.5939
1223.131839,-2419.85274,-758.22568
1223.587567,-2420.1202,-757.85669
1224.043401,-2420.38676,-757.48692
1224.499334,-2420.65242,-757.11638
1224.955364,-2420.91717,-756.74507
1225.41149,-2421.18103,-756.37301
1225.867696,-2421.44401,-756.00023
1226.323992,-2421.70611,-755.62672
1226.780373,-2421.96733,-755.25249
1227.236854,-2422.22769,-754.87754
1227.693449,-2422.48721,-754.50187
1228.150162,-2422.74588,-754.12547
1228.607017,-2423.00372,-753.74833
1229.064026,-2423.26072,-753.37043
1229.521181,-2423.51686,-752.99177
1229.978511,-2423.77214,-752.61232
1230.435995,-2424.02655,-752.2321
1230.89365,-2424.28013,-751.85112
1231.351469,-2424.53286,-751.46938
1231.809448,-2424.78476,-751.0869
1232.2676,-2425.03585,-750.70368
1232.725926,-2425.28614,-750.31973
1233.184428,-2425.53566,-749.93507
1233.643101,-2425.78443,-749.54972
1234.101959,-2426.03247,-749.16368
1234.561015,-2426.2798,-748.77695
1235.020253,-2426.52642,-748.38955
1235.479685,-2426.77233,-748.00147
1235.939318,-2427.01754,-747.61271
1236.399154,-2427.26205,-747.22327
1236.859193,-2427.50589,-746.83317
1237.319442,-2427.74907,-746.44241
1237.779917,-2427.99158,-746.05097
1238.240606,-2428.2334,-745.65885
1238.701519,-2428.47454,-745.26605
1239.162649,-2428.71497,-744.87256
1239.623985,-2428.95468,-744.47839
1240.085524,-2429.19366,-744.08354
1240.547267,-2429.43191,-743.68801
1241.009228,-2429.6694,-743.29177
1241.471397,-2429.90611,-742.89482
1241.933787,-2430.14204,-742.49715
1242.396404,-2430.37713,-742.09872
1242.859232,-2430.61133,-741.69952
1243.322274,-2430.84467,-741.29957
1243.785541,-2431.07717,-740.89887
1244.249018,-2431.30881,-740.49743
1244.712701,-2431.53961,-740.09527
1245.176592,-2431.76959,-739.6924
1245.640696,-2431.9987,-739.28879
1246.104981,-2432.22696,-738.88449
1246.569457,-2432.4544,-738.47951
1247.034104,-2432.68103,-738.07388
1247.498899,-2432.90685,-737.66763
1247.96387,-2433.13188,-737.26074
1248.429001,-2433.3561,-736.85322
1248.894303,-2433.57949,-736.44505
1249.359773,-2433.80204,-736.03623
1249.825399,-2434.02372,-735.62676
1250.291187,-2434.2445,-735.21662
1250.757139,-2434.46436,-734.8058
1251.223208,-2434.68323,-734.39432
1251.689369,-2434.90109,-733.9822
1252.15562,-2435.11793,-733.56944
1252.621992,-2435.33375,-733.15601
1253.088438,-2435.54852,-732.74195
1253.554939,-2435.76223,-732.32728
1254.021458,-2435.97487,-731.91204
1254.488025,-2436.18646,-731.49621
1254.95463,-2436.39699,-731.0798
1255.421249,-2436.60648,-730.66285
1255.887894,-2436.81493,-730.24535
1256.354546,-2437.02233,-729.82732
1256.821135,-2437.22868,-729.40884
1257.287675,-2437.43398,-728.9899
1257.754144,-2437.63824,-728.57053
1258.220483,-2437.8414,-728.15077
1258.68662,-2438.04341,-727.73068
1259.152531,-2438.24423,-727.31027
1259.618225,-2438.44383,-726.88952
1260.083715,-2438.64217,-726.4684
1260.549041,-2438.83923,-726.04686
1261.014199,-2439.03499,-725.6249
1261.479178,-2439.22939,-725.20251
1261.943959,-2439.42238,-724.77969
1262.40855,-2439.61394,-724.35643
1262.872945,-2439.80405,-723.93273
1263.337164,-2439.99265,-723.50855
1263.801205,-2440.17975,-723.0839
1264.265056,-2440.36533,-722.65879
1264.728732,-2440.54941,-722.23322
1265.192223,-2440.732,-721.80721
1265.655536,-2440.91313,-721.38077
1266.118672,-2441.09281,-720.95391
1266.581617,-2441.27102,-720.52664
1267.044377,-2441.44776,-720.09896
1267.506962,-2441.62304,-719.67087
1267.969363,-2441.79688,-719.24239
1268.431573,-2441.96929,-718.81354
1268.893607,-2442.14028,-718.38431
1269.355461,-2442.30987,-717.95472
1269.817135,-2442.47803,-717.52476
1270.278611,-2442.64477,-717.09446
1270.73991,-2442.81011,-716.66381
1271.201025,-2442.97407,-716.23283
1271.661956,-2443.13664,-715.80152
1272.122787,-2443.29786,-715.36981
1272.583568,-2443.45778,-714.93767
1273.044288,-2443.61641,-714.50512
1273.504917,-2443.77376,-714.0722
1273.965447,-2443.92988,-713.63894
1274.425891,-2444.08477,-713.20533
1274.88624,-2444.23845,-712.77139
1275.346526,-2444.39092,-712.33709
1275.806732,-2444.5422,-711.90246
1276.266881,-2444.69224,-711.46746
1276.727021,-2444.84103,-711.03204
1277.187178,-2444.98852,-710.59616
1277.647331,-2445.13466,-710.15983
1278.107462,-2445.27938,-709.72305
1278.567576,-2445.42268,-709.28582
1279.027663,-2445.56451,-708.84814
1279.487749,-2445.70482,-708.40997
1279.947836,-2445.84362,-707.97132
1280.407939,-2445.98092,-707.53218
1280.868057,-2446.11679,-707.09258
1281.328175,-2446.25129,-706.65256
1281.788302,-2446.38451,-706.21214
1282.248438,-2446.51653,-705.77135
1282.708599,-2446.64743,-705.3302
1283.168765,-2446.7773,-704.88874
1283.628954,-2446.90626,-704.44699
1284.089158,-2447.03431,-704.00496
1284.54939,-2447.16146,-703.56264
1285.009624,-2447.28767,-703.12005
1285.469856,-2447.41296,-702.6772
1285.93012,-2447.5373,-702.23405
1286.39042,-2447.66067,-701.79059
1286.850774,-2447.78301,-701.34679
1287.311178,-2447.90419,-700.90262
1287.771626,-2448.02414,-700.45807
1288.232108,-2448.14284,-700.01315
1288.692646,-2448.26025,-699.56783
1289.153222,-2448.37636,-699.12213
1289.613856,-2448.49116,-698.67603
1290.074544,-2448.60465,-698.22954
1290.535282,-2448.71684,-697.78267
1290.996069,-2448.82779,-697.33544
1291.456918,-2448.93754,-696.88785
1291.917801,-2449.04612,-696.43994
1292.378742,-2449.15358,-695.9917
1292.839742,-2449.25991,-695.54313
1293.300811,-2449.36514,-695.09423
1293.761969,-2449.46926,-694.64498
1294.223204,-2449.57225,-694.19539
1294.684542,-2449.67403,-693.74542
1295.14598,-2449.77458,-693.29507
1295.607519,-2449.87388,-692.84434
1296.06916,-2449.97183,-692.39321
1296.530896,-2450.06842,-691.94169
1296.992703,-2450.16366,-691.48981
1297.454618,-2450.25756,-691.03754
1297.916627,-2450.35013,-690.5849
1298.378734,-2450.44137,-690.13189
1298.840929,-2450.53131,-689.67853
1299.303203,-2450.61993,-689.22483
1299.765563,-2450.7073,-688.7708
1300.22801,-2450.79351,-688.31646
1300.690528,-2450.87862,-687.86184
1301.153147,-2450.96267,-687.40692
1301.615841,-2451.04566,-686.95173
1302.078621,-2451.12759,-686.49626
1302.541463,-2451.20853,-686.04055
1303.004388,-2451.28853,-685.58459
1303.467358,-2451.36759,-685.12842
1303.930385,-2451.44576,-684.67204
1304.393472,-2451.52312,-684.21546
1304.856605,-2451.59963,-683.75869
1305.319793,-2451.67527,-683.30172
1305.783013,-2451.75001,-682.84457
1306.246261,-2451.82376,-682.38723
1306.709549,-2451.89645,-681.92968
1307.172866,-2451.96806,-681.47193
1307.636195,-2452.03852,-681.01399
1308.099549,-2452.10777,-680.55584
1308.562944,-2452.17569,-680.09745
1309.02636,-2452.24219,-679.63883
1309.489808,-2452.30717,-679.17996
1309.953282,-2452.37055,-678.72084
1310.416753,-2452.43229,-678.2615
1310.880222,-2452.49236,-677.80194
1311.343712,-2452.55081,-677.34215
1311.807243,-2452.60767,-676.88212
1312.270781,-2452.66303,-676.4219
1312.734315,-2452.71693,-675.96151
1313.197821,-2452.76946,-675.50099
1313.661289,-2452.82067,-675.04036
1314.124709,-2452.87062,-674.57964
1314.588114,-2452.9194,-674.11881
1315.051492,-2452.96707,-673.65789
1315.514861,-2453.01367,-673.19687
1315.978205,-2453.05921,-672.73577
1316.441505,-2453.10369,-672.27461
1316.904772,-2453.14709,-671.81338
1317.368016,-2453.18937,-671.35207
1317.831226,-2453.23051,-670.89069
1318.294393,-2453.27047,-670.42925
1318.757484,-2453.30918,-669.96778
1319.220489,-2453.3466,-669.50629
1319.683414,-2453.38265,-669.04477
1320.14624,-2453.41726,-668.58324
1320.608969,-2453.45041,-668.1217
1321.071585,-2453.48209,-667.66017
1321.534044,-2453.51231,-667.1987
1321.996291,-2453.5411,-666.73735
1322.458289,-2453.56857,-666.27617
1322.920074,-2453.59479,-665.81513
1323.381675,-2453.61986,-665.35421
1323.843107,-2453.64382,-664.8934
1324.304376,-2453.66671,-664.4327
1324.765476,-2453.68861,-663.97212
1325.226395,-2453.70963,-663.51168
1325.68714,-2453.72987,-663.05138
1326.147703,-2453.74937,-662.59123
1326.608086,-2453.76813,-662.13123
1327.068272,-2453.78598,-661.67139
1327.528253,-2453.80288,-661.21172
1327.988051,-2453.81887,-660.7522
1328.447673,-2453.83409,-660.29283
1328.907111,-2453.84858,-659.83362
1329.366378,-2453.86237,-659.37456
1329.825444,-2453.87544,-658.91568
1330.284286,-2453.88763,-658.457
1330.742884,-2453.89887,-657.99854
1331.201238,-2453.90909,-657.5403
1331.659352,-2453.91838,-657.08228
1332.117229,-2453.92677,-656.62448
1332.574871,-2453.93428,-656.1669
1333.03224,-2453.94096,-655.70958
1333.489337,-2453.94682,-655.25252
1333.946125,-2453.95184,-654.79576
1334.402583,-2453.95597,-654.33932
1334.858715,-2453.95925,-653.8832
1335.314512,-2453.96172,-653.42741
1335.769965,-2453.9634,-652.97196
1336.225066,-2453.96433,-652.51686
1336.679776,-2453.96458,-652.06215
1337.134086,-2453.9642,-651.60784
1337.587997,-2453.96324,-651.15393
1338.04152,-2453.96175,-650.70041
1338.494654,-2453.95979,-650.24728
1338.94739,-2453.95739,-649.79455
1339.399739,-2453.95457,-649.34221
1339.85166,-2453.95137,-648.8903
1340.303144,-2453.94781,-648.43883
1340.754152,-2453.94388,-647.98784
1341.204672,-2453.93961,-647.53734
1341.654655,-2453.93501,-647.08738
1342.104082,-2453.93008,-646.63798
1342.552943,-2453.92483,-646.18915
1343.001218,-2453.91927,-645.74091
1343.448916,-2453.91342,-645.29325
1343.896017,-2453.90732,-644.84619
1344.342522,-2453.90098,-644.39973
1344.78842,-2453.89443,-643.95388
1345.233702,-2453.88768,-643.50865
1345.678385,-2453.88076,-643.06402
1346.122481,-2453.87371,-642.61998
1346.566009,-2453.86656,-642.17651
1347.008968,-2453.85934,-641.73361
1347.451318,-2453.85205,-641.29132
1347.893059,-2453.8447,-640.84964
1348.334171,-2453.83731,-640.40859
1348.774634,-2453.82988,-639.96819
1349.214477,-2453.82242,-639.52841
1349.653691,-2453.81494,-639.08926
1350.092315,-2453.80743,-638.6507
1350.530329,-2453.79992,-638.21275
1350.967734,-2453.79239,-637.77541
1351.404509,-2453.78486,-637.3387
1351.840614,-2453.77734,-636.90266
1352.276049,-2453.76982,-636.46729
1352.710804,-2453.76231,-636.0326
1353.144919,-2453.75481,-635.59855
1353.578383,-2453.74732,-635.16515
1354.011218,-2453.73984,-634.73238
1354.443412,-2453.73237,-634.30025
1354.874997,-2453.72492,-633.86873
1355.305931,-2453.71748,-633.43786
1355.736215,-2453.71007,-633.00764
1356.165848,-2453.7027,-632.57807
1356.594831,-2453.69535,-632.14915
1357.023174,-2453.68802,-631.72087
1357.450866,-2453.68074,-631.29324
1357.877917,-2453.67349,-630.86625
1358.304288,-2453.66629,-630.43994
1358.729968,-2453.65914,-630.01432
1359.154957,-2453.65204,-629.58939
1359.579246,-2453.64501,-629.16516
1360.002833,-2453.63804,-628.74163
1360.425729,-2453.63114,-628.31879
1360.847925,-2453.6243,-627.89665
1361.269399,-2453.61754,-627.47523
1361.690152,-2453.61085,-627.05453
1362.110174,-2453.60424,-626.63456
1362.529465,-2453.59772,-626.21532
1362.948034,-2453.59128,-625.7968
1363.365882,-2453.58494,-625.379
1363.783029,-2453.57869,-624.9619
1364.199465,-2453.57253,-624.54551
1364.615189,-2453.56647,-624.12983
1365.030192,-2453.5605,-623.71487
1365.444474,-2453.55462,-623.30063
1365.858054,-2453.54883,-622.88709
1366.270964,-2453.54312,-622.47422
1366.683192,-2453.53748,-622.06203
1367.09475,-2453.53193,-621.65051
1367.505466,-2453.52645,-621.23983
1367.915342,-2453.52106,-620.82999
1368.324246,-2453.51577,-620.42112
1368.732289,-2453.51056,-620.01311
1369.139691,-2453.50546,-619.60574
1369.546592,-2453.50045,-619.19887
1369.952972,-2453.49555,-618.79252
1370.35874,-2453.49075,-618.38678
1370.763787,-2453.48606,-617.98176
1371.168073,-2453.48148,-617.5775
1371.571598,-2453.477,-617.174
1371.974442,-2453.47262,-616.77118
1372.376634,-2453.46834,-616.36901
1372.778206,-2453.46414,-615.96746
1373.179187,-2453.46003,-615.5665
1373.579538,-2453.45601,-615.16617
1373.979247,-2453.45207,-614.76648
1374.378326,-2453.44822,-614.36742
1374.776754,-2453.44443,-613.96901
1375.174551,-2453.44071,-613.57123
1375.571678,-2453.43706,-613.17412
1375.968154,-2453.43346,-612.77766
1376.36401,-2453.42991,-612.38182
1376.759245,-2453.42643,-611.9866
1377.1539,-2453.42301,-611.59196
1377.547975,-2453.41965,-611.1979
1377.941438,-2453.41634,-610.80445
1378.334262,-2453.41311,-610.41164
1378.726425,-2453.40994,-610.01949
1379.117877,-2453.40685,-609.62805
1379.508568,-2453.40385,-609.23737
1379.898449,-2453.40095,-608.8475
1380.287549,-2453.39817,-608.45841
1380.675868,-2453.39554,-608.0701
1381.063436,-2453.39306,-607.68254
1381.450323,-2453.39073,-607.29566
1381.836549,-2453.38855,-606.90944
1382.222124,-2453.38652,-606.52387
1382.607059,-2453.38461,-606.13894
1382.991343,-2453.38282,-605.75466
1383.374957,-2453.38114,-605.37105
1383.75789,-2453.37955,-604.98812
1384.140173,-2453.37806,-604.60584
1384.521806,-2453.37665,-604.22421
1384.902788,-2453.37532,-603.84323
1385.28313,-2453.37407,-603.46289
1385.662842,-2453.37289,-603.08318
1386.041924,-2453.37178,-602.7041
1386.420365,-2453.37074,-602.32566
1386.798176,-2453.36976,-601.94785
1387.175337,-2453.36884,-601.57069
1387.551868,-2453.368,-601.19416
1387.927749,-2453.36724,-600.81828
1388.30299,-2453.36654,-600.44304
1388.67761,-2453.36593,-600.06842
1389.051601,-2453.36539,-599.69443
1389.424971,-2453.36495,-599.32106
1389.797711,-2453.36461,-598.94832
1390.169821,-2453.36437,-598.57621
1390.541311,-2453.36425,-598.20472
1390.912171,-2453.36425,-597.83386
1391.282421,-2453.36439,-597.46361
1391.652061,-2453.36466,-597.09397
1392.021112,-2453.36506,-596.72492
1392.389572,-2453.3656,-596.35646
1392.757463,-2453.36627,-595.98857
1393.124773,-2453.36709,-595.62126
1393.491505,-2453.36805,-595.25453
1393.857666,-2453.36916,-594.88837
1394.223258,-2453.3704,-594.52278
1394.588281,-2453.37179,-594.15776
1394.952744,-2453.37333,-593.7933
1395.316648,-2453.37501,-593.4294
1395.679993,-2453.37685,-593.06606
1396.042778,-2453.37885,-592.70328
1396.405015,-2453.38103,-592.34105
1396.766713,-2453.38339,-591.97936
1397.127882,-2453.38592,-591.6182
1397.488502,-2453.38863,-591.25759
1397.848593,-2453.39153,-590.89751
1398.208157,-2453.39462,-590.53796
1398.567182,-2453.39793,-590.17895
1398.925669,-2453.40147,-589.82048
1399.283629,-2453.40526,-589.46254
1399.641082,-2453.40931,-589.10511
1399.998049,-2453.41363,-588.74817
1400.354528,-2453.41822,-588.39172
1400.710551,-2453.42309,-588.03573
1401.066119,-2453.42826,-587.6802
1401.421221,-2453.43373,-587.32514
1401.775878,-2453.43952,-586.97053
1402.130081,-2453.44563,-586.61638
1402.48383,-2453.4521,-586.26269
1402.837147,-2453.45894,-585.90944
1403.19003,-2453.46616,-585.55663
1403.542503,-2453.47379,-585.20424
1403.894565,-2453.48182,-584.85227
1404.246216,-2453.49027,-584.50072
1404.597459,-2453.49917,-584.14959
1404.948304,-2453.50854,-583.79887
1405.298732,-2453.51838,-583.44858
1405.648775,-2453.52873,-583.09869
1405.998424,-2453.53958,-582.74921
1406.347679,-2453.55095,-582.40014
1406.696542,-2453.56286,-582.05148
1407.045035,-2453.57531,-581.70321
1407.393166,-2453.58828,-581.35532
1407.740949,-2453.60179,-581.0078
1408.088372,-2453.61582,-580.66066
1408.435448,-2453.63038,-580.31389
1408.782186,-2453.64547,-579.96748
1409.128569,-2453.6611,-579.62145
1409.474619,-2453.67731,-579.27578
1409.820327,-2453.69411,-578.93048
1410.165697,-2453.71153,-578.58555
1410.510738,-2453.72956,-578.24098
1410.855462,-2453.74819,-577.89676
1411.19989,-2453.76744,-577.55287
1411.543996,-2453.78733,-577.20934
1411.887811,-2453.80789,-576.86614
1412.231328,-2453.82912,-576.52328
1412.57455,-2453.85107,-576.18076
1412.917472,-2453.87376,-575.83859
1413.260105,-2453.8972,-575.49676
1413.60246,-2453.92139,-575.15526
1413.944541,-2453.94633,-574.81409
1414.286348,-2453.97203,-574.47325
1414.627888,-2453.99853,-574.13274
1414.969172,-2454.02584,-573.79255
1415.310184,-2454.05397,-573.4527
1415.650935,-2454.0829,-573.11318
1415.991429,-2454.11267,-572.77399
1416.331668,-2454.14328,-572.43513
1416.671657,-2454.17474,-572.0966
1417.011382,-2454.2071,-571.75842
1417.350846,-2454.24037,-571.42059
1417.690056,-2454.27458,-571.08311
1418.028996,-2454.30976,-570.746
1418.367688,-2454.34588,-570.40924
1418.706115,-2454.38296,-570.07285
1419.044284,-2454.42102,-569.73683
1419.382189,-2454.46008,-569.40119
1419.719837,-2454.50017,-569.06593
1420.057208,-2454.54133,-568.73108
1420.394307,-2454.58359,-568.39664
1420.731131,-2454.62696,-568.06262
1421.067685,-2454.67145,-567.72902
1421.403976,-2454.71702,-567.39583
1421.74001,-2454.76367,-567.06305
1422.075773,-2454.81142,-566.7307
1422.411277,-2454.86026,-566.39877
1422.746517,-2454.9102,-566.06727
1423.081489,-2454.96124,-565.73621
1423.416191,-2455.01342,-565.4056
1423.750624,-2455.06671,-565.07544
1424.084799,-2455.12109,-564.74572
1424.41872,-2455.17657,-564.41644
1424.752375,-2455.23317,-564.08762
1425.085775,-2455.29092,-563.75926
1425.418902,-2455.34981,-563.43138
1425.751777,-2455.40988,-563.10397
1426.084377,-2455.47114,-562.77706
1426.416719,-2455.53365,-562.45065
1426.748817,-2455.59741,-562.12473
1427.080663,-2455.6624,-561.79931
1427.412248,-2455.7286,-561.4744
1427.743588,-2455.79601,-561.14999
1428.074671,-2455.86465,-560.8261
1428.405519,-2455.9345,-560.50271
1428.736104,-2456.00555,-560.17985
1429.066464,-2456.07781,-559.85749
1429.396569,-2456.15126,-559.53566
1429.726441,-2456.22593,-559.21435
1430.056069,-2456.30183,-558.89358
1430.385462,-2456.37894,-558.57334
1430.71462,-2456.45728,-558.25364
1431.043535,-2456.53687,-557.9345
1431.372223,-2456.61772,-557.61591
1431.700675,-2456.6998,-557.29788
1432.028913,-2456.78311,-556.98039
1432.356936,-2456.86762,-556.66344
1432.684749,-2456.95329,-556.34702
1433.012355,-2457.04012,-556.03113
1433.339753,-2457.12812,-555.71578
1433.666957,-2457.21732,-555.40097
1433.993958,-2457.30771,-555.08671
1434.320769,-2457.39928,-554.77299
1434.647387,-2457.49204,-554.45982
1434.97382,-2457.58596,-554.14719
1435.300076,-2457.68102,-553.83509
1435.626164,-2457.77717,-553.5235
1435.952085,-2457.87437,-553.21241
1436.277857,-2457.97263,-552.90181
1436.603477,-2458.07196,-552.59171
1436.92894,-2458.17236,-552.28212
1437.254241,-2458.2738,-551.97304
1437.579396,-2458.37629,-551.66446
1437.904381,-2458.47986,-551.35642
1438.229204,-2458.58455,-551.04893
1438.553858,-2458.69041,-550.74202
1438.878348,-2458.79744,-550.43569
1439.202676,-2458.90566,-550.12995
1439.526842,-2459.01511,-549.82482
1439.850839,-2459.12578,-549.52031
1440.174673,-2459.23767,-549.21642
1440.498346,-2459.35077,-548.91315
1440.821858,-2459.46509,-548.61051
1441.145209,-2459.58064,-548.30851
1441.468395,-2459.69742,-548.00716
1441.791417,-2459.81544,-547.70647
1442.114272,-2459.93465,-547.40643
1442.43697,-2460.05504,-547.10703
1442.759514,-2460.1766,-546.80827
1443.081897,-2460.2993,-546.51015
1443.404132,-2460.42316,-546.21267
1443.726199,-2460.54816,-545.91585
1444.048112,-2460.6743,-545.61968
1444.369862,-2460.80159,-545.32418
1444.691458,-2460.93004,-545.02935
1445.012892,-2461.05966,-544.73521
1445.334165,-2461.19044,-544.44176
1445.655282,-2461.3224,-544.14901
1445.97624,-2461.45552,-543.85696
1446.297036,-2461.5898,-543.56562
1446.61768,-2461.72523,-543.27498
1446.938201,-2461.86182,-542.98502
1447.258766,-2461.99959,-542.69557
1447.57951,-2462.13859,-542.40651
1447.900421,-2462.27878,-542.11784
1448.221521,-2462.42016,-541.82954
1448.542873,-2462.56276,-541.54156
1448.864464,-2462.70658,-541.25392
1449.186228,-2462.85164,-540.96671
1449.508116,-2462.99792,-540.67998
1449.830089,-2463.1454,-540.39377
1450.152066,-2463.29401,-540.10814
1450.473994,-2463.44366,-539.82311
1450.795862,-2463.59436,-539.5387
1451.117717,-2463.74612,-539.25487
1451.439626,-2463.89898,-538.97157
1451.76162,-2464.05298,-538.68879
1452.083732,-2464.20812,-538.4065
1452.40591,-2464.36441,-538.12477
1452.72814,-2464.52183,-537.84361
1453.050412,-2464.68044,-537.56307
1453.372715,-2464.84022,-537.28316
1453.695088,-2465.00122,-537.00387
1454.017539,-2465.16343,-536.72519
1454.340057,-2465.32685,-536.44714
1454.662658,-2465.4915,-536.16972
1454.985321,-2465.65736,-535.89295
1455.308069,-2465.82445,-535.61682
1455.630928,-2465.99277,-535.34131
1455.953872,-2466.16233,-535.06646
1456.276909,-2466.33313,-534.79227
1456.600027,-2466.50517,-534.51876
1456.923283,-2466.67848,-534.24589
1457.246667,-2466.85303,-533.97366
1457.570203,-2467.02884,-533.70206
1457.893901,-2467.20593,-533.4311
1458.217708,-2467.38427,-533.16083
1458.541594,-2467.56384,-532.89128
1458.86555,-2467.74464,-532.62247
1459.189582,-2467.92667,-532.3544
1459.513704,-2468.10993,-532.08706
1459.837938,-2468.29442,-531.82043
1460.162276,-2468.48014,-531.55453
1460.486716,-2468.66708,-531.28936
1460.811264,-2468.85525,-531.02493
1461.135909,-2469.04465,-530.76126
1461.460649,-2469.23528,-530.49836
1461.785487,-2469.42712,-530.23622
1462.110424,-2469.62016,-529.97484
1462.435464,-2469.81437,-529.7142
1462.760614,-2470.00974,-529.45429
1463.085858,-2470.20626,-529.19513
1463.411207,-2470.40391,-528.9367
1463.736649,-2470.60269,-528.67902
1464.0622,-2470.80259,-528.42207
1464.387843,-2471.0036,-528.16587
1464.713598,-2471.20573,-527.91041
1465.039448,-2471.40897,-527.65571
1465.365412,-2471.61329,-527.40173
1465.691473,-2471.81868,-527.14849
1466.017643,-2472.02514,-526.89598
1466.343927,-2472.23268,-526.64421
1466.670301,-2472.44128,-526.3932
1466.99679,-2472.65097,-526.14295
1467.323383,-2472.86175,-525.89348
1467.650084,-2473.07365,-525.64482
1467.976891,-2473.28666,-525.39697
1468.3038,-2473.50081,-525.14997
1468.630808,-2473.71611,-524.90384
1468.957904,-2473.93258,-524.65862
1469.285087,-2474.15024,-524.41434
1469.612363,-2474.36909,-524.171
1469.939739,-2474.58914,-523.92861
1470.267208,-2474.81036,-523.68716
1470.594781,-2475.03271,-523.44661
1470.922464,-2475.25617,-523.20694
1471.250264,-2475.48073,-522.96814
1471.578172,-2475.70638,-522.73022
1471.906188,-2475.9331,-522.49317
1472.234311,-2476.16091,-522.25702
1472.562531,-2476.38978,-522.02176
1472.890863,-2476.61969,-521.78736
1473.219298,-2476.85062,-521.55382
1473.547821,-2477.08252,-521.32112
1473.876463,-2477.31542,-521.08925
1474.205232,-2477.54936,-520.85825
1474.534097,-2477.7843,-520.62813
1474.863063,-2478.02024,-520.39889
1475.192143,-2478.25718,-520.17052
1475.521349,-2478.49515,-519.94304
1475.850673,-2478.73413,-519.71645
1476.180129,-2478.97414,-519.49076
1476.509714,-2479.21519,-519.26599
1476.839445,-2479.45732,-519.04217
1477.169322,-2479.70056,-518.81934
1477.499337,-2479.94489,-518.5975
1477.829483,-2480.19029,-518.37665
1478.159764,-2480.43676,-518.15679
1478.490158,-2480.68426,-517.93792
1478.820681,-2480.93282,-517.72006
1479.151335,-2481.18241,-517.50318
1479.482126,-2481.43303,-517.28728
1479.813054,-2481.68467,-517.07236
1480.144119,-2481.93734,-516.85844
1480.47534,-2482.19104,-516.6455
1480.806712,-2482.44574,-516.43352
1481.138243,-2482.70145,-516.22251
1481.469937,-2482.95816,-516.01246
1481.801813,-2483.21587,-515.80335
1482.133863,-2483.47458,-515.5952
1482.466095,-2483.7343,-515.38802
1482.79856,-2483.99508,-515.1818
1483.131259,-2484.25689,-514.97651
1483.464222,-2484.51977,-514.77216
1483.797436,-2484.78367,-514.56872
1484.130912,-2485.0486,-514.36619
1484.464656,-2485.31456,-514.16457
1484.798672,-2485.58154,-513.96385
1485.13298,-2485.84955,-513.76402
1485.467563,-2486.11858,-513.5651
1485.802415,-2486.38862,-513.3671
1486.137516,-2486.65964,-513.17002
1486.47287,-2486.93164,-512.97386
1486.808476,-2487.20461,-512.77862
1487.144361,-2487.47855,-512.58426
1487.480509,-2487.75344,-512.39079
1487.816973,-2488.02932,-512.19818
1488.153726,-2488.30617,-512.00646
1488.4908,-2488.58401,-511.81561
1488.828191,-2488.86285,-511.62566
1489.165916,-2489.14269,-511.43659
1489.503968,-2489.42353,-511.24842
1489.842352,-2489.70539,-511.06118
1490.181063,-2489.98827,-510.87489
1490.520072,-2490.27213,-510.68955
1490.859414,-2490.55701,-510.50517
1491.199046,-2490.84288,-510.32179
1491.539008,-2491.12978,-510.13941
1491.879274,-2491.41768,-509.95804
1492.219852,-2491.70658,-509.77768
1492.560712,-2491.99646,-509.59836
1492.901826,-2492.28729,-509.4201
1493.243197,-2492.57908,-509.24292
1493.584792,-2492.87179,-509.06683
1493.926647,-2493.16545,-508.89182
1494.268747,-2493.46003,-508.71788
1494.611102,-2493.75554,-508.54502
1494.953701,-2494.05195,-508.37322
1495.296553,-2494.34927,-508.20249
1495.639641,-2494.64749,-508.03286
1495.982979,-2494.94663,-507.86435
1496.32656,-2495.2467,-507.697
1496.670373,-2495.54769,-507.53083
1497.014432,-2495.84962,-507.36586
1497.358726,-2496.15248,-507.20211
1497.703252,-2496.45627,-507.0396
1498.048003,-2496.76097,-506.87832
1498.392981,-2497.06658,-506.71828
1498.738212,-2497.37312,-506.55948
1499.083674,-2497.68058,-506.40196
1499.429388,-2497.98899,-506.24575
1499.775353,-2498.29833,-506.09083
1500.121553,-2498.60859,-505.93723
1500.467982,-2498.91977,-505.78498
1500.814616,-2499.23184,-505.63409
1501.161463,-2499.54479,-505.48454
1501.508499,-2499.8586,-505.33636
1501.855745,-2500.17328,-505.18954
1502.203182,-2500.48882,-505.04412
1502.550822,-2500.80522,-504.90009
1502.898659,-2501.12246,-504.75744
1503.246716,-2501.44055,-504.61615
1503.594971,-2501.75946,-504.47623
1503.943437,-2502.07919,-504.33766
1504.292127,-2502.39974,-504.20043
1504.641059,-2502.72112,-504.06453
1504.990234,-2503.04333,-503.92998
1505.339641,-2503.36636,-503.7968
1505.689288,-2503.69021,-503.66499
1506.039168,-2504.01487,-503.53456
1506.389277,-2504.34032,-503.40549
1506.739633,-2504.66657,-503.27778
1507.090226,-2504.9936,-503.15142
1507.441059,-2505.32139,-503.02637
1507.792163,-2505.64997,-502.90264
1508.143531,-2505.97933,-502.78024
1508.495161,-2506.30946,-502.65917
1508.847044,-2506.64034,-502.53942
1509.199197,-2506.97197,-502.42096
1509.55164,-2507.30437,-502.3038
1509.904374,-2507.63753,-502.18793
1510.257368,-2507.9714,-502.07332
1510.610639,-2508.306,-501.95999
1510.96417,-2508.6413,-501.84793
1511.317973,-2508.97731,-501.73714
1511.672066,-2509.31403,-501.62759
1512.026446,-2509.65145,-501.51927
1512.381123,-2509.98957,-501.41217
1512.736088,-2510.32837,-501.30627
1513.091349,-2510.66784,-501.20153
1513.446901,-2511.00797,-501.09795
1513.802742,-2511.34875,-500.99552
1514.15888,-2511.69018,-500.89423
1514.515303,-2512.03224,-500.79407
1514.872002,-2512.37492,-500.69505
1515.228994,-2512.71822,-500.59713
1515.586291,-2513.06214,-500.50028
1515.943871,-2513.40664,-500.40445
1516.301778,-2513.75175,-500.3096
1516.659993,-2514.09745,-500.21574
1517.018532,-2514.44375,-500.12286
1517.377411,-2514.79066,-500.03095
1517.736625,-2515.13818,-499.94004
1518.096181,-2515.48631,-499.85012
1518.456062,-2515.83503,-499.76119
1518.816286,-2516.18435,-499.67323
1519.176825,-2516.53424,-499.58625
1519.537714,-2516.88473,-499.50024
1519.898961,-2517.23583,-499.41522
1520.260587,-2517.58755,-499.33116
1520.622599,-2517.9399,-499.24808
1520.985013,-2518.29289,-499.16597
1521.34783,-2518.64652,-499.08484
1521.711061,-2519.0008,-499.0047
1522.074693,-2519.35572,-498.92558
1522.438735,-2519.71129,-498.8475
1522.803187,-2520.0675,-498.77043
1523.16805,-2520.42434,-498.69434
1523.53332,-2520.7818,-498.61921
1523.898991,-2521.13987,-498.54504
1524.265046,-2521.49852,-498.47178
1524.631509,-2521.85777,-498.39943
1524.99837,-2522.2176,-498.32795
1525.365644,-2522.57802,-498.25733
1525.733312,-2522.939,-498.18752
1526.101391,-2523.30054,-498.11845
1526.469869,-2523.66262,-498.05008
1526.838761,-2524.02525,-497.9824
1527.208045,-2524.3884,-497.91537
1527.577735,-2524.75208,-497.84898
1527.947833,-2525.11629,-497.78323
1528.318324,-2525.48101,-497.71809
1528.689209,-2525.84624,-497.65357
1529.06047,-2526.21196,-497.58967
1529.432072,-2526.57813,-497.52636
1529.804014,-2526.94474,-497.46361
1530.176244,-2527.31174,-497.40143
1530.54874,-2527.6791,-497.33979
1530.921463,-2528.04678,-497.27868
1531.294428,-2528.41479,-497.21809
1531.667601,-2528.7831,-497.15804
1532.040935,-2529.15166,-497.09853
1532.414383,-2529.52042,-497.03954
1532.787976,-2529.8894,-496.98101
1533.161753,-2530.25863,-496.92289
1533.535665,-2530.62806,-496.86517
1533.909719,-2530.99769,-496.80781
1534.283859,-2531.36746,-496.75079
1534.658081,-2531.73736,-496.69408
1535.032363,-2532.10737,-496.63769
1535.406724,-2532.4775,-496.58157
1535.781156,-2532.84774,-496.5257
1536.155693,-2533.21812,-496.47005
1536.530319,-2533.58862,-496.4146
1536.905076,-2533.95928,-496.35934
1537.279916,-2534.33005,-496.30425
1537.654822,-2534.70091,-496.24932
1538.029784,-2535.07185,-496.19455
1538.404772,-2535.44284,-496.13994
1538.77976,-2535.81385,-496.08546
1539.154709,-2536.18484,-496.03112
1539.529623,-2536.55581,-495.97688
1539.904515,-2536.92677,-495.92273
1540.279396,-2537.29773,-495.86865
1540.654261,-2537.66868,-495.81461
1541.029142,-2538.03965,-495.7606
1541.403983,-2538.41058,-495.7066
1541.778752,-2538.78144,-495.65261
1542.153424,-2539.1522,-495.59861
1542.527967,-2539.52283,-495.54461
1542.902384,-2539.89333,-495.49059
1543.276584,-2540.26361,-495.43657
1543.650511,-2540.63361,-495.38252
1544.024154,-2541.00332,-495.32845
1544.397526,-2541.37275,-495.27434
1544.770688,-2541.74196,-495.22017
1545.143645,-2542.11095,-495.16592
1545.516427,-2542.47975,-495.11158
1545.88902,-2542.84834,-495.05711
1546.261414,-2543.21671,-495.00251
1546.633596,-2543.58484,-494.94774
1547.005549,-2543.95271,-494.89278
1547.377294,-2544.32034,-494.83762
1547.748828,-2544.68772,-494.78222
1548.120153,-2545.05485,-494.72656
1548.491285,-2545.42174,-494.67061
1548.86219,-2545.78835,-494.61433
1549.232884,-2546.15469,-494.55768
1549.603351,-2546.52074,-494.50064
1549.973602,-2546.8865,-494.44315
1550.34362,-2547.25195,-494.38519
1550.713411,-2547.61709,-494.32672
1551.082971,-2547.98191,-494.26772
1551.45231,-2548.34641,-494.20813
1551.821409,-2548.71057,-494.14795
1552.190286,-2549.0744,-494.08714
1552.558932,-2549.43789,-494.0257
1552.927347,-2549.80104,-493.96364
1553.295537,-2550.16385,-493.90093
1553.663503,-2550.52632,-493.83757
1554.031246,-2550.88845,-493.77356
1554.398772,-2551.25024,-493.70888
1554.766063,-2551.61167,-493.64353
1555.133132,-2551.97275,-493.57749
1555.499971,-2552.33347,-493.51077
1555.8666,-2552.69385,-493.44337
1556.232996,-2553.05386,-493.37526
1556.599169,-2553.41351,-493.30645
1556.965125,-2553.77281,-493.23697
1557.330858,-2554.13175,-493.16681
1557.69637,-2554.49033,-493.09596
1558.061654,-2554.84854,-493.02442
1558.426704,-2555.20636,-492.95213
1558.791528,-2555.5638,-492.8791
1559.156106,-2555.92083,-492.8053
1559.52046,-2556.27747,-492.73072
1559.884576,-2556.63371,-492.6554
1560.248481,-2556.98958,-492.57935
1560.612155,-2557.34505,-492.50254
1560.975609,-2557.70013,-492.42497
1561.33884,-2558.05481,-492.34662
1561.701835,-2558.40908,-492.26751
1562.064625,-2558.76298,-492.18769
1562.427204,-2559.11651,-492.10719
1562.789567,-2559.46966,-492.026
1563.151719,-2559.82243,-491.9441
1563.513655,-2560.1748,-491.86144
1563.875355,-2560.52674,-491.77798
1564.236827,-2560.87824,-491.69366
1564.598063,-2561.22928,-491.60844
1564.959064,-2561.57987,-491.52237
1565.319848,-2561.93003,-491.43546
1565.680426,-2562.27976,-491.34768
1566.040761,-2562.62901,-491.25899
1566.400862,-2562.97776,-491.16929
1566.760728,-2563.326,-491.07856
1567.120344,-2563.67371,-490.98679
1567.479707,-2564.02086,-490.8939
1567.838806,-2564.36743,-490.79987
1568.197672,-2564.71346,-490.70475
1568.556304,-2565.05894,-490.60852
1568.914686,-2565.40385,-490.51118
1569.272839,-2565.7482,-490.41271
1569.630744,-2566.09197,-490.31312
1569.988409,-2566.43517,-490.21243
1570.345822,-2566.77777,-490.1106
1570.70298,-2567.11975,-490.00759
1571.059897,-2567.46113,-489.90343
1571.416576,-2567.80193,-489.79819
1571.773025,-2568.14216,-489.69189
1572.129246,-2568.48182,-489.58454
1572.485218,-2568.82088,-489.47612
1572.840959,-2569.15933,-489.36656
1573.196445,-2569.49712,-489.2558
1573.551657,-2569.83422,-489.14382
1573.906609,-2570.17063,-489.0306
1574.261333,-2570.50639,-488.91617
1574.615941,-2570.84161,-488.80052
1574.970541,-2571.17638,-488.6836
1575.32516,-2571.51072,-488.5654
1575.679712,-2571.84453,-488.44591
1576.03416,-2572.17775,-488.32509
1576.38855,-2572.51042,-488.20293
1576.742948,-2572.8426,-488.07942
1577.097419,-2573.17436,-487.95458
1577.451973,-2573.50572,-487.82845
1577.806585,-2573.83666,-487.70106
1578.161237,-2574.16716,-487.57242
1578.515915,-2574.49721,-487.44256
1578.870626,-2574.8268,-487.31145
1579.225377,-2575.15593,-487.17908
1579.580159,-2575.48458,-487.04544
1579.934982,-2575.81275,-486.91052
1580.28986,-2576.14046,-486.77434
1580.644811,-2576.46773,-486.63692
1580.999818,-2576.79453,-486.49824
1581.354912,-2577.12089,-486.35831
1581.710104,-2577.44681,-486.21711
1582.065413,-2577.77227,-486.07456
1582.42082,-2578.09722,-485.93061
1582.776319,-2578.42162,-485.7852
1583.131921,-2578.74548,-485.63834
1583.487603,-2579.06878,-485.49006
1583.843368,-2579.39152,-485.34037
1584.199236,-2579.71375,-485.18934
1584.555207,-2580.0355,-485.03705
1584.911295,-2580.35679,-484.88352
1585.267523,-2580.67765,-484.72877
1585.62387,-2580.99804,-484.57278
1585.980379,-2581.31801,-484.41556
1586.337034,-2581.63753,-484.2571
1586.693839,-2581.9566,-484.0974
1587.050794,-2582.27523,-483.93649
1587.407886,-2582.59343,-483.77443
1587.765137,-2582.91122,-483.61122
1588.122568,-2583.22861,-483.44684
1588.48018,-2583.54559,-483.28128
1588.838,-2583.86217,-483.11451
1589.196028,-2584.17834,-482.94652
1589.554293,-2584.49409,-482.77724
1589.912769,-2584.80939,-482.60668
1590.271483,-2585.12425,-482.43481
1590.63041,-2585.43865,-482.26166
1590.989582,-2585.7526,-482.08719
1591.348979,-2586.06606,-481.91138
1591.708598,-2586.37902,-481.73423
1592.068464,-2586.69149,-481.55572
1592.428548,-2587.00346,-481.3759
1592.788847,-2587.31492,-481.19477
1593.149368,-2587.62586,-481.01231
1593.510068,-2587.93623,-480.82853
1593.87096,-2588.24605,-480.64345
1594.232066,-2588.55534,-480.45707
1594.593385,-2588.86411,-480.26942
1594.954934,-2589.17238,-480.08051
1595.316723,-2589.4802,-479.89041
1595.678761,-2589.7876,-479.69916
1596.041064,-2590.09457,-479.50672
1596.40363,-2590.40107,-479.31304
1596.766458,-2590.7071,-479.11813
1597.129545,-2591.01265,-478.92199
1597.492877,-2591.3177,-478.72462
1597.856449,-2591.62225,-478.52604
1598.220224,-2591.92625,-478.32625
1598.584192,-2592.22971,-478.12529
1598.948358,-2592.53259,-477.9231
1599.312739,-2592.83487,-477.71963
1599.677323,-2593.13651,-477.51485
1600.042139,-2593.43753,-477.30875
1600.407203,-2593.73791,-477.10128
1600.7725,-2594.03763,-476.89245
1601.138043,-2594.33667,-476.68222
1601.503833,-2594.63501,-476.47057
1601.869887,-2594.93264,-476.25747
1602.236191,-2595.22955,-476.04294
1602.60275,-2595.52573,-475.82697
1602.969569,-2595.82117,-475.60955
1603.336629,-2596.11586,-475.39071
1603.703925,-2596.40983,-475.17051
1604.071497,-2596.70313,-474.94896
1604.439315,-2596.99576,-474.72612
1604.807378,-2597.28775,-474.50204
1605.175687,-2597.57915,-474.27679
1605.544246,-2597.86999,-474.05041
1605.913047,-2598.16027,-473.82292
1606.282077,-2598.45,-473.59436
1606.651343,-2598.73916,-473.3647
1607.020812,-2599.02772,-473.13396
1607.390495,-2599.31567,-472.90212
1607.760403,-2599.60303,-472.66919
1608.130554,-2599.8898,-472.43515
1608.500945,-2600.17598,-472.20001
1608.871617,-2600.4616,-471.96375
1609.242571,-2600.74664,-471.72635
1609.613846,-2601.03108,-471.48773
1609.985442,-2601.31486,-471.24783
1610.35734,-2601.5979,-471.00659
1610.729515,-2601.88014,-470.76399
1611.101936,-2602.16154,-470.52004
1611.474583,-2602.44209,-470.27477
1611.847443,-2602.7218,-470.02822
1612.220518,-2603.0007,-469.78043
1612.593823,-2603.27882,-469.53142
1612.967344,-2603.55617,-469.28123
1613.3411,-2603.83275,-469.02984
1613.715102,-2604.10855,-468.77723
1614.089348,-2604.38356,-468.5234
1614.463829,-2604.65775,-468.26834
1614.838546,-2604.93119,-468.01213
1615.213528,-2605.20394,-467.7548
1615.588751,-2605.476,-467.49639
1615.964234,-2605.74739,-467.2369
1616.340016,-2606.0181,-466.97627
1616.716092,-2606.28806,-466.71444
1617.092474,-2606.55723,-466.45136
1617.469154,-2606.82558,-466.18702
1617.846108,-2607.09307,-465.92142
1618.223314,-2607.35974,-465.65464
1618.600763,-2607.62558,-465.38669
1618.978454,-2607.89062,-465.11761
1619.356383,-2608.15489,-464.84744
1619.734598,-2608.41843,-464.57616
1620.113117,-2608.68122,-464.30373
1620.491957,-2608.94333,-464.0302
1620.871123,-2609.20478,-463.75559
1621.250616,-2609.46563,-463.47996
1621.63043,-2609.7259,-463.20334
1622.010561,-2609.98563,-462.92578
1622.391002,-2610.24484,-462.64731
1622.771769,-2610.50357,-462.36795
1623.15287,-2610.76183,-462.0877
1623.53432,-2611.01967,-461.80659
1623.916136,-2611.2771,-461.52461
1624.298281,-2611.53412,-461.24181
1624.680788,-2611.79073,-460.95815
1625.063637,-2612.04693,-460.67366
1625.446848,-2612.30276,-460.38835
1625.830428,-2612.55825,-460.10224
1626.214393,-2612.81342,-459.81533
1626.598737,-2613.06827,-459.52763
1626.983482,-2613.32281,-459.23912
1627.368651,-2613.57705,-458.94978
1627.754251,-2613.83095,-458.65957
1628.140268,-2614.0845,-458.3685
1628.526709,-2614.33773,-458.07659
1628.913562,-2614.59063,-457.78385
1629.300813,-2614.8432,-457.4903
1629.688472,-2615.09543,-457.19592
1630.076546,-2615.34734,-456.90072
1630.465053,-2615.59893,-456.60468
1630.85404,-2615.85025,-456.30778
1631.243506,-2616.10128,-456.01001
1631.633469,-2616.35205,-455.71137
1632.023939,-2616.60257,-455.41186
1632.414955,-2616.85283,-455.11142
1632.806506,-2617.10283,-454.81007
1633.198607,-2617.35257,-454.50779
1633.591249,-2617.60202,-454.20457
1633.984433,-2617.85118,-453.90041
1634.378142,-2618.10003,-453.59532
1634.772352,-2618.34857,-453.28933
1635.167076,-2618.59679,-452.98242
1635.562312,-2618.84471,-452.67461
1635.958046,-2619.09233,-452.36592
1636.354298,-2619.33968,-452.05635
1636.751082,-2619.58678,-451.7459
1637.148398,-2619.83364,-451.43458
1637.546252,-2620.08028,-451.1224
1637.944658,-2620.32671,-450.80935
1638.343621,-2620.57292,-450.49542
1638.743148,-2620.81892,-450.18061
1639.143223,-2621.06471,-449.86494
1639.543827,-2621.31028,-449.54843
1639.944966,-2621.55564,-449.23108
1640.346604,-2621.80078,-448.91293
1640.748612,-2622.04563,-448.59409
1641.150647,-2622.28999,-448.27484
1641.552659,-2622.53384,-447.95523
1641.955026,-2622.77745,-447.63499
1642.35767,-2623.02078,-447.31419
1642.760205,-2623.2636,-446.99314
1643.162587,-2623.5059,-446.67189
1643.565173,-2623.74789,-446.35015
1643.968219,-2623.98974,-446.02773
1644.371801,-2624.23151,-445.70458
1644.775913,-2624.4732,-445.38071
1645.180517,-2624.71483,-445.05618
1645.585613,-2624.95641,-444.731
1645.991223,-2625.19799,-444.40518
1646.397354,-2625.43958,-444.07872
1646.804012,-2625.68122,-443.75164
1647.211199,-2625.92291,-443.42394
1647.618919,-2626.16467,-443.09563
1648.027159,-2626.40652,-442.76674
1648.435926,-2626.64847,-442.43727
1648.845195,-2626.89052,-442.10725
1649.254965,-2627.13268,-441.77669
1649.665228,-2627.37495,-441.4456
1650.076017,-2627.61736,-441.11396
1650.487371,-2627.85992,-440.78173
1650.899318,-2628.10265,-440.44889
1651.31193,-2628.34559,-440.11538
1651.72523,-2628.58875,-439.78118
1652.139244,-2628.83215,-439.44627
1652.554007,-2629.07579,-439.11061
1652.969478,-2629.31963,-438.77422
1653.385686,-2629.56369,-438.43708
1653.802602,-2629.80795,-438.09921
1654.220205,-2630.0524,-437.76063
1654.63847,-2630.29704,-437.42137
1655.057388,-2630.54188,-437.08145
1655.476981,-2630.78693,-436.74085
1655.897242,-2631.03218,-436.39957
1656.318177,-2631.27761,-436.05759
1656.739774,-2631.5232,-435.71491
1657.162049,-2631.76895,-435.37151
1657.584996,-2632.01486,-435.0274
1658.008596,-2632.26093,-434.6826
1658.432877,-2632.50719,-434.3371
1658.857904,-2632.75367,-433.99084
1659.283814,-2633.00042,-433.64369
1659.710726,-2633.24748,-433.29553
1660.138689,-2633.49482,-432.94628
1660.567693,-2633.74242,-432.59594
1660.997635,-2633.99019,-432.24457
1661.428407,-2634.23805,-431.89225
1661.859955,-2634.48598,-431.53903
1662.292258,-2634.73397,-431.18493
1662.72535,-2634.98205,-430.82993
1663.159243,-2635.23024,-430.47403
1663.593924,-2635.47856,-430.11726
1664.029366,-2635.72702,-429.75966
1664.465579,-2635.97562,-429.40122
1664.902578,-2636.22439,-429.04194
1665.340357,-2636.47333,-428.68183
1665.778957,-2636.72247,-428.32086
1666.218354,-2636.97181,-427.95906
1666.658587,-2637.22136,-427.59639
1667.099636,-2637.47113,-427.23288
1667.541519,-2637.72112,-426.86851
1667.984246,-2637.97132,-426.50326
1668.427813,-2638.22172,-426.13713
1668.872219,-2638.47232,-425.77012
1669.317459,-2638.72311,-425.40223
1669.76352,-2638.97408,-425.03347
1670.210387,-2639.22522,-424.66385
1670.658077,-2639.47653,-424.29335
1671.1066,-2639.72801,-423.92196
1671.555969,-2639.97967,-423.54967
1672.006166,-2640.23149,-423.17649
1672.457186,-2640.48348,-422.80243
1672.909032,-2640.73564,-422.42749
1673.361695,-2640.98797,-422.05168
1673.815178,-2641.24049,-421.67501
1674.269478,-2641.49321,-421.29749
1674.724577,-2641.74614,-420.91915
1675.180477,-2641.9993,-420.54
1675.637131,-2642.25265,-420.16007
1676.094542,-2642.50621,-419.77937
1676.55268,-2642.75997,-419.39793
1677.011515,-2643.01392,-419.01578
1677.47098,-2643.26803,-418.63298
1677.931063,-2643.52231,-418.24955
1678.391824,-2643.77679,-417.86544
1678.853321,-2644.03147,-417.48058
1679.315603,-2644.28638,-417.09493
1679.778746,-2644.54155,-416.70842
1680.242804,-2644.79697,-416.32098
1680.707811,-2645.05263,-415.93256
1681.173767,-2645.30848,-415.54313
1681.640628,-2645.56447,-415.15271
1682.108348,-2645.82058,-414.76134
1682.57685,-2646.07677,-414.36909
1683.046118,-2646.33303,-413.97597
1683.516139,-2646.58935,-413.58199
1683.986956,-2646.84576,-413.18712
1684.458562,-2647.10228,-412.79138
1684.930909,-2647.35891,-412.39483
1685.403997,-2647.61567,-411.99748
1685.877806,-2647.87255,-411.59935
1686.352352,-2648.12958,-411.20044
1686.827642,-2648.38679,-410.80076
1687.303678,-2648.64418,-410.40031
1687.78045,-2648.90175,-409.9991
1688.257973,-2649.15951,-409.59712
1688.736236,-2649.41744,-409.19437
1689.215237,-2649.67552,-408.79084
1689.694978,-2649.93374,-408.38652
1690.17547,-2650.1921,-407.9814
1690.656723,-2650.45059,-407.57546
1691.138757,-2650.7092,-407.16867
1691.621652,-2650.96795,-406.76095
1692.105416,-2651.22681,-406.35227
1692.590043,-2651.48575,-405.94262
1693.075483,-2651.74474,-405.53204
1693.561708,-2652.00376,-405.12055
1694.048679,-2652.26278,-404.70818
1694.53637,-2652.52177,-404.29494
1695.024814,-2652.78074,-403.8808
1695.513989,-2653.03968,-403.46578
1696.003904,-2653.29861,-403.04988
1696.494562,-2653.55753,-402.6331
1696.98599,-2653.81646,-402.21542
1697.478214,-2654.0754,-401.79681
1697.971262,-2654.33437,-401.37725
1698.465104,-2654.59333,-400.95675
1698.959742,-2654.85228,-400.53531
1699.455126,-2655.11119,-400.11297
1699.95123,-2655.37004,-399.68975
1700.448046,-2655.62885,-399.26567
1700.945593,-2655.88762,-398.84071
1701.443871,-2656.14635,-398.41487
1701.942877,-2656.40505,-397.98816
1702.442619,-2656.6637,-397.56056
1702.943105,-2656.9223,-397.13206
1703.444339,-2657.18084,-396.70265
1703.946326,-2657.43931,-396.27232
1704.449058,-2657.69768,-395.84106
1704.952531,-2657.95597,-395.40889
1705.456729,-2658.21415,-394.97581
1705.96166,-2658.47222,-394.54181
1706.467339,-2658.73017,-394.10687
1706.973743,-2658.98799,-393.67101
1707.480872,-2659.24566,-393.23422
1707.988691,-2659.50318,-392.79654
1708.497217,-2659.76053,-392.35794
1709.006439,-2660.01772,-391.91844
1709.516375,-2660.27475,-391.47802
1710.027018,-2660.53159,-391.03667
1710.538366,-2660.78825,-390.5944
1711.05041,-2661.04471,-390.15121
1711.56315,-2661.30095,-389.70709
1712.076588,-2661.55696,-389.26203
1712.590727,-2661.81272,-388.81602
1713.105568,-2662.0682,-388.36904
1713.621102,-2662.32338,-387.92109
1714.137319,-2662.57827,-387.47219
1714.654234,-2662.83288,-387.02233
1715.171853,-2663.08719,-386.57149
1715.690166,-2663.34119,-386.11968
1716.20919,-2663.59486,-385.66687
1716.728879,-2663.84816,-385.21309
1717.249214,-2664.10108,-384.75836
1717.770205,-2664.35366,-384.30269
1718.291832,-2664.60591,-383.84611
1718.814129,-2664.85786,-383.3886
1719.33711,-2665.1095,-382.93014
1719.860774,-2665.36083,-382.47073
1720.385095,-2665.61179,-382.01037
1720.910034,-2665.86239,-381.54911
1721.435593,-2666.11263,-381.08695
1721.961763,-2666.36251,-380.6239
1722.488502,-2666.61203,-380.16001
1723.015385,-2666.86096,-379.69564
1723.542054,-2667.1091,-379.23109
1724.068795,-2667.35655,-378.76609
1724.595628,-2667.60331,-378.30062
1725.122293,-2667.84922,-377.83489
1725.648878,-2668.09433,-377.36883
1726.175619,-2668.33873,-376.90222
1726.702747,-2668.58253,-376.43486
1727.230437,-2668.8258,-375.96659
1727.758682,-2669.06852,-375.49741
1728.287425,-2669.31066,-375.02737
1728.81669,-2669.55221,-374.55644
1729.346483,-2669.79318,-374.08462
1729.876815,-2670.03357,-373.6119
1730.407673,-2670.27341,-373.13831
1730.939087,-2670.5127,-372.66382
1731.471084,-2670.7515,-372.18843
1732.003675,-2670.98985,-371.71215
1732.536884,-2671.22782,-371.23499
1733.070707,-2671.46536,-370.75693
1733.605136,-2671.70245,-370.27797
1734.140177,-2671.9391,-369.79811
1734.675835,-2672.1753,-369.31734
1735.212046,-2672.41104,-368.83573
1735.748853,-2672.64634,-368.35324
1736.286256,-2672.88119,-367.86987
1736.824267,-2673.11556,-367.38559
1737.362907,-2673.34945,-366.90038
1737.902165,-2673.58281,-366.41423
1738.442001,-2673.81561,-365.92717
1738.982409,-2674.04783,-365.4392
1739.523377,-2674.27948,-364.95034
1740.064932,-2674.51058,-364.46057
1740.60708,-2674.74114,-363.96989
1741.1498,-2674.97117,-363.47833
1741.693102,-2675.20069,-362.98589
1742.236937,-2675.42969,-362.49262
1742.781314,-2675.65821,-361.99853
1743.326241,-2675.88631,-361.50364
1743.871714,-2676.114,-361.00796
1744.41776,-2676.34134,-360.51149
1744.964338,-2676.56832,-360.01427
1745.511463,-2676.79495,-359.51629
1746.059142,-2677.02127,-359.01756
1746.607354,-2677.24727,-358.5181
1747.156103,-2677.47296,-358.01791
1747.705399,-2677.69836,-357.51699
1748.255224,-2677.92347,-357.01536
1748.805606,-2678.14827,-356.51298
1749.356539,-2678.37274,-356.00985
1749.90805,-2678.59686,-355.50593
1750.460145,-2678.82057,-355.00119
1751.012789,-2679.04383,-354.49565
1751.566,-2679.26661,-353.98928
1752.119775,-2679.48886,-353.48206
1752.674132,-2679.71055,-352.97396
1753.22906,-2679.93167,-352.46499
1753.784578,-2680.1522,-351.95512
1754.340645,-2680.37212,-351.44439
1754.897274,-2680.59144,-350.93279
1755.454439,-2680.81016,-350.42035
1756.012172,-2681.02831,-349.90705
1756.570442,-2681.2459,-349.39293
1757.129268,-2681.46298,-348.87799
1757.68862,-2681.67956,-348.36227
1758.248509,-2681.89567,-347.84577
1758.808953,-2682.11133,-347.32848
1759.369962,-2682.32656,-346.8104
1759.931523,-2682.5414,-346.29156
1760.493655,-2682.75587,-345.77195
1761.056324,-2682.96998,-345.25161
1761.619545,-2683.18374,-344.73053
1762.183316,-2683.39717,-344.20872
1762.747641,-2683.6103,-343.68619
1763.312486,-2683.82314,-343.16298
1763.87786,-2684.03569,-342.63908
1764.443766,-2684.24795,-342.11449
1765.010208,-2684.45991,-341.5892
1765.577191,-2684.67158,-341.06321
1766.144736,-2684.88294,-340.53649
1766.712856,-2685.094,-340.00903
1767.281548,-2685.30475,-339.48083
1767.850826,-2685.5152,-338.95188
1768.420668,-2685.72534,-338.4222
1768.991083,-2685.93517,-337.89178
1769.562047,-2686.14472,-337.36066
1770.133554,-2686.354,-336.82885
1770.705568,-2686.56304,-336.2964
1771.278121,-2686.77187,-335.76329
1771.851191,-2686.98051,-335.22955
1772.424789,-2687.18899,-334.69518
1772.99892,-2687.39732,-334.16018
1773.573565,-2687.6055,-333.62457
1774.14873,-2687.81352,-333.08834
1774.724419,-2688.02139,-332.55149
1775.300655,-2688.22912,-332.014
1775.877443,-2688.4367,-331.47586
1776.454814,-2688.64414,-330.93704
1777.032769,-2688.85141,-330.39753
1777.611276,-2689.0585,-329.85736
1778.19035,-2689.2654,-329.31651
1778.769976,-2689.47212,-328.775
1779.350132,-2689.67865,-328.23285
1779.930822,-2689.885,-327.69006
1780.512025,-2690.09116,-327.14665
1781.093753,-2690.29714,-326.60261
1781.675994,-2690.50296,-326.05796
1782.258773,-2690.70863,-325.51268
1782.8421,-2690.91416,-324.96676
1783.425959,-2691.11955,-324.42022
1784.010349,-2691.3248,-323.87306
1784.595261,-2691.52991,-323.32529
1785.180657,-2691.73485,-322.77694
1785.766489,-2691.93962,-322.22806
1786.35274,-2692.14419,-321.67866
1786.939284,-2692.34853,-321.12886
1787.526048,-2692.55261,-320.57873
1788.112838,-2692.75636,-320.02845
1788.699571,-2692.95973,-319.47809
1789.286202,-2693.16267,-318.92768
1789.872758,-2693.36515,-318.37718
1790.459293,-2693.56724,-317.82656
1791.045783,-2693.76893,-317.27584
1791.63209,-2693.97022,-316.72517
1792.218046,-2694.17101,-316.17469
1792.803583,-2694.37126,-315.62446
1793.388694,-2694.57098,-315.07449
1793.973372,-2694.77023,-314.52481
1794.557597,-2694.96906,-313.97546
1795.141261,-2695.16743,-313.42654
1795.724265,-2695.36535,-312.87816
1796.306598,-2695.56282,-312.33033
1796.888255,-2695.75985,-311.78306
1797.469179,-2695.95641,-311.2364
1798.049345,-2696.15248,-310.69037
1798.628708,-2696.34804,-310.14501
1799.207233,-2696.54307,-309.60035
1799.784834,-2696.73751,-309.05646
1800.361467,-2696.93131,-308.51337
1800.937093,-2697.12444,-307.97111
1801.511674,-2697.3169,-307.42972
1802.085177,-2697.5087,-306.88924
1802.657596,-2697.69985,-306.34968
1803.228909,-2697.89037,-305.81107
1803.79907,-2698.08026,-305.27346
1804.368049,-2698.26955,-304.73689
1804.935866,-2698.45829,-304.20136
1805.502525,-2698.64653,-303.66688
1806.068013,-2698.83428,-303.13347
1806.632297,-2699.02156,-302.60117
1807.195332,-2699.20837,-302.07003
1807.757129,-2699.39472,-301.54004
1808.317669,-2699.58061,-301.01122
1808.87696,-2699.76606,-300.48357
1809.434947,-2699.95105,-299.95714
1809.991581,-2700.13557,-299.43198
1810.546857,-2700.31961,-298.90809
1811.100788,-2700.50318,-298.38546
1811.653388,-2700.68629,-297.86408
1812.204684,-2700.86894,-297.34392
1812.75468,-2701.05114,-296.82498
1813.303347,-2701.23286,-296.30728
1813.850616,-2701.41409,-295.79089
1814.39641,-2701.5948,-295.27588
1814.940695,-2701.77497,-294.76228
1815.48348,-2701.9546,-294.25008
1816.024927,-2702.13375,-293.73913
1816.565136,-2702.31244,-293.22933
1817.104121,-2702.49068,-292.72067
1817.641881,-2702.66847,-292.21315
1818.178394,-2702.8458,-291.70679
1818.713654,-2703.02265,-291.20159
1819.247641,-2703.19902,-290.69757
1819.780334,-2703.3749,-290.19475
1820.311596,-2703.55022,-289.69325
1820.841367,-2703.72497,-289.19313
1821.36973,-2703.89917,-288.69431
1821.896763,-2704.07283,-288.19671
1822.422485,-2704.24595,-287.70031
1822.946851,-2704.41851,-287.20515
1823.469841,-2704.5905,-286.71125
1823.991471,-2704.76192,-286.21859
1824.51174,-2704.93276,-285.72717
1825.030664,-2705.10304,-285.23698
1825.548267,-2705.27275,-284.74799
1826.064552,-2705.4419,-284.2602
1826.579511,-2705.61049,-283.77362
1827.093178,-2705.77854,-283.28822
1827.605513,-2705.94604,-282.80404
1828.116524,-2706.11299,-282.32107
1828.626224,-2706.2794,-281.8393
1829.134605,-2706.44527,-281.35874
1829.641628,-2706.6106,-280.87943
1830.147308,-2706.77538,-280.40135
1830.65166,-2706.93962,-279.92449
1831.154663,-2707.10332,-279.44887
1831.656349,-2707.26649,-278.97446
1832.156681,-2707.42913,-278.5013
1832.655671,-2707.59122,-278.02937
1833.153294,-2707.75277,-277.5587
1833.64956,-2707.91378,-277.08928
1834.14449,-2708.07426,-276.62109
1834.638078,-2708.23422,-276.15414
1835.130331,-2708.39365,-275.68842
1835.621255,-2708.55257,-275.22393
1836.110847,-2708.71097,-274.76067
1836.599092,-2708.86886,-274.29866
1837.085994,-2709.02623,-273.83789
1837.571572,-2709.1831,-273.37835
1838.055798,-2709.33945,-272.92006
1838.538689,-2709.4953,-272.46301
1839.020239,-2709.65063,-272.0072
1839.500438,-2709.80544,-271.55264
1839.979295,-2709.95976,-271.09933
1840.45683,-2710.11356,-270.64724
1840.933021,-2710.26686,-270.1964
1841.407867,-2710.41966,-269.74681
1841.881363,-2710.57194,-269.29847
1842.353514,-2710.72372,-268.85138
1842.824317,-2710.87499,-268.40554
1843.293783,-2711.02575,-267.96094
1843.761888,-2711.17599,-267.5176
1844.228645,-2711.32572,-267.07551
1844.694011,-2711.47492,-266.63471
1845.158001,-2711.62358,-266.19518
1845.620573,-2711.77169,-265.75696
1846.081735,-2711.91924,-265.32004
1846.541499,-2712.06624,-264.88441
1846.999873,-2712.21269,-264.45006
1847.456803,-2712.35856,-264.01704
1847.912208,-2712.50384,-263.58543
1848.365974,-2712.64847,-263.15533
1848.818064,-2712.79245,-262.72678
1849.268563,-2712.93578,-262.29969
1849.717724,-2713.07854,-261.87382
1850.165585,-2713.22073,-261.44913
1850.612146,-2713.36235,-261.02562
1851.05742,-2713.50341,-260.60328
1851.501363,-2713.64389,-260.18215
1851.943978,-2713.78377,-259.76222
1852.385235,-2713.92305,-259.34352
1852.825071,-2714.0617,-258.92611
1853.263461,-2714.19971,-258.51001
1853.700384,-2714.33707,-258.09524
1854.135926,-2714.47378,-257.68171
1854.570134,-2714.60984,-257.26937
1855.00303,-2714.74523,-256.85819
1855.434619,-2714.87996,-256.44817
1855.864953,-2715.01402,-256.03925
1856.293993,-2715.1474,-255.63147
1856.721826,-2715.28011,-255.22474
1857.148491,-2715.41215,-254.81902
1857.57402,-2715.54353,-254.41428
1857.998465,-2715.67426,-254.01047
1858.421852,-2715.80437,-253.60757
1858.844202,-2715.93386,-253.20556
1859.265553,-2716.06276,-252.80441
1859.685914,-2716.19107,-252.40411
1860.105305,-2716.31879,-252.00464
1860.523742,-2716.44594,-251.60599
1860.94122,-2716.57251,-251.20816
1861.357767,-2716.69852,-250.81113
1861.773408,-2716.82396,-250.41487
1862.188168,-2716.94885,-250.01936
1862.602066,-2717.07319,-249.62458
1863.01509,-2717.19697,-249.23054
1863.427247,-2717.32018,-248.83723
1863.838566,-2717.44282,-248.44462
1864.249022,-2717.56487,-248.05273
1864.658644,-2717.68633,-247.66153
1865.067435,-2717.80718,-247.27101
1865.4754,-2717.92743,-246.88117
1865.882552,-2718.04706,-246.49199
1866.288893,-2718.16608,-246.10347
1866.694461,-2718.28448,-245.71557
1867.099226,-2718.40226,-245.32832
1867.503211,-2718.51943,-244.9417
1867.906429,-2718.636,-244.5557
1868.308877,-2718.75196,-244.17032
1868.710533,-2718.8673,-243.78558
1869.111428,-2718.98202,-243.40145
1869.511549,-2719.09611,-243.01794
1869.910918,-2719.20958,-242.63503
1870.309514,-2719.32239,-242.25273
1870.707374,-2719.43456,-241.87101
1871.104482,-2719.54607,-241.48988
1871.500867,-2719.65692,-241.10931
1871.896487,-2719.76706,-240.72933
1872.291385,-2719.8765,-240.3499
1872.685531,-2719.9852,-239.97104
1873.078953,-2720.09316,-239.59272
1873.471624,-2720.20034,-239.21496
1873.863574,-2720.30671,-238.83772
1874.254805,-2720.41224,-238.46099
1874.645326,-2720.51692,-238.08476
1875.03515,-2720.62072,-237.70901
1875.424304,-2720.72363,-237.33371
1875.812774,-2720.82563,-236.95887
1876.200574,-2720.92673,-236.58448
1876.587712,-2721.02688,-236.21052
1876.974183,-2721.12605,-235.83699
1877.360019,-2721.22425,-235.46386
1877.745226,-2721.32146,-235.09112
1878.129798,-2721.41768,-234.71878
1878.513765,-2721.51291,-234.34681
1878.897106,-2721.60714,-233.97523
1879.279838,-2721.70034,-233.60402
1879.661953,-2721.79248,-233.23318
1880.043445,-2721.88352,-232.86271
1880.424336,-2721.97346,-232.49259
1880.804638,-2722.0623,-232.12281
1881.184354,-2722.15004,-231.75337
1881.563504,-2722.23667,-231.38425
1881.942097,-2722.32218,-231.01544
1882.320125,-2722.40656,-230.64695
1882.697585,-2722.48979,-230.27878
1883.074506,-2722.57185,-229.9109
1883.450886,-2722.65276,-229.54332
1883.826738,-2722.73253,-229.17603
1884.202105,-2722.8112,-228.809
1884.576974,-2722.88875,-228.44224
1884.951351,-2722.96519,-228.07575
1885.32526,-2723.04053,-227.70951
1885.69869,-2723.11475,-227.34353
1886.071648,-2723.18782,-226.9778
1886.444144,-2723.25973,-226.61231
1886.816198,-2723.33045,-226.24704
1887.18783,-2723.39998,-225.88197
1887.559051,-2723.4683,-225.51709
1887.929879,-2723.53544,-225.15239
1888.300333,-2723.60137,-224.78785
1888.670393,-2723.66607,-224.42349
1889.040069,-2723.72946,-224.05929
1889.409354,-2723.79148,-223.69525
1889.778252,-2723.85206,-223.33136
1890.14678,-2723.91115,-222.9676
1890.51492,-2723.96872,-222.60399
1890.882699,-2724.02479,-222.24051
1891.250107,-2724.07938,-221.87718
1891.617159,-2724.13242,-221.51398
1891.983889,-2724.18389,-221.15088
1892.350279,-2724.23376,-220.7879
1892.716339,-2724.28198,-220.42503
1893.082083,-2724.32853,-220.06226
1893.447504,-2724.37336,-219.6996
1893.812623,-2724.41652,-219.33704
1894.177455,-2724.45805,-218.97458
1894.542009,-2724.49799,-218.61222
1894.906296,-2724.53636,-218.24996
1895.270322,-2724.57317,-217.8878
1895.634085,-2724.60843,-217.52575
1895.997598,-2724.64211,-217.1638
1896.36088,-2724.67422,-216.80194
1896.723909,-2724.70478,-216.4402
1897.08671,-2724.73378,-216.07856
1897.449278,-2724.7612,-215.71703
1897.811607,-2724.78699,-215.35562
1898.173702,-2724.81112,-214.99433
1898.535553,-2724.83363,-214.63318
1898.897164,-2724.85448,-214.27217
1899.258548,-2724.87375,-213.9113
1899.619694,-2724.89149,-213.55059
1899.980621,-2724.90775,-213.19003
1900.341324,-2724.92254,-212.82963
1900.701787,-2724.93577,-212.46941
1901.062015,-2724.94742,-212.10937
1901.422007,-2724.9575,-211.74952
1901.781758,-2724.96603,-211.38987
1902.141275,-2724.973,-211.03042
1902.500556,-2724.97841,-210.67118
1902.859607,-2724.98226,-210.31215
1903.218424,-2724.98456,-209.95334
1903.577005,-2724.98534,-209.59476
1903.935366,-2724.9846,-209.2364
1904.293483,-2724.98238,-208.87829
1904.651372,-2724.97868,-208.52042
1905.009029,-2724.97354,-208.1628
1905.36644,-2724.96689,-207.80545
1905.723615,-2724.95868,-207.44837
1906.080531,-2724.94884,-207.09159
1906.437195,-2724.93736,-206.73511
1906.793608,-2724.9242,-206.37894
1907.149768,-2724.90934,-206.02309
1907.505684,-2724.89278,-205.66756
1907.861345,-2724.87448,-205.31237
1908.216748,-2724.85449,-204.95753
1908.571901,-2724.83279,-204.60304
1908.926794,-2724.80939,-204.24892
1909.281441,-2724.78432,-203.89516
1909.635829,-2724.7576,-203.54178
1909.989951,-2724.72919,-203.1888
1910.343817,-2724.69905,-202.83622
1910.697409,-2724.66715,-202.48407
1911.050748,-2724.63347,-202.13234
1911.403813,-2724.59801,-201.78106
1911.756613,-2724.56078,-201.43023
1912.109154,-2724.5218,-201.07985
1912.461439,-2724.48114,-200.72992
1912.813473,-2724.43881,-200.38044
1913.165247,-2724.3948,-200.03143
1913.516764,-2724.34915,-199.68289
1913.868029,-2724.30188,-199.33482
1914.219043,-2724.25297,-198.98723
1914.569789,-2724.20246,-198.64014
1914.920286,-2724.15034,-198.29354
1915.270525,-2724.09659,-197.94745
1915.620504,-2724.04121,-197.60188
1915.970234,-2723.98425,-197.25682
1916.319713,-2723.9257,-196.91228
1916.668928,-2723.86552,-196.56829
1917.017887,-2723.8037,-196.22485
1917.366584,-2723.74022,-195.88198
1917.715033,-2723.67505,-195.53968
1918.063217,-2723.60827,-195.19796
1918.411194,-2723.53983,-194.85678
1918.759034,-2723.46976,-194.51607
1919.106736,-2723.39816,-194.17582
1919.454305,-2723.32499,-193.83604
1919.801836,-2723.25012,-193.49667
1920.149544,-2723.17354,-193.1575
1920.497461,-2723.09523,-192.81851
1920.845495,-2723.01517,-192.47981
1921.193491,-2722.93343,-192.14155
1921.541419,-2722.85001,-191.80377
1921.889294,-2722.76493,-191.46646
1922.237168,-2722.67832,-191.12954
1922.585098,-2722.5901,-190.79298
1922.933089,-2722.50032,-190.45677
1923.281171,-2722.409,-190.12088
1923.629375,-2722.3162,-189.78527
1923.977721,-2722.22194,-189.44992
1924.326222,-2722.12626,-189.11481
1924.674878,-2722.02912,-188.77996
1925.023674,-2721.93052,-188.44539
1925.372607,-2721.8305,-188.1111
1925.721684,-2721.72905,-187.77709
1926.070935,-2721.62622,-187.44332
1926.420357,-2721.52204,-187.10979
1926.769988,-2721.41656,-186.77645
1927.119867,-2721.30982,-186.44325
1927.469991,-2721.20188,-186.11018
1927.820382,-2721.09274,-185.77722
1928.171051,-2720.98238,-185.44437
1928.522004,-2720.87079,-185.11163
1928.873233,-2720.75801,-184.779
1929.224758,-2720.64402,-184.44647
1929.576555,-2720.52882,-184.11407
1929.928633,-2720.41245,-183.78178
1930.280991,-2720.29495,-183.44959
1930.63364,-2720.17633,-183.11749
1930.986581,-2720.05662,-182.78547
1931.339832,-2719.93581,-182.45352
1931.693403,-2719.81393,-182.12162
1932.047322,-2719.69096,-181.78975
1932.401586,-2719.56687,-181.45793
1932.756217,-2719.44163,-181.12615
1933.111197,-2719.31522,-180.79444
1933.46656,-2719.18761,-180.46278
1933.822281,-2719.0588,-180.1312
1934.178373,-2718.92879,-179.79969
1934.534851,-2718.79755,-179.46825
1934.891711,-2718.6651,-179.13688
1935.248964,-2718.53147,-178.80556
1935.606635,-2718.39663,-178.47428
1935.964709,-2718.2606,-178.14305
1936.323212,-2718.12335,-177.81186
1936.682136,-2717.98491,-177.48071
1937.041484,-2717.8453,-177.14959
1937.401271,-2717.70452,-176.81849
1937.761473,-2717.56261,-176.48742
1938.122096,-2717.41959,-176.15637
1938.483158,-2717.27549,-175.82531
1938.844649,-2717.13034,-175.49424
1939.206593,-2716.98411,-175.16315
1939.568984,-2716.8368,-174.83205
1939.931841,-2716.68846,-174.5009
1940.295159,-2716.53913,-174.16969
1940.658962,-2716.38882,-173.83839
1941.023246,-2716.23759,-173.50698
1941.388018,-2716.08543,-173.17546
1941.753279,-2715.93236,-172.84382
1942.119035,-2715.77837,-172.51206
1942.48531,-2715.62343,-172.18017
1942.852065,-2715.46757,-171.84818
1943.219291,-2715.31082,-171.51609
1943.587005,-2715.15318,-171.18388
1943.955157,-2714.99469,-170.85159
1944.323766,-2714.83537,-170.51919
1944.692829,-2714.67521,-170.18669
1945.062392,-2714.51423,-169.85403
1945.432471,-2714.3524,-169.52121
1945.803092,-2714.18968,-169.18822
1946.174248,-2714.02605,-168.85508
1946.545959,-2713.86147,-168.52179
1946.918199,-2713.69588,-168.18841
1947.290956,-2713.52921,-167.85499
1947.664237,-2713.36141,-167.52155
1948.03801,-2713.19242,-167.18816
1948.412238,-2713.02229,-166.85484
1948.786977,-2712.85098,-166.52155
1949.162244,-2712.67846,-166.18829
1949.538065,-2712.5047,-165.85505
1949.914516,-2712.32964,-165.52178
1950.291649,-2712.15323,-165.18845
1950.669479,-2711.97541,-164.85508
1951.048012,-2711.7961,-164.52171
1951.427215,-2711.61529,-164.18839
1951.807077,-2711.43299,-163.85513
1952.187561,-2711.2492,-163.52198
1952.568642,-2711.06396,-163.18895
1952.950316,-2710.87736,-162.856
1953.332586,-2710.68951,-162.52307
1953.715449,-2710.50049,-162.19012
1954.098878,-2710.31038,-161.85714
1954.482876,-2710.11928,-161.52407
1954.867421,-2709.92724,-161.19091
1955.252602,-2709.73424,-160.85757
1955.63844,-2709.54026,-160.52404
1956.024964,-2709.34531,-160.19028
1956.412236,-2709.14936,-159.85624
1956.800252,-2708.9524,-159.52193
1957.189034,-2708.75439,-159.18735
1957.578574,-2708.55535,-158.8525
1957.968892,-2708.35526,-158.51737
1958.36,-2708.1541,-158.18196
1958.751892,-2707.9519,-157.84626
1959.144575,-2707.7487,-157.51024
1959.538064,-2707.54452,-157.17387
1959.932335,-2707.33938,-156.83717
1960.327375,-2707.13332,-156.50013
1960.723207,-2706.92638,-156.1627
1961.11982,-2706.7186,-155.82487
1961.517222,-2706.50998,-155.48663
1961.915402,-2706.30056,-155.14797
1962.314327,-2706.09042,-154.80888
1962.714048,-2705.87956,-154.4693
1963.114574,-2705.66801,-154.1292
1963.515937,-2705.45576,-153.78855
1963.918078,-2705.24289,-153.44737
1964.321155,-2705.02931,-153.10553
1964.72513,-2704.81506,-152.76305
1965.130041,-2704.6001,-152.41991
1965.535841,-2704.38447,-152.07614
1965.942518,-2704.16818,-151.73175
1966.350035,-2703.95125,-151.38677
1966.758383,-2703.73368,-151.04121
1967.167524,-2703.51548,-150.69511
1967.577477,-2703.29663,-150.34846
1967.988251,-2703.07713,-150.00125
1968.399865,-2702.85696,-149.65347
1968.812373,-2702.63608,-149.30508
1969.225854,-2702.41441,-148.95604
1969.640315,-2702.19192,-148.60636
1970.055686,-2701.9686,-148.25613
1970.471922,-2701.74444,-147.90541
1970.888887,-2701.51952,-147.55431
1971.306436,-2701.29391,-147.20296
1971.724524,-2701.06766,-146.85138
1972.143261,-2700.84074,-146.49946
1972.562757,-2700.6131,-146.1471
1972.983107,-2700.38474,-145.79419
1973.404398,-2700.15562,-145.44065
1973.826616,-2699.92577,-145.08648
1974.249734,-2699.69519,-144.73171
1974.673628,-2699.46394,-144.37645
1975.098282,-2699.23205,-144.0207
1975.523657,-2698.99953,-143.6645
1975.949742,-2698.7664,-143.30785
1976.376561,-2698.53265,-142.95073
1976.804001,-2698.29833,-142.59324
1977.231624,-2698.06366,-142.23576
1977.65909,-2697.82879,-141.8786
1978.086834,-2697.59349,-141.52139
1978.514987,-2697.35766,-141.16404
1978.943199,-2697.12148,-140.80685
1979.371394,-2696.88497,-140.4499
1979.799767,-2696.64803,-140.09302
1980.228623,-2696.41049,-139.73596
1980.658182,-2696.17222,-139.37854
1981.088527,-2695.93318,-139.02069
1981.519652,-2695.69338,-138.66241
1981.951499,-2695.45285,-138.30375
1982.38404,-2695.21161,-137.94473
1982.817299,-2694.96968,-137.58531
1983.251269,-2694.7271,-137.22547
1983.685973,-2694.48386,-136.86519
1984.121432,-2694.23998,-136.50443
1984.557673,-2693.99546,-136.14316
1984.994709,-2693.75032,-135.78135
1985.432506,-2693.50459,-135.41902
1985.871059,-2693.25828,-135.05617
1986.310329,-2693.01143,-134.69282
1986.750322,-2692.76403,-134.32897
1987.191067,-2692.51607,-133.96459
1987.632533,-2692.26758,-133.5997
1988.074722,-2692.01854,-133.23431
1988.517664,-2691.76894,-132.86839
1988.961407,-2691.51874,-132.50191
1989.405981,-2691.2679,-132.13486
1989.851388,-2691.01639,-131.76726
1990.297571,-2690.76422,-131.39917
1990.744522,-2690.51138,-131.03061
1991.192169,-2690.25789,-130.66165
1991.64051,-2690.00376,-130.29229
1992.089498,-2689.74901,-129.92257
1992.539129,-2689.49365,-129.55249
1992.98935,-2689.2377,-129.1821
1993.440203,-2688.98116,-128.81135
1993.891823,-2688.72398,-128.44011
1994.344285,-2688.46613,-128.06831
1994.797574,-2688.20765,-127.69594
1995.251719,-2687.94852,-127.32298
1995.706652,-2687.6888,-126.94947
1996.162358,-2687.42849,-126.57543
1996.618882,-2687.16758,-126.20081
1997.076208,-2686.90607,-125.82563
1997.534378,-2686.64396,-125.44984
1997.993353,-2686.38126,-125.07348
1998.453158,-2686.11797,-124.69652
1998.913812,-2685.85407,-124.31895
1999.37531,-2685.58957,-123.94077
1999.837658,-2685.32446,-123.56198
2000.300835,-2685.05876,-123.18259
2000.764837,-2684.79248,-122.8026
2001.229634,-2684.52564,-122.42203
2001.695226,-2684.25826,-122.04087
2002.161624,-2683.99033,-121.65911
2002.628823,-2683.72186,-121.27675
2003.096834,-2683.45286,-120.89377
2003.565641,-2683.18333,-120.51019
2004.035213,-2682.91331,-120.12602
2004.505527,-2682.64281,-119.74128
2004.976588,-2682.37185,-119.35595
2005.448363,-2682.10043,-118.97007
2005.920878,-2681.82855,-118.58361
2006.394104,-2681.55623,-118.19659
2006.868016,-2681.28347,-117.80904
2007.342618,-2681.01028,-117.42095
2007.817939,-2680.73665,-117.03229
2008.293982,-2680.46256,-116.64307
2008.770785,-2680.18799,-116.25326
2009.24844,-2679.91289,-115.86278
2009.72701,-2679.63721,-115.47159
2010.206534,-2679.36091,-115.07967
2010.687006,-2679.084,-114.68702
2011.168349,-2678.8065,-114.29372
2011.650507,-2678.52845,-113.89981
2012.133421,-2678.24987,-113.50535
2012.617039,-2677.97079,-113.11038
2013.101399,-2677.69119,-112.71487
2013.586489,-2677.41106,-112.31884
2014.07236,-2677.13037,-111.92225
2014.558954,-2676.84915,-111.52515
2015.046253,-2676.5674,-111.12756
2015.534257,-2676.28511,-110.72949
2016.022992,-2676.00226,-110.33092
2016.512501,-2675.71882,-109.93182
2017.002801,-2675.43476,-109.53219
2017.493912,-2675.15006,-109.13202
2017.985843,-2674.86469,-108.73132
2018.478577,-2674.57864,-108.33012
2018.972124,-2674.29189,-107.92842
2019.466454,-2674.00445,-107.52625
2019.961577,-2673.71629,-107.12362
2020.457466,-2673.42743,-106.72055
2020.954126,-2673.13786,-106.31704
2021.451535,-2672.84759,-105.91311
2021.94971,-2672.55662,-105.50874
2022.448632,-2672.26497,-105.10394
2022.948302,-2671.97265,-104.6987
2023.448691,-2671.67967,-104.29305
2023.949777,-2671.38604,-103.88701
2024.451539,-2671.09181,-103.48057
2024.953966,-2670.79697,-103.07375
2025.457039,-2670.50154,-102.66656
2025.960764,-2670.20551,-102.259
2026.465178,-2669.90886,-101.85104
2026.970307,-2669.61157,-101.44266
2027.476154,-2669.31361,-101.03388
2027.982747,-2669.01496,-100.62468
2028.490143,-2668.71555,-100.21504
2028.998337,-2668.41535,-99.80499
2029.507344,-2668.11432,-99.39454
2030.017139,-2667.81245,-98.98373
2030.527737,-2667.5097,-98.57257
2031.039078,-2667.20609,-98.16112
2031.551178,-2666.90161,-97.74937
2032.06402,-2666.59626,-97.33734
2032.577592,-2666.29005,-96.92504
2033.09189,-2665.983,-96.51246
2033.606905,-2665.67511,-96.09961
2034.12262,-2665.3664,-95.6865
2034.639054,-2665.05689,-95.27309
2035.156184,-2664.74658,-94.85941
2035.674029,-2664.43548,-94.44543
2036.192585,-2664.12358,-94.03116
2036.711863,-2663.81088,-93.61659
2037.231877,-2663.49737,-93.20171
2037.752624,-2663.18304,-92.78653
2038.274122,-2662.86789,-92.37103
2038.796344,-2662.55195,-91.95522
2039.319267,-2662.23526,-91.5391
2039.842879,-2661.91784,-91.12267
2040.367092,-2661.59977,-90.70598
2040.891444,-2661.28134,-90.28939
2041.415528,-2660.96284,-89.87319
2041.939613,-2660.64413,-89.45715
2042.463787,-2660.32517,-89.04119
2042.987894,-2660.00606,-88.62543
2043.511919,-2659.68681,-88.20988
2044.036013,-2659.36733,-87.79442
2044.56029,-2659.04755,-87.37896
2045.084892,-2658.72738,-86.96339
2045.609973,-2658.40671,-86.5476
2046.135629,-2658.08545,-86.13154
2046.661983,-2657.7635,-85.71513
2047.189104,-2657.44075,-85.29837
2047.716953,-2657.11716,-84.88134
2048.245466,-2656.79272,-84.46413
2048.774593,-2656.46746,-84.04678
2049.304317,-2656.14137,-83.62932
2049.834612,-2655.81448,-83.21176
2050.365522,-2655.48676,-82.79407
2050.89705,-2655.15823,-82.37623
2051.429227,-2654.82888,-81.95821
2051.962042,-2654.49874,-81.54
2052.495482,-2654.16782,-81.12161
2053.029551,-2653.83614,-80.70302
2053.564237,-2653.50373,-80.28422
2054.099579,-2653.17057,-79.86518
2054.63557,-2652.83668,-79.44589
2055.172201,-2652.50204,-79.02638
2055.709495,-2652.16665,-78.60662
2056.247416,-2651.83053,-78.18664
2056.785982,-2651.49368,-77.76642
2057.325156,-2651.15612,-77.34599
2057.864975,-2650.81784,-76.92531
2058.405428,-2650.47881,-76.50442
2058.946517,-2650.13904,-76.08331
2059.488256,-2649.79852,-75.66197
2060.030591,-2649.4573,-75.24043
2060.573536,-2649.11537,-74.81868
2061.117099,-2648.77273,-74.39671
2061.661284,-2648.42935,-73.97454
2062.206073,-2648.08526,-73.55217
2062.751436,-2647.74048,-73.12962
2063.29739,-2647.395,-72.70688
2063.84392,-2647.04883,-72.28396
2064.391069,-2646.70194,-71.86083
2064.938851,-2646.35432,-71.43748
2065.48725,-2646.00597,-71.01393
2066.036244,-2645.65688,-70.59022
2066.585815,-2645.30704,-70.16638
2067.135972,-2644.95645,-69.7424
2067.686694,-2644.60513,-69.31829
2068.238007,-2644.25303,-68.89406
2068.789924,-2643.90014,-68.4697
2069.342456,-2643.54641,-68.04524
2069.895587,-2643.19184,-67.6207
2070.449318,-2642.83643,-67.19608
2071.003651,-2642.48019,-66.77137
2071.558579,-2642.12311,-66.34659
2072.114108,-2641.76519,-65.92173
2072.670222,-2641.40641,-65.49683
2073.226879,-2641.04679,-65.07193
2073.784072,-2640.68634,-64.64703
2074.341831,-2640.32504,-64.22211
2074.900144,-2639.96292,-63.79716
2075.45903,-2639.59994,-63.37219
2076.018522,-2639.23604,-62.94721
2076.578601,-2638.87118,-62.52228
2077.139265,-2638.50534,-62.09742
2077.700525,-2638.13852,-61.67262
2078.26238,-2637.77072,-61.24788
2078.824795,-2637.40196,-60.82323
2079.387818,-2637.03223,-60.39862
2079.951419,-2636.66155,-59.97407
2080.515601,-2636.28993,-59.54957
2081.080325,-2635.91742,-59.12513
2081.645588,-2635.54407,-58.70071
2082.211379,-2635.16991,-58.2763
2082.777655,-2634.79504,-57.85187
2083.344452,-2634.41944,-57.42739
2083.911769,-2634.0431,-57.00287
2084.479626,-2633.66597,-56.57833
2085.048013,-2633.28802,-56.15381
2085.6169,-2632.90925,-55.72935
2086.1863,-2632.52961,-55.30498
2086.756254,-2632.14904,-54.8807
2087.326833,-2631.7674,-54.45654
2087.898091,-2631.38458,-54.03253
2088.469984,-2631.00057,-53.60874
2089.042475,-2630.61534,-53.18525
2089.615509,-2630.22892,-52.76211
2090.189083,-2629.84135,-52.33929
2090.763231,-2629.45267,-51.91671
2091.33794,-2629.063,-51.49428
2091.913193,-2628.67243,-51.07194
2092.488973,-2628.28103,-50.64965
2093.065257,-2627.8889,-50.22735
2093.64204,-2627.49608,-49.80501
2094.219269,-2627.10268,-49.3826
2094.796883,-2626.70878,-48.96013
2095.374855,-2626.31442,-48.5376
2095.953135,-2625.91962,-48.11506
2096.531756,-2625.52434,-47.6925
2097.110821,-2625.12854,-47.26982
2097.69042,-2624.73213,-46.84698
2098.270662,-2624.33496,-46.42397
2098.851688,-2623.93686,-46.00076
2099.433532,-2623.53764,-45.57748
2100.01608,-2623.1373,-45.15429
2100.599268,-2622.73586,-44.73126
2101.183047,-2622.33331,-44.30847
2101.767375,-2621.92965,-43.88598
2102.352261,-2621.52489,-43.46377
2102.937729,-2621.11903,-43.04181
2103.52376,-2620.71213,-42.62007
2104.110335,-2620.30425,-42.19852
2104.697443,-2619.89545,-41.77712
2105.285056,-2619.48579,-41.35585
2105.873184,-2619.07531,-40.93466
2106.461828,-2618.66401,-40.51355
2107.050995,-2618.25192,-40.09248
2107.640716,-2617.83904,-39.67141
2108.230989,-2617.42538,-39.25033
2108.821845,-2617.01091,-38.82923
2109.413269,-2616.59561,-38.40815
2110.005255,-2616.17949,-37.98709
2110.597796,-2615.76255,-37.56606
2111.190858,-2615.3448,-37.1451
2111.784463,-2614.92624,-36.72418
2112.37861,-2614.50687,-36.3033
2112.973287,-2614.08672,-35.88245
2113.568515,-2613.66576,-35.46163
2114.164274,-2613.24398,-35.04088
2114.760544,-2612.8214,-34.62021
2115.357317,-2612.39805,-34.1996
2115.95458,-2611.97394,-33.77906
2116.552348,-2611.54906,-33.35858
2117.150657,-2611.12334,-32.93818
2117.749522,-2610.69675,-32.51787
2118.34893,-2610.2693,-32.09766
2118.948874,-2609.841,-31.67755
2119.549349,-2609.41185,-31.25755
2120.150376,-2608.98179,-30.83769
2120.751972,-2608.55078,-30.41799
2121.354145,-2608.1188,-29.99846
2121.956824,-2607.68594,-29.57911
2122.560004,-2607.25221,-29.15994
2123.163677,-2606.81762,-28.74095
2123.767859,-2606.38215,-28.32214
2124.372544,-2605.94578,-27.90354
2124.977721,-2605.50851,-27.48517
2125.583396,-2605.07034,-27.06702
2126.189564,-2604.63128,-26.64909
2126.796246,-2604.1913,-26.23138
2127.403475,-2603.75034,-25.81391
2128.01126,-2603.30835,-25.39672
2128.619576,-2602.86532,-24.97986
2129.228417,-2602.42125,-24.56334
2129.837764,-2601.97613,-24.1472
2130.447641,-2601.52995,-23.73142
2131.058043,-2601.08268,-23.31604
2131.668989,-2600.63427,-22.90109
2132.280466,-2600.18475,-22.48656
2132.892467,-2599.73412,-22.07246
2133.504989,-2599.28239,-21.65879
2134.118046,-2598.82956,-21.24553
2134.731625,-2598.37565,-20.83268
2135.345739,-2597.9207,-20.42018
2135.960364,-2597.46478,-20.00799
2136.575513,-2597.00791,-19.59607
2137.191164,-2596.55013,-19.18441
2137.807314,-2596.0915,-18.77295
2138.423925,-2595.63209,-18.36167
2139.040995,-2595.17192,-17.95055
2139.658531,-2594.71101,-17.53956
2140.276543,-2594.24933,-17.12872
2140.895022,-2593.78689,-16.71803
2141.514,-2593.32366,-16.30748
2142.1335,-2592.8596,-15.89708
2142.753511,-2592.39468,-15.48688
2143.374088,-2591.92884,-15.07687
2143.995199,-2591.46206,-14.66712
2144.616834,-2590.99432,-14.25767
2145.238981,-2590.52562,-13.84854
2145.861632,-2590.05599,-13.43971
2146.4848,-2589.58544,-13.03115
2147.108479,-2589.11398,-12.62286
2147.732668,-2588.64162,-12.21483
2148.357352,-2588.1684,-11.80704
2148.982521,-2587.69435,-11.39947
2149.608171,-2587.21953,-10.99206
2150.23429,-2586.74397,-10.58479
2150.860907,-2586.26768,-10.17761
2151.488001,-2585.79065,-9.77056
2152.115528,-2585.31294,-9.36364
2152.743496,-2584.83455,-8.95684
2153.371872,-2584.35553,-8.55015
2154.000703,-2583.87583,-8.14356
2154.630034,-2583.39538,-7.73708
2155.259879,-2582.91414,-7.33074
2155.890244,-2582.4321,-6.92454
2156.5211,-2581.94926,-6.51853
2157.152439,-2581.46562,-6.11272
2157.784255,-2580.98114,-5.70717
2158.41652,-2580.4958,-5.30195
2159.049252,-2580.0096,-4.89703
2159.682445,-2579.52256,-4.4924
2160.316092,-2579.03469,-4.08806
2160.950207,-2578.54593,-3.68406
2161.584794,-2578.05622,-3.28047
2162.219847,-2577.56557,-2.87729
2162.855358,-2577.07399,-2.47452
2163.491313,-2576.58151,-2.07215
2164.127753,-2576.08806,-1.6702
2164.764662,-2575.5936,-1.26875
2165.402055,-2575.09812,-0.86779
2166.039928,-2574.60161,-0.46734
2166.678268,-2574.10409,-0.0674
2167.317071,-2573.60556,0.33202
2167.956342,-2573.10599,0.73089
2168.596082,-2572.60539,1.12922
2169.236289,-2572.10378,1.52703
2169.876923,-2571.60123,1.92434
2170.517753,-2571.09794,2.32103
2171.158305,-2570.59432,2.71685
2171.798648,-2570.09033,3.11186
2172.438795,-2569.58597,3.50608
2173.078805,-2569.08123,3.89959
2173.718919,-2568.57593,4.29255
2174.35924,-2568.07001,4.68505
2174.999713,-2567.56351,5.07705
2175.640423,-2567.05634,5.46857
2176.281449,-2566.54847,5.8597
2176.92289,-2566.0398,6.25047
2177.56473,-2565.53032,6.64084
2178.206965,-2565.02006,7.03084
2178.849615,-2564.50898,7.42045
2179.492684,-2563.99706,7.80965
2180.136175,-2563.4843,8.19844
2180.780088,-2562.97064,8.58674
2181.424412,-2562.45614,8.97461
2182.06922,-2561.94071,9.36205
2182.714482,-2561.42436,9.74902
2183.360239,-2560.90704,10.13552
2184.006469,-2560.38872,10.52147
2184.653146,-2559.86942,10.90685
2185.300252,-2559.34914,11.29163
2185.947812,-2558.82789,11.67586
2186.595834,-2558.30567,12.05955
2187.244324,-2557.78248,12.44271
2187.893289,-2557.2583,12.82532
2188.542719,-2556.73315,13.20739
2189.192588,-2556.20708,13.58894
2189.842875,-2555.68014,13.97
2190.493574,-2555.15238,14.35063
2191.144697,-2554.62386,14.73093
2191.796248,-2554.09462,15.11096
2192.448207,-2553.56469,15.49073
2193.100567,-2553.03411,15.87028
2193.7533,-2552.5029,16.24959
2194.406385,-2551.9711,16.62868
2195.059835,-2551.43871,17.00757
2195.713697,-2550.9057,17.3863
2196.368005,-2550.37203,17.76487
2197.022793,-2549.83763,18.14324
2197.678007,-2549.30251,18.52133
2198.333629,-2548.76668,18.89912
2198.989646,-2548.23014,19.27659
2199.646063,-2547.69288,19.65373
2200.302918,-2547.15486,20.03055
2200.960231,-2546.61603,20.40701
2201.617948,-2546.07642,20.78306
2202.276055,-2545.53603,21.15867
2202.934554,-2544.99487,21.53386
2203.593459,-2544.45294,21.90865
2204.252796,-2543.91023,22.28307
2204.912573,-2543.36673,22.65712
2205.572771,-2542.82245,23.03078
2206.233349,-2542.27745,23.40406
2206.894317,-2541.73171,23.77695
2207.555669,-2541.18526,24.14948
2208.217428,-2540.6381,24.52169
2208.879591,-2540.09024,24.89359
2209.542168,-2539.54167,25.26518
2210.205153,-2538.99237,25.63642
2210.868523,-2538.44237,26.00731
2211.532264,-2537.89166,26.37781
2212.196404,-2537.3402,26.74791
2212.860931,-2536.78802,27.11763
2213.525892,-2536.23505,27.48695
2214.191282,-2535.68127,27.85583
2214.857106,-2535.12665,28.22423
2215.523332,-2534.57119,28.59209
2216.189978,-2534.01487,28.95941
2216.857019,-2533.45772,29.32619
2217.524467,-2532.89976,29.69248
2218.192327,-2532.341,30.0583
2218.860597,-2531.78145,30.42366
2219.529279,-2531.22114,30.78861
2220.198347,-2530.66009,31.15313
2220.867797,-2530.09837,31.51732
2221.537585,-2529.53606,31.88122
2222.207707,-2528.97319,32.24487
2222.878201,-2528.40971,32.60826
2223.549034,-2527.84562,32.97133
2224.22018,-2527.28094,33.33406
2224.891656,-2526.71563,33.69642
2225.563532,-2526.14959,34.05838
2226.235873,-2525.58269,34.41986
2226.908765,-2525.0148,34.78081
2227.582149,-2524.44591,35.1411
2228.255968,-2523.87603,35.50064
2228.930175,-2523.3052,35.8594
2229.604773,-2522.73347,36.21746
2230.279783,-2522.16086,36.57489
2230.955205,-2521.58744,36.9318
2231.631046,-2521.01326,37.28828
2232.307264,-2520.43845,37.64446
2232.983854,-2519.86306,38.00041
2233.660785,-2519.28717,38.3562
2234.338044,-2518.71082,38.71187
2235.015625,-2518.13405,39.06747
2235.69348,-2517.55692,39.42301
2236.371638,-2516.97941,39.77851
2237.050127,-2516.40148,40.13396
2237.729042,-2515.82305,40.48941
2238.408433,-2515.24405,40.84484
2239.088358,-2514.66441,41.20025
2239.768797,-2514.08412,41.55558
2240.449694,-2513.5032,41.91076
2241.130999,-2512.92171,42.26579
2241.812713,-2512.33965,42.62067
2242.494827,-2511.75706,42.97545
2243.177356,-2511.17393,43.33014
2243.860296,-2510.5903,43.6848
2244.543623,-2510.0062,44.03943
2245.227317,-2509.42167,44.39406
2245.911367,-2508.83673,44.7487
2246.595788,-2508.25138,45.10338
2247.280583,-2507.66563,45.45812
2247.965768,-2507.07946,45.81292
2248.651345,-2506.49288,46.1678
2249.337309,-2505.90589,46.52275
2250.023674,-2505.31848,46.87778
2250.710434,-2504.73065,47.23288
2251.397599,-2504.14239,47.58805
2252.085174,-2503.5537,47.9433
2252.773147,-2502.96458,48.29861
2253.461498,-2502.37505,48.65397
2254.150225,-2501.78511,49.00938
2254.839333,-2501.19475,49.36483
2255.528826,-2500.60397,49.72033
2256.218718,-2500.01275,50.07587
2256.909003,-2499.4211,50.43146
2257.599695,-2498.829,50.78709
2258.290776,-2498.23647,51.14276
2258.982258,-2497.64349,51.49846
2259.674126,-2497.05009,51.85421
2260.366392,-2496.45625,52.21
2261.059026,-2495.862,52.56582
2261.752059,-2495.26732,52.9217
2262.445464,-2494.67223,53.27762
2263.139258,-2494.07673,53.63361
2263.833434,-2493.48082,53.98966
2264.527992,-2492.8845,54.34577
2265.222903,-2492.2878,54.70193
2265.918179,-2491.69071,55.05815
2266.613825,-2491.09322,55.41442
2267.309857,-2490.49531,55.77074
2268.00628,-2489.89698,56.12712
2268.703111,-2489.2982,56.48354
2269.40035,-2488.69898,56.84002
2270.097998,-2488.09932,57.19656
2270.796046,-2487.49923,57.55316
2271.494514,-2486.8987,57.90984
2272.193371,-2486.29777,58.26661
2272.89263,-2485.69645,58.62351
2273.592281,-2485.09477,58.98057
2274.292302,-2484.49276,59.3378
2274.992703,-2483.89042,59.69522
2275.69347,-2483.28778,60.05285
2276.394585,-2482.68486,60.41069
2277.096048,-2482.08166,60.76874
2277.797836,-2481.4782,61.12699
2278.499954,-2480.87447,61.48543
2279.202425,-2480.27046,61.84409
2279.905233,-2479.66617,62.20294
2280.608402,-2479.06158,62.56199
2281.311953,-2478.45667,62.92125
2282.015872,-2477.85145,63.28071
2282.720183,-2477.2459,63.64038
2283.424882,-2476.64001,64.00024
2284.129977,-2476.03378,64.3603
2284.83546,-2475.42721,64.72055
2285.541323,-2474.8203,65.08097
2286.247557,-2474.21306,65.44156
2286.95415,-2473.60549,65.8023
2287.66111,-2472.99759,66.1632
2288.368434,-2472.38936,66.52426
2289.076136,-2471.78078,66.88547
2289.784209,-2471.17187,67.24685
2290.492638,-2470.56264,67.60839
2291.201425,-2469.95309,67.97009
2291.910582,-2469.34321,68.33196
2292.6201,-2468.73301,68.694
2293.329995,-2468.12248,69.05622
2294.040238,-2467.51164,69.4186
2294.750837,-2466.90048,69.78114
2295.461782,-2466.28902,70.14385
2296.173062,-2465.67727,70.50673
2296.884684,-2465.06523,70.86979
2297.596666,-2464.45289,71.23305
2298.309016,-2463.84024,71.59651
2299.021727,-2463.22729,71.96017
2299.734811,-2462.61403,72.32404
2300.448238,-2462.00049,72.68811
2301.162034,-2461.38664,73.05238
2301.876185,-2460.77249,73.41684
2302.590691,-2460.15804,73.78149
2303.305563,-2459.54327,74.14632
2304.020786,-2458.9282,74.51133
2304.736357,-2458.31282,74.8765
2305.452281,-2457.69713,75.24184
2306.168566,-2457.08111,75.60733
2306.88519,-2456.46479,75.97298
2307.602157,-2455.84816,76.33878
2308.319454,-2455.23123,76.70472
2309.037097,-2454.61398,77.0708
2309.75507,-2453.99643,77.43702
2310.473391,-2453.37857,77.8034
2311.192042,-2452.76041,78.16992
2311.911024,-2452.14196,78.5366
2312.630328,-2451.52323,78.90344
2313.349972,-2450.9042,79.27044
2314.06997,-2450.28487,79.63763
2314.790324,-2449.66524,80.00501
2315.511033,-2449.04531,80.37258
2316.232101,-2448.42508,80.74035
2316.953497,-2447.80457,81.10829
2317.67524,-2447.18377,81.47642
2318.397315,-2446.56269,81.84473
2319.119723,-2445.94133,82.21322
2319.842467,-2445.31968,82.58188
2320.56553,-2444.69776,82.95071
2321.288929,-2444.07555,83.31971
2322.012651,-2443.45306,83.68887
2322.736686,-2442.8303,84.05819
2323.461053,-2442.20725,84.42767
2324.185728,-2441.58393,84.7973
2324.910726,-2440.96033,85.16709
2325.636028,-2440.33647,85.53704
2326.361635,-2439.71234,85.90713
2327.08756,-2439.08794,86.27739
2327.813817,-2438.46325,86.64781
2328.540401,-2437.83828,87.0184
2329.267335,-2437.21301,87.38917
2329.994574,-2436.58748,87.7601
2330.722127,-2435.96168,88.13119
2331.449982,-2435.33563,88.50245
2332.178168,-2434.70929,88.87387
2332.906647,-2434.08271,89.24546
2333.63543,-2433.45586,89.61719
2334.364499,-2432.82876,89.98906
2335.093849,-2432.20141,90.36106
2335.823489,-2431.5738,90.73319
2336.553442,-2430.94591,91.10546
2337.283688,-2430.31775,91.47785
2338.014233,-2429.68932,91.85037
2338.745079,-2429.06061,92.22301
2339.476219,-2428.43163,92.59577
2340.207684,-2427.80235,92.96866
2340.939468,-2427.17277,93.34167
2341.671562,-2426.5429,93.7148
2342.403958,-2425.91275,94.08805
2343.136642,-2425.28232,94.46139
2343.869636,-2424.6516,94.83485
2344.602934,-2424.02058,95.2084
2345.336537,-2423.38927,95.58206
2346.070441,-2422.75767,95.95582
2346.804628,-2422.1258,96.32968
2347.539099,-2421.49366,96.70364
2348.273853,-2420.86125,97.0777
2349.008909,-2420.22856,97.45188
2349.744262,-2419.59559,97.82617
2350.479917,-2418.96234,98.20058
2351.21586,-2418.32882,98.5751
2351.952106,-2417.69502,98.94974
2352.688645,-2417.06095,99.3245
2353.425473,-2416.42661,99.69937
2354.162597,-2415.79199,100.07435
2354.899998,-2415.15712,100.44945
2355.637692,-2414.52198,100.82467
2356.375658,-2413.88659,101.2
2357.113925,-2413.25092,101.57545
2357.852485,-2412.61497,101.951
2358.591333,-2411.97875,102.32666
2359.330468,-2411.34225,102.70241
2360.069874,-2410.7055,103.07827
2360.809568,-2410.06848,103.45424
2361.549543,-2409.4312,103.83032
2362.289807,-2408.79366,104.20653
2363.030347,-2408.15587,104.58286
2363.771179,-2407.51783,104.95934
2364.512276,-2406.87956,105.33595
2365.253641,-2406.24106,105.7127
2365.995293,-2405.60231,106.08959
2366.737233,-2404.96332,106.46664
2367.479437,-2404.3241,106.84382
2368.221911,-2403.68465,107.22114
2368.96465,-2403.04498,107.59861
2369.707644,-2402.40509,107.97621
2370.450922,-2401.76496,108.35396
2371.19447,-2401.12461,108.73187
2371.938279,-2400.48404,109.10992
2372.682366,-2399.84323,109.48811
2373.426718,-2399.2022,109.86645
2374.171333,-2398.56096,110.24495
2374.916174,-2397.91954,110.62359
2375.66086,-2397.27827,111.00218
2376.405136,-2396.63737,111.38059
2377.149141,-2395.99672,111.75889
2377.892822,-2395.35637,112.13706
2378.636334,-2394.71618,112.51517
2379.379906,-2394.07595,112.89333
2380.123507,-2393.43571,113.27153
2380.86718,-2392.79541,113.64977
2381.611028,-2392.15496,114.0281
2382.355059,-2391.51435,114.40652
2383.099304,-2390.87354,114.78502
2383.843763,-2390.23254,115.16362
2384.588465,-2389.59131,115.54231
2385.333403,-2388.94986,115.92109
2386.078611,-2388.30815,116.29996
2386.824093,-2387.66618,116.67893
2387.569858,-2387.02394,117.058
2388.315897,-2386.38143,117.43715
2389.062223,-2385.73864,117.81639
2389.808835,-2385.09557,118.19572
2390.555716,-2384.45223,118.57512
2391.302861,-2383.80863,118.9546
2392.050285,-2383.16476,119.33417
2392.79799,-2382.52061,119.71382
2393.545965,-2381.8762,120.09356
2394.294219,-2381.23152,120.47339
2395.042742,-2380.58658,120.85331
2395.791524,-2379.94138,121.2333
2396.540563,-2379.29593,121.61337
2397.289854,-2378.65024,121.99353
2398.039415,-2378.00429,122.37378
2398.789227,-2377.35809,122.7541
2399.539223,-2376.7117,123.13446
2400.289289,-2376.06521,123.51479
2401.039518,-2375.41855,123.89515
2401.790046,-2374.77159,124.27559
2402.54086,-2374.12435,124.65612
2403.291911,-2373.47686,125.03669
2404.043175,-2372.82914,125.41729
2404.794697,-2372.18115,125.79794
2405.546477,-2371.53289,126.17864
2406.298505,-2370.88436,126.55937
2407.05077,-2370.23558,126.94014
2407.803273,-2369.58654,127.32094
2408.556016,-2368.93724,127.70177
2409.309007,-2368.28767,128.08263
2410.062248,-2367.63781,128.46349
2410.815738,-2366.98768,128.84438
2411.56946,-2366.33728,129.22527
2412.32342,-2365.68661,129.60617
2413.0776,-2365.03568,129.98706
2413.832008,-2364.38448,130.36794
2414.586666,-2363.73299,130.74882
2415.341573,-2363.0812,131.12968
2416.096741,-2362.42909,131.51051
2416.852158,-2361.77668,131.89132
2417.607814,-2361.12397,132.27209
2418.363719,-2360.47096,132.65284
2419.119865,-2359.81766,133.03357
2419.876261,-2359.16407,133.4143
2420.632887,-2358.51022,133.79504
2421.389744,-2357.85612,134.17581
2422.14682,-2357.20179,134.55662
2422.90412,-2356.54723,134.93748
2423.661649,-2355.89244,135.3184
2424.419457,-2355.23738,135.69941
2425.177494,-2354.5821,136.0805
2425.935794,-2353.92657,136.46168
2426.694341,-2353.2708,136.84294
2427.453145,-2352.61479,137.2243
2428.212189,-2351.95855,137.60574
2428.971494,-2351.30206,137.98727
2429.731035,-2350.64535,138.36889
2430.490819,-2349.98841,138.7506
2431.250839,-2349.33125,139.1324
2432.011094,-2348.67386,139.51427
2432.771592,-2348.01624,139.89623
2433.532324,-2347.35839,140.27826
2434.293299,-2346.7003,140.66036
2435.054515,-2346.04196,141.04251
2435.815961,-2345.38339,141.42472
2436.577654,-2344.72455,141.80696
2437.339593,-2344.06545,142.18924
2438.101781,-2343.40608,142.57155
2438.864188,-2342.74645,142.95385
2439.626825,-2342.08656,143.33616
2440.389683,-2341.42641,143.71846
2441.152772,-2340.76598,144.10074
2441.916099,-2340.10527,144.48301
2442.679655,-2339.44429,144.86527
2443.443448,-2338.78303,145.24752
2444.20747,-2338.1215,145.62976
2444.971734,-2337.45969,146.012
2445.736246,-2336.7976,146.39425
2446.500997,-2336.13524,146.77651
2447.265995,-2335.4726,147.15878
2448.031219,-2334.80971,147.54107
2448.796688,-2334.14655,147.92338
2449.562397,-2333.48313,148.30572
2450.328351,-2332.81945,148.6881
2451.094546,-2332.15552,149.07053
2451.860971,-2331.49136,149.45302
2452.627617,-2330.82698,149.83557
2453.394492,-2330.16237,150.21818
2454.161611,-2329.49753,150.60088
2454.928955,-2328.83247,150.98365
2455.696522,-2328.1672,151.3665
2456.464288,-2327.50174,151.74942
2457.232266,-2326.83607,152.1324
2458.000452,-2326.1702,152.51545
2458.768881,-2325.50409,152.89857
2459.537567,-2324.83773,153.28177
2460.306523,-2324.17111,153.66506
2461.075721,-2323.50424,154.0484
2461.845143,-2322.83714,154.43179
2462.614793,-2322.1698,154.81522
2463.384671,-2321.50222,155.19869
2464.154776,-2320.83439,155.58218
2464.925109,-2320.16632,155.96571
2465.69567,-2319.49801,156.34928
2466.466444,-2318.82946,156.73286
2467.237424,-2318.16069,157.11647
2468.008612,-2317.49168,157.50008
2468.78004,-2316.82241,157.88372
2469.551713,-2316.15287,158.26738
2470.323621,-2315.48307,158.65106
2471.09575,-2314.81301,159.03473
2471.868082,-2314.14271,159.41839
2472.640613,-2313.47217,159.80203
2473.413388,-2312.80136,160.18569
2474.186397,-2312.13028,160.56935
2474.959636,-2311.45893,160.953
2475.733096,-2310.78732,161.33664
2476.506765,-2310.11544,161.72023
2477.280631,-2309.44331,162.10378
2478.054735,-2308.77089,162.4873
2478.829065,-2308.09818,162.87077
2479.603632,-2307.42517,163.25419
2480.37842,-2306.75186,163.63753
2481.153428,-2306.07825,164.02079
2481.928655,-2305.40435,164.40398
2482.704102,-2304.73015,164.78709
2483.479777,-2304.05566,165.17015
2484.255657,-2303.3809,165.55315
2485.031745,-2302.70589,165.93613
2485.808026,-2302.03063,166.31906
2486.58451,-2301.35513,166.70198
2487.361193,-2300.67939,167.08488
2488.138093,-2300.00339,167.46776
2488.915195,-2299.32714,167.85061
2489.692508,-2298.65062,168.23341
2490.470056,-2297.97379,168.61614
2491.247835,-2297.29665,168.99879
2492.025874,-2296.61916,169.38135
2492.804144,-2295.94132,169.76376
2493.582636,-2295.26313,170.146
2494.361311,-2294.5846,170.52801
2495.140205,-2293.9057,170.90981
2495.919295,-2293.22643,171.29135
2496.698619,-2292.54675,171.67264
2497.478143,-2291.86669,172.05366
2498.257894,-2291.18623,172.43443
2499.03784,-2290.50539,172.81492
2499.817991,-2289.82417,173.19515
2500.598351,-2289.14256,173.57511
2501.378911,-2288.46056,173.95478
2502.159671,-2287.77817,174.33416
2502.940647,-2287.09537,174.71325
2503.721823,-2286.41216,175.09201
2504.503222,-2285.7285,175.47042
2505.284859,-2285.04437,175.84847
2506.06671,-2284.35978,176.22613
2506.848777,-2283.6747,176.60335
2507.631043,-2282.98913,176.98009
2508.413497,-2282.30307,177.35633
2509.196164,-2281.61651,177.7321
2509.979047,-2280.92943,178.10737
2510.762152,-2280.24182,178.48213
2511.545446,-2279.5537,178.85635
2512.328946,-2278.86508,179.23008
2513.112625,-2278.17599,179.60332
2513.896507,-2277.48641,179.97608
2514.680579,-2276.79636,180.34837
2515.464856,-2276.10584,180.72022
2516.249324,-2275.41486,181.09162
2517.033989,-2274.7234,181.46254
2517.818836,-2274.03147,181.83297
2518.603898,-2273.33904,182.20292
2519.389197,-2272.64607,182.57236
2520.174726,-2271.95254,182.94124
2520.960464,-2271.25845,183.30951
2521.746384,-2270.56383,183.67717
2522.532506,-2269.86866,184.04422
2523.318825,-2269.17295,184.41067
2524.105351,-2268.47668,184.7765
2524.892063,-2267.77987,185.1417
2525.678957,-2267.08254,185.5063
2526.466039,-2266.38469,185.87031
2527.253323,-2265.68631,186.23374
2528.0408,-2264.98741,186.59659
2528.828482,-2264.28799,186.95888
2529.616364,-2263.58806,187.32062
2530.404425,-2262.88765,187.68182
2531.192687,-2262.18675,188.04251
2531.981139,-2261.48538,188.4027
2532.769812,-2260.7835,188.76238
2533.558681,-2260.08115,189.12157
2534.347749,-2259.37833,189.48028
2535.137005,-2258.67506,189.83852
2535.926466,-2257.97134,190.19633
2536.716103,-2257.26719,190.55368
2537.505933,-2256.5626,190.91059
2538.295949,-2255.85758,191.26706
2539.086154,-2255.15213,191.6231
2539.876563,-2254.44622,191.97868
2540.667167,-2253.73985,192.33378
2541.457971,-2253.033,192.68837
2542.248984,-2252.32565,193.04243
2543.040208,-2251.61779,193.39594
2543.831629,-2250.90942,193.74887
2544.623244,-2250.20054,194.10121
2545.415031,-2249.49117,194.45295
2546.207005,-2248.78128,194.80406
2546.999179,-2248.07087,195.15457
2547.791536,-2247.35995,195.50446
2548.584091,-2246.64851,195.85374
2549.376817,-2245.93659,196.20243
2550.169742,-2245.22416,196.55053
2550.96284,-2244.51125,196.89804
2551.756129,-2243.79784,197.24496
2552.549592,-2243.08394,197.59127
2553.34324,-2242.36953,197.93695
2554.137072,-2241.65461,198.282
2554.931105,-2240.93915,198.62639
2555.725348,-2240.22312,198.97008
2556.519802,-2239.50651,199.31305
2557.314435,-2238.78934,199.65526
2558.10925,-2238.0716,199.9967
2558.904246,-2237.35329,200.33736
2559.699419,-2236.63441,200.67723
2560.494762,-2235.91496,201.01629
2561.290294,-2235.19491,201.35452
2562.086009,-2234.47426,201.6919
2562.881916,-2233.753,202.02843
2563.678004,-2233.03114,202.3641
2564.474266,-2232.30867,202.69887
2565.270701,-2231.58558,203.03271
2566.067323,-2230.86186,203.36563
2566.864129,-2230.13751,203.69762
2567.661136,-2229.41251,204.02867
2568.458316,-2228.68689,204.35878
2569.255676,-2227.96066,204.68798
2570.053221,-2227.23382,205.01628
2570.850954,-2226.50639,205.34373
2571.648864,-2225.77841,205.67039
2572.446965,-2225.04989,205.99631
2573.245236,-2224.32088,206.32155
2574.043682,-2223.59138,206.64612
2574.842297,-2222.86142,206.97007
2575.641097,-2222.131,207.29344
2576.440074,-2221.40013,207.61623
2577.239237,-2220.66881,207.93846
2578.038596,-2219.93702,208.26011
2578.838137,-2219.20476,208.58114
2579.637861,-2218.47201,208.90151
2580.437781,-2217.73875,209.2212
2581.237909,-2217.00495,209.54017
2582.038225,-2216.27061,209.85837
2582.838732,-2215.53573,210.1758
2583.63942,-2214.80032,210.49246
2584.440275,-2214.06441,210.80838
2585.241315,-2213.32799,211.12358
2586.042539,-2212.59108,211.4381
2586.843918,-2211.85372,211.75196
2587.645468,-2211.11591,212.0652
2588.447174,-2210.37768,212.37785
2589.249064,-2209.63901,212.68993
2590.051144,-2208.89991,213.00148
2590.853428,-2208.16037,213.31251
2591.655904,-2207.42042,213.62306
2592.458561,-2206.68008,213.93315
2593.261405,-2205.93935,214.24279
2594.064394,-2205.19827,214.55197
2594.867556,-2204.45682,214.86071
2595.670899,-2203.71499,215.16901
2596.474436,-2202.97276,215.47685
2597.278182,-2202.2301,215.7842
2598.082124,-2201.487,216.091
2598.886238,-2200.74348,216.39723
2599.690538,-2199.99952,216.70288
2600.495012,-2199.25513,217.00794
2601.299675,-2198.51029,217.3124
2602.104507,-2197.76503,217.61628
2602.909499,-2197.01935,217.91955
2603.71466,-2196.27326,218.22226
2604.519999,-2195.52675,218.52441
2605.325518,-2194.77982,218.826
2606.131206,-2194.03247,219.127
2606.937062,-2193.28471,219.42743
2607.743076,-2192.53653,219.72724
2608.54928,-2191.78789,220.02641
2609.355664,-2191.0388,220.32494
2610.162258,-2190.28923,220.62283
2610.96904,-2189.53918,220.92002
2611.775979,-2188.78868,221.2165
2612.583078,-2188.03774,221.5123
2613.390348,-2187.28636,221.80745
2614.197793,-2186.53455,222.10198
2615.005421,-2185.7823,222.39589
2615.813205,-2185.02964,222.68918
2616.62114,-2184.27657,222.98183
2617.42922,-2183.5231,223.27385
2618.237433,-2182.76922,223.56518
2619.045826,-2182.01485,223.85574
2619.854405,-2181.25998,224.14552
2620.663183,-2180.50458,224.43447
2621.472146,-2179.74863,224.7225
2622.281288,-2178.99212,225.00956
2623.090595,-2178.23507,225.29566
2623.900074,-2177.47749,225.58084
2624.709707,-2176.71941,225.86513
2625.519516,-2175.96082,226.14856
2626.329482,-2175.20175,226.43115
2627.139597,-2174.44222,226.71293
2627.94985,-2173.68225,226.99392
2628.760278,-2172.92182,227.27417
2629.570861,-2172.16096,227.5537
2630.381613,-2171.39966,227.83252
2631.192512,-2170.63795,228.11065
2632.003564,-2169.87582,228.38807
2632.814774,-2169.11327,228.6648
2633.626146,-2168.35029,228.94082
2634.437707,-2167.58685,229.21612
2635.249465,-2166.82293,229.49067
2636.061403,-2166.05854,229.76444
2636.873504,-2165.29369,230.03741
2637.68576,-2164.52838,230.30955
2638.498193,-2163.76259,230.58087
2639.310784,-2162.99633,230.85133
2640.123523,-2162.22962,231.12096
2640.936421,-2161.46245,231.38976
2641.74947,-2160.69483,231.65773
2642.562664,-2159.92677,231.92488
2643.376021,-2159.15826,232.19123
2644.189542,-2158.38931,232.45681
2645.003213,-2157.61994,232.72163
2645.817047,-2156.85015,232.98573
2646.631042,-2156.07995,233.24913
2647.445186,-2155.30935,233.51182
2648.259505,-2154.53834,233.77385
2649.073982,-2153.76694,234.03522
2649.888623,-2152.99515,234.29595
2650.703429,-2152.22297,234.55604
2651.518385,-2151.45042,234.8155
2652.333491,-2150.67751,235.07436
2653.148767,-2149.90422,235.33262
2653.964199,-2149.13057,235.59029
2654.779798,-2148.35656,235.84741
2655.595544,-2147.58221,236.10397
2656.411442,-2146.80752,236.35999
2657.227495,-2146.0325,236.6155
2658.043704,-2145.25715,236.87051
2658.860083,-2144.48146,237.12503
2659.676621,-2143.70545,237.37908
2660.493316,-2142.92913,237.63269
2661.310156,-2142.15251,237.88585
2662.127143,-2141.3756,238.13859
2662.944287,-2140.59839,238.39092
2663.761607,-2139.82087,238.64286
2664.579079,-2139.04306,238.8944
2665.396704,-2138.26496,239.14554
2666.214473,-2137.48658,239.39628
2667.032396,-2136.70791,239.64662
2667.850484,-2135.92894,239.89657
2668.668733,-2135.14968,240.14614
2669.487143,-2134.37012,240.3953
2670.305691,-2133.59029,240.64407
2671.124395,-2132.81017,240.89244
2671.943243,-2132.02978,241.14044
2672.76225,-2131.2491,241.38805
2673.581417,-2130.46814,241.63531
2674.400734,-2129.68691,241.88221
2675.220193,-2128.90542,242.12876
2676.039808,-2128.12366,242.37497
2676.859553,-2127.34166,242.62085
2677.679465,-2126.55939,242.86643
2678.499516,-2125.77688,243.11171
2679.319725,-2124.99412,243.35672
2680.140076,-2124.21113,243.60147
2680.96056,-2123.42792,243.84596
2681.781188,-2122.64448,244.0902
2682.601981,-2121.8608,244.33422
2683.422918,-2121.0769,244.57802
2684.244022,-2120.29276,244.82161
2685.065271,-2119.5084,245.06498
2685.886667,-2118.72382,245.30814
2686.708234,-2117.939,245.5511
2687.529961,-2117.15395,245.79386
2688.351843,-2116.36868,246.03643
2689.173857,-2115.58321,246.2788
2689.995996,-2114.79755,246.52098
2690.818273,-2114.01169,246.76298
2691.640711,-2113.22561,247.00481
2692.463296,-2112.43932,247.24646
2693.286029,-2111.65282,247.48793
2694.108929,-2110.8661,247.72925
2694.931953,-2110.0792,247.97041
2695.755131,-2109.2921,248.21144
2696.578443,-2108.50482,248.45234
2697.401898,-2107.71736,248.69314
2698.225499,-2106.92972,248.93385
2699.049251,-2106.1419,249.17449
2699.873146,-2105.35391,249.41506
2700.697182,-2104.56575,249.65556
2701.521364,-2103.77742,249.896
2702.345691,-2102.98892,250.13638
2703.170191,-2102.20023,250.37673
2703.994846,-2101.41136,250.61702
2704.819636,-2100.62233,250.85725
2705.644559,-2099.83314,251.09741
2706.469629,-2099.04378,251.33752
2707.294848,-2098.25425,251.57758
2708.120209,-2097.46456,251.8176
2708.945693,-2096.67472,252.05755
2709.771305,-2095.88473,252.29745
2710.597047,-2095.09459,252.5373
2711.42293,-2094.30429,252.77711
2712.248949,-2093.51383,253.01686
2713.075112,-2092.72321,253.25658
2713.901426,-2091.93242,253.49626
2714.727904,-2091.14145,253.73591
2715.554496,-2090.35034,253.97549
2716.381211,-2089.55908,254.215
2717.20808,-2088.76764,254.45445
2718.035102,-2087.97602,254.69383
2718.862285,-2087.18421,254.93314
2719.689593,-2086.39224,255.17235
2720.517022,-2085.60011,255.41145
2721.344572,-2084.80782,255.65044
2722.172276,-2084.01534,255.88933
2723.000123,-2083.22268,256.12812
2723.828116,-2082.42984,256.36682
2724.656224,-2081.63685,256.60542
2725.484457,-2080.8437,256.84392
2726.312817,-2080.05039,257.08233
2727.14131,-2079.25692,257.32067
2727.969942,-2078.46328,257.55893
2728.798708,-2077.66948,257.79712
2729.627602,-2076.87552,258.03522
2730.456644,-2076.08138,258.27324
2731.285827,-2075.28707,258.51118
2732.115151,-2074.49258,258.74901
2732.944615,-2073.69791,258.98673
2733.774216,-2072.90307,259.22436
2734.60394,-2072.10807,259.46188
2735.433778,-2071.31292,259.6993
2736.263757,-2070.5176,259.93664
2737.093863,-2069.72212,260.17389
2737.924102,-2068.92648,260.41107
2738.754468,-2068.13069,260.64819
2739.58496,-2067.33475,260.88525
2740.415561,-2066.53868,261.12225
2741.246283,-2065.74247,261.35921
2742.077126,-2064.94612,261.59612
2742.908118,-2064.1496,261.83298
2743.739244,-2063.35293,262.06981
2744.57052,-2062.55609,262.30659
2745.401931,-2061.75909,262.54331
2746.23347,-2060.96194,262.77997
2747.065163,-2060.16461,263.01657
2747.896978,-2059.36713,263.25309
2748.728936,-2058.56948,263.48954
2749.561003,-2057.77169,263.7259
2750.393188,-2056.97375,263.96217
2751.225482,-2056.17567,264.19835
2752.05791,-2055.37742,264.43443
2752.890462,-2054.57902,264.67044
2753.723152,-2053.78045,264.90636
2754.555957,-2052.98173,265.14218
2755.388881,-2052.18286,265.37791
2756.221923,-2051.38384,265.61355
2757.055096,-2050.58466,265.84911
2757.888394,-2049.78532,266.08457
2758.721826,-2048.98582,266.31996
2759.555367,-2048.18618,266.55526
2760.389029,-2047.38639,266.79048
2761.222812,-2046.58645,267.02562
2762.056727,-2045.78635,267.26068
2762.890779,-2044.98608,267.49565
2763.724943,-2044.18567,267.73054
2764.559239,-2043.38509,267.96532
2765.393654,-2042.58436,268.20001
2766.228194,-2041.78347,268.4346
2767.062869,-2040.98241,268.66909
2767.89766,-2040.1812,268.90348
2768.732581,-2039.37982,269.13775
2769.567595,-2038.57831,269.37191
2770.40273,-2037.77664,269.60595
2771.23797,-2036.97483,269.83989
2772.073337,-2036.17286,270.07373
2772.908819,-2035.37074,270.30747
2773.744437,-2034.56845,270.54111
2774.580177,-2033.766,270.77464
2775.416018,-2032.96342,271.00808
2776.251974,-2032.16069,271.24142
2777.088047,-2031.35781,271.47466
2777.924244,-2030.55478,271.70783
2778.760559,-2029.7516,271.94091
2779.596997,-2028.94827,272.17391
2780.433544,-2028.1448,272.40682
2781.270197,-2027.3412,272.63966
2782.106974,-2026.53745,272.87243
2782.943883,-2025.73354,273.10512
2783.780916,-2024.92948,273.33774
2784.618068,-2024.12527,273.57027
2785.455323,-2023.32093,273.80272
2786.292707,-2022.51643,274.03508
2787.130193,-2021.7118,274.26736
2787.967823,-2020.907,274.49957
2788.805573,-2020.10205,274.73169
2789.643437,-2019.29696,274.96374
2790.481395,-2018.49175,275.19571
2791.319456,-2017.68641,275.4276
2792.157626,-2016.88093,275.6594
2792.995926,-2016.0753,275.89115
2793.834361,-2015.26951,276.12283
2794.672902,-2014.46359,276.35444
2795.511551,-2013.65754,276.58599
2796.350299,-2012.85137,276.81748
2797.189167,-2012.04506,277.04892
2798.028156,-2011.23861,277.28031
2798.86725,-2010.43204,277.51166
2799.706438,-2009.62536,277.74297
2800.545729,-2008.81857,277.97427
2801.385136,-2008.01166,278.20557
2802.224667,-2007.20462,278.43687
2803.064307,-2006.39747,278.66818
2803.904071,-2005.5902,278.89952
2804.743927,-2004.78284,279.13088
2805.583899,-2003.97537,279.36228
2806.423967,-2003.16781,279.59371
2807.264163,-2002.36013,279.82519
2808.104498,-2001.55232,280.05672
2808.944946,-2000.74441,280.28831
2809.785506,-1999.9364,280.51996
2810.626174,-1999.12829,280.75165
2811.466932,-1998.3201,280.98339
2812.307813,-1997.5118,281.21519
2813.148796,-1996.70341,281.44705
2813.989887,-1995.89492,281.67895
2814.831078,-1995.08634,281.9109
2815.67237,-1994.27767,282.1429
2816.513761,-1993.46891,282.37495
2817.35526,-1992.66005,282.60704
2818.196869,-1991.85109,282.83918
2819.038592,-1991.04202,283.07135
2819.880422,-1990.23285,283.30356
2820.722343,-1989.42359,283.53579
2821.56437,-1988.61423,283.76805
2822.406524,-1987.80474,284.00032
2823.248801,-1986.99513,284.23262
2824.091194,-1986.1854,284.46492
2824.933706,-1985.37555,284.69723
2825.77632,-1984.56559,284.92953
2826.619049,-1983.75551,285.16183
2827.461886,-1982.94531,285.3941
2828.304825,-1982.135,285.62636
2829.147872,-1981.32457,285.85859
2829.990744,-1980.51429,286.09071
2830.833077,-1979.70451,286.32262
2831.675057,-1978.89505,286.55436
2832.516652,-1978.08594,286.78593
2833.35797,-1977.27708,287.01736
2834.199201,-1976.46828,287.24869
2835.040183,-1975.6597,287.47988
2835.881048,-1974.85121,287.71096
2836.721882,-1974.04273,287.94196
2837.562766,-1973.23418,288.1729
2838.403667,-1972.42559,288.40376
2839.244616,-1971.61693,288.63455
2840.085654,-1970.80816,288.86528
2840.926801,-1969.99926,289.09595
2841.768044,-1969.19024,289.32655
2842.609383,-1968.3811,289.55708
2843.450814,-1967.57185,289.78756
2844.292368,-1966.76245,290.01796
2845.134027,-1965.95292,290.24829
2845.975793,-1965.14326,290.47855
2846.817664,-1964.33347,290.70874
2847.659651,-1963.52354,290.93886
2848.501739,-1962.71349,291.16893
2849.343934,-1961.90331,291.39893
2850.186252,-1961.09299,291.62889
2851.028685,-1960.28254,291.85881
2851.871231,-1959.47196,292.08869
2852.713901,-1958.66124,292.31853
2853.556682,-1957.8504,292.54835
2854.399586,-1957.03942,292.77813
2855.242603,-1956.22832,293.0079
2856.08573,-1955.4171,293.23765
2856.928964,-1954.60576,293.46737
2857.772315,-1953.79429,293.69706
2858.615761,-1952.98271,293.92671
2859.459319,-1952.171,294.15631
2860.302966,-1951.35918,294.38585
2861.146712,-1950.54724,294.61533
2861.990561,-1949.73517,294.84473
2862.834502,-1948.92298,295.07404
2863.678558,-1948.11065,295.30328
2864.522722,-1947.29818,295.53242
2865.366984,-1946.48558,295.76146
2866.211349,-1945.67285,295.99042
2867.05583,-1944.85998,296.21931
2867.900418,-1944.04698,296.44813
2868.745116,-1943.23385,296.6769
2869.58992,-1942.4206,296.90563
2870.434802,-1941.60726,297.13433
2871.279794,-1940.7938,297.36301
2872.12486,-1939.98026,297.59168
2872.970064,-1939.16658,297.82036
2873.815345,-1938.35282,298.04904
2874.660717,-1937.53896,298.2777
2875.506185,-1936.725,298.50636
2876.351757,-1935.91093,298.73501
2877.197453,-1935.09673,298.96366
2878.04326,-1934.28241,299.19229
2878.889179,-1933.46797,299.42091
2879.735218,-1932.6534,299.64951
2880.581348,-1931.83873,299.87809
2881.427598,-1931.02393,300.10665
2882.273936,-1930.20903,300.33518
2883.120365,-1929.39403,300.56369
2883.966897,-1928.57892,300.79219
2884.813537,-1927.7637,301.0207
2885.660261,-1926.9484,301.24923
2886.507095,-1926.13299,301.47778
2887.354017,-1925.3175,301.70637
2888.201054,-1924.5019,301.93499
2889.048182,-1923.68621,302.16363
2889.895405,-1922.87043,302.3923
2890.742733,-1922.05455,302.621
2891.590145,-1921.23859,302.84973
2892.437674,-1920.42252,303.0785
2893.285308,-1919.60635,303.3073
2894.133046,-1918.79008,303.53613
2894.980891,-1917.97371,303.765
2895.828834,-1917.15725,303.99391
2896.676884,-1916.34069,304.22286
2897.525046,-1915.52403,304.45187
2898.373318,-1914.70727,304.68093
2899.221681,-1913.89043,304.91004
2900.070149,-1913.0735,305.13922
2900.918705,-1912.25649,305.36844
2901.767376,-1911.43938,305.59773
2902.61613,-1910.6222,305.82708
2903.464984,-1909.80494,306.05651
2904.313933,-1908.9876,306.28601
2905.162985,-1908.17017,306.51557
2906.012133,-1907.35266,306.7452
2906.86138,-1906.53507,306.97491
2907.71073,-1905.71739,307.20468
2908.560163,-1904.89964,307.43451
2909.409721,-1904.08178,307.66441
2910.259373,-1903.26384,307.89437
2911.109136,-1902.4458,308.12439
2911.958984,-1901.62769,308.35447
2912.808947,-1900.80948,308.58462
2913.65899,-1899.9912,308.81482
2914.509162,-1899.17281,309.0451
2915.359429,-1898.35434,309.27545
2916.209804,-1897.53578,309.50588
2917.060278,-1896.71714,309.73639
2917.910854,-1895.89842,309.96699
2918.761519,-1895.07963,310.19767
2919.612287,-1894.26076,310.42845
2920.463145,-1893.44182,310.65931
2921.314102,-1892.6228,310.89025
2922.165152,-1891.8037,311.12125
2923.016288,-1890.98453,311.35232
2923.867527,-1890.16527,311.58345
2924.718859,-1889.34593,311.81464
2925.570304,-1888.52649,312.04589
2926.421849,-1887.70696,312.27719
2927.273497,-1886.88734,312.50855
2928.125233,-1886.06764,312.73995
2928.977079,-1885.24784,312.9714
2929.829022,-1884.42795,313.20289
2930.681066,-1883.60797,313.43443
2931.533219,-1882.78789,313.66602
2932.385474,-1881.96771,313.89763
2933.237816,-1881.14745,314.12928
2934.090257,-1880.3271,314.36097
2934.942807,-1879.50665,314.59271
2935.795452,-1878.68611,314.82448
2936.648191,-1877.86548,315.05628
2937.501038,-1877.04475,315.28812
2938.353973,-1876.22394,315.52
2939.207002,-1875.40304,315.75191
2940.060129,-1874.58205,315.98386
2940.913356,-1873.76097,316.21586
2941.76668,-1872.9398,316.4479
2942.620108,-1872.11854,316.68
2943.473631,-1871.2972,316.91217
2944.327258,-1870.47577,317.1444
2945.180977,-1869.65426,317.37669
2946.034796,-1868.83267,317.60906
2946.888703,-1868.01101,317.84151
2947.74271,-1867.18927,318.07404
2948.596817,-1866.36745,318.30666
2949.451027,-1865.54555,318.53937
2950.305338,-1864.72357,318.77217
2951.15974,-1863.90152,319.00506
2952.014247,-1863.07939,319.23805
2952.868843,-1862.25719,319.47112
2953.723541,-1861.43491,319.70428
2954.578332,-1860.61255,319.9375
2955.433223,-1859.7901,320.17077
2956.28821,-1858.96757,320.40411
2957.143292,-1858.14495,320.63748
2957.998483,-1857.32222,320.87086
2958.853748,-1856.49941,321.10423
2959.709109,-1855.6765,321.3376
2960.564567,-1854.85348,321.57094
2961.420117,-1854.03036,321.80426
2962.275747,-1853.20715,322.03756
2963.131475,-1852.38383,322.27083
2963.987294,-1851.56041,322.50408
2964.843216,-1850.73688,322.73732
2965.699229,-1849.91325,322.97054
2966.555326,-1849.08953,323.20375
2967.411519,-1848.26571,323.43696
2968.267812,-1847.44178,323.67015
2969.124218,-1846.61773,323.90333
2969.980708,-1845.79359,324.1365
2970.837311,-1844.96933,324.36966
2971.693993,-1844.14499,324.60283
2972.550772,-1843.32055,324.836
2973.407637,-1842.49602,325.06917
2974.264594,-1841.6714,325.30236
2975.121643,-1840.84669,325.53557
2975.978787,-1840.02189,325.76881
2976.836023,-1839.197,326.00207
2977.693345,-1838.37203,326.23536
2978.550759,-1837.54698,326.46871
2979.408259,-1836.72185,326.70209
2980.265849,-1835.89664,326.93552
2981.123534,-1835.07134,327.16898
2981.981311,-1834.24595,327.40246
2982.839168,-1833.42048,327.63595
2983.697114,-1832.59492,327.86945
2984.555147,-1831.76927,328.10295
2985.413282,-1830.94352,328.33647
2986.271519,-1830.11766,328.56998
2987.12984,-1829.29171,328.80348
2987.988265,-1828.46565,329.03697
2988.846768,-1827.6395,329.27043
2989.705359,-1826.81325,329.50386
2990.564051,-1825.98689,329.73727
2991.42284,-1825.16042,329.97065
2992.281714,-1824.33385,330.20399
2993.140667,-1823.50719,330.4373
2993.999715,-1822.68042,330.67057
2994.858852,-1821.85355,330.90381
2995.718085,-1821.02657,331.13702
2996.577395,-1820.1995,331.37019
2997.436783,-1819.37234,331.60333
2998.296262,-1818.54508,331.83645
2999.155841,-1817.71771,332.06955
3000.015502,-1816.89025,332.30263
3000.875253,-1816.06269,332.53569
3001.735096,-1815.23503,332.76873
3002.595032,-1814.40727,333.00176
3003.455058,-1813.57941,333.23477
3004.315178,-1812.75145,333.46777
3005.175402,-1811.92338,333.70076
3006.035712,-1811.09522,333.93375
3006.896115,-1810.26696,334.16673
3007.756606,-1809.43861,334.39971
3008.617177,-1808.61017,334.63267
3009.477832,-1807.78164,334.86562
3010.338579,-1806.95301,335.09855
3011.199409,-1806.12429,335.33147
3012.060326,-1805.29548,335.56439
3012.921331,-1804.46657,335.79728
3013.782419,-1803.63757,336.03016
3014.64359,-1802.80848,336.26302
3015.504841,-1801.9793,336.49586
3016.366196,-1801.15001,336.72869
3017.227651,-1800.32061,336.9615
3018.089202,-1799.49111,337.19431
3018.950844,-1798.66151,337.4271
3019.812584,-1797.8318,337.65986
3020.674418,-1797.00199,337.89261
3021.536327,-1796.17209,338.12532
3022.398333,-1795.34209,338.35803
3023.260413,-1794.51201,338.59073
3024.12259,-1793.68183,338.82343
3024.984846,-1792.85157,339.05614
3025.847201,-1792.02121,339.28886
3026.709645,-1791.19076,339.52159
3027.572189,-1790.36021,339.75433
3028.434812,-1789.52958,339.98708
3029.297519,-1788.69886,340.21982
3030.160316,-1787.86805,340.45257
3031.023196,-1787.03715,340.68531
3031.886169,-1786.20616,340.91807
3032.749233,-1785.37508,341.15085
3033.612378,-1784.54392,341.38364
3034.475626,-1783.71266,341.61646
3035.338963,-1782.88132,341.84932
3036.202387,-1782.0499,342.08222
3037.065895,-1781.21841,342.31518
3037.929494,-1780.38684,342.54819
3038.793178,-1779.5552,342.78127
3039.656955,-1778.72349,343.01444
3040.520808,-1777.89172,343.24768
3041.384772,-1777.05986,343.48101
3042.248815,-1776.22794,343.71442
3043.112948,-1775.39595,343.94791
3043.977159,-1774.56389,344.18144
3044.84146,-1773.73175,344.41502
3045.705842,-1772.89954,344.64865
3046.570322,-1772.06724,344.88232
3047.434881,-1771.23486,345.116
3048.299545,-1770.40238,345.34971
3049.164276,-1769.56983,345.58342
3050.029089,-1768.7372,345.81715
3050.893999,-1767.90447,346.05088
3051.759001,-1767.07165,346.28463
3052.624095,-1766.23874,346.5184
3053.489288,-1765.40573,346.75218
3054.35456,-1764.57264,346.98597
3055.219925,-1763.73946,347.21978
3056.085384,-1762.90619,347.45362
3056.950936,-1762.07283,347.68748
3057.816578,-1761.23939,347.92139
3058.682308,-1760.40587,348.15534
3059.548112,-1759.57229,348.38935
3060.414011,-1758.73863,348.62343
3061.279991,-1757.90491,348.85759
3062.146052,-1757.07113,349.09184
3063.012208,-1756.23728,349.32619
3063.878448,-1755.40337,349.56064
3064.744769,-1754.56941,349.79521
3065.611183,-1753.73539,350.02991
3066.477688,-1752.90131,350.26473
3067.344288,-1752.06717,350.49969
3068.210978,-1751.23297,350.73477
3069.077766,-1750.3987,350.96996
3069.944629,-1749.56438,351.20525
3070.811586,-1748.72999,351.44064
3071.678626,-1747.89554,351.67612
3072.545742,-1747.06103,351.91167
3073.412942,-1746.22645,352.14728
3074.280238,-1745.39179,352.38296
3075.147615,-1744.55706,352.61869
3076.01509,-1743.72224,352.85446
3076.882635,-1742.88736,353.09028
3077.750269,-1742.0524,353.32614
3078.617988,-1741.21736,353.56203
3079.4858,-1740.38224,353.79798
3080.353688,-1739.54705,354.03396
3081.221675,-1738.71177,354.26999
3082.089729,-1737.87643,354.50605
3082.957873,-1737.04101,354.74216
3083.826099,-1736.20552,354.97832
3084.694414,-1735.36995,355.21453
3085.562821,-1734.5343,355.45079
3086.431296,-1733.69859,355.68709
3087.299852,-1732.86281,355.92344
3088.168489,-1732.02696,356.15984
3089.0372,-1731.19105,356.3963
3089.906004,-1730.35506,356.63282
3090.774907,-1729.51899,356.86942
3091.64389,-1728.68286,357.1061
3092.512952,-1727.84667,357.34286
3093.382106,-1727.01041,357.57971
3094.251332,-1726.17409,357.81661
3095.120627,-1725.33772,358.05359
3095.990013,-1724.50127,358.29062
3096.859488,-1723.66475,358.52773
3097.729051,-1722.82815,358.76488
3098.598697,-1721.99148,359.00209
3099.468426,-1721.15473,359.23932
3100.338253,-1720.31789,359.47659
3101.208155,-1719.48098,359.71389
3102.07814,-1718.64399,359.95121
3102.948197,-1717.80693,360.18855
3103.818346,-1716.96978,360.42591
3104.688581,-1716.13255,360.6633
3105.558891,-1715.29525,360.90072
3106.429279,-1714.45788,361.13818
3107.29975,-1713.62043,361.37566
3108.170299,-1712.78291,361.61318
3109.040927,-1711.94531,361.85071
3109.911641,-1711.10763,362.08827
3110.78244,-1710.26987,362.32586
3111.653331,-1709.43202,362.56347
3112.52431,-1708.59409,362.80112
3113.395371,-1707.75608,363.03879
3114.26652,-1706.91799,363.2765
3115.137745,-1706.07983,363.51424
3116.009044,-1705.24161,363.75204
3116.880421,-1704.40332,363.98988
3117.751889,-1703.56495,364.22777
3118.623429,-1702.72651,364.46568
3119.495063,-1701.88797,364.70358
3120.366775,-1701.04934,364.94145
3121.238573,-1700.21061,365.17928
3122.110473,-1699.37176,365.41706
3122.982445,-1698.53282,365.65479
3123.854494,-1697.69378,365.89245
3124.726631,-1696.85463,366.13004
3125.598855,-1696.01536,366.36753
3126.471152,-1695.17599,366.60493
3127.343542,-1694.3365,366.84225
3128.216003,-1693.49691,367.07948
3129.088535,-1692.65723,367.31665
3129.961166,-1691.81743,367.55376
3130.833887,-1690.97752,367.79081
3131.706695,-1690.1375,368.02779
3132.579589,-1689.29737,368.2647
3133.452554,-1688.45715,368.50155
3134.325599,-1687.61683,368.73834
3135.198719,-1686.77642,368.97509
3136.071916,-1685.93592,369.2118
3136.945183,-1685.09533,369.44845
3137.818547,-1684.25463,369.68507
3138.69199,-1683.41384,369.92166
3139.565524,-1682.57295,370.15823
3140.439127,-1681.73198,370.39477
3141.312815,-1680.89091,370.63127
3142.186601,-1680.04973,370.86774
3143.060462,-1679.20846,371.10417
3143.934403,-1678.3671,371.34057
3144.808428,-1677.52564,371.57693
3145.682525,-1676.68409,371.81323
3146.556691,-1675.84245,372.04947
3147.430952,-1675.00069,372.28563
3148.305287,-1674.15883,372.52171
3149.179719,-1673.31685,372.75772
3150.054232,-1672.47476,372.99364
3150.928813,-1671.63258,373.22949
3151.803482,-1670.79029,373.46527
3152.67824,-1669.94789,373.70099
3153.553081,-1669.10539,373.93666
3154.427998,-1668.2628,374.17229
3155.303,-1667.42011,374.40788
3156.178057,-1666.57736,374.64346
3157.053181,-1665.73453,374.879
3157.928367,-1664.89163,375.11452
3158.803612,-1664.04866,375.35001
3159.678937,-1663.20561,375.58551
3160.55436,-1662.36246,375.82102
3161.429874,-1661.51922,376.05654
3162.305472,-1660.6759,376.29209
3163.18116,-1659.83249,376.52765
3164.056944,-1658.98898,376.76321
3164.932813,-1658.14539,376.9988
3165.808762,-1657.30172,377.2344
3166.684788,-1656.45797,377.47
3167.560898,-1655.61413,377.70559
3168.437067,-1654.77022,377.94115
3169.31332,-1653.92622,378.1767
3170.189647,-1653.08213,378.4122
3171.066046,-1652.23795,378.64765
3171.942514,-1651.39368,378.88303
3172.819055,-1650.54932,379.11836
3173.695673,-1649.70486,379.35362
3174.57237,-1648.8603,379.58881
3175.449151,-1648.01564,379.82396
3176.326023,-1647.17087,380.05905
3177.20297,-1646.32601,380.2941
3178.080006,-1645.48105,380.52912
3178.957123,-1644.636,380.76412
3179.834331,-1643.79085,380.9991
3180.711611,-1642.94562,381.23406
3181.588986,-1642.10028,381.46898
3182.466443,-1641.25485,381.70388
3183.343968,-1640.40934,381.93875
3184.221551,-1639.56376,382.17358
3185.099214,-1638.71809,382.40839
3185.97695,-1637.87234,382.64318
3186.854773,-1637.02649,382.87794
3187.732688,-1636.18054,383.11268
3188.610682,-1635.3345,383.34739
3189.488747,-1634.48838,383.58208
3190.366903,-1633.64216,383.81675
3191.245136,-1632.79586,384.05142
3192.123429,-1631.94949,384.28606
3193.0018,-1631.10303,384.52067
3193.880244,-1630.25649,384.75526
3194.758749,-1629.40988,384.98983
3195.637319,-1628.5632,385.22439
3196.515956,-1627.71645,385.45895
3197.394675,-1626.86961,385.69349
3198.273488,-1626.02267,385.92802
3199.152394,-1625.17563,386.16254
3200.031392,-1624.32849,386.39704
3200.910469,-1623.48127,386.63155
3201.789616,-1622.63398,386.86607
3202.668856,-1621.7866,387.10061
3203.54816,-1620.93915,387.33514
3204.427551,-1620.09161,387.56967
3205.307023,-1619.24398,387.80418
3206.186567,-1618.39627,388.03867
3207.066186,-1617.54848,388.27315
3207.94588,-1616.7006,388.50759
3208.825666,-1615.85262,388.74201
3209.705509,-1615.00458,388.97643
3210.58542,-1614.15647,389.21085
3211.465395,-1613.3083,389.44529
3212.345437,-1612.46007,389.67977
3213.225568,-1611.61176,389.91429
3214.105765,-1610.7634,390.14888
3214.986038,-1609.91498,390.38354
3215.866391,-1609.0665,390.61828
3216.746838,-1608.21795,390.85312
3217.627392,-1607.36932,391.08807
3218.50802,-1606.52064,391.32312
3219.388736,-1605.6719,391.55828
3220.269511,-1604.82312,391.79352
3221.150368,-1603.97428,392.02885
3222.031287,-1603.12539,392.26423
3222.912294,-1602.27642,392.49965
3223.793366,-1601.42739,392.7351
3224.674521,-1600.57828,392.97057
3225.555727,-1599.72912,393.20605
3226.43701,-1598.87988,393.44153
3227.318353,-1598.03058,393.67702
3228.199786,-1597.18119,393.91252
3229.081286,-1596.33173,394.14802
3229.96286,-1595.48219,394.38351
3230.844519,-1594.63256,394.61899
3231.726255,-1593.78285,394.85447
3232.608069,-1592.93305,395.08992
3233.489977,-1592.08315,395.32536
3234.371952,-1591.23317,395.56076
3235.253996,-1590.38311,395.79613
3236.136125,-1589.53295,396.03146
3237.018317,-1588.68272,396.26677
3237.90058,-1587.83241,396.50206
3238.782898,-1586.98204,396.73734
3239.665298,-1586.13158,396.9726
3240.547765,-1585.28105,397.20786
3241.430307,-1584.43044,397.44311
3242.312931,-1583.57975,397.67838
3243.195638,-1582.72898,397.91367
3244.078417,-1581.87814,398.14898
3244.961285,-1581.02722,398.38433
3245.844215,-1580.17624,398.6197
3246.727215,-1579.32519,398.85508
3247.610289,-1578.47407,399.09048
3248.493461,-1577.62285,399.32589
3249.376716,-1576.77155,399.56132
3250.260039,-1575.92019,399.79679
3251.14344,-1575.06876,400.0323
3252.026903,-1574.21728,400.26786
3252.910421,-1573.36576,400.50348
3253.794015,-1572.51418,400.73917
3254.677673,-1571.66255,400.97492
3255.561408,-1570.81086,401.21074
3256.445224,-1569.95911,401.44665
3257.329106,-1569.10732,401.68266
3258.213067,-1568.25547,401.91875
3259.097115,-1567.40356,402.15495
3259.981242,-1566.55159,402.39123
3260.865436,-1565.69957,402.62758
3261.749712,-1564.84749,402.86402
3262.634055,-1563.99536,403.10053
3263.51847,-1563.14317,403.33709
3264.402965,-1562.29091,403.5737
3265.287525,-1561.43859,403.81034
3266.172164,-1560.5862,404.04702
3267.056873,-1559.73374,404.28371
3267.941648,-1558.88122,404.52043
3268.826492,-1558.02864,404.75719
3269.711411,-1557.17599,404.99398
3270.596393,-1556.32328,405.23079
3271.48146,-1555.47049,405.46763
3272.3666,-1554.61763,405.70449
3273.251803,-1553.76471,405.94137
3274.137077,-1552.91172,406.17826
3275.02243,-1552.05865,406.41516
3275.907869,-1551.20549,406.65206
3276.793396,-1550.35224,406.88896
3277.67898,-1549.49893,407.12586
3278.564637,-1548.64555,407.36278
3279.450367,-1547.7921,407.59972
3280.336167,-1546.93858,407.83667
3281.222057,-1546.08497,408.07363
3282.108019,-1545.23129,408.31061
3282.994047,-1544.37755,408.54762
3283.880144,-1543.52375,408.78467
3284.766324,-1542.66988,409.02178
3285.652575,-1541.81595,409.25894
3286.5389,-1540.96196,409.49616
3287.425302,-1540.10791,409.73345
3288.31177,-1539.25381,409.97081
3289.198318,-1538.39965,410.20825
3290.084908,-1537.54546,410.44574
3290.971548,-1536.69123,410.68327
3291.858249,-1535.83695,410.92085
3292.745011,-1534.98262,411.15848
3293.631857,-1534.12822,411.39617
3294.51877,-1533.27377,411.63393
3295.40579,-1532.41922,411.87173
3296.292888,-1531.5646,412.10957
3297.180047,-1530.70992,412.34742
3298.067284,-1529.85517,412.58531
3298.954594,-1529.00035,412.82322
3299.841976,-1528.14546,413.06115
3300.729438,-1527.29049,413.29909
3301.616962,-1526.43545,413.53701
3302.504571,-1525.58032,413.77492
3303.392237,-1524.72513,414.01283
3304.27996,-1523.86987,414.2507
3305.16773,-1523.01455,414.48853
3306.055547,-1522.15917,414.72632
3306.943434,-1521.3037,414.96405
3307.831395,-1520.44814,415.20173
3308.719427,-1519.59249,415.43935
3309.607529,-1518.73675,415.67691
3310.495716,-1517.8809,415.91439
3311.383981,-1517.02495,416.1518
3312.272342,-1516.16888,416.38914
3313.160769,-1515.31272,416.6264
3314.049279,-1514.45646,416.86361
3314.937848,-1513.60013,417.10079
3315.826475,-1512.74374,417.33797
3316.715166,-1511.88729,417.57517
3317.603932,-1511.03078,417.81244
3318.492774,-1510.17422,418.04981
3319.381674,-1509.31763,418.28729
3320.270623,-1508.46102,418.52488
3321.159618,-1507.6044,418.76261
3322.048656,-1506.74777,419.00046
3322.937757,-1505.89111,419.23844
3323.826953,-1505.03439,419.47656
3324.716226,-1504.17763,419.71482
3325.60557,-1503.32084,419.95324
3326.494978,-1502.46402,420.19179
3327.384455,-1501.60717,420.43049
3328.274011,-1500.75028,420.66934
3329.163641,-1499.89335,420.90832
3330.053344,-1499.03638,421.14743
3330.943101,-1498.17939,421.38667
3331.832931,-1497.32236,421.62604
3332.722813,-1496.46531,421.86553
3333.612784,-1495.60821,422.10517
3334.502818,-1494.75108,422.34494
3335.392935,-1493.89391,422.58487
3336.283089,-1493.03674,422.82494
3337.173302,-1492.17955,423.06516
3338.063588,-1491.32233,423.30554
3338.953946,-1490.46508,423.54608
3339.844371,-1489.60781,423.7868
3340.734854,-1488.75052,424.02766
3341.625397,-1487.89321,424.26867
3342.515993,-1487.03589,424.50984
3343.406645,-1486.17855,424.75115
3344.297365,-1485.32118,424.9926
3345.188154,-1484.46378,425.2342
3346.079016,-1483.60635,425.47596
3346.96994,-1482.7489,425.71788
3347.860936,-1481.89142,425.95996
3348.752003,-1481.03392,426.20223
3349.643139,-1480.1764,426.44468
3350.534367,-1479.31884,426.68733
3351.425648,-1478.46128,426.93017
3352.316998,-1477.60371,427.17323
3353.208396,-1476.74614,427.41647
3354.09986,-1475.88856,427.65991
3354.991394,-1475.03096,427.90354
3355.882996,-1474.17334,428.14735
3356.774658,-1473.31571,428.39134
3357.666388,-1472.45806,428.63551
3358.558172,-1471.6004,428.87984
3359.450024,-1470.74272,429.12435
3360.341951,-1469.88501,429.36903
3361.233947,-1469.02728,429.61389
3362.125997,-1468.16954,429.85891
3363.018113,-1467.31178,430.1041
3363.910296,-1466.45399,430.34943
3364.802552,-1465.59617,430.59492
3365.694875,-1464.73832,430.84055
3366.587265,-1463.88044,431.08632
3367.479708,-1463.02254,431.33221
3368.372197,-1462.16463,431.57823
3369.264744,-1461.30669,431.82436
3370.157367,-1460.4487,432.07059
3371.050063,-1459.59066,432.31691
3371.942846,-1458.73255,432.5633
3372.83569,-1457.87439,432.80974
3373.728594,-1457.01618,433.05622
3374.621569,-1456.15791,433.30275
3375.514591,-1455.2996,433.54931
3376.407695,-1454.44121,433.79589
3377.300862,-1453.58276,434.04249
3378.194086,-1452.72426,434.28912
3379.087361,-1451.86571,434.53576
3379.980689,-1451.00711,434.78242
3380.874084,-1450.14844,435.02908
3381.767559,-1449.28969,435.27575
3382.661111,-1448.43086,435.52242
3383.554729,-1447.57197,435.76912
3384.448403,-1446.71303,436.01585
3385.342131,-1445.85404,436.2626
3386.235936,-1444.99497,436.50935
3387.12981,-1444.13583,436.75611
3388.023758,-1443.27662,437.00289
3388.917756,-1442.41736,437.24968
3389.811815,-1441.55804,437.49648
3390.705921,-1440.69868,437.74331
3391.600093,-1439.83925,437.99014
3392.494329,-1438.97976,438.23699
3393.388648,-1438.12019,438.48386
3394.28302,-1437.26057,438.73075
3395.177458,-1436.40089,438.97767
3396.071949,-1435.54116,439.22461
3396.966494,-1434.68138,439.47157
3397.861102,-1433.82154,439.71855
3398.755781,-1432.96163,439.96554
3399.65052,-1432.10166,440.21254
3400.545323,-1431.24162,440.45953
3401.440181,-1430.38152,440.70651
3402.335104,-1429.52135,440.95348
3403.230085,-1428.66111,441.20042
3404.125132,-1427.8008,441.44735
3405.020227,-1426.94043,441.69425
3405.915365,-1426.08001,441.94113
3406.810558,-1425.21953,442.188
3407.705806,-1424.35899,442.43486
3408.601122,-1423.49838,442.68172
3409.496517,-1422.63769,442.92859
3410.391962,-1421.77695,443.17547
3411.287477,-1420.91615,443.42239
3412.183046,-1420.05531,443.66937
3413.078673,-1419.19443,443.91642
3413.974361,-1418.33351,444.16355
3414.870109,-1417.47255,444.41076
3415.765919,-1416.61156,444.65809
3416.661789,-1415.75054,444.90553
3417.557708,-1414.8895,445.15308
3418.453686,-1414.02843,445.40074
3419.349706,-1413.16734,445.64848
3420.245786,-1412.30621,445.8963
3421.141899,-1411.44506,446.14417
3422.038074,-1410.58386,446.39209
3422.934315,-1409.7226,446.64004
3423.830617,-1408.86128,446.888
3424.726981,-1407.9999,447.13598
3425.623413,-1407.13845,447.38396
3426.519893,-1406.27695,447.63194
3427.416421,-1405.4154,447.87992
3428.313007,-1404.55379,448.1279
3429.209657,-1403.69211,448.37587
3430.106368,-1402.83037,448.62385
3431.003129,-1401.96858,448.87184
3431.899934,-1401.10675,449.11985
3432.796781,-1400.24488,449.36787
3433.693687,-1399.38296,449.61593
3434.590634,-1398.521,449.864
3435.487647,-1397.65898,450.1121
3436.384716,-1396.79691,450.36023
3437.281841,-1395.93479,450.60839
3438.179023,-1395.07262,450.85658
3439.076249,-1394.21041,451.10479
3439.973548,-1393.34813,451.35302
3440.870885,-1392.48581,451.60125
3441.76828,-1391.62343,451.84948
3442.66571,-1390.76101,452.0977
3443.563198,-1389.89853,452.34592
3444.460736,-1389.03599,452.59411
3445.358338,-1388.17338,452.84229
3446.256002,-1387.3107,453.09045
3447.153711,-1386.44797,453.3386
3448.051474,-1385.58518,453.58674
3448.949293,-1384.72233,453.83487
3449.84715,-1383.85944,454.083
3450.745059,-1382.9965,454.33114
3451.643024,-1382.1335,454.57928
3452.541041,-1381.27045,454.82743
3453.439118,-1380.40734,455.07559
3454.33724,-1379.54418,455.32374
3455.23541,-1378.68097,455.57189
3456.133629,-1377.81771,455.82004
3457.031892,-1376.9544,456.06818
3457.930217,-1376.09103,456.31633
3458.828593,-1375.2276,456.56446
3459.727009,-1374.36412,456.81256
3460.625473,-1373.50059,457.06066
3461.524011,-1372.63698,457.30875
3462.42259,-1371.77333,457.55685
3463.321215,-1370.90963,457.80494
3464.219884,-1370.04589,458.05305
3465.118599,-1369.18211,458.30119
3466.017375,-1368.31827,458.54934
3466.916207,-1367.45438,458.79752
3467.815081,-1366.59045,459.04571
3468.71401,-1365.72647,459.29393
3469.612972,-1364.86246,459.54216
3470.511981,-1363.9984,459.79039
3471.411019,-1363.13431,460.03862
3472.310119,-1362.27015,460.28683
3473.209272,-1361.40592,460.53499
3474.108492,-1360.54161,460.78311
3475.007749,-1359.67724,461.03116
3475.907049,-1358.8128,461.27912
3476.806395,-1357.94829,461.527
3477.705783,-1357.08371,461.77479
3478.605223,-1356.21905,462.02249
3479.504727,-1355.3543,462.27011
3480.40427,-1354.48949,462.51766
3481.303873,-1353.6246,462.76515
3482.203511,-1352.75966,463.01259
3483.103191,-1351.89467,463.26001
3484.002904,-1351.02964,463.50741
3484.90266,-1350.16456,463.75479
3485.802463,-1349.29943,464.00217
3486.702319,-1348.43424,464.24953
3487.602223,-1347.569,464.49689
3488.502178,-1346.70371,464.74426
3489.402171,-1345.83838,464.99163
3490.30222,-1344.97299,465.23899
3491.202304,-1344.10756,465.48634
3492.102442,-1343.24207,465.73368
3493.002624,-1342.37653,465.981
3493.902842,-1341.51094,466.22828
3494.803113,-1340.64529,466.47554
3495.703417,-1339.7796,466.72278
3496.603767,-1338.91385,466.96998
3497.504158,-1338.04805,467.21715
3498.40457,-1337.18221,467.46426
3499.305017,-1336.31632,467.71132
3500.205495,-1335.45038,467.95832
3501.105992,-1334.5844,468.20525
3502.006548,-1333.71834,468.45211
3502.907165,-1332.85219,468.69888
3503.807863,-1331.98593,468.94556
3504.708605,-1331.11959,469.19212
3505.609402,-1330.25316,469.43856
3506.510246,-1329.38664,469.68486
3507.411139,-1328.52003,469.93102
3508.31208,-1327.65333,470.17704
3509.213052,-1326.78656,470.42293
3510.114075,-1325.91971,470.66872
3511.015121,-1325.05281,470.91442
3511.916221,-1324.18584,471.16007
3512.817358,-1323.31882,471.40568
3513.718535,-1322.45175,471.65126
3514.61975,-1321.58464,471.89684
3515.521,-1320.7175,472.14244
3516.422299,-1319.85032,472.38808
3517.323655,-1318.98309,472.63375
3518.22505,-1318.11583,472.87946
3519.12649,-1317.24854,473.12523
3520.02796,-1316.38124,473.37107
3520.929464,-1315.51392,473.61697
3521.831005,-1314.64658,473.86293
3522.732607,-1313.77919,474.10894
3523.634271,-1312.91175,474.355
3524.536009,-1312.04425,474.60112
3525.437783,-1311.17672,474.84727
3526.3396,-1310.30915,475.09343
3527.241467,-1309.44153,475.3396
3528.143364,-1308.57387,475.58574
3529.045308,-1307.70615,475.83184
3529.947285,-1306.83839,476.07792
3530.849305,-1305.97058,476.32398
3531.751374,-1305.10271,476.57001
3532.653474,-1304.2348,476.81601
3533.555619,-1303.36684,477.062
3534.45781,-1302.49883,477.30798
3535.360038,-1301.63078,477.55396
3536.262303,-1300.76269,477.79993
3537.164609,-1299.89456,478.04591
3538.066978,-1299.02637,478.29191
3538.969405,-1298.15812,478.53791
3539.871873,-1297.28983,478.78392
3540.774386,-1296.42149,479.02992
3541.676926,-1295.55312,479.27591
3542.579508,-1294.6847,479.52188
3543.482128,-1293.81624,479.76785
3544.384783,-1292.94775,480.01384
3545.287485,-1292.07922,480.25986
3546.190221,-1291.21066,480.5059
3547.092988,-1290.34207,480.75195
3547.995793,-1289.47345,480.99803
3548.898628,-1288.60481,481.24415
3549.801514,-1287.73613,481.49032
3550.704437,-1286.86743,481.73655
3551.607411,-1285.99869,481.98283
3552.510412,-1285.12994,482.22917
3553.413458,-1284.26116,482.47557
3554.316561,-1283.39234,482.72204
3555.219704,-1282.52349,482.96855
3556.122893,-1281.65461,483.21512
3557.026118,-1280.7857,483.46172
3557.929379,-1279.91677,483.70838
3558.832666,-1279.04783,483.9551
3559.736011,-1278.17885,484.20189
3560.639399,-1277.30985,484.44877
3561.54284,-1276.44081,484.6957
3562.446312,-1275.57176,484.94271
3563.349815,-1274.7027,485.1898
3564.253348,-1273.83363,485.43696
3565.156909,-1272.96455,485.68419
3566.060515,-1272.09544,485.93148
3566.964167,-1271.2263,486.17883
3567.867856,-1270.35713,486.42621
3568.771582,-1269.48793,486.67362
3569.675351,-1268.61869,486.92105
3570.579147,-1267.74942,487.16847
3571.482975,-1266.88012,487.4159
3572.386845,-1266.01077,487.66331
3573.290763,-1265.14137,487.91072
3574.194717,-1264.27193,488.15812
3575.098728,-1263.40243,488.40552
3576.002791,-1262.53288,488.65293
3576.906901,-1261.66328,488.90034
3577.81106,-1260.79363,489.14775
3578.71525,-1259.92395,489.39517
3579.619472,-1259.05424,489.6426
3580.523724,-1258.18451,489.89007
3581.428019,-1257.31475,490.13759
3582.332343,-1256.44497,490.38515
3583.236724,-1255.57514,490.63274
3584.141138,-1254.70529,490.88038
3585.045576,-1253.83543,491.12807
3585.950046,-1252.96555,491.37581
3586.854549,-1252.09565,491.6236
3587.759095,-1251.22572,491.87144
3588.663673,-1250.35577,492.11933
3589.568309,-1249.48578,492.36729
3590.472984,-1248.61577,492.61532
3591.377704,-1247.74573,492.86341
3592.282475,-1246.87566,493.11158
3593.187287,-1246.00557,493.35983
3594.092135,-1245.13546,493.60814
3594.997018,-1244.26533,493.85651
3595.901947,-1243.39517,494.10494
3596.806908,-1242.52499,494.35342
3597.711897,-1241.65479,494.60193
3598.61693,-1240.78455,494.85046
3599.522006,-1239.91426,495.09897
3600.427117,-1239.04393,495.34747
3601.332268,-1238.17355,495.59594
3602.237455,-1237.30313,495.8444
3603.142685,-1236.43266,496.09284
3604.047964,-1235.56213,496.34125
3604.953292,-1234.69154,496.58963
3605.858651,-1233.82091,496.83798
3606.764065,-1232.95022,497.08632
3607.669521,-1232.07948,497.33464
3608.575015,-1231.2087,497.58296
3609.480558,-1230.33787,497.83128
3610.38614,-1229.467,498.0796
3611.291772,-1228.59608,498.32793
3612.197438,-1227.72513,498.57628
3613.103141,-1226.85415,498.82466
3614.008882,-1225.98314,499.07307
3614.91465,-1225.11211,499.32151
3615.82047,-1224.24104,499.57
3616.726327,-1223.36994,499.81852
3617.632249,-1222.49879,500.0671
3618.538204,-1221.62762,500.31573
3619.444204,-1220.75642,500.56442
3620.350239,-1219.88521,500.8132
3621.256316,-1219.01397,501.06203
3622.162431,-1218.14271,501.31093
3623.068592,-1217.27142,501.55989
3623.974791,-1216.40011,501.80892
3624.881038,-1215.52877,502.05802
3625.787317,-1214.65742,502.3072
3626.693629,-1213.78605,502.55643
3627.599984,-1212.91465,502.80571
3628.506368,-1212.04323,503.05503
3629.412781,-1211.17179,503.30438
3630.319233,-1210.30032,503.55377
3631.225715,-1209.42883,503.8032
3632.132244,-1208.5573,504.05266
3633.038814,-1207.68573,504.30213
3633.945432,-1206.81411,504.5516
3634.852104,-1205.94244,504.80109
3635.758815,-1205.07073,505.05058
3636.665551,-1204.19899,505.30006
3637.572312,-1203.32723,505.54956
3638.479109,-1202.45543,505.79905
3639.38595,-1201.58359,506.04856
3640.292828,-1200.71172,506.2981
3641.199752,-1199.83981,506.54767
3642.106702,-1198.96788,506.79726
3643.013678,-1198.09593,507.04688
3643.920698,-1197.22395,507.29655
3644.827747,-1196.35195,507.54626
3645.734849,-1195.47991,507.79602
3646.641977,-1194.60786,508.04584
3647.549144,-1193.73579,508.29573
3648.456346,-1192.8637,508.54568
3649.363587,-1191.99159,508.7957
3650.270857,-1191.11947,509.04579
3651.17818,-1190.24732,509.29597
3652.085547,-1189.37515,509.54624
3652.992945,-1188.50298,509.79662
3653.900388,-1187.6308,510.04713
3654.807873,-1186.75862,510.29779
3655.715395,-1185.88643,510.54855
3656.622944,-1185.01424,510.79941
3657.530531,-1184.14204,511.05037
3658.438143,-1183.26984,511.30142
3659.345793,-1182.39762,511.55254
3660.253482,-1181.52538,511.80373
3661.161193,-1180.65312,512.05493
3662.068954,-1179.78081,512.30614
3662.976756,-1178.90845,512.55732
3663.884594,-1178.03604,512.80846
3664.792457,-1177.16359,513.05955
3665.700364,-1176.29108,513.31059
3666.608312,-1175.41851,513.56157
3667.516301,-1174.54588,513.81249
3668.424328,-1173.67319,514.06334
3669.332387,-1172.80045,514.31413
3670.240474,-1171.92766,514.56485
3671.148569,-1171.05484,514.81549
3672.05667,-1170.18199,515.06605
3672.964787,-1169.3091,515.31653
3673.872924,-1168.43617,515.56694
3674.781112,-1167.56316,515.81726
3675.689363,-1166.69006,516.06749
3676.597676,-1165.81686,516.3176
3677.506059,-1164.94355,516.56758
3678.414477,-1164.07017,516.81744
3679.322934,-1163.19672,517.0672
3680.231412,-1162.32322,517.31686
3681.139922,-1161.44967,517.56646
3682.048472,-1160.57607,517.81603
3682.957061,-1159.70242,518.06557
3683.865686,-1158.82873,518.3151
3684.774343,-1157.95501,518.56464
3685.683043,-1157.08125,518.8142
3686.591759,-1156.20748,519.06378
3687.500499,-1155.33369,519.31338
3688.40922,-1154.45992,519.56298
3689.317944,-1153.58615,519.81259
3690.226715,-1152.71234,520.06223
3691.135567,-1151.83846,520.31192
3692.04449,-1150.96452,520.56166
3692.953468,-1150.09054,520.81146
3693.862488,-1149.21653,521.06131
3694.771541,-1148.34251,521.31124
3695.680634,-1147.46847,521.56125
3696.589759,-1146.59442,521.81134
3697.498903,-1145.72037,522.0615
3698.408077,-1144.84631,522.31173
3699.317288,-1143.97223,522.56203
3700.226526,-1143.09814,522.81239
3701.135785,-1142.22404,523.06279
3702.045068,-1141.34992,523.31321
3702.954358,-1140.47579,523.56362
3703.863685,-1139.60161,523.81399
3704.773048,-1138.72739,524.06435
3705.682448,-1137.85312,524.31467
3706.591875,-1136.97881,524.56495
3707.501352,-1136.10444,524.8152
3708.410875,-1135.23001,525.06541
3709.320448,-1134.35552,525.31559
3710.230069,-1133.48098,525.56577
3711.139728,-1132.6064,525.81595
3712.049422,-1131.73179,526.06615
3712.959128,-1130.85717,526.31636
3713.868874,-1129.98252,526.56661
3714.778638,-1129.10786,526.81689
3715.688447,-1128.23317,527.06723
3716.598281,-1127.35846,527.31759
3717.508142,-1126.48373,527.56798
3718.418035,-1125.60897,527.81838
3719.327955,-1124.73418,528.06877
3720.237902,-1123.85936,528.31916
3721.147882,-1122.98451,528.56956
3722.057922,-1122.1096,528.81997
3722.967993,-1121.23466,529.07039
3723.878103,-1120.35968,529.32081
3724.788252,-1119.48466,529.57123
3725.698439,-1118.6096,529.82165
3726.608682,-1117.73449,530.0721
3727.51894,-1116.85937,530.32257
3728.429227,-1115.98422,530.57304
3729.339527,-1115.10906,530.82352
3730.249831,-1114.23389,531.07398
3731.160132,-1113.35872,531.32443
3732.070373,-1112.4836,531.57484
3732.980479,-1111.60861,531.82521
3733.890323,-1110.73387,532.0755
3734.799827,-1109.85946,532.32571
3735.708739,-1108.98562,532.57576
3736.616815,-1108.11259,532.8256
3737.523988,-1107.24043,533.0752
3738.430138,-1106.36926,533.32454
3739.335124,-1105.49922,533.5736
3740.238931,-1104.63033,533.82239
3741.141489,-1103.76265,534.07087
3742.042672,-1102.8963,534.319
3742.942385,-1102.03137,534.56675
3743.840486,-1101.168,534.81409
3744.736901,-1100.30626,535.061
3745.63157,-1099.44621,535.30747
3746.524445,-1098.58789,535.55346
3747.415422,-1097.7314,535.79895
3748.304454,-1096.87679,536.04394
3749.191521,-1096.02407,536.28839
3750.07656,-1095.17331,536.53232
3750.959553,-1094.32453,536.77573
3751.840499,-1093.47773,537.01862
3752.719395,-1092.63291,537.26098
3753.596267,-1091.79005,537.50283
3754.471116,-1090.94914,537.74414
3755.343941,-1090.11018,537.98491
3756.214729,-1089.27319,538.22516
3757.083545,-1088.4381,538.46488
3757.95036,-1087.60494,538.70407
3758.815168,-1086.77371,538.94271
3759.677898,-1085.94448,539.18079
3760.538484,-1085.11731,539.41827
3761.396818,-1084.29231,539.65515
3762.252851,-1083.46952,539.89139
3763.106576,-1082.64895,540.127
3763.95807,-1081.83053,540.36201
3764.80736,-1081.01423,540.59642
3765.654488,-1080.20001,540.83024
3766.499459,-1079.38787,541.06349
3767.342291,-1078.57779,541.29616
3768.182979,-1077.76977,541.52824
3769.021516,-1076.96382,541.75973
3769.85789,-1076.15995,541.99063
3770.692116,-1075.35814,542.22092
3771.524199,-1074.55839,542.45062
3772.35414,-1073.76069,542.6797
3773.181899,-1072.96508,542.90815
3774.007538,-1072.1715,543.13599
3774.830849,-1071.38015,543.36316
3775.651762,-1070.5911,543.58965
3776.470679,-1069.80396,543.81556
3777.287748,-1069.01859,544.04094
3778.102691,-1068.23526,544.26572
3778.91541,-1067.45406,544.48986
3779.725971,-1066.67493,544.71339
3780.534501,-1065.89775,544.93635
3781.340989,-1065.12253,545.15874
3782.145366,-1064.34934,545.38055
3782.94756,-1063.57824,545.60173
3783.747628,-1062.80918,545.82231
3784.545602,-1062.04213,546.0423
3785.341458,-1061.27711,546.26169
3786.135115,-1060.5142,546.48046
3786.926611,-1059.75337,546.69864
3787.71596,-1058.9946,546.91622
3788.503189,-1058.23787,547.13322
3789.288322,-1057.48316,547.34966
3790.071356,-1056.73047,547.56553
3790.852303,-1055.97979,547.78084
3791.63117,-1055.23112,547.99561
3792.40795,-1054.48446,548.20982
3793.182724,-1053.73974,548.42352
3793.955462,-1052.99699,548.6367
3794.726228,-1052.25615,548.84939
3795.495015,-1051.51722,549.06156
3796.261893,-1050.78013,549.27322
3797.026807,-1050.04494,549.48438
3797.789814,-1049.31159,549.69504
3798.550882,-1048.58012,549.90522
3799.310026,-1047.85051,550.11491
3800.067175,-1047.12283,550.32409
3800.822284,-1046.39712,550.53274
3801.575366,-1045.67337,550.74087
3802.326481,-1044.95152,550.94849
3803.075695,-1044.23151,551.15563
3803.822972,-1043.51338,551.3623
3804.568317,-1042.79712,551.56848
3805.311703,-1042.08276,551.77418
3806.05317,-1041.37025,551.97937
3806.792711,-1040.6596,552.18406
3807.530336,-1039.9508,552.38825
3808.266077,-1039.24382,552.59195
3808.999959,-1038.53863,552.79515
3809.732022,-1037.83519,552.99785
3810.462286,-1037.13348,553.20006
3811.190793,-1036.43346,553.40179
3811.917531,-1035.73514,553.60303
3812.642547,-1035.03848,553.80381
3813.365844,-1034.34347,554.00411
3814.087492,-1033.65005,554.20397
3814.807497,-1032.95821,554.40338
3815.525874,-1032.26794,554.60236
3816.242633,-1031.57923,554.80091
3816.957818,-1030.89204,554.99905
3817.671451,-1030.20635,555.19679
3818.38357,-1029.52212,555.39413
3819.094248,-1028.83928,555.59109
3819.803512,-1028.1578,555.78766
3820.511344,-1027.4777,555.98385
3821.217733,-1026.79899,556.17965
3821.922678,-1026.12167,556.37506
3822.62623,-1025.44569,556.57009
3823.328415,-1024.77102,556.76473
3824.029205,-1024.09769,556.95898
3824.728577,-1023.42572,557.15283
3825.426494,-1022.75515,557.34628
3826.122983,-1022.08595,557.53933
3826.81806,-1021.41811,557.732
3827.511757,-1020.75159,557.92427
3828.20406,-1020.08641,558.11615
3828.894979,-1019.42256,558.30765
3829.584512,-1018.76004,558.49876
3830.272703,-1018.09881,558.6895
3830.959539,-1017.43888,558.87986
3831.645037,-1016.78024,559.06986
3832.329204,-1016.12288,559.2595
3833.01204,-1015.4668,559.44877
3833.693567,-1014.81198,559.63769
3834.373772,-1014.15843,559.82624
3835.05267,-1013.50614,560.01444
3835.73024,-1012.85513,560.20229
3836.406488,-1012.20539,560.38977
3837.081422,-1011.55691,560.57688
3837.755036,-1010.9097,560.76363
3838.427354,-1010.26373,560.95
3839.098378,-1009.619,561.136
3839.768095,-1008.97552,561.32162
3840.436503,-1008.33329,561.50685
3841.103605,-1007.69231,561.6917
3841.769361,-1007.05261,561.87613
3842.433656,-1006.4143,562.06011
3843.096475,-1005.7774,562.24365
3843.758039,-1005.14169,562.42679
3844.418384,-1004.50714,562.60955
3845.077556,-1003.8737,562.79193
3845.735563,-1003.24137,562.97395
3846.392413,-1002.61014,563.15561
3847.048102,-1001.98002,563.33693
3847.702637,-1001.351,563.5179
3848.355948,-1000.72315,563.69851
3849.007895,-1000.09661,563.87874
3849.658532,-999.47133,564.05861
3850.307941,-998.84723,564.23814
3850.956207,-998.22423,564.41736
3851.603299,-997.60236,564.59626
3852.249168,-996.98167,564.77484
3852.893773,-996.3622,564.95309
3853.537102,-995.74396,565.131
3854.179193,-995.12692,565.3086
3854.82001,-994.51111,565.48587
3855.45955,-993.89654,565.66283
3856.097825,-993.2832,565.83949
3856.734841,-992.67108,566.01584
3857.370651,-992.06013,566.19189
3858.005243,-991.45036,566.36764
3858.638577,-990.84181,566.54308
3859.27067,-990.23446,566.7182
3859.901492,-989.62834,566.893
3860.531053,-989.02344,567.06748
3861.159382,-988.41973,567.24164
3861.786457,-987.81723,567.41547
3862.412271,-987.21595,567.58898
3863.03681,-986.6159,567.76215
3863.660072,-986.01708,567.93498
3864.28206,-985.41949,568.10748
3864.902754,-984.82315,568.27964
3865.522165,-984.22805,568.45147
3866.14029,-983.63419,568.62296
3866.757151,-983.04155,568.79412
3867.372771,-982.45011,568.96496
3867.987124,-981.85989,569.13546
3868.600211,-981.27089,569.30562
3869.211973,-980.68317,569.47544
3869.822409,-980.09673,569.64491
3870.431509,-979.51158,569.81403
3871.039294,-978.9277,569.98281
3871.645764,-978.34509,570.15125
3872.250886,-977.76378,570.31933
3872.854623,-977.18381,570.48706
3873.456973,-976.60518,570.65443
3874.0579,-976.02793,570.82145
3874.657404,-975.45206,570.98812
3875.255475,-974.87758,571.15444
3875.852124,-974.30448,571.32041
3876.447318,-973.73279,571.48602
3877.041065,-973.1625,571.65126
3877.633353,-972.59363,571.81616
3878.224186,-972.02617,571.9807
3878.813559,-971.46013,572.14489
3879.401467,-970.89551,572.30872
3879.987923,-970.3323,572.4722
3880.572935,-969.77049,572.63532
3881.156476,-969.21011,572.79809
3881.738584,-968.65112,572.96051
3882.319276,-968.0935,573.12257
3882.898536,-967.53727,573.28428
3883.476291,-966.9825,573.44562
3884.052493,-966.42923,573.60656
3884.627368,-965.87725,573.76718
3885.200712,-965.32675,573.92741
3885.772429,-964.77782,574.08721
3886.342538,-964.23044,574.24658
3886.91122,-963.68444,574.40559
3887.478512,-963.13979,574.56426
3888.044429,-962.59647,574.72258
3888.608866,-962.05458,574.88052
3889.171745,-961.5142,575.03807
3889.733056,-960.97534,575.19523
3890.292858,-960.43794,575.35201
3890.851269,-959.90189,575.50845
3891.408296,-959.36718,575.66454
3891.963907,-958.83384,575.82027
3892.518085,-958.30189,575.97565
3893.070794,-957.77136,576.13065
3893.62209,-957.2422,576.2853
3894.172008,-956.71437,576.43959
3894.720564,-956.18786,576.59354
3895.267773,-955.66265,576.74714
3895.813628,-955.13875,576.90039
3896.358165,-954.61612,577.05329
3896.901365,-954.09478,577.20584
3897.443223,-953.57474,577.35805
3897.983746,-953.05599,577.50992
3898.522985,-952.53848,577.66145
3899.060975,-952.02218,577.81267
3899.597777,-951.50703,577.96359
3900.13342,-950.993,578.11421
3900.667916,-950.48008,578.26454
3901.201294,-949.96824,578.41458
3901.733561,-949.45747,578.56432
3902.26471,-948.94778,578.71377
3902.79476,-948.43915,578.86293
3903.323765,-947.93153,579.01182
3903.851766,-947.42488,579.16045
3904.378804,-946.91916,579.30883
3904.90488,-946.41437,579.45696
3905.429989,-945.91051,579.60483
3905.954112,-945.4076,579.75243
3906.477243,-944.90565,579.89978
3906.999398,-944.40464,580.04687
3907.520569,-943.90458,580.1937
3908.040774,-943.40545,580.34027
3908.559998,-942.90727,580.48659
3909.078258,-942.41002,580.63266
3909.595553,-941.9137,580.77847
3910.111951,-941.41825,580.92406
3910.627457,-940.92366,581.06941
3911.142098,-940.4299,581.21452
3911.655837,-939.93701,581.35939
3912.168681,-939.44498,581.50401
3912.680619,-938.95382,581.64838
3913.191658,-938.46353,581.79252
3913.701776,-937.97412,581.93639
3914.210983,-937.48559,582.08002
3914.719237,-936.99797,582.22337
3915.22663,-936.51118,582.36649
3915.733165,-936.02522,582.50939
3916.238848,-935.54008,582.65206
3916.743673,-935.05577,582.79451
3917.24763,-934.5723,582.93674
3917.7507,-934.08969,583.07875
3918.25291,-933.60792,583.22057
3918.754282,-933.12696,583.36217
3919.254839,-932.64679,583.50357
3919.75461,-932.16738,583.64477
3920.253602,-931.68872,583.78576
3920.751813,-931.21081,583.92653
3921.249218,-930.73367,584.06706
3921.745838,-930.25728,584.20736
3922.24163,-929.78168,584.34741
3922.73658,-929.30688,584.4872
3923.230703,-928.83287,584.62674
3923.723969,-928.35967,584.766
3924.216404,-927.88726,584.905
3924.707992,-927.41565,585.04372
3925.198756,-926.94482,585.18217
3925.688725,-926.47474,585.32035
3926.177891,-926.00542,585.45827
3926.66627,-925.53684,585.59592
3927.153879,-925.06899,585.73332
3927.640705,-924.60188,585.87046
3928.126759,-924.1355,586.00735
3928.612043,-923.66985,586.14399
3929.096573,-923.20491,586.28037
3929.580353,-922.74068,586.41651
3930.063401,-922.27714,586.5524
3930.54572,-921.81429,586.68805
3931.027318,-921.35212,586.82346
3931.508152,-920.89067,586.95861
3931.988254,-920.42991,587.09351
3932.467607,-919.96986,587.22817
3932.946209,-919.51052,587.36258
3933.424061,-919.05189,587.49675
3933.901162,-918.59397,587.63067
3934.377511,-918.13676,587.76434
3934.853112,-917.68026,587.89777
3935.327941,-917.22449,588.03095
3935.802022,-916.76943,588.16389
3936.275354,-916.31508,588.29659
3936.747972,-915.86141,588.42907
3937.219695,-915.40859,588.56127
3937.690512,-914.95663,588.69318
3938.160322,-914.50563,588.82479
3938.629137,-914.05558,588.9561
3939.097143,-913.6063,589.08716
3939.564504,-913.15763,589.21801
3940.031182,-912.70961,589.34865
3940.497207,-912.26221,589.47908
3940.962536,-911.81547,589.60929
3941.42709,-911.36947,589.73927
3941.890741,-910.92433,589.86897
3942.353502,-910.48004,589.99841
3942.815382,-910.03659,590.12758
3943.276443,-909.59392,590.2565
3943.736729,-909.15199,590.38519
3944.196231,-908.71081,590.51365
3944.654945,-908.27038,590.64187
3945.112834,-907.83074,590.76985
3945.569866,-907.39192,590.89758
3946.026021,-906.95394,591.02506
3946.4813,-906.5168,591.15229
3946.935702,-906.0805,591.27927
3947.389238,-905.64503,591.406
3947.84191,-905.21039,591.53249
3948.293714,-904.77658,591.65873
3948.744643,-904.34361,591.78472
3949.194692,-903.91148,591.91045
3949.643865,-903.48019,592.03593
3950.092142,-903.04976,592.16116
3950.53955,-902.62016,592.28613
3950.986101,-902.19138,592.41085
3951.431791,-901.76342,592.53531
3951.876656,-901.33625,592.65953
3952.320693,-900.90987,592.7835
3952.76391,-900.48427,592.90722
3953.206259,-900.0595,593.03068
3953.647766,-899.63553,593.15388
3954.088407,-899.21239,593.27683
3954.528163,-898.79009,593.3995
3954.967078,-898.36859,593.52191
3955.405126,-897.94792,593.64407
3955.842331,-897.52805,593.76596
3956.278673,-897.109,593.88758
3956.714123,-896.6908,594.00893
3957.148708,-896.27342,594.13
3957.582401,-895.85689,594.2508
3958.01521,-895.4412,594.37132
3958.447165,-895.02632,594.49157
3958.878251,-894.61227,594.61156
3959.308484,-894.19903,594.73128
3959.737841,-893.78662,594.85072
3960.166339,-893.37503,594.9699
3960.593955,-892.96428,595.08881
3961.020669,-892.55439,595.20745
3961.446511,-892.14533,595.32582
3961.871449,-891.73713,595.44391
3962.295496,-891.32978,595.56173
3962.718642,-890.92329,595.67928
3963.140861,-890.51768,595.79654
3963.562165,-890.11294,595.91351
3963.982525,-889.7091,596.0302
3964.401948,-889.30615,596.14659
3964.820445,-888.90408,596.26269
3965.238003,-888.5029,596.37849
3965.654626,-888.10261,596.494
3966.070304,-887.70322,596.60922
3966.485041,-887.30472,596.72413
3966.898788,-886.90716,596.83873
3967.311559,-886.51053,596.95303
3967.723319,-886.11486,597.06701
3968.13408,-885.72014,597.18068
3968.543811,-885.3264,597.29403
3968.952509,-884.93364,597.40705
3969.360179,-884.54186,597.51976
3969.766797,-884.15108,597.63214
3970.172356,-883.76131,597.7442
3970.57686,-883.37254,597.85592
3970.980296,-882.98479,597.96732
3971.382635,-882.59808,598.07837
3971.7839,-882.21239,598.18908
3972.184049,-881.82776,598.29944
3972.583093,-881.44418,598.40945
3972.98103,-881.06165,598.51911
3973.377872,-880.68016,598.62842
3973.77362,-880.29971,598.73739
3974.168292,-879.92028,598.84601
3974.56187,-879.54189,598.95429
3974.954364,-879.16453,599.06223
3975.345752,-878.78822,599.16982
3975.736044,-878.41295,599.27706
3976.125265,-878.0387,599.38397
3976.513402,-877.66548,599.49054
3976.900474,-877.29327,599.59677
3977.286485,-876.92207,599.70267
3977.671412,-876.5519,599.80823
3978.055265,-876.18275,599.91345
3978.438002,-875.81466,600.01832
3978.819663,-875.44759,600.12284
3979.200233,-875.08156,600.22703
3979.579716,-874.71656,600.33087
3979.958157,-874.35255,600.43438
3980.335534,-873.98955,600.53755
3980.71183,-873.62758,600.64039
3981.087083,-873.2666,600.7429
3981.461264,-872.90664,600.84508
3981.834382,-872.54769,600.94692
3982.206418,-872.18977,601.04843
3982.577414,-871.83284,601.14962
3982.947359,-871.47691,601.25048
3983.316257,-871.12198,601.35103
3983.684105,-870.76805,601.45126
3984.050911,-870.41511,601.55116
3984.416661,-870.06318,601.65075
3984.781337,-869.71227,601.75
3985.144922,-869.3624,601.84892
3985.507423,-869.01356,601.9475
3985.868844,-868.66575,602.04575
3986.229213,-868.31894,602.14367
3986.58851,-867.97315,602.24126
3986.946745,-867.62837,602.33852
3987.303919,-867.2846,602.43545
3987.660039,-866.94183,602.53204
3988.015109,-866.60006,602.62831
3988.369117,-866.2593,602.72425
3988.722054,-865.91956,602.81986
3989.073907,-865.58085,602.91513
3989.424674,-865.24317,603.01005
3989.774348,-864.90653,603.10463
3990.122948,-864.57091,603.19887
3990.470484,-864.2363,603.29277
3990.816962,-863.90269,603.38632
3991.162206,-863.57025,603.47947
3991.506097,-863.2391,603.57221
3991.84878,-862.90909,603.66454
3992.190238,-862.58024,603.75647
3992.530322,-862.25269,603.84795
3992.869024,-861.92645,603.93898
3993.206471,-861.60139,604.02957
3993.542756,-861.27742,604.11974
3993.877919,-860.9545,604.2095
3994.212001,-860.63259,604.29886
3994.544972,-860.31172,604.38781
3994.876851,-859.99187,604.47635
3995.207611,-859.67307,604.56449
3995.537234,-859.35533,604.6522
3995.86574,-859.03864,604.73951
3996.193092,-858.72303,604.8264
3996.519311,-858.40848,604.91287
3996.844416,-858.09497,604.99892
3997.168419,-857.78249,605.08456
3997.491317,-857.47104,605.16978
3997.813131,-857.1606,605.25458
3998.133879,-856.85115,605.33896
3998.453574,-856.54268,605.42293
3998.772232,-856.23517,605.50648
3999.089866,-855.92861,605.58962
3999.406482,-855.62299,605.67234
3999.722114,-855.31828,605.75465
4000.036754,-855.01448,605.83653
4000.350427,-854.71157,605.91799
4000.663137,-854.40954,605.99902
4000.974903,-854.10837,606.07961
4001.285757,-853.80803,606.15977
4001.595716,-853.5085,606.2395
4001.904805,-853.20976,606.31881
4002.213032,-852.9118,606.3977
4002.520395,-852.61462,606.47616
4002.826901,-852.31821,606.55418
4003.132584,-852.02254,606.63178
4003.437424,-851.72763,606.70895
4003.741424,-851.43347,606.78567
4004.044585,-851.14006,606.86194
4004.346887,-850.84741,606.93772
4004.648365,-850.55549,607.01303
4004.949014,-850.2643,607.08785
4005.248843,-849.97383,607.16218
4005.547868,-849.68406,607.236
4005.846077,-849.395,607.3093
4006.143497,-849.10662,607.38207
4006.440126,-848.81892,607.4543
4006.735973,-848.53189,607.52599
4007.031049,-848.24552,607.59714
4007.325353,-847.95981,607.66774
4007.618894,-847.67475,607.73779
4007.911684,-847.39033,607.8073
4008.203716,-847.10655,607.87623
4008.494999,-846.8234,607.94458
4008.785543,-846.54087,608.01235
4009.07535,-846.25895,608.0795
4009.36442,-845.97764,608.14603
4009.652779,-845.69691,608.21192
4009.940447,-845.41674,608.27717
4010.227424,-845.13713,608.34178
4010.513732,-844.85806,608.40575
4010.799379,-844.57952,608.46907
4011.084387,-844.30149,608.53175
4011.368738,-844.02398,608.59375
4011.652452,-843.74697,608.65506
4011.935527,-843.47046,608.71567
4012.218001,-843.19441,608.77557
4012.49985,-842.91884,608.83473
4012.781114,-842.64371,608.89315
4013.0618,-842.36901,608.95081
4013.341922,-842.09473,609.00772
4013.62151,-841.82084,609.06388
4013.900567,-841.54734,609.11929
4014.179108,-841.27421,609.17393
4014.457151,-841.00144,609.22782
4014.73469,-840.72903,609.28093
4015.011725,-840.45698,609.33325
4015.288261,-840.18528,609.38474
4015.564309,-839.91392,609.4354
4015.839892,-839.64288,609.48523
4016.115011,-839.37216,609.53423
4016.389676,-839.10175,609.58239
4016.663891,-838.83165,609.62972
4016.937656,-838.56186,609.6762
4017.210985,-838.29237,609.72185
4017.483879,-838.02318,609.76666
4017.756357,-837.75428,609.81067
4018.02841,-837.48568,609.85388
4018.300056,-837.21736,609.89626
4018.571268,-836.94935,609.93781
4018.842049,-836.68165,609.97854
4019.112396,-836.41426,610.01842
4019.382308,-836.14719,610.05748
4019.651787,-835.88043,610.09567
4019.92085,-835.61397,610.133
4020.189495,-835.34781,610.16946
4020.457714,-835.08196,610.20503
4020.725519,-834.81641,610.23971
4020.992894,-834.55118,610.27351
4021.259877,-834.28624,610.30647
4021.526449,-834.02161,610.33859
4021.792624,-833.75728,610.36988
4022.058414,-833.49324,610.40033
4022.3238,-833.22951,610.42993
4022.588786,-832.96609,610.45869
4022.853394,-832.70296,610.48662
4023.11761,-832.44014,610.51375
4023.381446,-832.17762,610.54007
4023.644914,-831.91539,610.56558
4023.908007,-831.65346,610.59029
4024.170747,-831.39181,610.61419
4024.433135,-831.13044,610.63728
4024.695175,-830.86935,610.65958
4024.956878,-830.60853,610.68106
4025.218257,-830.34797,610.70173
4025.479314,-830.08767,610.7216
4025.740052,-829.82763,610.74067
4026.000483,-829.56784,610.75893
4026.260611,-829.3083,610.7764
4026.520426,-829.04902,610.79307
4026.779952,-828.78998,610.80895
4027.039183,-828.53119,610.82407
4027.298131,-828.27264,610.83842
4027.556798,-828.01433,610.85199
4027.815164,-827.75628,610.86477
4028.073253,-827.49847,610.87676
4028.331057,-827.24091,610.88798
4028.588579,-826.9836,610.89844
4028.845812,-826.72655,610.90812
4029.102765,-826.46975,610.91701
4029.359442,-826.2132,610.92507
4029.615865,-825.95688,610.93234
4029.872017,-825.70081,610.93882
4030.127921,-825.44497,610.94453
4030.383558,-825.18938,610.94943
4030.63894,-824.93403,610.95352
4030.894081,-824.67891,610.95678
4031.148983,-824.42402,610.95924
4031.403659,-824.16935,610.96094
4031.658141,-823.91487,610.96188
4031.912391,-823.66062,610.96205
4032.166421,-823.40659,610.96144
4032.420225,-823.15279,610.96007
4032.673824,-822.8992,610.95793
4032.927211,-822.64583,610.95503
4033.180398,-822.39267,610.95133
4033.433398,-822.13971,610.94681
4033.686206,-821.88696,610.94139
4033.938835,-821.63441,610.93507
4034.191269,-821.38208,610.92782
4034.443532,-821.12995,610.91963
4034.695607,-820.87804,610.91051
4034.947498,-820.62635,610.90045
4035.199218,-820.37487,610.88946
4035.45076,-820.12361,610.87755
4035.702129,-819.87257,610.86471
4035.953327,-819.62175,610.85092
4036.204341,-819.37117,610.83617
4036.455174,-819.12083,610.82046
4036.705829,-818.87073,610.80378
4036.956299,-818.62088,610.78617
4037.206597,-818.37127,610.76763
4037.456715,-818.12191,610.74817
4037.706666,-817.87279,610.7278
4037.956435,-817.62393,610.70651
4038.206028,-817.37533,610.68427
4038.45544,-817.127,610.66106
4038.70468,-816.87894,610.63684
4038.953734,-816.63117,610.61158
4039.2026,-816.3837,610.58526
4039.451271,-816.13654,610.55789
4039.699753,-815.88969,610.52946
4039.948058,-815.64314,610.49999
4040.196184,-815.39689,610.46953
4040.444134,-815.15094,610.4381
4040.691911,-814.90529,610.40571
4040.93952,-814.65994,610.37234
4041.186945,-814.41492,610.33792
4041.434174,-814.17025,610.30244
4041.681219,-813.92593,610.26585
4041.928046,-813.68201,610.22808
4042.174684,-813.43847,610.18911
4042.42111,-813.19534,610.14894
4042.667336,-812.95262,610.10754
4042.913369,-812.71031,610.0649
4043.159201,-812.46842,610.02105
4043.404852,-812.22693,609.97603
4043.650327,-811.98583,609.92989
4043.895607,-811.74514,609.88266
4044.140712,-811.50485,609.83432
4044.385622,-811.26499,609.78484
4044.630337,-811.02557,609.73421
4044.874837,-810.78662,609.68241
4045.119146,-810.54814,609.62936
4045.363238,-810.31016,609.57508
4045.607129,-810.07267,609.51957
4045.850809,-809.83569,609.46282
4046.094296,-809.59921,609.40483
4046.337586,-809.36323,609.34564
4046.580681,-809.12775,609.28527
4046.823571,-808.89278,609.22375
4047.066272,-808.65831,609.16108
4047.308792,-808.42433,609.09729
4047.551201,-808.19077,609.03239
4047.793547,-807.95759,608.96637
4048.035824,-807.72481,608.8992
4048.278034,-807.49245,608.83083
4048.520175,-807.26051,608.76129
4048.762451,-807.0288,608.69052
4049.00506,-806.79714,608.61846
4049.248055,-806.56549,608.54508
4049.4914,-806.3339,608.47036
4049.734973,-806.10252,608.39426
4049.978681,-805.87146,608.31677
4050.222455,-805.64079,608.23792
4050.466282,-805.41052,608.15775
4050.710184,-805.18062,608.0763
4050.954201,-804.95103,607.99364
4051.198351,-804.72173,607.90979
4051.442674,-804.49267,607.82479
4051.687153,-804.26388,607.73862
4051.931815,-804.03535,607.65125
4052.176654,-803.8071,607.56266
4052.42168,-803.57915,607.47279
4052.666895,-803.35151,607.38163
4052.912325,-803.12415,607.2892
4053.157955,-802.89709,607.19551
4053.403791,-802.67033,607.10056
4053.649842,-802.44386,607.00437
4053.896112,-802.21767,606.90697
4054.142595,-801.99175,606.80841
4054.389286,-801.76609,606.70874
4054.636201,-801.54067,606.60798
4054.883352,-801.31548,606.50613
4055.130745,-801.09053,606.40317
4055.37838,-800.86582,606.29911
4055.626279,-800.64134,606.19393
4055.874417,-800.41712,606.08764
4056.122815,-800.19314,605.98024
4056.371439,-799.96945,605.87172
4056.620307,-799.74603,605.76209
4056.869406,-799.52289,605.65137
4057.118737,-799.30002,605.53959
4057.368317,-799.07741,605.42674
4057.618134,-798.85506,605.31286
4057.868208,-798.63294,605.19797
4058.118551,-798.41102,605.08211
4058.369182,-798.18929,604.96527
4058.620103,-797.96774,604.84747
4058.871335,-797.74636,604.72869
4059.122879,-797.52516,604.60892
4059.374721,-797.30417,604.48814
4059.626869,-797.08338,604.36636
4059.879323,-796.8628,604.24357
4060.132108,-796.6424,604.11978
4060.385237,-796.42218,603.99497
4060.638704,-796.20214,603.86916
4060.892514,-795.98228,603.74235
4061.146659,-795.7626,603.61456
4061.401147,-795.5431,603.48578
4061.655963,-795.32378,603.35605
4061.911115,-795.10464,603.22536
4062.166589,-794.88568,603.09374
4062.422404,-794.66689,602.96118
4062.678541,-794.44827,602.82772
4062.935021,-794.2298,602.69336
4063.191852,-794.01146,602.55812
4063.448999,-793.79327,602.42204
4063.706473,-793.57522,602.28512
4063.964269,-793.3573,602.14739
4064.222389,-793.13951,602.00885
4064.480818,-792.92187,601.8695
4064.739523,-792.70439,601.72939
4064.998521,-792.48704,601.58854
4065.257765,-792.26985,601.44699
4065.517213,-792.05283,601.30481
4065.776808,-791.83602,601.16204
4066.036537,-791.6194,601.01874
4066.296359,-791.403,600.87494
4066.556241,-791.18682,600.7307
4066.816222,-790.97081,600.58603
4067.0763,-790.75495,600.44096
4067.336486,-790.53925,600.29546
4067.596719,-790.32375,600.14958
4067.856967,-790.10847,600.00335
4068.11722,-789.8934,599.8568
4068.377439,-789.67855,599.70999
4068.637639,-789.46388,599.56295
4068.897803,-789.24939,599.41571
4069.157952,-789.03505,599.26828
4069.418087,-788.82083,599.1207
4069.678182,-788.60674,598.973
4069.938144,-788.39284,598.82526
4070.197912,-788.17917,598.67753
4070.457456,-787.96575,598.52983
4070.716745,-787.75262,598.38216
4070.975809,-787.53973,598.23454
4071.234674,-787.32704,598.08698
4071.493373,-787.11451,597.93948
4071.75193,-786.90209,597.79207
4072.010351,-786.68976,597.64477
4072.268643,-786.47749,597.49761
4072.526788,-786.26528,597.35062
4072.78477,-786.05311,597.20386
4073.042582,-785.84098,597.05734
4073.300206,-785.62888,596.91111
4073.557656,-785.41679,596.76517
4073.814944,-785.20469,596.61953
4074.072068,-784.99257,596.47421
4074.329031,-784.78042,596.32922
4074.585832,-784.56822,596.18459
4074.842471,-784.35595,596.04035
4075.098946,-784.1436,595.89652
4075.355241,-783.93115,595.75316
4075.611345,-783.71858,595.61032
4075.867265,-783.50587,595.46802
4076.123007,-783.29298,595.32631
4076.378578,-783.07991,595.18518
4076.633971,-782.86667,595.04463
4076.889193,-782.65326,594.90465
4077.144245,-782.43968,594.76524
4077.399129,-782.22591,594.62643
4077.653844,-782.01194,594.48824
4077.908375,-781.79777,594.3507
4078.16273,-781.58336,594.21386
4078.416897,-781.36871,594.07775
4078.670874,-781.15381,593.94239
4078.924653,-780.93866,593.8078
4079.178256,-780.72325,593.67396
4079.431675,-780.50758,593.54089
4079.684909,-780.29166,593.40858
4079.937969,-780.07548,593.27703
4080.190865,-779.85903,593.14624
4080.443591,-779.64231,593.01623
4080.696134,-779.42533,592.88701
4080.948498,-779.20809,592.75858
4081.200678,-778.99058,592.63097
4081.452664,-778.77281,592.50419
4081.704467,-778.55477,592.37824
4081.956087,-778.33647,592.25311
4082.207512,-778.11792,592.12881
4082.458767,-777.89909,592.00535
4082.709842,-777.67996,591.88279
4082.960723,-777.46053,591.76117
4083.211412,-777.24075,591.64058
4083.461893,-777.02064,591.52103
4083.712169,-776.80019,591.40254
4083.96225,-776.57941,591.28508
4084.212146,-776.3583,591.16864
4084.461844,-776.1369,591.05318
4084.711361,-775.91521,590.93867
4084.960712,-775.69324,590.82507
4085.209872,-775.471,590.71242
4085.458863,-775.24848,590.6007
4085.707666,-775.0257,590.48992
4085.956281,-774.80265,590.38011
4086.204704,-774.57931,590.27133
4086.452926,-774.35567,590.16363
4086.700943,-774.13174,590.05701
4086.948756,-773.90751,589.9515
4087.19637,-773.68299,589.84708
4087.443794,-773.45819,589.74372
4087.691026,-773.23312,589.64141
4087.938073,-773.00777,589.54017
4088.184932,-772.78213,589.44004
4088.431584,-772.55621,589.34106
4088.678046,-772.33,589.24322
4088.924297,-772.10353,589.14652
4089.170351,-771.87679,589.05096
4089.416186,-771.64979,588.95659
4089.661814,-771.42251,588.86344
4089.907238,-771.19495,588.77152
4090.152441,-770.96713,588.68084
4090.397439,-770.73903,588.59143
4090.642227,-770.51066,588.50329
4090.886808,-770.28203,588.41641
4091.13117,-770.05314,588.33084
4091.37531,-769.82398,588.24664
4091.619231,-769.59456,588.16379
4091.862923,-769.36489,588.08232
4092.106383,-769.13497,588.00226
4092.349613,-768.90481,587.9236
4092.592625,-768.6744,587.84636
4092.835395,-768.44377,587.77055
4093.077933,-768.21291,587.6962
4093.320242,-767.98182,587.62332
4093.56233,-767.75051,587.55189
4093.804182,-767.51901,587.48189
4094.045809,-767.28732,587.41331
4094.287209,-767.05545,587.34615
4094.528383,-766.8234,587.28044
4094.769318,-766.59119,587.21619
4095.010024,-766.35881,587.15343
4095.250512,-766.12626,587.09215
4095.490762,-765.89358,587.03232
4095.730782,-765.66076,586.97397
4095.970571,-765.42782,586.91707
4096.210144,-765.19475,586.86163
4096.449488,-764.96157,586.80766
4096.688607,-764.72829,586.75514
4096.927514,-764.49491,586.70405
4097.166183,-764.26146,586.65441
4097.404635,-764.02792,586.60626
4097.642863,-763.79431,586.55958
4097.880871,-763.56063,586.5144
4098.118747,-763.3268,586.47071
4098.356596,-763.09273,586.42848
4098.594517,-762.85833,586.3877
4098.832518,-762.6236,586.34838
4099.070591,-762.38856,586.3105
4099.308741,-762.15322,586.27402
4099.546985,-761.91757,586.23896
4099.785317,-761.68162,586.20535
4100.023727,-761.44539,586.17318
4100.262234,-761.20887,586.14246
4100.50082,-760.97209,586.11316
4100.739516,-760.73503,586.08526
4100.978311,-760.49771,586.05876
4101.217213,-760.26013,586.03366
4101.456211,-760.02231,586.00996
4101.695302,-759.78426,585.98768
4101.934496,-759.54598,585.96679
4102.173779,-759.30749,585.94732
4102.413147,-759.0688,585.92932
4102.652598,-758.82992,585.91279
4102.892153,-758.59084,585.89771
4103.131803,-758.35158,585.88404
4103.371549,-758.11215,585.87174
4103.611429,-757.87252,585.86079
4103.851424,-757.63272,585.85113
4104.09155,-757.39274,585.84274
4104.331817,-757.15258,585.83557
4104.572241,-756.91223,585.8296
4104.812838,-756.67168,585.82484
4105.053585,-756.43096,585.82124
4105.294517,-756.19004,585.81882
4105.53561,-755.94895,585.81762
4105.77687,-755.70769,585.81766
4106.018304,-755.46626,585.81893
4106.259897,-755.22468,585.82141
4106.501654,-754.98295,585.82506
4106.743582,-754.74107,585.82988
4106.985656,-754.49907,585.83584
4107.227898,-754.25693,585.84289
4107.470316,-754.01465,585.85106
4107.712912,-753.77223,585.86031
4107.955713,-753.52965,585.87066
4108.198702,-753.28693,585.8821
4108.441898,-753.04406,585.89468
4108.685309,-752.80104,585.90847
4108.92891,-752.5579,585.92345
4109.172707,-752.31464,585.93963
4109.416699,-752.07127,585.95703
4109.660878,-751.8278,585.97563
4109.905217,-751.58427,585.9955
4110.149711,-751.34069,586.01662
4110.394363,-751.09706,586.03896
4110.639178,-750.85338,586.0625
4110.884182,-750.60963,586.08726
4111.129354,-750.36584,586.11325
4111.374715,-750.12199,586.14044
4111.620274,-749.87808,586.16885
4111.866035,-749.63411,586.19847
4112.112009,-749.39008,586.22933
4112.358169,-749.14602,586.26142
4112.604539,-748.90191,586.29471
4112.85111,-748.65777,586.32925
4113.097874,-748.41362,586.36507
4113.344822,-748.16948,586.40221
4113.591963,-747.92536,586.44073
4113.839284,-747.68127,586.48058
4114.086799,-747.43721,586.52179
4114.334499,-747.19319,586.56433
4114.582397,-746.9492,586.60817
4114.830484,-746.70525,586.65329
4115.078775,-746.46133,586.69967
4115.327282,-746.21743,586.7473
4115.57601,-745.97354,586.79612
4115.824961,-745.72967,586.84616
4116.074123,-745.48584,586.89743
4116.323509,-745.24204,586.94992
4116.573115,-744.99829,587.00367
4116.822918,-744.75462,587.05868
4117.072932,-744.51102,587.11495
4117.323158,-744.26749,587.17245
4117.573595,-744.02403,587.23115
4117.824218,-743.78067,587.29105
4118.075041,-743.53739,587.3521
4118.32607,-743.2942,587.41434
4118.577303,-743.0511,587.47775
4118.828735,-742.80812,587.54239
4119.080381,-742.56525,587.60827
4119.332254,-742.32248,587.67537
4119.584348,-742.07982,587.74369
4119.836686,-741.83725,587.81322
4120.0893,-741.59474,587.88395
4120.342176,-741.35231,587.95588
4120.595317,-741.10995,588.02897
4120.848735,-740.86766,588.10324
4121.102387,-740.62548,588.17866
4121.356288,-740.3834,588.25523
4121.61043,-740.14143,588.33294
4121.864819,-739.89958,588.41182
4122.119439,-739.65789,588.49193
4122.374317,-739.41634,588.57327
4122.629444,-739.17494,588.65583
4122.884825,-738.93369,588.7396
4123.140452,-738.69258,588.82452
4123.396301,-738.45165,588.91061
4123.652385,-738.21087,588.99781
4123.908705,-737.97025,589.08614
4124.165264,-737.72979,589.17559
4124.422069,-737.48949,589.26617
4124.679137,-737.24933,589.35786
4124.936465,-737.00931,589.45064
4125.194055,-736.76946,589.54458
4125.451877,-736.52981,589.63966
4125.709922,-736.29038,589.73589
4125.968151,-736.0512,589.83323
4126.226586,-735.81226,589.9317
4126.485213,-735.57358,590.0313
4126.744024,-735.33518,590.13204
4127.003029,-735.09705,590.23391
4127.262226,-734.85918,590.33687
4127.521488,-734.6217,590.44089
4127.780663,-734.38476,590.54592
4128.039746,-734.14839,590.652
4128.29906,-733.91228,590.75922
4128.558883,-733.67616,590.86764
4128.819086,-733.44017,590.97725
4129.079517,-733.20447,591.08802
4129.34011,-732.96913,591.19993
4129.600902,-732.73412,591.31299
4129.861955,-732.49938,591.42721
4130.123321,-732.26486,591.54259
4130.385027,-732.03054,591.65914
4130.647045,-731.79643,591.77681
4130.909355,-731.56254,591.89556
4131.171941,-731.32891,592.01543
4131.434766,-731.09559,592.13642
4131.697869,-730.86255,592.25855
4131.961256,-730.62978,592.3818
4132.22497,-730.39723,592.50616
4132.488992,-730.16491,592.6316
4132.753364,-729.9328,592.75816
4133.018085,-729.7009,592.88583
4133.283188,-729.4692,593.01465
4133.548668,-729.23771,593.14462
4133.81453,-729.00643,593.27574
4134.080808,-728.77531,593.40798
4134.347474,-728.54438,593.54133
4134.614546,-728.31362,593.67578
4134.881998,-728.08305,593.81131
4135.149835,-727.85266,593.9479
4135.418097,-727.6224,594.08554
4135.686885,-727.39218,594.22427
4135.956257,-727.16195,594.36411
4136.226215,-726.93171,594.50506
4136.496736,-726.70151,594.64715
4136.767801,-726.47137,594.79037
4137.03937,-726.24133,594.9347
4137.311427,-726.01138,595.08009
4137.583977,-725.78152,595.22654
4137.857024,-725.55174,595.37404
4138.130585,-725.32204,595.52261
4138.404674,-725.09241,595.67226
4138.679294,-724.86284,595.82297
4138.954449,-724.63334,595.97476
4139.230135,-724.40392,596.12763
4139.506371,-724.17456,596.28158
4139.783159,-723.94525,596.43659
4140.060514,-723.71598,596.59267
4140.338439,-723.48675,596.74982
4140.616924,-723.25757,596.90803
4140.896007,-723.02841,597.06732
4141.175684,-722.79928,597.22769
4141.45596,-722.57019,597.38916
4141.736859,-722.34113,597.55175
4142.018392,-722.11211,597.71549
4142.300535,-721.88315,597.88036
4142.583318,-721.65424,598.04639
4142.86672,-721.4254,598.21357
4143.150766,-721.19662,598.38192
4143.43543,-720.96792,598.55142
4143.720739,-720.73928,598.72208
4144.006693,-720.51068,598.89387
4144.293302,-720.28209,599.06676
4144.580577,-720.05352,599.24078
4144.868537,-719.82496,599.41594
4145.157159,-719.59641,599.5922
4145.446496,-719.36783,599.76959
4145.736499,-719.13927,599.94809
4146.027202,-718.91073,600.12775
4146.318578,-718.68224,600.30856
4146.610628,-718.45381,600.49053
4146.903351,-718.22543,600.67364
4147.196743,-717.9971,600.85788
4147.490789,-717.76882,601.04322
4147.785508,-717.54055,601.22964
4148.080905,-717.31229,601.41714
4148.376968,-717.08403,601.60569
4148.673713,-716.85573,601.79526
4148.97117,-716.62737,601.98587
4149.269302,-716.399,602.17752
4149.568111,-716.17062,602.37021
4149.86762,-715.94222,602.56396
4150.167819,-715.71379,602.75874
4150.468696,-715.48534,602.95454
4150.770241,-715.25686,603.15133
4151.072457,-715.02834,603.3491
4151.375346,-714.79977,603.54784
4151.678899,-714.57113,603.74751
4151.983137,-714.34242,603.94814
4152.288075,-714.11363,604.14974
4152.593728,-713.88477,604.35234
4152.900133,-713.65581,604.55596
4153.207271,-713.42675,604.76057
4153.515163,-713.19759,604.9662
4153.823813,-712.96833,605.17285
4154.133191,-712.739,605.38051
4154.443309,-712.50957,605.58916
4154.754189,-712.28002,605.79881
4155.06586,-712.05034,606.00949
4155.37831,-711.82053,606.22118
4155.691571,-711.59054,606.43387
4156.005637,-711.36037,606.64755
4156.320488,-711.13003,606.8622
4156.636161,-710.89948,607.07783
4156.952658,-710.66872,607.29444
4157.269979,-710.43775,607.51203
4157.588104,-710.20658,607.73058
4157.907035,-709.9752,607.95008
4158.226753,-709.74359,608.17048
4158.547257,-709.51176,608.39179
4158.868537,-709.27969,608.61397
4159.190599,-709.04737,608.83702
4159.513465,-708.81478,609.06095
4159.837123,-708.58191,609.28573
4160.161637,-708.34872,609.51141
4160.487021,-708.11519,609.73799
4160.813248,-707.88133,609.96544
4161.140332,-707.64715,610.19379
4161.468295,-707.4126,610.42302
4161.797195,-707.17765,610.65318
4162.127032,-706.94229,610.88426
4162.457799,-706.70653,611.11626
4162.789539,-706.47033,611.3492
4163.122224,-706.23372,611.58307
4163.455848,-705.9967,611.81786
4163.790411,-705.75927,612.05357
4164.125941,-705.52141,612.29022
4164.462418,-705.28312,612.52778
4164.799828,-705.04439,612.76622
4165.1382,-704.80518,613.00554
4165.477505,-704.5655,613.24571
4165.817759,-704.32533,613.48673
4166.15896,-704.08466,613.72859
4166.501131,-703.84347,613.9713
4166.844285,-703.60174,614.21486
4167.188444,-703.35945,614.45928
4167.533601,-703.1166,614.70455
4167.87975,-702.87319,614.95066
4168.226889,-702.62921,615.1976
4168.575005,-702.38465,615.44534
4168.924112,-702.1395,615.69389
4169.274216,-701.89375,615.94325
4169.625348,-701.64737,616.19343
4169.977505,-701.40035,616.44442
4170.330689,-701.15268,616.69621
4170.684912,-700.90434,616.9488
4171.040134,-700.65535,617.20215
4171.396353,-700.40569,617.45624
4171.753555,-700.15537,617.71106
4172.111726,-699.90438,617.96658
4172.470858,-699.65272,618.22279
4172.830953,-699.40037,618.47967
4173.192037,-699.14731,618.73724
4173.554124,-698.89351,618.99549
4173.917237,-698.63895,619.25443
4174.281374,-698.38362,619.51405
4174.646536,-698.12751,619.77434
4175.012701,-697.87061,620.03526
4175.379877,-697.61291,620.29681
4175.748069,-697.35438,620.55897
4176.117278,-697.09502,620.82174
4176.487505,-696.83482,621.08511
4176.858735,-696.57376,621.34904
4177.230939,-696.31186,621.61351
4177.604061,-696.04915,621.87847
4177.978137,-695.78559,622.14393
4178.353153,-695.52117,622.40986
4178.729094,-695.25589,622.67624
4179.105933,-694.98976,622.94304
4179.483676,-694.72278,623.21027
4179.862311,-694.45495,623.47791
4180.241815,-694.18629,623.74595
4180.622183,-693.91679,624.01437
4181.003407,-693.64645,624.28316
4181.385516,-693.37522,624.55231
4181.76849,-693.10311,624.8218
4182.1523,-692.83012,625.09159
4182.536961,-692.55622,625.36167
4182.922432,-692.28143,625.632
4183.308685,-692.00575,625.90254
4183.69575,-691.72912,626.17327
4184.083655,-691.45149,626.44418
4184.472432,-691.17278,626.71523
4184.862132,-690.89291,626.98641
4185.252749,-690.61184,627.25767
4185.644309,-690.32952,627.52899
4186.036793,-690.04591,627.8003
4186.430156,-689.76099,628.07151
4186.824346,-689.47473,628.34251
4187.219326,-689.18712,628.61323
4187.615078,-688.89814,628.88362
4188.011512,-688.6078,629.15355
4188.408566,-688.31615,629.42298
4188.806175,-688.02324,629.69186
4189.204283,-687.72915,629.96019
4189.60289,-687.43394,630.22803
4190.001974,-687.13767,630.49541
4190.401541,-686.84038,630.76238
4190.801624,-686.54204,631.02895
4191.202238,-686.24265,631.29514
4191.603383,-685.94224,631.56098
4192.005071,-685.64084,631.82652
4192.407282,-685.33848,632.09176
4192.809994,-685.03521,632.35672
4193.213211,-684.73105,632.62143
4193.616928,-684.42603,632.88591
4194.02115,-684.12015,633.15017
4194.42588,-683.81342,633.41422
4194.831122,-683.50585,633.67808
4195.236886,-683.19743,633.94175
4195.643169,-682.88815,634.20521
4196.04997,-682.57801,634.46846
4196.457287,-682.26705,634.73154
4196.865123,-681.95525,634.99443
4197.2735,-681.6426,635.25715
4197.682407,-681.3291,635.51968
4198.091858,-681.01473,635.78202
4198.501839,-680.69948,636.04413
4198.912314,-680.38338,636.30599
4199.323278,-680.06644,636.5676
4199.734735,-679.74867,636.82898
4200.146666,-679.43009,637.09012
4200.559063,-679.11068,637.35098
4200.971928,-678.79042,637.61154
4201.385258,-678.46931,637.87179
4201.79906,-678.14735,638.13174
4202.213344,-677.82453,638.39139
4202.628068,-677.50088,638.65071
4203.043259,-677.17636,638.90969
4203.458924,-676.85094,639.1683
4203.875091,-676.52457,639.42652
4204.291752,-676.19724,639.68432
4204.708911,-675.86893,639.94168
4205.126568,-675.53962,640.19857
4205.544699,-675.20932,640.45496
4205.963293,-674.87801,640.7108
4206.382346,-674.54568,640.96607
4206.801845,-674.21236,641.22078
4207.22181,-673.87805,641.47496
4207.642236,-673.54276,641.72861
4208.063111,-673.2065,641.98172
4208.484425,-672.8693,642.23431
4208.906163,-672.53116,642.48635
4209.328328,-672.1921,642.73787
4209.750888,-671.85215,642.98885
4210.173851,-671.51131,643.2393
4210.597226,-671.16957,643.48922
4211.021016,-670.8269,643.73857
4211.445211,-670.48333,643.98737
4211.869735,-670.1389,644.23554
4212.294275,-669.79386,644.48289
4212.71874,-669.44827,644.72934
4213.143575,-669.10177,644.97515
4213.568798,-668.7543,645.22026
4213.993935,-668.40621,645.46434
4214.418882,-668.05759,645.70733
4214.843945,-667.70821,645.94943
4215.269428,-667.35785,646.19085
4215.695551,-667.00637,646.43177
4216.122322,-666.65377,646.6722
4216.549654,-666.30009,646.91204
4216.977442,-665.94542,647.15123
4217.405706,-665.58976,647.3898
4217.83445,-665.23314,647.6278
4218.263717,-664.87554,647.86527
4218.693521,-664.51695,648.10222
4219.123861,-664.15737,648.33864
4219.554772,-663.79674,648.5745
4219.98625,-663.43506,648.80979
4220.418322,-663.07229,649.04449
4220.851035,-662.70839,649.27862
4221.284384,-662.34331,649.51209
4221.718405,-661.977,649.74488
4222.153085,-661.60946,649.97696
4222.58843,-661.24065,650.20827
4223.024408,-660.87058,650.43876
4223.460989,-660.49928,650.66841
4223.898146,-660.12678,650.89721
4224.33587,-659.7531,651.12517
4224.774137,-659.37828,651.3523
4225.212958,-659.00236,651.57868
4225.652313,-658.62539,651.80435
4226.092201,-658.2474,652.02935
4226.532631,-657.8684,652.25371
4226.973639,-657.48838,652.47748
4227.415209,-657.10738,652.70069
4227.857339,-656.72541,652.92335
4228.300006,-656.34251,653.14548
4228.743204,-655.95869,653.36708
4229.186945,-655.57396,653.58819
4229.631233,-655.18832,653.80881
4230.076067,-654.80176,654.02892
4230.52145,-654.41429,654.24854
4230.967357,-654.02594,654.46767
4231.413797,-653.63672,654.68634
4231.860776,-653.24663,654.90456
4232.308278,-652.85569,655.12233
4232.756343,-652.46385,655.33964
4233.204931,-652.07113,655.55644
4233.654046,-651.6775,655.77268
4234.103656,-651.28295,655.98827
4234.553737,-650.88747,656.20314
4235.004278,-650.49104,656.41722
4235.455273,-650.09369,656.63055
4235.906775,-649.69537,656.84314
4236.358812,-649.29606,657.05501
4236.811469,-648.89563,657.26609
4237.264726,-648.49405,657.47627
4237.718586,-648.09129,657.68549
4238.172963,-647.68744,657.89373
4238.627823,-647.28258,658.10106
4239.083111,-646.87681,658.30755
4239.53885,-646.47017,658.51332
4239.995063,-646.06269,658.71848
4240.451771,-645.65438,658.92309
4240.908962,-645.24528,659.1272
4241.366633,-644.8354,659.33082
4241.824745,-644.42481,659.534
4242.283321,-644.01348,659.73673
4242.742362,-643.60142,659.93903
4243.201887,-643.18863,660.14094
4243.661915,-642.77509,660.34246
4244.122482,-642.36076,660.54359
4244.583578,-641.94564,660.7443
4245.045266,-641.52966,660.94459
4245.507512,-641.11282,661.14438
4245.970309,-640.69514,661.34369
4246.433619,-640.27662,661.54243
4246.897427,-639.85727,661.74058
4247.361723,-639.43706,661.93805
4247.82651,-639.01599,662.13484
4248.291829,-638.59402,662.33096
4248.757669,-638.17116,662.5264
4249.224078,-637.74737,662.72118
4249.691068,-637.32262,662.91526
4250.158641,-636.89691,663.10864
4250.626818,-636.47022,663.30132
4251.095584,-636.04257,663.4933
4251.564934,-635.61397,663.68459
4252.034837,-635.18448,663.87524
4252.505298,-634.75411,664.06528
4252.976306,-634.3229,664.25477
4253.44787,-633.89086,664.44375
4253.919994,-633.45799,664.63223
4254.392685,-633.02431,664.82027
4254.865958,-632.58982,665.0079
4255.339809,-632.15454,665.19516
4255.814262,-631.71845,665.38206
4256.289374,-631.28149,665.5686
4256.765185,-630.8436,665.75474
4257.241711,-630.40475,665.94045
4257.718971,-629.96491,666.1257
4258.196937,-629.52409,666.31044
4258.675639,-629.08225,666.49465
4259.15507,-628.63938,666.67828
4259.635241,-628.19546,666.86131
4260.116158,-627.75048,667.04372
4260.597824,-627.30442,667.22547
4261.080215,-626.85731,667.40656
4261.563314,-626.40917,667.58699
4262.047121,-625.96001,667.76678
4262.531612,-625.50987,667.94596
4263.016798,-625.05876,668.12458
4263.502667,-624.60671,668.30268
4263.989235,-624.15372,668.4803
4264.4765,-623.69981,668.65748
4264.964475,-623.24497,668.83423
4265.453172,-622.78919,669.01055
4265.942588,-622.33248,669.18646
4266.43271,-621.87486,669.36197
4266.923556,-621.41632,669.5371
4267.415123,-620.95686,669.71184
4267.907414,-620.49648,669.8862
4268.400451,-620.03516,670.06018
4268.894241,-619.57287,670.23372
4269.388775,-619.10962,670.40682
4269.884026,-618.64543,670.57945
4270.380005,-618.1803,670.75164
4270.876678,-617.71426,670.92337
4271.374076,-617.24729,671.09467
4271.872213,-616.77938,671.26555
4272.371069,-616.31055,671.43601
4272.870664,-615.84079,671.60607
4273.370973,-615.37013,671.77574
4273.871977,-614.89859,671.94502
4274.37367,-614.42619,672.11394
4274.87604,-613.95295,672.28252
4275.379107,-613.47886,672.45079
4275.882868,-613.00392,672.61874
4276.38733,-612.52813,672.78639
4276.892508,-612.05148,672.95375
4277.398392,-611.57398,673.12082
4277.904996,-611.09562,673.28761
4278.412297,-610.61642,673.45411
4278.920294,-610.13638,673.62031
4279.428978,-609.65551,673.78621
4279.938348,-609.17381,673.95181
4280.4484,-608.69129,674.11712
4280.959118,-608.20797,674.28215
4281.470525,-607.72382,674.44688
4281.982622,-607.23884,674.61131
4282.495392,-606.75304,674.77542
4283.008844,-606.26642,674.93923
4283.522984,-605.77897,675.10273
4284.037803,-605.2907,675.26592
4284.553311,-604.80159,675.42877
4285.069516,-604.31164,675.5913
4285.586414,-603.82085,675.7535
4286.103997,-603.32923,675.91537
4286.622249,-602.8368,676.07692
4287.141185,-602.34355,676.23816
4287.660772,-601.84951,676.39908
4288.181027,-601.35467,676.5597
4288.701932,-600.85905,676.72002
4289.223461,-600.36268,676.88005
4289.745615,-599.86556,677.03979
4290.268417,-599.36767,677.19925
4290.791867,-598.86902,677.35846
4291.315971,-598.3696,677.51741
4291.840721,-597.86942,677.6761
4292.365899,-597.36869,677.83447
4292.890945,-596.86794,677.99234
4293.415759,-596.36727,678.14969
4293.940644,-595.86639,678.30661
4294.465595,-595.36531,678.46311
4294.99039,-594.86425,678.61915
4295.515203,-594.36305,678.7748
4296.040267,-593.86149,678.93014
4296.565799,-593.35937,679.08525
4297.091874,-592.85662,679.24016
4297.61846,-592.35327,679.39486
4298.145524,-591.84936,679.54936
4298.673133,-591.34483,679.7037
4299.201316,-590.83966,679.85791
4299.730114,-590.33382,680.01203
4300.259523,-589.82731,680.16605
4300.789532,-589.32015,680.31999
4301.320144,-588.81234,680.47387
4301.851365,-588.30388,680.6277
4302.383184,-587.79478,680.78148
4302.915609,-587.28504,680.93524
4303.448642,-586.77466,681.08898
4303.982275,-586.26365,681.24271
4304.516546,-585.75198,681.39646
4305.051423,-585.23968,681.55022
4305.586899,-584.72676,681.704
4306.122947,-584.21325,681.8578
4306.659587,-583.69913,682.01163
4307.196814,-583.18441,682.1655
4307.734618,-582.6691,682.31941
4308.27302,-582.15318,682.47337
4308.811996,-581.63667,682.62736
4309.351543,-581.11958,682.7814
4309.891654,-580.60191,682.93547
4310.432351,-580.08364,683.08958
4310.973632,-579.56477,683.24372
4311.5155,-579.0453,683.3979
4312.057939,-578.52524,683.5521
4312.600949,-578.00459,683.70632
4313.144528,-577.48335,683.86055
4313.688685,-576.96151,684.01479
4314.233423,-576.43907,684.16905
4314.778749,-575.91602,684.32332
4315.324644,-575.39238,684.4776
4315.871096,-574.86816,684.63188
4316.418106,-574.34336,684.78617
4316.965695,-573.81796,684.94047
4317.513853,-573.29197,685.09478
4318.062592,-572.76538,685.24911
4318.611891,-572.23821,685.40345
4319.16172,-571.71049,685.5578
4319.712087,-571.18221,685.71215
4320.262994,-570.65337,685.86651
4320.814464,-570.12395,686.02089
4321.366481,-569.59396,686.17527
4321.91906,-569.06339,686.32967
4322.472187,-568.53225,686.48407
4323.025873,-568.00053,686.63848
4323.580126,-567.46822,686.79289
4324.134955,-566.93531,686.9473
4324.690361,-566.4018,687.10171
4325.246343,-565.86769,687.25612
4325.802882,-565.333,687.41053
4326.359976,-564.79773,687.56493
4326.917626,-564.26188,687.71933
4327.475828,-563.72546,687.87374
4328.034587,-563.18846,688.02815
4328.593884,-562.6509,688.18256
4329.153719,-562.11278,688.33697
4329.714096,-561.5741,688.49139
4330.275016,-561.03486,688.64583
4330.836489,-560.49505,688.80029
4331.398529,-559.95466,688.95478
4331.961122,-559.4137,689.10929
4332.524272,-558.87217,689.26383
4333.087987,-558.33006,689.4184
4333.652243,-557.7874,689.57301
4334.217035,-557.24419,689.72765
4334.782361,-556.70044,689.88234
4335.348226,-556.15614,690.03707
4335.914637,-555.61129,690.19186
4336.481594,-555.06589,690.34671
4337.049105,-554.51993,690.50162
4337.617168,-553.97342,690.65661
4338.185776,-553.42636,690.81166
4338.754916,-552.87877,690.96679
4339.324594,-552.33064,691.12199
4339.894824,-551.78196,691.27727
4340.465595,-551.23274,691.43263
4341.036907,-550.68298,691.58807
4341.608739,-550.1327,691.74358
4342.181105,-549.58189,691.89918
4342.753981,-549.03057,692.05485
4343.327401,-548.47871,692.21061
4343.901377,-547.9263,692.36647
4344.475915,-547.37333,692.52241
4345.051011,-546.81981,692.67846
4345.626642,-546.26576,692.8346
4346.202811,-545.71118,692.99084
4346.779504,-545.15608,693.14717
4347.356749,-544.60044,693.30362
4347.934523,-544.04428,693.46017
4348.512838,-543.48759,693.61684
4349.091658,-542.93041,693.77363
4349.670992,-542.37273,693.93054
4350.250862,-541.81453,694.08758
4350.83126,-541.25582,694.24476
4351.412207,-540.69658,694.40208
4351.993685,-540.13683,694.55955
4352.575673,-539.57659,694.71716
4353.158183,-539.01585,694.87492
4353.741214,-538.45461,695.03283
4354.32478,-537.89286,695.1909
4354.908871,-537.33061,695.34913
4355.493486,-536.76786,695.50752
4356.078626,-536.20461,695.66607
4356.664284,-535.64087,695.82479
4357.250478,-535.07662,695.98368
4357.837229,-534.51184,696.14274
4358.424526,-533.94654,696.30197
4359.012354,-533.38074,696.46138
4359.600699,-532.81445,696.62096
4360.189572,-532.24766,696.78071
4360.778965,-531.68038,696.94064
4361.368881,-531.11261,697.10076
4361.959306,-530.54436,697.26105
4362.550243,-529.97563,697.42153
4363.141673,-529.40644,697.58219
4363.733613,-528.83677,697.74303
4364.32606,-528.26663,697.90407
4364.919026,-527.69601,698.06532
4365.512518,-527.1249,698.22677
4366.106501,-526.55334,698.38843
4366.700992,-525.98131,698.5503
4367.295999,-525.40881,698.7124
4367.891543,-524.83581,698.87471
4368.487644,-524.2623,699.03726
4369.084276,-523.6883,699.20003
4369.681421,-523.11383,699.36302
4370.279072,-522.53889,699.52621
4370.877214,-521.9635,699.68961
4371.475871,-521.38763,699.85321
4372.075033,-520.81129,700.017
4372.674716,-520.23446,700.18097
4373.274887,-519.65717,700.34511
4373.875547,-519.07942,700.50942
4374.476704,-518.5012,700.67389
4375.078375,-517.92249,700.83852
4375.680574,-517.34328,701.00332
4376.283285,-516.76358,701.16827
4376.886518,-516.18338,701.33337
4377.490246,-515.60271,701.49863
4378.094485,-515.02155,701.66403
4378.699233,-514.4399,701.82957
4379.304484,-513.85777,701.99526
4379.910232,-513.27516,702.16108
4380.516458,-512.69209,702.32703
4381.123165,-512.10856,702.49312
4381.730349,-511.52457,702.65934
4382.338037,-510.9401,702.82571
4382.946225,-510.35515,702.99222
4383.554902,-509.76973,703.15887
4384.164078,-509.18383,703.32565
4384.773743,-508.59746,703.49257
4385.383906,-508.01061,703.65962
4385.994561,-507.42328,703.82678
4386.605697,-506.83548,703.99405
4387.217304,-506.24722,704.16142
4387.829375,-505.6585,704.32887
4388.44191,-505.06932,704.4964
4389.054909,-504.47968,704.66401
4389.668393,-503.88956,704.8317
4390.282363,-503.29895,704.99945
4390.896815,-502.70786,705.16727
4391.511755,-502.11628,705.33515
4392.127182,-501.52421,705.50309
4392.743104,-500.93164,705.67108
4393.359526,-500.33857,705.83914
4393.976445,-499.745,706.00726
4394.593828,-499.15096,706.17542
4395.211672,-498.55646,706.34365
4395.829973,-497.9615,706.51193
4396.448732,-497.36608,706.68027
4397.067947,-496.77021,706.84869
4397.68763,-496.17387,707.01717
4398.307755,-495.57709,707.18572
4398.928346,-494.97984,707.35432
4399.549387,-494.38214,707.52298
4400.170887,-493.78398,707.6917
4400.792865,-493.18534,707.86048
4401.41533,-492.58621,708.02932
4402.038262,-491.98661,708.19821
4402.661646,-491.38656,708.36717
4403.285479,-490.78606,708.53619
4403.909774,-490.1851,708.70528
4404.534541,-489.58367,708.87444
4405.159775,-488.98178,709.04369
4405.785473,-488.37943,709.21302
4406.411609,-487.77665,709.38244
4407.038174,-487.17345,709.55195
4407.665159,-486.56984,709.72155
4408.292596,-485.96579,709.89126
4408.920472,-485.36131,710.06106
4409.548801,-484.75639,710.23097
4410.177562,-484.15105,710.40098
4410.80675,-483.5453,710.57111
4411.436381,-482.93912,710.74135
4412.066209,-482.33275,710.91164
4412.695746,-481.72666,711.08185
4413.325038,-481.12081,711.25201
4413.954099,-480.51518,711.4221
4414.582985,-479.90973,711.59218
4415.21199,-479.30417,711.76231
4415.841209,-478.69841,711.93252
4416.470572,-478.09252,712.1028
4417.10014,-477.48644,712.27316
4417.730009,-476.88008,712.44364
4418.360239,-476.27338,712.61424
4418.990797,-475.66637,712.78495
4419.621738,-475.05899,712.95576
4420.25307,-474.45124,713.1267
4420.884801,-473.84311,713.29776
4421.516939,-473.23459,713.46894
4422.149461,-472.6257,713.64022
4422.782394,-472.01642,713.81163
4423.415738,-471.40674,713.98314
4424.049503,-470.79666,714.15478
4424.683707,-470.18616,714.32655
4425.318342,-469.57525,714.49845
4425.953406,-468.96393,714.67048
4426.588909,-468.35219,714.84264
4427.224865,-467.74002,715.01494
4427.861263,-467.12743,715.18738
4428.498071,-466.51445,715.35995
4429.135287,-465.90108,715.53264
4429.772917,-465.28732,715.70547
4430.410952,-464.67317,715.87841
4431.049397,-464.05863,716.05148
4431.688241,-463.44371,716.22467
4432.327493,-462.8284,716.39798
4432.967155,-462.2127,716.57142
4433.607225,-461.59661,716.74498
4434.24771,-460.98012,716.91865
4434.888594,-460.36325,717.09244
4435.529873,-459.746,717.26634
4436.171541,-459.12838,717.44036
4436.813614,-458.51037,717.61449
4437.456072,-457.89199,717.78873
4438.098936,-457.27322,717.96308
4438.742193,-456.65407,718.13753
4439.385834,-456.03455,718.31208
4440.029867,-455.41465,718.48673
4440.674273,-454.79439,718.66148
4441.319061,-454.17376,718.83632
4441.964231,-453.55276,719.01126
4442.609795,-452.93138,719.1863
4443.255736,-452.30963,719.36142
4443.90207,-451.6875,719.53664
4444.548759,-451.06503,719.71196
4445.195844,-450.44217,719.88736
4445.843313,-449.81894,720.06286
4446.491175,-449.19533,720.23846
4447.139436,-448.57133,720.41415
4447.7881,-447.94694,720.58994
4448.437142,-447.32218,720.76581
4449.086577,-446.69704,720.94178
4449.736389,-446.07153,721.11783
4450.386573,-445.44566,721.29397
4451.03713,-444.81943,721.47021
4451.688065,-444.19283,721.64653
4452.339373,-443.56587,721.82295
4452.991053,-442.93855,721.99946
4453.643128,-442.31085,722.17608
4454.295574,-441.68279,722.35279
4454.9484,-441.05436,722.52959
4455.601608,-440.42556,722.70648
4456.255176,-439.79641,722.88346
4456.909122,-439.16689,723.06052
4457.563463,-438.53698,723.23765
4458.218184,-437.9067,723.41487
4458.873293,-437.27604,723.59217
4459.528786,-436.645,723.76954
4460.184657,-436.01359,723.94699
4460.840901,-435.38181,724.1245
4461.497517,-434.74966,724.30207
4462.154508,-434.11714,724.47971
4462.811865,-433.48426,724.65742
4463.469592,-432.85101,724.83518
4464.127686,-432.2174,725.01302
4464.786166,-431.58341,725.19093
4465.445026,-430.94905,725.36893
4466.104283,-430.3143,725.54701
4466.763911,-429.67919,725.72518
4467.42392,-429.04371,725.90344
4468.084302,-428.40787,726.0818
4468.745049,-427.77168,726.26026
4469.406152,-427.13515,726.43883
4470.067634,-426.49826,726.61752
4470.729489,-425.86102,726.79634
4471.391713,-425.22343,726.97528
4472.054299,-424.5855,727.15435
4472.717241,-423.94724,727.33356
4473.380546,-423.30864,727.5129
4474.044218,-422.6697,727.69239
4474.708275,-422.0304,727.87202
4475.3727,-421.39076,728.0518
4476.037504,-420.75077,728.23174
4476.70267,-420.11045,728.41184
4477.368222,-419.46978,728.59212
4478.034135,-418.82878,728.77256
4478.700414,-418.18745,728.95318
4479.367056,-417.54579,729.13397
4480.034056,-416.90381,729.31494
4480.701397,-416.26152,729.49607
4481.369096,-415.61891,729.67738
4482.037145,-414.97598,729.85885
4482.705563,-414.33271,730.04047
4483.374351,-413.6891,730.22225
4484.043505,-413.04515,730.40417
4484.713021,-412.40086,730.58622
4485.3829,-411.75623,730.7684
4486.053157,-411.11124,730.9507
4486.723794,-410.46589,731.13312
4487.394776,-409.82021,731.31564
4488.066109,-409.17419,731.49825
4488.737787,-408.52784,731.68096
4489.409823,-407.88114,731.86375
4490.082231,-407.23408,732.04663
4490.754999,-406.58667,732.2296
4491.428127,-405.93891,732.41265
4492.101618,-405.2908,732.5958
4492.775446,-404.64236,732.77902
4493.449625,-403.99358,732.96233
4494.124178,-403.34444,733.14574
4494.799068,-402.69497,733.32922
4495.474319,-402.04515,733.51279
4496.149915,-401.395,733.69646
4496.825845,-400.74452,733.88019
4497.502116,-400.09371,734.06401
4498.178737,-399.44256,734.24791
4498.855705,-398.79108,734.43192
4499.533015,-398.13927,734.61602
4500.210658,-397.48714,734.80021
4500.888648,-396.83468,734.98451
4501.566995,-396.18188,735.16892
4502.245684,-395.52875,735.35342
4502.924731,-394.87528,735.53803
4503.604119,-394.22148,735.72273
4504.283847,-393.56735,735.90751
4504.963907,-392.9129,736.09238
4505.644319,-392.25811,736.27734
4506.32507,-391.60299,736.46238
4507.006172,-390.94753,736.64751
4507.687617,-390.29174,736.83273
4508.369407,-389.63562,737.01805
4509.051529,-388.97918,737.20346
4509.733983,-388.32242,737.38896
4510.416792,-387.66532,737.57456
4511.099926,-387.00791,737.76026
4511.783408,-386.35017,737.94607
4512.467218,-385.69212,738.13199
4513.151382,-385.03373,738.31801
4513.835899,-384.37501,738.50416
4514.520754,-383.71597,738.69042
4515.205969,-383.05659,738.8768
4515.891532,-382.39688,739.06329
4516.577422,-381.73686,739.24989
4517.263654,-381.07652,739.43661
4517.950232,-380.41585,739.62344
4518.637142,-379.75487,739.81039
4519.324392,-379.09357,739.99746
4520.011958,-378.43197,740.18463
4520.699865,-377.77005,740.37192
4521.388103,-377.10782,740.55933
4522.076697,-376.44525,740.74685
4522.765626,-375.78237,740.9345
4523.454895,-375.11917,741.12227
4524.144495,-374.45566,741.31016
4524.834438,-373.79183,741.49818
4525.524722,-373.12768,741.68632
4526.215364,-372.4632,741.87461
4526.906338,-371.79841,742.06302
4527.597632,-371.13332,742.25155
4528.289263,-370.46792,742.44022
4528.981225,-369.80221,742.62901
4529.673502,-369.13621,742.81793
4530.366129,-368.46988,743.00697
4531.059099,-367.80323,743.19614
4531.752387,-367.13628,743.38542
4532.446004,-366.46902,743.57481
4533.139937,-365.80146,743.7643
4533.834201,-365.13359,743.95391
4534.528812,-364.46539,744.14363
4535.223771,-363.79686,744.33346
4535.919065,-363.12801,744.52339
4536.614707,-362.45883,744.71343
4537.310642,-361.78937,744.90356
4538.006915,-361.11959,745.0938
4538.70352,-360.4495,745.28416
4539.400455,-359.7791,745.47464
4540.097743,-359.10837,745.66525
4540.795346,-358.43735,745.85599
4541.493276,-357.76603,746.04687
4542.191532,-357.09441,746.23789
4542.890109,-356.4225,746.42906
4543.588999,-355.7503,746.62036
4544.28823,-355.07779,746.81181
4544.987789,-354.40498,747.00341
4545.687688,-353.73186,747.19516
4546.387914,-353.05844,747.38705
4547.08845,-352.38474,747.57909
4547.789307,-351.71075,747.77128
4548.4905,-351.03645,747.96361
4549.191988,-350.36188,748.15607
4549.893834,-349.68698,748.34868
4550.595986,-349.0118,748.54142
4551.298454,-348.33633,748.7343
4552.001253,-347.66056,748.92733
4552.704366,-346.9845,749.12049
4553.407809,-346.30814,749.3138
4554.111578,-345.63148,749.50725
4554.815668,-344.95453,749.70085
4555.520085,-344.27728,749.89459
4556.224809,-343.59975,750.08847
4556.929882,-342.9219,750.2825
4557.635275,-342.24376,750.47668
4558.340993,-341.56532,750.67099
4559.047015,-340.8866,750.86543
4559.75334,-340.2076,751.05999
4560.459974,-339.52831,751.25466
4561.166911,-338.84873,751.44942
4561.874184,-338.16883,751.64428
4562.581776,-337.48862,751.83922
4563.289686,-336.8081,752.03423
4563.997923,-336.12726,752.22931
4564.706467,-335.44612,752.42446
4565.415339,-334.76466,752.61968
4566.124531,-334.08288,752.81495
4566.834029,-333.4008,753.01028
4567.543851,-332.7184,753.20567
4568.253997,-332.03568,753.40112
4568.964426,-331.35268,753.59662
4569.675186,-330.66935,753.79217
4570.386251,-329.98572,753.98778
4571.09763,-329.30178,754.18345
4571.809321,-328.61753,754.37917
4572.521324,-327.93297,754.57494
4573.233642,-327.2481,754.77077
4573.946285,-326.5629,754.96663
4574.659243,-325.87739,755.16255
4575.372509,-325.19157,755.35851
4576.086085,-324.50544,755.55451
4576.799967,-323.819,755.75054
4577.514161,-323.13225,755.94662
4578.228664,-322.44519,756.14274
4578.943466,-321.75783,756.3389
4579.658581,-321.07016,756.53511
4580.374007,-320.38218,756.73137
4581.089725,-319.69391,756.92768
4581.805756,-319.00533,757.12404
4582.522094,-318.31645,757.32047
4583.23875,-317.62726,757.51697
4583.955722,-316.93776,757.71354
4584.67298,-316.24799,757.9102
4585.390547,-315.55792,758.10694
4586.108411,-314.86757,758.30378
4586.826567,-314.17694,758.5007
4587.545015,-313.48604,758.69774
4588.263762,-312.79486,758.89489
4588.982796,-312.10342,759.09217
4589.702124,-311.41171,759.28958
4590.421763,-310.71972,759.48714
4591.141712,-310.02745,759.68485
4591.861969,-309.3349,759.8827
4592.58253,-308.64208,760.08071
4593.303388,-307.94899,760.27886
4594.024545,-307.25563,760.47715
4594.745997,-306.562,760.67557
4595.467747,-305.8681,760.87413
4596.189774,-305.17395,761.07282
4596.912102,-304.47952,761.27163
4597.634707,-303.78484,761.47057
4598.35762,-303.08987,761.66962
4599.080834,-302.39462,761.86878
4599.804353,-301.69908,762.06804
4600.52816,-301.00327,762.2674
4601.252238,-300.3072,762.46684
4601.976598,-299.61086,762.66636
4602.701228,-298.91426,762.86595
4603.426161,-298.21737,763.06563
4604.151379,-297.5202,763.26537
4604.876901,-296.82274,763.4652
4605.602719,-296.12499,763.66509
4606.328815,-295.42697,763.86505
4607.055188,-294.72868,764.06507
4607.781846,-294.03011,764.26515
4608.508793,-293.33126,764.4653
4609.236022,-292.63213,764.6655
4609.963535,-291.93272,764.86575
4610.691333,-291.23303,765.06606
4611.419395,-290.53308,765.26642
4612.147749,-289.83284,765.46683
4612.876384,-289.13232,765.66728
4613.605308,-288.43151,765.86777
4614.334523,-287.73041,766.0683
4615.063998,-287.02905,766.26887
4615.793753,-286.32741,766.46948
4616.523789,-285.62549,766.67013
4617.254112,-284.92328,766.87081
4617.984727,-284.22078,767.07154
4618.715603,-283.51802,767.27231
4619.446745,-282.81499,767.4731
4620.178154,-282.11169,767.67392
4620.909829,-281.40812,767.87476
4621.641793,-280.70426,768.07564
4622.374035,-280.00012,768.27655
4623.106535,-279.29572,768.47749
4623.839322,-278.59103,768.67846
4624.572379,-277.88607,768.87947
4625.305727,-277.18082,769.08052
4626.039352,-276.47529,769.2816
4626.77327,-275.76947,769.48273
4627.507446,-275.06339,769.68389
4628.241895,-274.35704,769.8851
4628.976608,-273.65043,770.08636
4629.711588,-272.94356,770.28768
4630.446853,-272.23641,770.48906
4631.182385,-271.529,770.6905
4631.918171,-270.82134,770.89199
4632.654216,-270.11343,771.09355
4633.390528,-269.40526,771.29517
4634.127126,-268.69681,771.49685
4634.863986,-267.98811,771.69861
4635.601122,-267.27914,771.90043
4636.338521,-266.56992,772.10233
4637.076179,-265.86045,772.3043
4637.814099,-265.15073,772.50635
4638.552304,-264.44074,772.70849
4639.290762,-263.73051,772.91071
4640.029244,-263.02026,773.11295
4640.76732,-262.31041,773.31511
4641.5051,-261.60085,773.51721
4642.242556,-260.89161,773.71925
4642.979755,-260.18262,773.92123
4643.716924,-259.47367,774.12324
4644.454152,-258.76467,774.32529
4645.191412,-258.05564,774.52735
4645.928791,-257.3465,774.72946
4646.666369,-256.63717,774.93163
4647.404135,-255.92766,775.13385
4648.142108,-255.21795,775.33613
4648.880327,-254.508,775.53846
4649.618798,-253.79781,775.74087
4650.357536,-253.08736,775.94334
4651.096543,-252.37665,776.14588
4651.835828,-251.66567,776.34849
4652.575374,-250.95444,776.55117
4653.315198,-250.24294,776.75392
4654.055294,-249.53118,776.95675
4654.795681,-248.81914,777.15966
4655.536334,-248.10685,777.36266
4656.277251,-247.39431,777.56575
4657.018448,-246.6815,777.76891
4657.759902,-245.96845,777.97217
4658.501634,-245.25514,778.17553
4659.243626,-244.54158,778.37896
4659.985895,-243.82776,778.58249
4660.728443,-243.11367,778.78609
4661.471282,-242.3993,778.98977
4662.214396,-241.68467,779.19354
4662.957767,-240.96979,779.39737
4663.701373,-240.25468,779.60125
4664.445238,-239.53932,779.8052
4665.189323,-238.82374,780.00918
4665.933662,-238.10791,780.21321
4666.678243,-237.39184,780.41728
4667.423075,-236.67552,780.62139
4668.168132,-235.95897,780.82551
4668.913437,-235.24217,781.02966
4669.658988,-234.52512,781.23383
4670.404775,-233.80783,781.43802
4671.15083,-233.09027,781.64224
4671.897118,-232.37247,781.84647
4672.643669,-231.6544,782.05071
4673.390476,-230.93607,782.25497
4674.137538,-230.21748,782.45925
4674.884846,-229.49864,782.66355
4675.632403,-228.77955,782.86788
4676.380206,-228.06021,783.07223
4677.128253,-227.34063,783.27663
4677.876527,-226.62082,783.48105
4678.62504,-225.90077,783.6855
4679.373776,-225.1805,783.88999
4680.122756,-224.45999,784.09453
4680.871981,-223.73924,784.29912
4681.62144,-223.01826,784.50376
4682.371138,-222.29705,784.70846
4683.121063,-221.57562,784.91322
4683.871235,-220.85395,785.11804
4684.621644,-220.13206,785.32295
4685.372293,-219.40994,785.52793
4686.123188,-218.68759,785.733
4686.874317,-217.96502,785.93815
4687.625685,-217.24222,786.14337
4688.377297,-216.51919,786.34867
4689.129152,-215.79593,786.55405
4689.881245,-215.07244,786.75949
4690.633571,-214.34873,786.96501
4691.386123,-213.6248,787.17058
4692.138921,-212.90063,787.37621
4692.891952,-212.17623,787.58188
4693.645225,-211.45159,787.78759
4694.39872,-210.72673,787.99334
4695.15245,-210.00164,788.19914
4695.906407,-209.27632,788.40496
4696.660593,-208.55077,788.61081
4697.415007,-207.82499,788.81668
4698.169668,-207.09896,789.02258
4698.924579,-206.37268,789.22851
4699.679732,-205.64615,789.43445
4700.435127,-204.91937,789.64039
4701.19074,-204.19236,789.84632
4701.946602,-203.46509,790.05225
4702.702694,-202.73758,790.25817
4703.459025,-202.00982,790.46409
4704.215595,-201.28181,790.67
4704.972373,-200.55358,790.8759
4705.729386,-199.82511,791.08181
4706.486625,-199.09641,791.28774
4707.244103,-198.36747,791.4937
4708.001791,-197.63832,791.69969
4708.759692,-196.90896,791.90572
4709.517809,-196.17939,792.1118
4710.276142,-195.44961,792.31793
4711.034722,-194.71959,792.52412
4711.793537,-193.98934,792.73036
4712.552589,-193.25886,792.93666
4713.311867,-192.52816,793.14301
4714.071392,-191.79722,793.34942
4714.831152,-191.06605,793.55588
4715.59116,-190.33464,793.7624
4716.351395,-189.60301,793.96898
4717.111843,-188.87117,794.1756
4717.872532,-188.1391,794.38229
4718.633446,-187.40681,794.58903
4719.394578,-186.67431,794.79583
4720.155948,-185.94158,795.00269
4720.917531,-185.20864,795.20959
4721.679356,-184.47546,795.41653
4722.441391,-183.74207,795.6235
4723.203636,-183.00847,795.8305
4723.966102,-182.27465,796.03753
4724.728784,-181.54061,796.24458
4725.491708,-180.80633,796.45167
4726.25485,-180.07183,796.65878
4727.018199,-179.33712,796.86591
4727.78178,-178.60218,797.07308
4728.54559,-177.86701,797.28028
4729.309633,-177.13161,797.48752
4730.073918,-176.39597,797.6948
4730.838426,-175.66011,797.90212
4731.603165,-174.92402,798.10948
4732.368115,-174.18772,798.31687
4733.133293,-173.4512,798.52432
4733.898693,-172.71446,798.73181
4734.664329,-171.97749,798.93935
4735.430194,-171.24029,799.14692
4736.196259,-170.50289,799.35452
4736.962533,-169.76528,799.56214
4737.729019,-169.02746,799.7698
4738.495721,-168.28943,799.97751
4739.262662,-167.55116,800.18525
4740.029818,-166.81268,800.39304
4740.797214,-166.07396,800.60086
4741.564835,-165.33502,800.80873
4742.332667,-164.59587,801.01663
4743.100711,-163.85651,801.22457
4743.868974,-163.11694,801.43257
4744.637458,-162.37716,801.64064
4745.406166,-161.63717,801.84879
4746.175097,-160.89697,802.05702
4746.944258,-160.15656,802.26535
4747.713651,-159.41594,802.47379
4748.483256,-158.67513,802.68234
4749.253087,-157.93412,802.89101
4750.023111,-157.19294,803.09979
4750.793353,-156.45157,803.3087
4751.563803,-155.71002,803.51774
4752.334482,-154.96827,803.72691
4753.105384,-154.22633,803.93623
4753.876494,-153.48421,804.14568
4754.647813,-152.74191,804.35526
4755.419351,-151.99942,804.56497
4756.191116,-151.25673,804.77481
4756.963108,-150.51384,804.98478
4757.735307,-149.77077,805.19487
4758.507723,-149.0275,805.40505
4759.280339,-148.28405,805.61533
4760.053169,-147.5404,805.82569
4760.826214,-146.79655,806.03613
4761.599475,-146.0525,806.24666
4762.372958,-145.30824,806.45726
4763.146649,-144.56378,806.66792
4763.920559,-143.81911,806.87864
4764.694687,-143.07423,807.08942
4765.469028,-142.32914,807.30024
4766.24359,-141.58384,807.51113
4767.018356,-140.83834,807.72206
4767.793325,-140.09264,807.93303
4768.568507,-139.34673,808.14404
4769.343892,-138.60062,808.35509
4770.119493,-137.8543,808.56619
4770.895305,-137.10778,808.77736
4771.671322,-136.36107,808.98861
4772.447554,-135.61416,809.19994
4773.223989,-134.86706,809.41135
4774.000645,-134.11976,809.62286
4774.777505,-133.37227,809.83445
4775.554579,-132.62458,810.04612
4776.331864,-131.8767,810.25789
4777.109357,-131.12862,810.46972
4777.887062,-130.38034,810.68162
4778.664978,-129.63186,810.89359
4779.4431,-128.88318,811.10561
4780.221438,-128.13429,811.31768
4780.999985,-127.3852,811.52981
4781.778732,-126.63591,811.74197
4782.557689,-125.88641,811.95416
4783.33686,-125.1367,812.16639
4784.116241,-124.38678,812.37865
4784.895832,-123.63665,812.59094
4785.675626,-122.88632,812.80327
4786.455626,-122.13579,813.01565
4787.235835,-121.38506,813.22809
4788.016246,-120.63414,813.4406
4788.796874,-119.88302,813.6532
4789.5777,-119.13172,813.86589
4790.358741,-118.38023,814.0787
4791.139976,-117.62857,814.29162
4791.92141,-116.87674,814.50467
4792.703049,-116.12473,814.71784
4793.4849,-115.37254,814.93115
4794.266947,-114.62018,815.14458
4795.049203,-113.86764,815.35814
4795.831672,-113.11491,815.57181
4796.614337,-112.36201,815.7856
4797.397207,-111.60892,815.99947
4798.180291,-110.85563,816.21342
4798.963577,-110.10215,816.42744
4799.747059,-109.34848,816.64151
4800.530727,-108.59462,816.85559
4801.314578,-107.84058,817.06971
4802.098632,-107.08633,817.28383
4802.882891,-106.33187,817.49796
4803.667349,-105.5772,817.71208
4804.452006,-104.82232,817.92619
4805.236862,-104.06723,818.14029
4806.021916,-103.31193,818.35437
4806.807169,-102.55641,818.56841
4807.592627,-101.80067,818.78242
4808.37829,-101.04471,818.99641
4809.16415,-100.28854,819.21038
4809.950209,-99.53215,819.4243
4810.736458,-98.77555,819.63818
4811.522895,-98.01875,819.85204
4812.30954,-97.26173,820.06589
4813.096385,-96.5045,820.27973
4813.883428,-95.74707,820.49359
4814.670659,-94.98945,820.70747
4815.458074,-94.23165,820.92139
4816.245669,-93.47368,821.13537
4817.033473,-92.71551,821.34941
4817.821463,-91.95716,821.5635
4818.609651,-91.19862,821.77764
4819.398022,-90.4399,821.99182
4820.186595,-89.68099,822.20607
4820.975367,-88.92189,822.42038
4821.764353,-88.16259,822.63477
4822.553542,-87.4031,822.84923
4823.342932,-86.64342,823.06376
4824.132505,-85.88357,823.27836
4824.922267,-85.12354,823.49302
4825.712212,-84.36334,823.70775
4826.502349,-83.60296,823.92255
4827.292679,-82.8424,824.13742
4828.083195,-82.08166,824.35234
4828.873891,-81.32075,824.56732
4829.664762,-80.55967,824.78234
4830.455819,-79.79841,824.99741
4831.247063,-79.03697,825.21253
4832.038514,-78.27533,825.4277
4832.83016,-77.5135,825.64292
4833.621991,-76.75149,825.85818
4834.414016,-75.98929,826.07348
4835.206246,-75.22689,826.28883
4835.998693,-74.46428,826.50423
4836.791345,-73.70147,826.71968
4837.584212,-72.93846,826.93521
4838.377271,-72.17527,827.15081
4839.170546,-71.41188,827.3665
4839.964017,-70.64831,827.58227
4840.757702,-69.88454,827.79812
4841.551592,-69.12058,828.01405
4842.345686,-68.35643,828.23006
4843.139978,-67.5921,828.44616
4843.934452,-66.8276,828.66233
4844.729119,-66.06292,828.87857
4845.523988,-65.29805,829.09488
4846.319058,-64.53299,829.31126
4847.114328,-63.76774,829.5277
4847.909794,-63.0023,829.74419
4848.705452,-62.23668,829.96075
4849.501297,-61.47088,830.17736
4850.297364,-60.70487,830.39404
4851.093614,-59.93868,830.61076
4851.890073,-59.17229,830.82754
4852.686707,-58.40573,831.04436
4853.483527,-57.63899,831.26123
4854.280547,-56.87206,831.47816
4855.077775,-56.10493,831.69515
4855.8752,-55.33761,831.91219
4856.672831,-54.57009,832.12928
4857.470649,-53.80239,832.34642
4858.268656,-53.03451,832.56362
4859.066853,-52.26645,832.78088
4859.865239,-51.49821,832.9982
4860.663809,-50.72979,833.21556
4861.462579,-49.96118,833.43298
4862.261535,-49.19239,833.65045
4863.060676,-48.42342,833.86796
4863.860003,-47.65427,834.08552
4864.659524,-46.88493,834.30312
4865.459236,-46.1154,834.52075
4866.259144,-45.34568,834.73843
4867.059237,-44.57578,834.95615
4867.859508,-43.8057,835.17389
4868.659976,-43.03543,835.39168
4869.460631,-42.26497,835.60949
4870.261474,-41.49433,835.82735
4871.062501,-40.72351,836.04525
4871.863714,-39.95251,836.2632
4872.665101,-39.18135,836.48122
4873.466672,-38.41001,836.69928
4874.268415,-37.63851,836.91741
4875.070339,-36.86684,837.1356
4875.872445,-36.095,837.35386
4876.674734,-35.32299,837.57219
4877.477193,-34.55082,837.79058
4878.279857,-33.77846,838.00905
4879.082701,-33.00593,838.22758
4879.885739,-32.23322,838.44619
4880.688963,-31.46034,838.66488
4881.492367,-30.68729,838.88363
4882.295947,-29.91408,839.10246
4883.099711,-29.14069,839.32133
4883.903652,-28.36713,839.54025
4884.707764,-27.5934,839.7592
4885.512058,-26.81949,839.97818
4886.316521,-26.04541,840.19718
4887.12116,-25.27115,840.41619
4887.92599,-24.4967,840.63523
4888.730989,-23.72208,840.85429
4889.53617,-22.94728,841.07338
4890.341519,-22.17231,841.29249
4891.147053,-21.39716,841.51164
4891.952761,-20.62184,841.73083
4892.758646,-19.84635,841.95007
4893.564708,-19.07069,842.16936
4894.370951,-18.29486,842.38871
4895.177373,-17.51886,842.60812
4895.983965,-16.7427,842.82759
4896.790731,-15.96638,843.04713
4897.597672,-15.1899,843.26675
4898.404793,-14.41325,843.48643
4899.212094,-13.63643,843.70617
4900.019568,-12.85945,843.92598
4900.827213,-12.08231,844.14585
4901.635037,-11.305,844.36578
4902.443029,-10.52753,844.58576
4903.251188,-9.7499,844.80579
4904.059503,-8.97212,845.02586
4904.867992,-8.19417,845.24597
4905.676643,-7.41606,845.46611
4906.485463,-6.63778,845.68627
4907.294455,-5.85933,845.90646
4908.103614,-5.08071,846.12666
4908.912944,-4.30192,846.34689
4909.722443,-3.52296,846.56714
4910.532104,-2.74384,846.78742
4911.341934,-1.96455,847.00772
4912.151931,-1.18509,847.22803
4912.962096,-0.40546,847.44836
4913.772438,0.37435,847.6687
4914.582948,1.15433,847.88906
4915.393618,1.93447,848.10944
4916.20445,2.71477,848.32985
4917.015444,3.49523,848.55029
4917.826604,4.27585,848.77077
4918.637927,5.05663,848.99129
4919.449402,5.83755,849.21187
4920.261042,6.61863,849.43249
4921.072834,7.39986,849.65314
4921.884794,8.18125,849.87384
4922.696926,8.96281,850.09457
4923.509222,9.74453,850.31534
4924.321678,10.52641,850.53613
4925.134274,11.30843,850.75694
4925.947039,12.09062,850.97777
4926.759964,12.87297,851.19862
4927.57306,13.65549,851.4195
4928.386313,14.43817,851.64039
4929.199726,15.22101,851.8613
4930.013285,16.004,852.08222
4930.826997,16.78714,852.30317
4931.640864,17.57043,852.52416
4932.454884,18.35387,852.74518
4933.269061,19.13746,852.96625
4934.083394,19.9212,853.18736
4934.897895,20.7051,853.40852
4935.712546,21.48914,853.62974
4936.527353,22.27333,853.851
4937.342308,23.05766,854.07231
4938.157425,23.84215,854.29365
4938.972682,24.62678,854.51501
4939.788109,25.41158,854.73639
4940.603685,26.19653,854.95779
4941.419418,26.98164,855.1792
4942.235307,27.76691,855.40062
4943.051354,28.55234,855.62205
4943.867551,29.33793,855.84347
4944.683903,30.12368,856.06489
4945.500401,30.90958,856.28632
4946.317051,31.69564,856.50774
4947.133851,32.48185,856.72918
4947.95081,33.26822,856.95064
4948.767926,34.05475,857.17211
4949.585185,34.84142,857.39361
4950.402581,35.62823,857.61512
4951.220126,36.41518,857.83668
4952.037823,37.20228,858.05827
4952.855673,37.98953,858.27989
4953.673675,38.77693,858.50154
4954.491824,39.56448,858.7232
4955.310126,40.35218,858.94489
4956.128574,41.14003,859.16659
4956.947176,41.92803,859.38832
4957.765934,42.71619,859.61006
4958.58483,43.50449,859.83181
4959.403885,44.29295,860.05358
4960.22307,45.08154,860.27537
4961.042408,45.87028,860.49719
4961.861901,46.65917,860.71905
4962.681535,47.4482,860.94093
4963.501304,48.23736,861.16285
4964.321226,49.02667,861.3848
4965.141275,49.8161,861.60679
4965.961488,50.60569,861.82882
4966.781837,51.39541,862.05089
4967.602351,52.18529,862.273
4968.423011,52.97531,862.49515
4969.243813,53.76547,862.71733
4970.064761,54.55577,862.93955
4970.88585,55.34621,863.16179
4971.707098,56.13681,863.38405
4972.528488,56.92755,863.60634
4973.350033,57.71845,863.82863
4974.1717,58.50948,864.05091
4974.993506,59.30066,864.27317
4975.815448,60.09199,864.4954
4976.637527,60.88347,864.7176
4977.459759,61.67512,864.93976
4978.282128,62.46693,865.16186
4979.104645,63.25891,865.3839
4979.927288,64.05104,865.60587
4980.75008,64.84334,865.82779
4981.573014,65.6358,866.04966
4982.39608,66.42841,866.27149
4983.219291,67.22118,866.49328
4984.042625,68.01409,866.71503
4984.866108,68.80716,866.93676
4985.689718,69.60037,867.15846
4986.513488,70.39375,867.38015
4987.337391,71.18727,867.60183
4988.161448,71.98095,867.82351
4988.985631,72.77476,868.04519
4989.809941,73.5687,868.26688
4990.63441,74.3628,868.48859
4991.458998,75.15702,868.71031
4992.283726,75.95138,868.93205
4993.108588,76.74587,869.15382
4993.93358,77.54049,869.37561
4994.7587,78.33524,869.59741
4995.583961,79.13014,869.8192
4996.409345,79.92517,870.04098
4997.234878,80.72036,870.26274
4998.060548,81.5157,870.48447
4998.88637,82.31121,870.70616
4999.712324,83.10687,870.9278
5000.538425,83.9027,871.14938
5001.364661,84.69869,871.37089
5002.191045,85.49485,871.59234
5003.017548,86.29115,871.81373
5003.844183,87.0876,872.03507
5004.670941,87.88419,872.25637
5005.497819,88.68091,872.47765
5006.324832,89.47777,872.69893
5007.151973,90.27476,872.92022
5007.979257,91.07189,873.14154
5008.806672,91.86915,873.36288
5009.634215,92.66653,873.58427
5010.461888,93.46403,873.80571
5011.289697,94.26166,874.02719
5012.117622,95.0594,874.24871
5012.945686,95.85727,874.47028
5013.773876,96.65526,874.69189
5014.602187,97.45337,874.91352
5015.430634,98.25161,875.13519
5016.259224,99.04999,875.35689
5017.087955,99.84851,875.57861
5017.916806,100.64715,875.80035
5018.745785,101.44592,876.0221
5019.574899,102.24483,876.24385
5020.404126,103.04386,876.46559
5021.233488,103.84303,876.68733
5022.062987,104.64235,876.90904
5022.892615,105.44181,877.13073
5023.722365,106.24141,877.35237
5024.552241,107.04115,877.57398
5025.382239,107.84103,877.79554
5026.212366,108.64106,878.01704
5027.04262,109.44123,878.23851
5027.873004,110.24155,878.45993
5028.703504,111.042,878.68131
5029.53414,111.8426,878.90266
5030.364881,112.64332,879.12397
5031.195757,113.44418,879.34528
5032.02677,114.24518,879.5666
5032.857906,115.04631,879.78791
5033.689151,115.84755,880.00923
5034.52052,116.64891,880.23058
5035.352009,117.45039,880.45195
5036.183623,118.25199,880.67335
5037.015372,119.05372,880.89479
5037.847247,119.85557,881.11627
5038.679242,120.65753,881.3378
5039.511355,121.45959,881.55941
5040.343609,122.26177,881.78112
5041.17598,123.06404,882.00294
5042.00846,123.86639,882.22488
5042.841057,124.66882,882.44697
5043.673794,125.47135,882.66922
5044.506645,126.27395,882.89165
5045.339649,127.07665,883.11429
5046.17276,127.8794,883.33715
5047.006001,128.68222,883.56024
5047.839356,129.48509,883.78358
5048.672829,130.28801,884.00718
5049.506413,131.09097,884.23105
5050.340106,131.89397,884.45518
5051.173922,132.69702,884.67959
5052.007845,133.5001,884.90429
5052.841875,134.30321,885.12928
5053.676024,135.10636,885.35457
5054.510293,135.90955,885.58016
5055.34467,136.71277,885.80604
5056.179164,137.51603,886.03221
5057.013781,138.31934,886.25866
5057.848531,139.1227,886.48542
5058.683386,139.92609,886.71246
5059.518362,140.72953,886.93977
5060.353466,141.53302,887.16737
5061.188691,142.33656,887.39524
5062.024041,143.14015,887.62339
5062.859513,143.94379,887.85181
5063.695104,144.74748,888.08049
5064.530811,145.55122,888.30942
5065.366625,146.355,888.5386
5066.202573,147.15885,888.76802
5067.038646,147.96277,888.99765
5067.874828,148.76675,889.22747
5068.711118,149.57079,889.45747
5069.547506,150.37489,889.68762
5070.383991,151.17905,889.91791
5071.220593,151.9833,890.14831
5072.057305,152.78764,890.3788
5072.894134,153.59208,890.60936
5073.731078,154.39662,890.83999
5074.568128,155.20126,891.07066
5075.405299,156.00601,891.30138
5076.24258,156.81087,891.53212
5077.079987,157.61586,891.76286
5077.917506,158.42097,891.99359
5078.755167,159.22623,892.22431
5079.592939,160.03162,892.45498
5080.430826,160.83715,892.68558
5081.268826,161.64282,892.9161
5082.106957,162.44865,893.14654
5082.945215,163.25464,893.37688
5083.783587,164.06078,893.60711
5084.622068,164.86705,893.83728
5085.460684,165.67347,894.06742
5086.299387,166.47998,894.29756
5087.138125,167.28654,894.52765
5087.976854,168.0931,894.75771
5088.8156,168.89968,894.98776
5089.654566,169.70647,895.21788
5090.493774,170.51349,895.44807
5091.333205,171.32072,895.67834
5092.172761,172.12806,895.90868
5093.012377,172.93544,896.1391
5093.852067,173.74287,896.36961
5094.691881,174.55039,896.60026
5095.531795,175.35798,896.83103
5096.371803,176.16563,897.06193
5097.211907,176.97334,897.29297
5098.052119,177.78113,897.52412
5098.89243,178.58899,897.75539
5099.732849,179.39693,897.98677
5100.573372,180.20495,898.21825
5101.413978,181.01303,898.44982
5102.25468,181.82119,898.68146
5103.0955,182.62945,898.91318
5103.936453,183.43782,899.145
5104.77757,184.24632,899.37696
5105.618848,185.05495,899.60905
5106.460255,185.86368,899.84126
5107.301819,186.67253,900.07362
5108.14352,187.48148,900.30613
5108.985341,188.29052,900.53876
5109.827276,189.09965,900.77149
5110.669304,189.90886,901.00428
5111.511437,190.71817,901.2371
5112.353676,191.52759,901.46992
5113.19603,192.33713,901.70274
5114.038473,193.14676,901.93557
5114.880997,193.95648,902.16838
5115.723624,194.76631,902.40118
5116.566321,195.57621,902.63399
5117.409113,196.3862,902.86683
5118.25201,197.19629,903.0997
5119.095016,198.00648,903.33262
5119.938157,198.81679,903.56561
5120.781426,199.62721,903.79868
5121.624828,200.43774,904.03185
5122.468344,201.24836,904.26512
5123.311991,202.05909,904.49848
5124.155734,202.8699,904.73191
5124.999587,203.68081,904.96539
5125.843534,204.4918,905.19893
5126.687568,205.30287,905.43251
5127.5317,206.11403,905.66613
5128.375939,206.92529,905.89979
5129.22027,207.73664,906.13347
5130.064694,208.54808,906.36717
5130.909231,209.35963,906.6009
5131.753866,210.17127,906.83467
5132.598624,210.98303,907.06847
5133.443477,211.79488,907.3023
5134.288442,212.60684,907.53615
5135.133508,213.4189,907.77002
5135.97866,214.23105,908.00389
5136.823925,215.04332,908.23775
5137.669325,215.85573,908.47161
5138.514832,216.66826,908.70544
5139.360192,217.48067,908.93916
5140.205041,218.29261,909.17266
5141.049513,219.10421,909.40598
5141.893615,219.91548,909.63911
5142.737455,220.72652,909.87209
5143.581172,221.53747,910.10494
5144.424722,222.34828,910.33767
5145.268142,223.15899,910.57028
5146.111497,223.96966,910.80279
5146.954868,224.78037,911.03522
5147.798277,225.59114,911.26758
5148.641749,226.40199,911.49989
5149.485304,227.21294,911.73215
5150.328956,228.024,911.96438
5151.17268,228.83514,912.19659
5152.016494,229.64638,912.42878
5152.860402,230.45772,912.66096
5153.704391,231.26915,912.89312
5154.548478,232.08068,913.12529
5155.392669,232.89232,913.35745
5156.236997,233.7041,913.58962
5157.081459,234.51602,913.82179
5157.926034,235.32806,914.05395
5158.770737,236.14023,914.28612
5159.615578,236.95254,914.5183
5160.460528,237.76497,914.75046
5161.305606,238.57753,914.98263
5162.150796,239.39021,915.21479
5162.996092,240.203,915.44695
5163.841495,241.0159,915.67911
5164.687015,241.82892,915.91128
5165.532644,242.64205,916.14346
5166.378388,243.4553,916.37564
5167.224247,244.26867,916.60782
5168.070222,245.08216,916.84
5168.916294,245.89576,917.07215
5169.762467,246.70947,917.30428
5170.608744,247.5233,917.53637
5171.455145,248.33727,917.76842
5172.301645,249.15136,918.00041
5173.14826,249.96559,918.23233
5173.994973,250.77995,918.46415
5174.841786,251.59444,918.69588
5175.688695,252.40906,918.9275
5176.535717,253.22383,919.15901
5177.382844,254.03874,919.39041
5178.230061,254.85378,919.62168
5179.077372,255.66895,919.85284
5179.924786,256.48426,920.08388
5180.772292,257.2997,920.3148
5181.619899,258.11527,920.54563
5182.4676,258.93097,920.77635
5183.31539,259.74679,921.00697
5184.163277,260.56273,921.23752
5185.011262,261.37879,921.46801
5185.859345,262.19497,921.69843
5186.707531,263.01127,921.92881
5187.555822,263.82769,922.15915
5188.404221,264.64423,922.38946
5189.252711,265.46087,922.61975
5190.101285,266.27761,922.85
5190.949973,267.09447,923.08024
5191.798745,267.91142,923.31047
5192.647629,268.72849,923.54069
5193.496619,269.54567,923.77091
5194.345713,270.36296,924.00112
5195.194904,271.18036,924.2313
5196.044198,271.99787,924.46147
5196.893587,272.81549,924.6916
5197.743081,273.63323,924.92169
5198.592675,274.45109,925.15172
5199.442351,275.26905,925.3817
5200.292121,276.08713,925.6116
5201.142,276.90534,925.84144
5201.991978,277.72367,926.07122
5202.842052,278.54212,926.30093
5203.692224,279.36069,926.53057
5204.542488,280.17937,926.76016
5205.392853,280.99817,926.9897
5206.243317,281.81708,927.21921
5207.093879,282.6361,927.44869
5207.94455,283.45524,927.67815
5208.795309,284.27447,927.90761
5209.646163,285.0938,928.13707
5210.497119,285.91323,928.36655
5211.34817,286.73275,928.59606
5212.199333,287.55238,928.82559
5213.05059,288.3721,929.05515
5213.901957,289.19192,929.28476
5214.753409,290.01182,929.5144
5215.60498,290.83183,929.74409
5216.456639,291.65192,929.97382
5217.308409,292.47211,930.2036
5218.160258,293.29237,930.43343
5219.012221,294.11273,930.66332
5219.864276,294.93317,930.89327
5220.716432,295.7537,931.12327
5221.568685,296.57432,931.35331
5222.421029,297.39502,931.5834
5223.27347,298.21581,931.81353
5224.126009,299.03669,932.0437
5224.978652,299.85767,932.2739
5225.831387,300.67874,932.50412
5226.68423,301.49991,932.73438
5227.53716,302.32116,932.96468
5228.39019,303.1425,933.19503
5229.243327,303.96394,933.42542
5230.09655,304.78546,933.65584
5230.949876,305.60708,933.88629
5231.803298,306.42879,934.11677
5232.656821,307.2506,934.34727
5233.510432,308.07249,934.57781
5234.364142,308.89448,934.80836
5235.217944,309.71656,935.03893
5236.071858,310.53875,935.26952
5236.925861,311.36103,935.50012
5237.779962,312.18341,935.73073
5238.634168,313.00589,935.96137
5239.488476,313.82847,936.19203
5240.342876,314.65114,936.42271
5241.197361,315.47389,936.65342
5242.051952,316.29675,936.88413
5242.906638,317.1197,937.11487
5243.761416,317.94274,937.34563
5244.616285,318.76587,937.57641
5245.471247,319.58909,937.80721
5246.326301,320.4124,938.03803
5247.181447,321.2358,938.26887
5248.036705,322.05931,938.49973
5248.892058,322.88292,938.73059
5249.747513,323.70663,938.96147
5250.603055,324.53043,939.19235
5251.458706,325.35434,939.42324
5252.314453,326.17835,939.65413
5253.170292,327.00245,939.88504
5254.026213,327.82663,940.11597
5254.882229,328.6509,940.34693
5255.73833,329.47525,940.57792
5256.594519,330.29968,940.80895
5257.450796,331.12419,941.04002
5258.307158,331.94878,941.27112
5259.163603,332.77345,941.50224
5260.020115,333.59819,941.73336
5260.876738,334.42304,941.9645
5261.733476,335.24801,942.19564
5262.590333,336.0731,942.42679
5263.447295,336.89831,942.6579
5264.304345,337.72362,942.88898
5265.161502,338.54905,943.12003
5266.018736,339.37457,943.35104
5266.876067,340.2002,943.58202
5267.733481,341.02593,943.81295
5268.590966,341.85174,944.04386
5269.44855,342.67766,944.27474
5270.306215,343.50367,944.5056
5271.163948,344.32976,944.73643
5272.021776,345.15595,944.96725
5272.879694,345.98224,945.19805
5273.737709,346.80863,945.42885
5274.595824,347.63513,945.65963
5275.454026,348.46172,945.89041
5276.312331,349.28842,946.12118
5277.170739,350.11523,946.35194
5278.029248,350.94215,946.58268
5278.887838,351.76916,946.8134
5279.746532,352.59628,947.04411
5280.605319,353.4235,947.27481
5281.46419,354.25081,947.5055
5282.323148,355.07821,947.73619
5283.18218,355.90569,947.96687
5284.041305,356.73326,948.19757
5284.900509,357.56091,948.42828
5285.759808,358.38865,948.65902
5286.619192,359.21647,948.88979
5287.47867,360.04438,949.12059
5288.338252,360.87238,949.35145
5289.197914,361.70045,949.58236
5290.057667,362.5286,949.81332
5290.917494,363.35681,950.04434
5291.777426,364.18511,950.27543
5292.637449,365.01349,950.50657
5293.497567,365.84195,950.73778
5294.357774,366.67049,950.96903
5295.218065,367.49911,951.20031
5296.078445,368.32781,951.43163
5296.938902,369.15658,951.66299
5297.799452,369.98544,951.89437
5298.660086,370.81438,952.12578
5299.520804,371.6434,952.35721
5300.381599,372.47249,952.58868
5301.242492,373.30167,952.82019
5302.103475,374.13093,953.05175
5302.964556,374.96028,953.28335
5303.825727,375.78971,953.515
5304.686991,376.61922,953.74671
5305.548342,377.4488,953.97849
5306.409779,378.27845,954.21034
5307.271295,379.10816,954.44227
5308.132915,379.93795,954.6743
5308.994624,380.76781,954.90641
5309.856421,381.59773,955.13863
5310.718295,382.4277,955.37096
5311.580263,383.25773,955.60342
5312.44231,384.08781,955.836
5313.304456,384.91795,956.06873
5314.166698,385.74815,956.3016
5315.029018,386.57839,956.53462
5315.89144,387.40869,956.7678
5316.753938,388.23903,957.00112
5317.61653,389.06942,957.23461
5318.479218,389.89987,957.46824
5319.342001,390.73038,957.70201
5320.204864,391.56093,957.93593
5321.067807,392.39153,958.16997
5321.930821,393.22217,958.40413
5322.793919,394.05286,958.63842
5323.657105,394.88361,958.87282
5324.52039,395.71443,959.10734
5325.38376,396.54531,959.34196
5326.247215,397.37625,959.57668
5327.110758,398.20725,959.81151
5327.974383,399.03831,960.04643
5328.838109,399.86945,960.28144
5329.701921,400.70065,960.51655
5330.565824,401.53192,960.75175
5331.429812,402.36325,960.98705
5332.293892,403.19465,961.22244
5333.158045,404.0261,961.45792
5334.022292,404.85762,961.6935
5334.886622,405.6892,961.92917
5335.751053,406.52086,962.16493
5336.61556,407.35257,962.40079
5337.480155,408.18435,962.63673
5338.344846,409.0162,962.87277
5339.209625,409.84812,963.10889
5340.074499,410.68011,963.34511
5340.939453,411.51216,963.58141
5341.804471,412.34426,963.81777
5342.669576,413.17643,964.0542
5343.534781,414.00869,964.29068
5344.400083,414.84104,964.5272
5345.265483,415.67348,964.76376
5346.130975,416.50601,965.00034
5346.996562,417.33863,965.23695
5347.862224,418.17132,965.47359
5348.727975,419.0041,965.71024
5349.593807,419.83696,965.9469
5350.459724,420.66991,966.18356
5351.325736,421.50296,966.42021
5352.191827,422.33609,966.65687
5353.058008,423.16932,966.89351
5353.924268,424.00264,967.13012
5354.790626,424.83607,967.3667
5355.657059,425.66959,967.60324
5356.523593,426.50322,967.83976
5357.390209,427.33695,968.07623
5358.256904,428.17077,968.31267
5359.123688,429.00468,968.54912
5359.990574,429.83869,968.78559
5360.857547,430.67278,969.0221
5361.724599,431.50694,969.25865
5362.591735,432.34117,969.49526
5363.458959,433.17547,969.73195
5364.326276,434.00984,969.96873
5365.193687,434.84428,970.20561
5366.061176,435.67877,970.4426
5366.928747,436.51331,970.67971
5367.796408,437.34791,970.91694
5368.664156,438.18257,971.15428
5369.531976,439.01727,971.39174
5370.3999,439.85205,971.6293
5371.267912,440.68689,971.86697
5372.136008,441.52178,972.10477
5373.004191,442.35673,972.34268
5373.872453,443.19173,972.5807
5374.740803,444.02679,972.81883
5375.60926,444.86193,973.05707
5376.477801,445.69713,973.29541
5377.346426,446.53239,973.53384
5378.215132,447.36771,973.77236
5379.083916,448.20309,974.01095
5379.952789,449.03854,974.24962
5380.821748,449.87406,974.48836
5381.690791,450.70965,974.72716
5382.559918,451.54531,974.96602
5383.429136,452.38105,975.20493
5384.298442,453.21687,975.44388
5385.167819,454.05275,975.68288
5386.037296,454.88872,975.92193
5386.906852,455.72476,976.16102
5387.776498,456.56088,976.40016
5388.646229,457.39708,976.63933
5389.516042,458.23335,976.87855
5390.385939,459.0697,977.1178
5391.255925,459.90613,977.35709
5392.125989,460.74263,977.59642
5392.99614,461.57921,977.83579
5393.866375,462.41587,978.07518
5394.736697,463.25261,978.31461
5395.607086,464.08942,978.55404
5396.477565,464.92632,978.79348
5397.34813,465.76331,979.03292
5398.218785,466.60039,979.27237
5399.089504,467.43754,979.51181
5399.960304,468.27478,979.75123
5400.83119,469.11211,979.99065
5401.702163,469.94953,980.23007
5402.573234,470.78706,980.46946
5403.444382,471.62467,980.70885
5404.315601,472.46236,980.94822
5405.186906,473.30014,981.18759
5406.058283,474.138,981.42694
5406.929747,474.97595,981.66629
5407.801281,475.81398,981.90562
5408.672913,476.65211,982.14495
5409.544618,477.49032,982.38427
5410.4164,478.32861,982.62359
5411.288259,479.16698,982.86291
5412.160201,480.00543,983.10225
5413.032219,480.84396,983.34159
5413.904315,481.68257,983.58093
5414.776496,482.52127,983.82027
5415.648743,483.36004,984.0596
5416.52108,484.19891,984.29891
5417.393489,485.03786,984.5382
5418.265981,485.8769,984.77748
5419.138555,486.71603,985.01674
5420.011197,487.55524,985.25597
5420.883913,488.39453,985.49519
5421.756704,489.2339,985.7344
5422.629581,490.07336,985.97361
5423.502542,490.91291,986.21281
5424.37557,491.75253,986.45201
5425.24867,492.59223,986.69119
5426.12183,493.43199,986.93038
5426.995065,494.27183,987.16956
5427.868395,495.11177,987.40874
5428.741797,495.95179,987.6479
5429.61528,496.7919,987.88704
5430.488835,497.63209,988.12616
5431.362461,498.47236,988.36526
5432.236175,499.31273,988.60433
5433.109965,500.15319,988.84336
5433.98384,500.99375,989.08235
5434.857778,501.83439,989.32129
5435.731785,502.67511,989.5602
5436.60587,503.51592,989.79908
5437.480014,504.3568,990.03793
5438.354237,505.19777,990.27675
5439.228541,506.03883,990.51555
5440.10291,506.87996,990.75434
5440.977336,507.72115,990.99313
5441.851842,508.56242,991.23193
5442.726427,509.40377,991.47074
5443.60108,510.24519,991.70955
5444.47582,511.0867,991.94836
5445.350627,511.92828,992.18717
5446.225498,512.76993,992.42597
5447.100437,513.61165,992.66477
5447.97545,514.45345,992.90356
5448.850538,515.29533,993.14234
5449.725697,516.13729,993.3811
5450.60093,516.97933,993.61985
5451.476244,517.82146,993.85858
5452.351617,518.66366,994.09728
5453.227069,519.50595,994.33595
5454.102592,520.34832,994.5746
5454.978183,521.19076,994.81325
5455.853848,522.03328,995.05189
5456.72958,522.87587,995.29053
5457.605375,523.71852,995.52919
5458.481241,524.56124,995.76786
5459.357183,525.40404,996.00653
5460.233186,526.2469,996.24521
5461.109244,527.08982,996.48388
5461.985386,527.93283,996.72254
5462.861583,528.7759,996.96119
5463.737864,529.61906,997.19983
5464.614209,530.46229,997.43846
5465.490622,531.30559,997.67709
5466.367108,532.14897,997.91571
5467.243672,532.99243,998.15433
5468.120298,533.83596,998.39293
5468.996989,534.67956,998.63152
5469.873752,535.52323,998.87013
5470.750576,536.36696,999.10875
5471.627469,537.21076,999.34738
5472.504432,538.05462,999.58605
5473.381457,538.89854,999.82474
5474.258561,539.74253,1000.06347
5475.135721,540.58657,1000.30223
5476.01296,541.43068,1000.54103
5476.890245,542.27483,1000.77986
5477.767602,543.11905,1001.01871
5478.645026,543.96333,1001.25759
5479.52252,544.80768,1001.49648
5480.400084,545.6521,1001.73538
5481.277711,546.49658,1001.9743
5482.155415,547.34114,1002.21322
5483.033174,548.18576,1002.45213
5483.911005,549.03046,1002.69102
5484.7889,549.87523,1002.9299
5485.666864,550.72008,1003.16875
5486.544887,551.565,1003.40757
5487.422976,552.41,1003.64635
5488.301125,553.25507,1003.8851
5489.179327,554.10021,1004.1238
5490.057598,554.94543,1004.36247
5490.935934,555.79072,1004.60113
5491.814332,556.63608,1004.83977
5492.692794,557.48151,1005.0784
5493.571314,558.327,1005.31703
5494.449892,559.17255,1005.55566
5495.32854,560.01817,1005.7943
5496.207254,560.86385,1006.03297
5497.086046,561.7096,1006.27168
5497.964882,562.55539,1006.51041
5498.843796,563.40125,1006.74918
5499.722763,564.24715,1006.988
5500.601791,565.0931,1007.22687
5501.48089,565.93911,1007.46579
5502.360049,566.78517,1007.70475
5503.239264,567.63127,1007.94378
5504.118552,568.47743,1008.18286
5504.997884,569.32362,1008.422
5505.877284,570.16986,1008.66121
5506.756741,571.01614,1008.90049
5507.63627,571.86247,1009.13986
5508.515841,572.70882,1009.37931
5509.395475,573.55521,1009.61885
5510.275171,574.40164,1009.85848
5511.154931,575.24811,1010.0982
5512.034757,576.09462,1010.33802
5512.914648,576.94117,1010.57794
5513.794592,577.78775,1010.81795
5514.674605,578.63437,1011.05807
5515.554672,579.48102,1011.29828
5516.434819,580.32772,1011.53861
5517.315023,581.17445,1011.77904
5518.195285,582.02121,1012.01958
5519.075603,582.86799,1012.26025
5519.955972,583.71479,1012.50104
5520.836408,584.56162,1012.74197
5521.716906,585.40848,1012.98302
5522.597479,586.25538,1013.2242
5523.478106,587.1023,1013.46551
5524.358792,587.94925,1013.70693
5525.239524,588.79622,1013.94845
5526.120311,589.64322,1014.19006
5527.00116,590.49026,1014.43176
5527.882086,591.33736,1014.67353
5528.763074,592.18451,1014.91535
5529.644112,593.0317,1015.15721
5530.525214,593.87894,1015.39913
5531.406385,594.72624,1015.64109
5532.287615,595.57359,1015.88309
5533.168906,596.42099,1016.12514
5534.050267,597.26845,1016.36723
5534.931676,598.11595,1016.60936
5535.813141,598.96349,1016.85155
5536.694665,599.81108,1017.09378
5537.576248,600.65872,1017.33605
5538.457892,601.50641,1017.57837
5539.339593,602.35415,1017.82072
5540.22136,603.20195,1018.0631
5541.103174,604.04979,1018.30551
5541.985054,604.89769,1018.54795
5542.866985,605.74563,1018.79044
5543.748993,606.59364,1019.03296
5544.631052,607.44169,1019.27553
5545.513176,608.28979,1019.51816
5546.395355,609.13793,1019.76085
5547.277589,609.98611,1020.0036
5548.159891,610.83434,1020.24642
5549.04224,611.6826,1020.48931
5549.924647,612.5309,1020.73227
5550.807112,613.37924,1020.9753
5551.689632,614.22762,1021.21839
5552.572214,615.07605,1021.46153
5553.454855,615.92453,1021.70471
5554.337564,616.77307,1021.94793
5555.220318,617.62165,1022.19117
5556.103133,618.47028,1022.43446
5556.986012,619.31897,1022.67777
5557.868941,620.16771,1022.92109
5558.751933,621.01651,1023.16443
5559.63498,621.86536,1023.40779
5560.518086,622.71427,1023.65116
5561.401248,623.56324,1023.89452
5562.284457,624.41226,1024.13788
5563.167724,625.26134,1024.38124
5564.051066,626.1105,1024.62459
5564.934459,626.95972,1024.86792
5565.817917,627.80901,1025.11124
5566.701434,628.65837,1025.35453
5567.585017,629.50781,1025.59778
5568.468663,630.35733,1025.84098
5569.352373,631.20693,1026.08413
5570.236135,632.0566,1026.32723
5571.119952,632.90634,1026.57028
5572.003822,633.75615,1026.81328
5572.887738,634.60602,1027.05624
5573.771711,635.45596,1027.29916
5574.655739,636.30596,1027.54207
5575.539834,637.15603,1027.78498
5576.423987,638.00616,1028.02789
5577.308178,638.85633,1028.2708
5578.192423,639.70655,1028.51373
5579.076715,640.55681,1028.75669
5579.96107,641.40713,1028.99967
5580.845481,642.2575,1029.24268
5581.729948,643.10792,1029.48572
5582.614469,643.95839,1029.72878
5583.499048,644.80892,1029.97184
5584.383682,645.65951,1030.21489
5585.26838,646.51017,1030.45793
5586.15313,647.36089,1030.70095
5587.037942,648.21168,1030.94395
5587.922801,649.06253,1031.18691
5588.80771,649.91344,1031.42984
5589.692677,650.76442,1031.67274
5590.577699,651.61546,1031.91563
5591.462785,652.46658,1032.15847
5592.347905,653.31775,1032.40126
5593.233076,654.16899,1032.64399
5594.11831,655.02031,1032.88667
5595.003592,655.8717,1033.12928
5595.888922,656.72316,1033.37182
5596.774324,657.57472,1033.61427
5597.659767,658.42634,1033.85666
5598.545268,659.27804,1034.09898
5599.43082,660.12981,1034.34124
5600.316432,660.98166,1034.58344
5601.202111,661.83359,1034.8256
5602.087837,662.68559,1035.06769
5602.973614,663.53765,1035.30975
5603.859443,664.38978,1035.55176
5604.745325,665.24197,1035.79375
5605.631264,666.09423,1036.0357
5606.517249,666.94655,1036.27761
5607.403284,667.79893,1036.51949
5608.289375,668.65138,1036.76133
5609.175523,669.5039,1037.00313
5610.06172,670.35648,1037.2449
5610.947971,671.20913,1037.48662
5611.834274,672.06184,1037.72832
5612.720641,672.91462,1037.97001
5613.607074,673.76747,1038.21169
5614.493545,674.62036,1038.45337
5615.380064,675.4733,1038.69505
5616.266633,676.32629,1038.93674
5617.153264,677.17934,1039.17844
5618.039938,678.03243,1039.42016
5618.926672,678.88558,1039.66189
5619.813455,679.73878,1039.90362
5620.700296,680.59204,1040.14535
5621.587186,681.44536,1040.38705
5622.474128,682.29874,1040.62873
5623.361127,683.15219,1040.87037
5624.248172,684.0057,1041.11197
5625.135262,684.85927,1041.35352
5626.0224,685.71291,1041.595
5626.909592,686.56662,1041.83643
5627.796825,687.42039,1042.0778
5628.684102,688.27422,1042.31912
5629.571433,689.12812,1042.56039
5630.458817,689.98208,1042.80164
5631.34624,690.83609,1043.04286
5632.233731,691.69017,1043.28408
5633.12126,692.54429,1043.5253
5634.008836,693.39845,1043.76655
5634.896465,694.25266,1044.00782
5635.784137,695.1069,1044.24914
5636.671865,695.96119,1044.49049
5637.559652,696.81553,1044.73188
5638.447476,697.6699,1044.9733
5639.335379,698.52434,1045.21476
5640.223318,699.37881,1045.45625
5641.111326,700.23334,1045.69778
5641.999371,701.0879,1045.93934
5642.887482,701.94252,1046.18093
5643.775634,702.79718,1046.42253
5644.663828,703.65188,1046.66414
5645.55206,704.50662,1046.90575
5646.44034,705.36141,1047.14736
5647.328668,706.21625,1047.38897
5648.217044,707.07114,1047.63058
5649.105466,707.92608,1047.87218
5649.993933,708.78107,1048.11377
5650.882435,709.6361,1048.35535
5651.770993,710.49119,1048.59692
5652.659603,711.34634,1048.83847
5653.548266,712.20155,1049.08
5654.436978,713.05682,1049.3215
5655.325739,713.91215,1049.56297
5656.214564,714.76756,1049.80439
5657.103436,715.62303,1050.04577
5657.992352,716.47856,1050.2871
5658.881328,717.33416,1050.5284
5659.770352,718.18982,1050.76967
5660.65942,719.04553,1051.01092
5661.548537,719.9013,1051.25214
5662.437687,720.75711,1051.49334
5663.326886,721.61297,1051.73454
5664.21613,722.46888,1051.97573
5665.105428,723.32485,1052.21691
5665.994778,724.18087,1052.4581
5666.884176,725.03694,1052.69929
5667.773612,725.89305,1052.94048
5668.663109,726.74922,1053.18168
5669.552642,727.60543,1053.42287
5670.442222,728.46169,1053.66406
5671.331854,729.318,1053.90526
5672.221524,730.17435,1054.14646
5673.111217,731.03073,1054.38764
5674.000937,731.88714,1054.62881
5674.890705,732.7436,1054.86998
5675.780501,733.60009,1055.11115
5676.670334,734.45662,1055.35231
5677.560186,735.31317,1055.59347
5678.450063,736.16975,1055.83462
5679.339973,737.02636,1056.07578
5680.229877,737.88297,1056.31692
5681.119737,738.73954,1056.55804
5682.009534,739.59605,1056.79914
5682.899277,740.45251,1057.04022
5683.788907,741.30886,1057.28127
5684.678327,742.16501,1057.52226
5685.567536,743.02096,1057.76318
5686.456556,743.87673,1058.00404
5687.345279,744.73222,1058.2448
5688.233737,745.58746,1058.48547
5689.121959,746.44248,1058.72605
5690.009876,747.29722,1058.9665
5690.897381,748.15158,1059.20678
5691.78445,749.00554,1059.44687
5692.671038,749.85906,1059.68675
5693.557087,750.71209,1059.92638
5694.442606,751.56464,1060.16576
5695.327625,752.41674,1060.40489
5696.212123,753.26837,1060.64377
5697.096016,754.11945,1060.88237
5697.979154,754.96983,1061.12067
5698.861528,755.8195,1061.35867
5699.743216,756.66854,1061.59638
5700.624226,757.51695,1061.83382
5701.504517,758.36469,1062.07099
5702.38409,759.21176,1062.30789
5703.262948,760.05816,1062.54453
5704.141086,760.90389,1062.78089
5705.018476,761.74892,1063.01698
5705.895095,762.59323,1063.25278
5706.770906,763.43679,1063.48826
5707.645863,764.27955,1063.72343
5708.519916,765.12147,1063.95825
5709.393016,765.9625,1064.19271
5710.26512,766.8026,1064.4268
5711.136171,767.64172,1064.66048
5712.006145,768.47984,1064.89374
5712.875034,769.31695,1065.12658
5713.742778,770.153,1065.35896
5714.609367,770.98797,1065.59091
5715.474753,771.82182,1065.8224
5716.338927,772.65454,1066.05343
5717.201863,773.48611,1066.28397
5718.06354,774.31651,1066.51402
5718.923939,775.14572,1066.74358
5719.783039,775.97372,1066.97264
5720.640841,776.80052,1067.20117
5721.497319,777.62609,1067.42918
5722.352455,778.45042,1067.65664
5723.206252,779.27351,1067.88356
5724.058713,780.09536,1068.10995
5724.909816,780.91595,1068.3358
5725.759558,781.73528,1068.5611
5726.607918,782.55333,1068.78584
5727.454922,783.37012,1069.01005
5728.300559,784.18564,1069.23372
5729.14485,784.9999,1069.4569
5729.987795,785.8129,1069.67958
5730.829378,786.62462,1069.90178
5731.669624,787.43508,1070.12352
5732.508537,788.24428,1070.34481
5733.346111,789.05221,1070.56567
5734.182358,789.85888,1070.78611
5735.01727,790.66428,1071.00613
5735.850846,791.46841,1071.22573
5736.683058,792.27124,1071.44491
5737.51391,793.07277,1071.66369
5738.343395,793.87299,1071.88208
5739.171512,794.6719,1072.10007
5739.998245,795.46948,1072.31768
5740.823569,796.2657,1072.53492
5741.647501,797.06057,1072.75182
5742.470041,797.85409,1072.96838
5743.291185,798.64625,1073.18462
5744.110933,799.43704,1073.40058
5744.929274,800.22645,1073.61625
5745.746215,801.01448,1073.83166
5746.561752,801.80112,1074.04683
5747.375907,802.58639,1074.26177
5748.188663,803.37027,1074.47649
5749.000014,804.15275,1074.691
5749.809959,804.93383,1074.9053
5750.618396,805.71341,1075.11937
5751.425338,806.4915,1075.33322
5752.230892,807.2682,1075.54689
5753.035081,808.04353,1075.76039
5753.837915,808.8175,1075.97373
5754.639419,809.59013,1076.18692
5755.439513,810.36134,1076.39996
5756.238111,811.13105,1076.61281
5757.035218,811.89926,1076.82549
5757.830875,812.66601,1077.03801
5758.625059,813.43127,1077.25039
5759.417767,814.19504,1077.46262
5760.20897,814.95729,1077.6747
5760.998701,815.71805,1077.88664
5761.786959,816.47732,1078.09844
5762.573757,817.23512,1078.31008
5763.359103,817.99145,1078.52158
5764.142989,818.74631,1078.73292
5764.925431,819.49972,1078.94408
5765.706445,820.2517,1079.15505
5766.48604,821.00226,1079.36583
5767.264206,821.7514,1079.57638
5768.040974,822.49915,1079.78671
5768.816334,823.24551,1079.99678
5769.590297,823.99049,1080.2066
5770.362856,824.73409,1080.41614
5771.134014,825.47631,1080.62541
5771.903743,826.21713,1080.83438
5772.672043,826.95655,1081.04305
5773.438893,827.69455,1081.25141
5774.20433,828.43117,1081.45946
5774.968326,829.16638,1081.6672
5775.730885,829.90019,1081.87461
5776.492009,830.6326,1082.0817
5777.251723,831.36364,1082.28845
5778.010026,832.09331,1082.49486
5778.76694,832.82163,1082.70094
5779.52246,833.5486,1082.90667
5780.276576,834.27421,1083.11205
5781.029285,834.99846,1083.31707
5781.780597,835.72136,1083.52173
5782.530498,836.4429,1083.72601
5783.279013,837.1631,1083.92994
5784.026085,837.88191,1084.13348
5784.771723,838.59934,1084.33663
5785.515929,839.31539,1084.5394
5786.258724,840.03008,1084.74179
5787.000087,840.74339,1084.9438
5787.739989,841.45529,1085.14543
5788.478293,842.16565,1085.34663
5789.215096,842.87456,1085.54744
5789.95048,843.5821,1085.74788
5790.684539,844.28836,1085.94798
5791.417221,844.99329,1086.14772
5792.148454,845.69682,1086.34709
5792.87818,846.39889,1086.54608
5793.60639,847.09949,1086.7447
5794.33311,847.79864,1086.94297
5795.058368,848.49637,1087.14089
5795.782175,849.19269,1087.33846
5796.504468,849.88754,1087.53567
5797.225274,850.58094,1087.73254
5797.944571,851.27287,1087.92906
5798.662389,851.96336,1088.12524
5799.378751,852.65243,1088.32109
5800.093664,853.34009,1088.5166
5800.807089,854.0263,1088.71177
5801.518981,854.71101,1088.90661
5802.229367,855.39425,1089.10111
5802.938308,856.07608,1089.29529
5803.645784,856.75648,1089.48914
5804.351765,857.43542,1089.68266
5805.056252,858.1129,1089.87585
5805.759248,858.78893,1090.06869
5806.460784,859.46353,1090.26122
5807.160833,860.13668,1090.45341
5807.859416,860.8084,1090.64527
5808.55653,861.47869,1090.83679
5809.252195,862.14757,1091.02797
5809.94644,862.81507,1091.21881
5810.639246,863.48117,1091.40931
5811.330609,864.14587,1091.59946
5812.020526,864.80916,1091.78928
5812.70902,865.47107,1091.97875
5813.396088,866.1316,1092.16786
5814.081723,866.79074,1092.35662
5814.765945,867.44851,1092.54503
5815.448754,868.10491,1092.73309
5816.130158,868.75995,1092.9208
5816.810154,869.41363,1093.10814
5817.488746,870.06595,1093.29513
5818.165962,870.71694,1093.48177
5818.841821,871.36662,1093.66805
5819.516327,872.015,1093.85396
5820.189475,872.66207,1094.03951
5820.861266,873.30784,1094.22467
5821.531684,873.95229,1094.40945
5822.200753,874.59545,1094.59384
5822.868459,875.2373,1094.77785
5823.534793,875.87784,1094.96145
5824.199754,876.51707,1095.14464
5824.863159,877.15481,1095.32738
5825.525081,877.79113,1095.50969
5826.185535,878.42605,1095.69156
5826.844693,879.05973,1095.87305
5827.50265,879.69227,1096.05416
5828.159361,880.32362,1096.2349
5828.81467,880.95364,1096.41519
5829.468582,881.58233,1096.59505
5830.121141,882.20973,1096.7745
5830.77242,882.83591,1096.95356
5831.422421,883.46087,1097.13224
5832.071146,884.08462,1097.31051
5832.718596,884.70715,1097.48841
5833.364779,885.32847,1097.66593
5834.009718,885.9486,1097.84309
5834.653444,886.56757,1098.01989
5835.295945,887.18537,1098.19633
5835.937207,887.80199,1098.37239
5836.577243,888.41744,1098.54808
5837.216084,889.03175,1098.72341
5837.853746,889.64494,1098.89837
5838.490244,890.25702,1099.07298
5839.12556,890.86797,1099.24724
5839.759716,891.47781,1099.42116
5840.392717,892.08655,1099.59473
5841.024555,892.69418,1099.76795
5841.655262,893.30073,1099.94083
5842.28482,893.90618,1100.11338
5842.913239,894.51054,1100.2856
5843.54051,895.1138,1100.45749
5844.166657,895.71598,1100.62907
5844.791666,896.31707,1100.80032
5845.415567,896.9171,1100.97125
5846.03833,897.51604,1101.14185
5846.659979,898.11391,1101.31214
5847.280508,898.71071,1101.4821
5847.899923,899.30644,1101.65175
5848.518234,899.90111,1101.82109
5849.135441,900.49472,1101.99012
5849.75155,901.08728,1102.15883
5850.366555,901.67878,1102.32723
5850.980477,902.26924,1102.49533
5851.593302,902.85865,1102.66311
5852.205035,903.44701,1102.83059
5852.815673,904.03432,1102.99776
5853.425213,904.62058,1103.16461
5854.033659,905.20579,1103.33115
5854.641027,905.78997,1103.49737
5855.247331,906.37313,1103.66329
5855.852554,906.95526,1103.82888
5856.456715,907.53637,1103.99417
5857.05979,908.11644,1104.15915
5857.661818,908.69551,1104.32382
5858.262781,909.27356,1104.48818
5858.862697,909.85061,1104.65223
5859.461556,910.42665,1104.81597
5860.059341,911.00166,1104.9794
5860.656059,911.57565,1105.14252
5861.251718,912.14863,1105.30532
5861.846296,912.72058,1105.46779
5862.439816,913.29152,1105.62994
5863.032222,913.8614,1105.79175
5863.623548,914.43025,1105.95323
5864.213771,914.99805,1106.11437
5864.80291,915.56482,1106.27517
5865.390946,916.13054,1106.43563
5865.977889,916.69522,1106.59575
5866.563751,917.25887,1106.75554
5867.148522,917.82148,1106.915
5867.732191,918.38304,1107.07412
5868.314759,918.94355,1107.23291
5868.896219,919.50301,1107.39134
5869.476569,920.06141,1107.54944
5870.055847,920.61879,1107.70721
5870.634033,921.17513,1107.86464
5871.211128,921.73043,1108.02174
5871.78712,922.28468,1108.1785
5872.362002,922.83787,1108.33493
5872.935791,923.39002,1108.49102
5873.508504,923.94114,1108.6468
5874.080137,924.49123,1108.80225
5874.650691,925.04029,1108.95738
5875.220151,925.5883,1109.1122
5875.788503,926.13525,1109.2667
5876.355777,926.68117,1109.42088
5876.921888,927.22598,1109.57471
5877.486861,927.7697,1109.72821
5878.050815,928.31245,1109.8814
5878.613473,928.85396,1110.03421
5879.174762,929.39416,1110.18662
5879.734931,929.93329,1110.3387
5880.294114,930.47148,1110.49048
5880.852301,931.00872,1110.64196
5881.409505,931.54502,1110.79315
5881.965701,932.08036,1110.94403
5882.520803,932.61466,1111.09457
5883.07472,933.14783,1111.24475
5883.627493,933.67991,1111.39458
5884.179205,934.21098,1111.54408
5884.729881,934.74107,1111.69324
5885.279502,935.27016,1111.84206
5885.828035,935.79822,1111.99052
5886.375418,936.32519,1112.13861
5886.92168,936.8511,1112.28633
5887.466822,937.37595,1112.43368
5888.010877,937.89977,1112.58068
5888.553846,938.42256,1112.72733
5889.095729,938.94432,1112.87363
5889.636526,939.46505,1113.01958
5890.176205,939.98472,1113.16517
5890.714757,940.50332,1113.3104
5891.25221,941.02088,1113.45527
5891.78856,941.53739,1113.5998
5892.323824,942.05287,1113.74398
5892.85797,942.56729,1113.8878
5893.390991,943.08064,1114.03127
5893.922866,943.5929,1114.17438
5894.453616,944.10409,1114.31714
5894.983254,944.61422,1114.45956
5895.511801,945.12331,1114.60165
5896.039248,945.63135,1114.74341
5896.565571,946.13832,1114.88482
5897.090764,946.64421,1115.0259
5897.614819,947.14901,1115.16665
5898.137729,947.65271,1115.30708
5898.659528,948.15535,1115.44718
5899.180214,948.65692,1115.58697
5899.699793,949.15743,1115.72644
5900.218246,949.65686,1115.86559
5900.735553,950.15519,1116.00442
5901.251714,950.65242,1116.14293
5901.766708,951.14853,1116.28111
5902.28055,951.64353,1116.41898
5902.793258,952.13744,1116.55654
5903.30485,952.63028,1116.69378
5903.815315,953.12204,1116.8307
5904.324638,953.6127,1116.96731
5904.832783,954.10223,1117.10359
5905.339733,954.59061,1117.23954
5905.845507,955.07786,1117.37517
5906.350093,955.56397,1117.51046
5906.853501,956.04895,1117.64542
5907.355722,956.53279,1117.78005
5907.856747,957.01548,1117.91435
5908.356571,957.49702,1118.0483
5908.855171,957.97738,1118.18193
5909.352561,958.45658,1118.31521
5909.848703,958.93458,1118.44815
5910.343614,959.4114,1118.58074
5910.837276,959.88702,1118.71298
5911.329693,960.36144,1118.84489
5911.820882,960.83468,1118.97646
5912.310834,961.30673,1119.10769
5912.799567,961.77761,1119.23858
5913.287043,962.24728,1119.36913
5913.773248,962.71573,1119.49932
5914.258167,963.18294,1119.62917
5914.741792,963.64891,1119.75865
5915.224119,964.11363,1119.88778
5915.705176,964.57713,1120.01656
5916.184955,965.0394,1120.14499
5916.663455,965.50044,1120.27307
5917.140693,965.96027,1120.40079
5917.616672,966.41889,1120.52816
5918.091383,966.87629,1120.65519
5918.564836,967.33248,1120.78187
5919.037022,967.78745,1120.90821
5919.507926,968.24119,1121.03419
5919.977552,968.6937,1121.15982
5920.445908,969.14499,1121.2851
5920.913008,969.59507,1121.41004
5921.378864,970.04396,1121.53462
5921.843505,970.49168,1121.65887
5922.306802,970.93811,1121.78274
5922.7688,971.38329,1121.90626
5923.229495,971.82722,1122.02941
5923.688632,972.26965,1122.15214
5924.146136,972.71051,1122.27442
5924.602187,973.14997,1122.39631
5925.057032,973.58827,1122.51787
5925.510718,974.02546,1122.6391
5925.963246,974.46153,1122.76003
5926.414548,974.89642,1122.88063
5926.864552,975.33006,1123.00088
5927.313198,975.76239,1123.12077
5927.760507,976.19343,1123.24031
5928.20652,976.62322,1123.35951
5928.651316,977.05184,1123.47837
5929.0949,977.47929,1123.59692
5929.537292,977.90559,1123.71515
5929.97846,978.33071,1123.83306
5930.418397,978.75464,1123.95065
5930.857098,979.17738,1124.06791
5931.294551,979.59891,1124.18486
5931.7308,980.01928,1124.30149
5932.165859,980.4385,1124.41781
5932.599748,980.85659,1124.53383
5933.032478,981.27356,1124.64955
5933.464041,981.6894,1124.76498
5933.894433,982.10411,1124.8801
5934.323646,982.51768,1124.99492
5934.751699,982.93013,1125.10944
5935.178587,983.34145,1125.22367
5935.604327,983.75166,1125.33761
5936.028932,984.16077,1125.45127
5936.452428,984.56881,1125.56464
5936.874831,984.97579,1125.67774
5937.296122,985.38169,1125.79057
5937.716309,985.78652,1125.90313
5938.135427,986.19031,1126.01544
5938.553454,986.59304,1126.12749
5938.97039,986.99471,1126.23928
5939.386238,987.39532,1126.35082
5939.80101,987.79488,1126.46212
5940.214709,988.19339,1126.57319
5940.627341,988.59086,1126.68402
5941.03892,988.9873,1126.79462
5941.449448,989.38271,1126.905
5941.858927,989.77709,1127.01517
5942.267376,990.17046,1127.12513
5942.674787,990.56281,1127.23488
5943.081186,990.95416,1127.34445
5943.486591,991.34453,1127.45383
5943.890988,991.73391,1127.56301
5944.294386,992.1223,1127.67202
5944.696782,992.5097,1127.78085
5945.098182,992.89611,1127.88952
5945.498602,993.28155,1127.99802
5945.898036,993.66601,1128.10636
5946.296504,994.04951,1128.21455
5946.69404,994.43208,1128.3226
5947.090633,994.81371,1128.43051
5947.48632,995.19443,1128.53831
5947.881078,995.57422,1128.64598
5948.274925,995.95309,1128.75356
5948.667855,996.33104,1128.86102
5949.059869,996.70806,1128.9684
5949.450966,997.08415,1129.0757
5949.841152,997.45931,1129.18294
5950.230428,997.83354,1129.29012
5950.618818,998.20686,1129.39726
5951.006325,998.57927,1129.50437
5951.392965,998.95078,1129.61147
5951.778753,999.32141,1129.71855
5952.163677,999.69114,1129.82563
5952.547756,1000.05999,1129.93271
5952.931021,1000.42799,1130.0398
5953.313437,1000.7951,1130.14691
5953.695041,1001.16136,1130.25403
5954.075846,1001.52678,1130.36118
5954.455861,1001.89137,1130.46835
5954.835101,1002.25514,1130.57556
5955.213559,1002.61809,1130.68279
5955.591239,1002.98021,1130.79008
5955.968154,1003.34152,1130.89741
5956.34429,1003.702,1131.0048
5956.719657,1004.06166,1131.11225
5957.094262,1004.4205,1131.21978
5957.468105,1004.77852,1131.32739
5957.841217,1005.13575,1131.43509
5958.213589,1005.49218,1131.54288
5958.585227,1005.84781,1131.65078
5958.956135,1006.20264,1131.7588
5959.32632,1006.55668,1131.86693
5959.69577,1006.90991,1131.9752
5960.064519,1007.26236,1132.08362
5960.432564,1007.61403,1132.19218
5960.799915,1007.96493,1132.30088
5961.166603,1008.31509,1132.40973
5961.532627,1008.66451,1132.51872
5961.897976,1009.01318,1132.62785
5962.262664,1009.36111,1132.73713
5962.626681,1009.70828,1132.84659
5962.990022,1010.05468,1132.95624
5963.352698,1010.40032,1133.06609
5963.714726,1010.74521,1133.17616
5964.07612,1011.08936,1133.28646
5964.436889,1011.43278,1133.39699
5964.797055,1011.77549,1133.50776
5965.156608,1012.11747,1133.61879
5965.515569,1012.45874,1133.73009
5965.873923,1012.79928,1133.84167
5966.231677,1013.13909,1133.95355
5966.588844,1013.47818,1134.06574
5966.945435,1013.81655,1134.17827
5967.301445,1014.15419,1134.29115
5967.656899,1014.49112,1134.4044
5968.011792,1014.82732,1134.51806
5968.366147,1015.16281,1134.63214
5968.719979,1015.4976,1134.74665
5969.073282,1015.83168,1134.8616
5969.426073,1016.16506,1134.97701
5969.778351,1016.49773,1135.0929
5970.130149,1016.82972,1135.20928
5970.48144,1017.16099,1135.32618
5970.832242,1017.49154,1135.44365
5971.182569,1017.82137,1135.56172
5971.532426,1018.15049,1135.68038
5971.881842,1018.47892,1135.79965
5972.230806,1018.80665,1135.91952
5972.579331,1019.13367,1136.04005
5972.927425,1019.45999,1136.16123
5973.275096,1019.78561,1136.28308
5973.622335,1020.1105,1136.40564
5973.969155,1020.43467,1136.52892
5974.315544,1020.7581,1136.65293
5974.661534,1021.08081,1136.7777
5975.007119,1021.40279,1136.90323
5975.352301,1021.72402,1137.02957
5975.697064,1022.04446,1137.15677
5976.041431,1022.36413,1137.28483
5976.385404,1022.68301,1137.4138
5976.728988,1023.0011,1137.54368
5977.072174,1023.31837,1137.67451
5977.414978,1023.63482,1137.80632
5977.757412,1023.95045,1137.93913
5978.099464,1024.26523,1138.07297
5978.441127,1024.57913,1138.20788
5978.782415,1024.89215,1138.34388
5979.123339,1025.2043,1138.48096
5979.463878,1025.51554,1138.61915
5979.804051,1025.82588,1138.75846
5980.143856,1026.13531,1138.89889
5980.483304,1026.44385,1139.04041
5980.822386,1026.75147,1139.18305
5981.161102,1027.05817,1139.3268
5981.499456,1027.36396,1139.47163
5981.837439,1027.66883,1139.61753
5982.175057,1027.9728,1139.76446
5982.512334,1028.27589,1139.91242
5982.849239,1028.57807,1140.06139
5983.18579,1028.87936,1140.21136
5983.521993,1029.17977,1140.36231
5983.857824,1029.47927,1140.51424
5984.193295,1029.77785,1140.66718
5984.528397,1030.0755,1140.82112
5984.863143,1030.37223,1140.97606
5985.197523,1030.668,1141.13204
5985.531524,1030.96278,1141.28908
5985.865158,1031.25656,1141.44721
5986.198397,1031.54929,1141.60645
5986.53126,1031.84099,1141.76679
5986.863727,1032.13163,1141.92823
5987.195819,1032.42122,1142.09078
5987.527522,1032.70972,1142.25447
5987.858829,1032.99708,1142.41936
5988.189741,1033.28328,1142.58547
5988.520255,1033.5683,1142.75281
5988.850368,1033.8521,1142.92143
5989.180099,1034.1347,1143.09131
5989.509457,1034.41611,1143.26244
5989.838434,1034.69629,1143.43485
5990.167048,1034.97525,1143.60854
5990.495297,1035.25301,1143.78346
5990.823208,1035.52959,1143.95961
5991.150792,1035.80504,1144.13692
5991.478047,1036.07936,1144.31537
5991.804981,1036.35255,1144.49496
5992.131605,1036.62463,1144.67567
5992.457915,1036.89561,1144.85746
5992.78393,1037.16548,1145.04037
5993.109625,1037.4342,1145.2244
5993.435031,1037.70177,1145.40959
5993.760124,1037.96813,1145.59597
5994.08492,1038.23327,1145.78357
5994.409426,1038.49722,1145.97234
5994.733647,1038.75995,1146.16232
5995.057577,1039.02144,1146.35351
5995.381219,1039.28169,1146.5459
5995.704577,1039.54074,1146.73943
5996.027675,1039.7986,1146.93411
5996.350486,1040.05522,1147.12995
5996.673022,1040.31061,1147.32694
5996.995285,1040.56478,1147.52506
5997.317268,1040.8177,1147.72432
5997.63899,1041.06936,1147.92475
5997.960516,1041.31976,1148.12644
5998.281842,1041.56889,1148.32938
5998.602964,1041.81674,1148.53356
5998.923973,1042.0634,1148.739
5999.245032,1042.30902,1148.94576
5999.56624,1042.55365,1149.15392
5999.887531,1042.7972,1149.36347
6000.208802,1043.03953,1149.5744
6000.530002,1043.28061,1149.78665
6000.851173,1043.52041,1150.0003
6001.172337,1043.75893,1150.21537
6001.493514,1043.99616,1150.43188
6001.814694,1044.23208,1150.64982
6002.135862,1044.46674,1150.8691
6002.457011,1044.70019,1151.08964
6002.778165,1044.93245,1151.31144
6003.099334,1045.16353,1151.53449
6003.420534,1045.39346,1151.75877
6003.741788,1045.62226,1151.98428
6004.063069,1045.8499,1152.211
6004.384373,1046.07634,1152.43895
6004.70573,1046.30158,1152.66816
6005.027143,1046.5256,1152.89864
6005.348604,1046.74846,1153.13031
6005.670159,1046.9702,1153.36318
6005.99184,1047.19088,1153.59723
6006.313706,1047.41055,1153.83248
6006.635775,1047.62925,1154.06891
6006.958051,1047.84694,1154.30655
6007.280579,1048.06361,1154.54546
6007.603332,1048.27921,1154.78564
6007.926352,1048.4938,1155.02708
6008.249598,1048.70743,1155.26967
6008.573067,1048.92011,1155.51339
6008.896752,1049.13183,1155.75823
6009.22065,1049.34261,1156.00416
6009.544757,1049.55247,1156.25115
6009.869095,1049.7614,1156.49923
6010.193685,1049.96941,1156.74841
6010.518543,1050.17649,1156.99871
6010.843688,1050.38264,1157.25015
6011.169119,1050.58788,1157.5027
6011.494824,1050.79221,1157.75634
6011.82082,1050.99562,1158.01109
6012.147114,1051.19805,1158.267
6012.473709,1051.39948,1158.52408
6012.800627,1051.59991,1158.78235
6013.127888,1051.79932,1159.04184
6013.455496,1051.99772,1159.30254
6013.783441,1052.19508,1159.56445
6014.111726,1052.39142,1159.82755
6014.440331,1052.58675,1160.0918
6014.769283,1052.7811,1160.3572
6015.098581,1052.97446,1160.62375
6015.42823,1053.1668,1160.89147
6015.758234,1053.35817,1161.16032
6016.0886,1053.54857,1161.4303
6016.41933,1053.73801,1161.7014
6016.750424,1053.92649,1161.97361
6017.081846,1054.11401,1162.24688
6017.413626,1054.30063,1162.5212
6017.745739,1054.48635,1162.79653
6018.07821,1054.67121,1163.07287
6018.411033,1054.85516,1163.35024
6018.74419,1055.0382,1163.62861
6019.077644,1055.2203,1163.90795
6019.41136,1055.40145,1164.18822
6019.74533,1055.58167,1164.46939
6020.079489,1055.76091,1164.75141
6020.413825,1055.93917,1165.03426
6020.748336,1056.1165,1165.3179
6021.082959,1056.29287,1165.60227
6021.4177,1056.46833,1165.88734
6021.752443,1056.64285,1166.17299
6022.087178,1056.81645,1166.45919
6022.421822,1056.98913,1166.74584
6022.756377,1057.16092,1167.03292
6023.090793,1057.33177,1167.3204
6023.424991,1057.50165,1167.6082
6023.758917,1057.67057,1167.89625
6024.092591,1057.83858,1168.18454
6024.426046,1058.00574,1168.47307
6024.759298,1058.17208,1168.76184
6025.092373,1058.33761,1169.05087
6025.425291,1058.50237,1169.34016
6025.758031,1058.6664,1169.62966
6026.09058,1058.82967,1169.91937
6026.42291,1058.99219,1170.20925
6026.755032,1059.15398,1170.4993
6027.086931,1059.31506,1170.78949
6027.418619,1059.47545,1171.07982
6027.750083,1059.63516,1171.37027
6028.081311,1059.79416,1171.66084
6028.4123,1059.95246,1171.95152
6028.743048,1060.11009,1172.24229
6029.073548,1060.26705,1172.53314
6029.403784,1060.42336,1172.82404
6029.73377,1060.57905,1173.11499
6030.063491,1060.7341,1173.40598
6030.392952,1060.88854,1173.697
6030.72214,1061.04238,1173.98803
6031.051059,1061.19566,1174.27905
6031.379713,1061.34839,1174.57006
6031.708081,1061.5006,1174.86102
6032.036178,1061.65234,1175.15192
6032.363997,1061.80365,1175.44273
6032.691565,1061.95459,1175.73345
6033.018853,1062.10519,1176.02403
6033.345878,1062.25551,1176.31446
6033.672625,1062.40559,1176.6047
6033.999107,1062.5555,1176.89473
6034.325311,1062.70527,1177.18452
6034.651243,1062.85495,1177.47405
6034.976903,1063.00458,1177.7633
6035.302302,1063.1542,1178.05226
6035.627438,1063.30383,1178.34092
6035.952322,1063.45351,1178.62927
6036.276942,1063.60325,1178.91729
6036.601292,1063.7531,1179.20495
6036.925371,1063.90309,1179.49223
6037.249182,1064.05323,1179.77913
6037.572722,1064.20357,1180.06562
6037.896008,1064.35416,1180.35169
6038.219039,1064.50504,1180.63732
6038.541818,1064.65623,1180.9225
6038.864337,1064.80777,1181.2072
6039.186589,1064.9597,1181.49139
6039.508595,1065.11206,1181.77507
6039.830334,1065.26484,1182.05822
6040.151807,1065.41808,1182.34082
6040.473009,1065.5718,1182.62285
6040.793925,1065.72602,1182.90428
6041.114569,1065.88077,1183.18511
6041.434939,1066.03609,1183.46531
6041.75504,1066.19201,1183.74487
6042.074865,1066.34858,1184.02375
6042.394408,1066.5058,1184.30194
6042.713674,1066.66371,1184.57942
6043.03266,1066.82235,1184.85616
6043.351358,1066.98177,1185.13212
6043.669776,1067.14201,1185.40728
6043.987897,1067.3031,1185.6816
6044.305734,1067.46502,1185.9551
6044.623282,1067.62777,1186.22777
6044.940562,1067.79135,1186.49963
6045.257543,1067.95576,1186.77064
6045.574249,1068.12102,1187.04081
6045.89066,1068.28715,1187.3101
6046.206772,1068.45418,1187.57848
6046.52258,1068.62214,1187.84592
6046.838094,1068.79107,1188.1124
6047.153291,1068.96098,1188.37788
6047.468194,1069.13187,1188.64238
6047.782803,1069.3037,1188.90592
6048.097121,1069.47645,1189.16851
6048.411143,1069.65013,1189.43013
6048.724882,1069.82474,1189.69079
6049.038336,1070.00025,1189.9505
6049.351486,1070.17665,1190.20924
6049.664342,1070.35393,1190.46702
6049.976906,1070.5321,1190.72383
6050.289177,1070.71118,1190.97965
6050.601127,1070.89118,1191.23443
6050.91279,1071.07212,1191.48819
6051.224126,1071.25405,1191.74084
6051.535133,1071.43702,1191.99233
6051.845826,1071.62099,1192.2427
6052.156202,1071.80597,1192.49193
6052.466264,1071.99194,1192.74003
6052.776021,1072.17889,1192.98701
6053.085466,1072.36681,1193.23286
6053.394601,1072.55568,1193.47759
6053.703433,1072.74555,1193.72116
6054.011924,1072.93645,1193.96349
6054.320061,1073.12846,1194.20449
6054.627843,1073.32166,1194.44408
6054.935277,1073.51596,1194.68233
6055.242417,1073.71126,1194.91938
6055.549242,1073.90754,1195.15521
6055.855753,1074.10479,1195.38982
6056.161972,1074.30297,1195.62326
6056.467876,1074.50205,1195.85552
6056.773455,1074.70207,1196.08654
6057.078696,1074.90307,1196.31626
6057.383572,1075.10513,1196.54456
6057.688066,1075.30829,1196.77137
6057.992214,1075.51252,1196.99675
6058.296041,1075.71769,1197.22084
6058.599534,1075.92379,1197.44362
6058.902723,1076.13084,1197.6651
6059.205594,1076.3388,1197.88529
6059.508134,1076.54768,1198.10415
6059.810338,1076.75746,1198.32168
6060.112198,1076.96814,1198.53786
6060.41371,1077.17977,1198.75262
6060.71486,1077.39237,1198.96591
6061.015659,1077.60598,1199.17769
6061.316096,1077.82058,1199.38795
6061.616175,1078.03618,1199.59667
6061.915913,1078.25277,1199.80387
6062.215306,1078.47032,1200.00956
6062.514358,1078.68883,1200.21373
6062.813053,1078.90832,1200.41632
6063.111402,1079.12879,1200.61733
6063.409403,1079.35025,1200.81673
6063.707067,1079.57268,1201.01454
6064.004404,1079.79607,1201.21077
6064.301426,1080.02042,1201.40542
6064.598154,1080.24572,1201.59852
6064.894573,1080.47196,1201.79004
6065.190695,1080.69914,1201.97998
6065.486528,1080.92725,1202.16835
6065.782072,1081.15629,1202.35513
6066.077317,1081.38629,1202.54025
6066.372249,1081.61721,1202.72372
6066.6669,1081.84905,1202.90557
6066.961249,1082.08177,1203.0858
6067.25531,1082.31538,1203.2644
6067.549071,1082.54986,1203.44136
6067.842545,1082.78518,1203.61672
6068.135719,1083.02132,1203.79047
6068.428598,1083.25825,1203.96264
6068.721206,1083.49595,1204.13328
6069.013523,1083.73442,1204.30234
6069.305557,1083.97365,1204.46983
6069.597296,1084.21362,1204.63574
6069.888768,1084.45433,1204.8001
6070.17995,1084.69575,1204.9629
6070.470841,1084.93789,1205.1241
6070.761455,1085.18075,1205.28371
6071.051799,1085.42432,1205.44174
6071.341953,1085.66865,1205.59824
6071.632032,1085.91382,1205.75328
6071.922059,1086.15984,1205.90687
6072.212013,1086.40668,1206.059
6072.501956,1086.6544,1206.20967
6072.791924,1086.90302,1206.3589
6073.081917,1087.15254,1206.50667
6073.371909,1087.40294,1206.65294
6073.661879,1087.65418,1206.79772
6073.951797,1087.90623,1206.94098
6074.241663,1088.1591,1207.08268
6074.531492,1088.41279,1207.22283
6074.821308,1088.6673,1207.36146
6075.111155,1088.92265,1207.4986
6075.401068,1089.17887,1207.63425
6075.691075,1089.436,1207.76837
6075.981191,1089.69403,1207.90099
6076.271464,1089.95297,1208.03217
6076.56188,1090.21281,1208.16188
6076.852427,1090.47352,1208.29013
6077.143121,1090.73513,1208.41687
6077.433953,1090.99762,1208.5421
6077.724926,1091.26098,1208.66582
6078.016036,1091.52519,1208.78804
6078.307294,1091.79023,1208.90881
6078.598712,1092.05606,1209.02822
6078.890297,1092.32268,1209.14627
6079.182031,1092.59006,1209.26296
6079.473974,1092.85824,1209.37833
6079.766097,1093.1272,1209.49233
6080.058407,1093.39694,1209.60496
6080.350901,1093.66746,1209.71619
6080.643571,1093.93874,1209.82602
6080.936409,1094.21078,1209.93441
6081.229413,1094.48356,1210.04138
6081.522577,1094.75706,1210.14694
6081.815893,1095.03122,1210.2512
6082.109398,1095.30607,1210.35417
6082.403072,1095.58158,1210.45585
6082.696959,1095.8578,1210.55621
6082.991058,1096.13471,1210.65528
6083.285381,1096.41232,1210.75305
6083.579924,1096.69063,1210.84948
6083.874658,1096.96961,1210.94455
6084.169585,1097.24925,1211.03827
6084.4647,1097.52954,1211.13063
6084.759995,1097.81047,1211.22161
6085.055458,1098.09203,1211.31118
6085.351107,1098.37425,1211.39927
6085.64693,1098.65712,1211.48585
6085.94295,1098.94065,1211.57093
6086.239162,1099.22484,1211.65446
6086.535563,1099.50967,1211.73647
6086.832175,1099.79516,1211.81693
6087.128997,1100.08129,1211.89588
6087.426032,1100.36805,1211.97333
6087.723296,1100.65545,1212.04927
6088.020784,1100.94348,1212.12369
6088.31849,1101.23212,1212.1966
6088.616427,1101.52137,1212.26802
6088.914572,1101.8112,1212.33794
6089.212928,1102.10161,1212.40634
6089.511471,1102.39256,1212.47324
6089.810224,1102.68406,1212.53867
6090.109169,1102.97609,1212.6026
6090.408299,1103.26863,1212.66504
6090.707618,1103.56167,1212.72603
6091.007142,1103.85522,1212.78555
6091.306863,1104.14926,1212.84363
6091.606782,1104.44378,1212.90028
6091.906925,1104.7388,1212.9555
6092.207314,1105.03433,1213.00931
6092.507927,1105.33035,1213.06166
6092.808784,1105.62687,1213.11256
6093.109884,1105.92389,1213.16196
6093.411212,1106.22138,1213.2099
6093.71278,1106.51935,1213.25634
6094.014553,1106.81776,1213.30127
6094.316549,1107.11662,1213.34468
6094.618764,1107.41591,1213.38662
6094.921195,1107.71562,1213.4271
6095.223841,1108.01574,1213.46612
6095.526699,1108.31626,1213.50368
6095.829788,1108.61719,1213.53979
6096.133123,1108.91854,1213.57444
6096.436702,1109.2203,1213.60762
6096.740549,1109.52249,1213.63931
6097.044679,1109.82512,1213.66948
6097.349088,1110.12818,1213.69811
6097.653765,1110.43165,1213.7252
6097.958713,1110.73552,1213.75082
6098.263928,1111.03978,1213.77494
6098.569436,1111.34445,1213.79755
6098.875227,1111.64951,1213.81869
6099.181314,1111.95496,1213.83842
6099.487723,1112.26082,1213.85675
6099.794453,1112.56708,1213.87373
6100.101505,1112.87373,1213.88944
6100.408893,1113.18078,1213.90386
6100.716635,1113.48824,1213.91701
6101.024716,1113.79609,1213.92894
6101.333142,1114.10433,1213.93967
6101.641919,1114.41296,1213.9492
6101.951052,1114.72198,1213.95754
6102.260535,1115.03138,1213.96469
6102.570402,1115.34119,1213.97066
6102.880669,1115.65142,1213.97543
6103.191339,1115.96207,1213.979
6103.502428,1116.27315,1213.98129
6103.813949,1116.58467,1213.98226
6104.125919,1116.89664,1213.98194
6104.438324,1117.20904,1213.98031
6104.751177,1117.52188,1213.97741
6105.064465,1117.83514,1213.97325
6105.378201,1118.14883,1213.96785
6105.692391,1118.46295,1213.96123
6106.00704,1118.7775,1213.95335
6106.322152,1119.09248,1213.94422
6106.637754,1119.40791,1213.93381
6106.953831,1119.72377,1213.9221
6107.270367,1120.04004,1213.90911
6107.58735,1120.3567,1213.8948
6107.904774,1120.67374,1213.87921
6108.222654,1120.99117,1213.86229
6108.54097,1121.30896,1213.844
6108.859759,1121.62714,1213.8243
6109.179017,1121.9457,1213.80321
6109.498737,1122.26463,1213.78074
6109.818919,1122.58392,1213.75686
6110.139559,1122.90356,1213.73155
6110.460638,1123.22352,1213.70477
6110.782183,1123.54382,1213.67651
6111.104176,1123.86444,1213.6468
6111.426624,1124.18538,1213.61565
6111.749531,1124.50664,1213.58308
6112.072879,1124.8282,1213.54912
6112.396667,1125.15006,1213.51384
6112.720884,1125.4722,1213.4772
6113.045566,1125.79465,1213.4392
6113.3707,1126.11739,1213.39981
6113.696294,1126.44042,1213.35903
6114.022359,1126.76375,1213.31689
6114.348873,1127.08736,1213.27344
6114.675834,1127.41125,1213.22873
6115.00325,1127.73543,1213.18281
6115.331127,1128.0599,1213.13567
6115.659483,1128.38468,1213.08734
6115.988328,1128.70978,1213.03785
6116.317669,1129.0352,1212.98718
6116.647497,1129.36093,1212.93535
6116.97781,1129.68697,1212.88239
6117.308603,1130.01332,1212.82836
6117.639866,1130.33997,1212.77327
6117.971599,1130.66692,1212.71714
6118.3038,1130.99417,1212.66
6118.636485,1131.32173,1212.60183
6118.969659,1131.64961,1212.54267
6119.30336,1131.97785,1212.48255
6119.637578,1132.30644,1212.42147
6119.972338,1132.63541,1212.35948
6120.307621,1132.96474,1212.29658
6120.643473,1133.29448,1212.2328
6120.979901,1133.62463,1212.16811
6121.316917,1133.9552,1212.10251
6121.654525,1134.28619,1212.03599
6121.992737,1134.61761,1211.96855
6122.331543,1134.94946,1211.90025
6122.670922,1135.28172,1211.8311
6123.010879,1135.6144,1211.76114
6123.351423,1135.94751,1211.69037
6123.692557,1136.28106,1211.61884
6124.034328,1136.6151,1211.54656
6124.376728,1136.94963,1211.47357
6124.719786,1137.28468,1211.39988
6125.063505,1137.62026,1211.32552
6125.40791,1137.95639,1211.25048
6125.753005,1138.29308,1211.17478
6126.098805,1138.63035,1211.09845
6126.445333,1138.96822,1211.02147
6126.792597,1139.3067,1210.94386
6127.140611,1139.64581,1210.86564
6127.48938,1139.98556,1210.78684
6127.838917,1140.32596,1210.70744
6128.189235,1140.66703,1210.62748
6128.540369,1141.0088,1210.54693
6128.892298,1141.35126,1210.46584
6129.245079,1141.69446,1210.38418
6129.598686,1142.03838,1210.30198
6129.953139,1142.38304,1210.21924
6130.308417,1142.72842,1210.13596
6130.664533,1143.07454,1210.05218
6131.021473,1143.42139,1209.96791
6131.379234,1143.76897,1209.88317
6131.737849,1144.11732,1209.79798
6132.097319,1144.46644,1209.71234
6132.457672,1144.81636,1209.62626
6132.818959,1145.16713,1209.53972
6133.181183,1145.51875,1209.45272
6133.544368,1145.87125,1209.36527
6133.908485,1146.2246,1209.27738
6134.273576,1146.57884,1209.18903
6134.639572,1146.93391,1209.10027
6135.006477,1147.28982,1209.01112
6135.37429,1147.64657,1208.92159
6135.743034,1148.00419,1208.8317
6136.112717,1148.36269,1208.74146
6136.483344,1148.72208,1208.65089
6136.854953,1149.0824,1208.55999
6137.227554,1149.44366,1208.46876
6137.601153,1149.80587,1208.37722
6137.975736,1150.16902,1208.28538
6138.351299,1150.53311,1208.19326
6138.72783,1150.89813,1208.10087
6139.105299,1151.26406,1208.00825
6139.483676,1151.63087,1207.91541
6139.862964,1151.99857,1207.82237
6140.243169,1152.36717,1207.72915
6140.624318,1152.7367,1207.63576
6141.006439,1153.10719,1207.5422
6141.389537,1153.47865,1207.44849
6141.773646,1153.85111,1207.35461
6142.158725,1154.22454,1207.26061
6142.544789,1154.59895,1207.16647
6142.931837,1154.97435,1207.07223
6143.319896,1155.35077,1206.9779
6143.708974,1155.72822,1206.88349
6144.099083,1156.10672,1206.78903
6144.49016,1156.48621,1206.69454
6144.882215,1156.86671,1206.60006
6145.275218,1157.24819,1206.50559
6145.669151,1157.63064,1206.41117
6146.064052,1158.0141,1206.3168
6146.459908,1158.39856,1206.2225
6146.856743,1158.78405,1206.12829
6147.25456,1159.17057,1206.03416
6147.653383,1159.55815,1205.94013
6148.053179,1159.94676,1205.84622
6148.453924,1160.33638,1205.75245
6148.855624,1160.72702,1205.65884
6149.258269,1161.11868,1205.56543
6149.661806,1161.51131,1205.47224
6150.066231,1161.90491,1205.3793
6150.471513,1162.29946,1205.28665
6150.877637,1162.69494,1205.19428
6151.284635,1163.09139,1205.10222
6151.692489,1163.48879,1205.01047
6152.101253,1163.8872,1204.91905
6152.510919,1164.28661,1204.82796
6152.921392,1164.68694,1204.73727
6153.332022,1165.08757,1204.6472
6153.742439,1165.48814,1204.55784
6154.152789,1165.8888,1204.46919
6154.563082,1166.28956,1204.38126
6154.973287,1166.69039,1204.29406
6155.383471,1167.09136,1204.20761
6155.79407,1167.49289,1204.12179
6156.205408,1167.89528,1204.03646
6156.617567,1168.2986,1203.95156
6157.030553,1168.70286,1203.86711
6157.444358,1169.10806,1203.78316
6157.859022,1169.51425,1203.69976
6158.274629,1169.92152,1203.61693
6158.691145,1170.32985,1203.53476
6159.108275,1170.73897,1203.45341
6159.525838,1171.1487,1203.37291
6159.943929,1171.55913,1203.29324
6160.362687,1171.97039,1203.21435
6160.782227,1172.38258,1203.13616
6161.202591,1172.79574,1203.05867
6161.623771,1173.20986,1202.98188
6162.045723,1173.6249,1202.90582
6162.468437,1174.04085,1202.8305
6162.891936,1174.45773,1202.75592
6163.316205,1174.87553,1202.68211
6163.74126,1175.29426,1202.60906
6164.167091,1175.71391,1202.53677
6164.593715,1176.1345,1202.46527
6165.021152,1176.55605,1202.39457
6165.449402,1176.97856,1202.32469
6165.878481,1177.40205,1202.25566
6166.308374,1177.8265,1202.18747
6166.739061,1178.25189,1202.12013
6167.170561,1178.67824,1202.05366
6167.602815,1179.10549,1201.98808
6168.035864,1179.53368,1201.92339
6168.469678,1179.96278,1201.85961
6168.90426,1180.39279,1201.79674
6169.339566,1180.82366,1201.73475
6169.775617,1181.2554,1201.67359
6170.212433,1181.68803,1201.61326
6170.650038,1182.12157,1201.55375
6171.088445,1182.55603,1201.49506
6171.52765,1182.99142,1201.43729
6171.967569,1183.42766,1201.38052
6172.408107,1183.86466,1201.3248
6172.84936,1184.30251,1201.2701
6173.291414,1184.74129,1201.2164
6173.734281,1185.18101,1201.1637
6174.17796,1185.62167,1201.11203
6174.622488,1186.06331,1201.06144
6175.067847,1186.50591,1201.01194
6175.514004,1186.94943,1200.96351
6175.960971,1187.39388,1200.91614
6176.408719,1187.83923,1200.86986
6176.857225,1188.28545,1200.82464
6177.306481,1188.73253,1200.78047
6177.756465,1189.18044,1200.73732
6178.207152,1189.62915,1200.69515
6178.658525,1190.07864,1200.65396
6179.110575,1190.5289,1200.61378
6179.563282,1190.97991,1200.57461
6180.016655,1191.43167,1200.53641
6180.470684,1191.88417,1200.49917
6180.925376,1192.33741,1200.46287
6181.380749,1192.79141,1200.42753
6181.836814,1193.24618,1200.39319
6182.293603,1193.70176,1200.35997
6182.751067,1194.1581,1200.32792
6183.209207,1194.6152,1200.29707
6183.667998,1195.07303,1200.26739
6184.127411,1195.53156,1200.23892
6184.587467,1195.99081,1200.2117
6185.048167,1196.45078,1200.18578
6185.509544,1196.9115,1200.16117
6185.971604,1197.37297,1200.13783
6186.434322,1197.83516,1200.11572
6186.897675,1198.29804,1200.0948
6187.361665,1198.76161,1200.07506
6187.826307,1199.22588,1200.05647
6188.291605,1199.69085,1200.03899
6188.757536,1200.15649,1200.02254
6189.224082,1200.62278,1200.00709
6189.691238,1201.08971,1199.99256
6190.159005,1201.55728,1199.97897
6190.627389,1202.02549,1199.96623
6191.09641,1202.49436,1199.95433
6191.566051,1202.96387,1199.9432
6192.036336,1203.43404,1199.93283
6192.507254,1203.90486,1199.92321
6192.978778,1204.3763,1199.91433
6193.450938,1204.84839,1199.90619
6193.923697,1205.32109,1199.89871
6194.397087,1205.79443,1199.89185
6194.871058,1206.26836,1199.88562
6195.345581,1206.74285,1199.88
6195.820677,1207.21792,1199.87506
6196.296395,1207.69362,1199.87085
6196.772678,1208.16989,1199.8674
6197.249495,1208.6467,1199.8648
6197.726848,1209.12405,1199.86319
6198.204728,1209.60193,1199.86269
6198.683248,1210.08045,1199.86345
6199.162524,1210.55972,1199.86566
6199.642639,1211.03982,1199.86947
6200.123571,1211.52072,1199.87504
6200.605249,1212.00234,1199.8825
6201.08757,1212.48457,1199.89191
6201.570472,1212.96734,1199.90318
6202.053939,1213.45063,1199.91628
6202.537996,1213.93446,1199.93108
6203.022639,1214.41883,1199.94736
6203.507888,1214.90376,1199.96495
6203.993711,1215.38922,1199.98373
6204.480084,1215.87519,1200.00351
6204.966973,1216.36164,1200.02418
6205.454374,1216.84857,1200.04561
6205.942266,1217.33596,1200.06773
6206.430636,1217.8238,1200.09049
6206.919546,1218.31215,1200.11387
6207.409045,1218.80106,1200.13789
6207.899206,1219.2906,1200.16255
6208.390069,1219.78081,1200.18786
6208.881649,1220.2717,1200.21389
6209.373958,1220.76328,1200.24067
6209.867031,1221.25558,1200.26828
6210.360856,1221.74858,1200.29681
6210.855401,1222.24224,1200.32638
6211.350612,1222.7365,1200.35706
6211.846501,1223.23136,1200.38898
6212.343007,1223.72675,1200.42225
6212.840148,1224.22268,1200.45694
6213.337933,1224.71915,1200.4931
6213.836368,1225.21616,1200.53076
6214.335472,1225.71372,1200.56999
6214.835241,1226.21182,1200.6108
6215.335697,1226.71047,1200.65327
6215.836829,1227.20965,1200.69746
6216.338652,1227.70937,1200.74336
6216.841117,1228.20958,1200.79091
6217.34422,1228.71028,1200.84002
6217.847938,1229.21145,1200.89062
6218.352275,1229.7131,1200.94261
6218.857232,1230.21523,1200.99597
6219.362795,1230.71784,1201.05053
6219.868968,1231.22094,1201.10622
6220.375723,1231.72451,1201.16295
6220.883065,1232.22856,1201.22065
6221.39097,1232.73307,1201.27928
6221.899501,1233.2381,1201.33885
6222.408596,1233.74359,1201.39933
6222.918303,1234.24958,1201.46077
6223.428614,1234.75606,1201.52318
6223.939526,1235.26303,1201.58653
6224.451081,1235.77052,1201.65089
6224.963302,1236.27855,1201.71628
6225.476229,1236.78714,1201.78284
6225.989865,1237.29628,1201.85065
6226.504172,1237.80592,1201.91978
6227.019129,1238.31603,1201.99027
6227.534736,1238.8266,1202.06216
6228.050958,1239.33759,1202.13547
6228.567805,1239.849,1202.21024
6229.085275,1240.36082,1202.2865
6229.603363,1240.87304,1202.36426
6230.122079,1241.38566,1202.44355
6230.641399,1241.89866,1202.52432
6231.161339,1242.41206,1202.60653
6231.681889,1242.92585,1202.69015
6232.203054,1243.44004,1202.77513
6232.724847,1243.95465,1202.86141
6233.247241,1244.46966,1202.94893
6233.770234,1244.98508,1203.03761
6234.29384,1245.50093,1203.1274
6234.81802,1246.01718,1203.21823
6235.342777,1246.53385,1203.31
6235.868118,1247.05095,1203.40269
6236.394024,1247.56847,1203.49623
6236.92052,1248.08644,1203.5906
6237.447599,1248.60485,1203.6858
6237.975285,1249.12373,1203.7818
6238.503562,1249.64307,1203.87856
6239.032426,1250.16286,1203.97611
6239.561872,1250.6831,1204.07441
6240.091915,1251.2038,1204.17349
6240.622587,1251.72499,1204.27336
6241.153856,1252.24663,1204.37405
6241.685736,1252.76873,1204.47558
6242.218192,1253.29125,1204.57796
6242.751202,1253.81417,1204.68118
6243.284779,1254.33749,1204.7853
6243.818933,1254.86121,1204.89036
6244.35367,1255.38532,1204.99644
6244.888966,1255.90979,1205.10355
6245.424794,1256.43459,1205.2117
6245.961173,1256.95974,1205.32088
6246.498089,1257.48521,1205.43115
6247.035556,1258.01101,1205.54253
6247.573576,1258.53713,1205.65506
6248.112149,1259.06356,1205.76878
6248.651253,1259.59028,1205.88367
6249.190865,1260.11727,1205.9997
6249.730983,1260.64453,1206.11685
6250.27161,1261.17207,1206.23508
6250.812538,1261.69969,1206.35433
6251.353277,1262.22691,1206.47449
6251.893827,1262.75374,1206.5955
6252.434465,1263.28045,1206.71743
6252.975129,1263.80699,1206.8402
6253.515717,1264.33327,1206.96375
6254.056354,1264.85941,1207.08811
6254.597229,1265.3856,1207.21329
6255.13853,1265.91202,1207.33934
6255.680318,1266.43873,1207.46627
6256.222564,1266.9657,1207.59407
6256.765238,1267.4929,1207.72274
6257.308404,1268.0204,1207.85225
6257.852082,1268.54821,1207.98264
6258.396288,1269.07635,1208.1139
6258.941009,1269.60481,1208.246
6259.486263,1270.13361,1208.37894
6260.03205,1270.66276,1208.51267
6260.5784,1271.19229,1208.64719
6261.125319,1271.72222,1208.78245
6261.672805,1272.25255,1208.91843
6262.220857,1272.78329,1209.05509
6262.769444,1273.31442,1209.19238
6263.31862,1273.84599,1209.33032
6263.868343,1274.37797,1209.46886
6264.418639,1274.91039,1209.60798
6264.969505,1275.44325,1209.74767
6265.520931,1275.97654,1209.88793
6266.072928,1276.51027,1210.02876
6266.625487,1277.04443,1210.17016
6267.178604,1277.57902,1210.31212
6267.732301,1278.11406,1210.45464
6268.286579,1278.64955,1210.59773
6268.841417,1279.18547,1210.74138
6269.396826,1279.72183,1210.88559
6269.952778,1280.2586,1211.03037
6270.509273,1280.79578,1211.17571
6271.066316,1281.33338,1211.3216
6271.623917,1281.87141,1211.46803
6272.182052,1282.40985,1211.61499
6272.740746,1282.94873,1211.76246
6273.29999,1283.48804,1211.91044
6273.859778,1284.02778,1212.05891
6274.420102,1284.56795,1212.20784
6274.980964,1285.10855,1212.35723
6275.542352,1285.64958,1212.50704
6276.104266,1286.19104,1212.65727
6276.666712,1286.73294,1212.8079
6277.229679,1287.27527,1212.95893
6277.793184,1287.81805,1213.11035
6278.357237,1288.36129,1213.26216
6278.921846,1288.905,1213.41435
6279.487018,1289.44919,1213.56692
6280.052741,1289.99385,1213.71985
6280.619016,1290.53898,1213.87315
6281.185826,1291.08457,1214.02679
6281.753178,1291.63063,1214.18076
6282.32105,1292.17714,1214.33505
6282.889475,1292.72414,1214.48964
6283.458425,1293.2716,1214.64453
6284.0279,1293.81953,1214.79969
6284.597891,1294.36792,1214.95512
6285.168403,1294.91678,1215.1108
6285.739423,1295.4661,1215.26672
6286.310996,1296.01593,1215.42287
6286.883113,1296.56626,1215.57925
6287.455761,1297.11708,1215.73585
6288.028948,1297.6684,1215.89266
6288.602673,1298.22022,1216.04968
6289.17695,1298.77256,1216.20689
6289.751761,1299.3254,1216.36429
6290.327101,1299.87874,1216.52187
6290.902972,1300.43258,1216.67963
6291.479367,1300.98692,1216.83755
6292.056277,1301.54175,1216.99563
6292.633722,1302.09709,1217.15387
6293.211689,1302.65293,1217.31226
6293.790199,1303.20929,1217.47081
6294.369244,1303.76616,1217.62952
6294.948828,1304.32355,1217.78837
6295.528933,1304.88144,1217.94737
6296.109561,1305.43983,1218.10652
6296.690707,1305.99872,1218.26581
6297.272376,1306.55811,1218.42525
6297.854566,1307.118,1218.58484
6298.437276,1307.67839,1218.74457
6299.020517,1308.23929,1218.90445
6299.604297,1308.80071,1219.06447
6300.188599,1309.36263,1219.22464
6300.773422,1309.92505,1219.38496
6301.358753,1310.48796,1219.54541
6301.944608,1311.05137,1219.70602
6302.530973,1311.61527,1219.86677
6303.117865,1312.17967,1220.02769
6303.705289,1312.74458,1220.18876
6304.293228,1313.30998,1220.34999
6304.881695,1313.87588,1220.51139
6305.470679,1314.44227,1220.67296
6306.060203,1315.00917,1220.83471
6306.650248,1315.57656,1220.99664
6307.240804,1316.14443,1221.15875
6307.83188,1316.71279,1221.32104
6308.423477,1317.28164,1221.48351
6309.015597,1317.85098,1221.64617
6309.608257,1318.42083,1221.80901
6310.201433,1318.99116,1221.97205
6310.795118,1319.56197,1222.13526
6311.389301,1320.13325,1222.29864
6311.983986,1320.705,1222.4622
6312.579176,1321.27723,1222.62592
6313.174897,1321.84996,1222.78982
6313.771154,1322.4232,1222.95389
6314.36793,1322.99693,1223.11813
6314.965233,1323.57116,1223.28254
6315.563051,1324.14588,1223.44711
6316.161393,1324.7211,1223.61184
6316.760249,1325.29681,1223.77672
6317.359626,1325.87302,1223.94175
6317.959505,1326.44971,1224.10693
6318.559878,1327.02687,1224.27226
6319.160751,1327.60451,1224.43773
6319.762134,1328.18264,1224.60334
6320.364029,1328.76126,1224.7691
6320.966455,1329.34039,1224.93501
6321.569394,1329.92001,1225.10107
6322.172836,1330.50011,1225.26728
6322.776777,1331.08069,1225.43363
6323.381209,1331.66174,1225.60012
6323.986151,1332.24328,1225.76675
6324.591612,1332.82532,1225.93352
6325.197579,1333.40785,1226.10042
6325.80405,1333.99086,1226.26747
6326.411044,1334.57438,1226.43464
6327.018535,1335.15838,1226.60194
6327.626542,1335.74288,1226.76937
6328.235073,1336.32789,1226.93692
6328.84411,1336.91339,1227.1046
6329.453662,1337.49939,1227.2724
6330.063713,1338.08587,1227.44034
6330.674246,1338.67282,1227.60839
6331.28528,1339.26025,1227.77658
6331.896801,1339.84815,1227.9449
6332.508797,1340.43651,1228.11334
6333.121284,1341.02534,1228.28192
6333.734258,1341.61464,1228.45063
6334.347718,1342.20441,1228.61946
6334.961667,1342.79465,1228.78843
6335.576105,1343.38536,1228.95753
6336.191042,1343.97655,1229.12677
6336.806469,1344.56821,1229.29615
6337.422394,1345.16035,1229.46566
6338.038809,1345.75296,1229.63531
6338.655715,1346.34604,1229.8051
6339.273118,1346.9396,1229.97502
6339.891008,1347.53363,1230.14507
6340.509367,1348.12811,1230.31525
6341.128199,1348.72305,1230.48554
6341.747498,1349.31844,1230.65596
6342.367278,1349.9143,1230.82648
6342.987542,1350.51063,1230.99712
6343.608263,1351.10741,1231.16785
6344.229454,1351.70465,1231.33868
6344.851103,1352.30234,1231.5096
6345.473209,1352.90048,1231.68061
6346.095782,1353.49908,1231.85171
6346.718841,1354.09816,1232.0229
6347.342358,1354.69769,1232.19418
6347.966322,1355.29766,1232.36555
6348.590751,1355.89809,1232.537
6349.215628,1356.49896,1232.70854
6349.840971,1357.10029,1232.88017
6350.466782,1357.70208,1233.05189
6351.093053,1358.30432,1233.22371
6351.719784,1358.90701,1233.39563
6352.34695,1359.51013,1233.56763
6352.974571,1360.1137,1233.73971
6353.602621,1360.71769,1233.91188
6354.231132,1361.32214,1234.08412
6354.860079,1361.92702,1234.25644
6355.489458,1362.53233,1234.42883
6356.119273,1363.13807,1234.6013
6356.749533,1363.74425,1234.77385
6357.380251,1364.35088,1234.94649
6358.011423,1364.95796,1235.11921
6358.643055,1365.56549,1235.29203
6359.275126,1366.17345,1235.46494
6359.907613,1366.78182,1235.63793
6360.540531,1367.39061,1235.81102
6361.173887,1367.99983,1235.9842
6361.80766,1368.60946,1236.15746
6362.441548,1369.21921,1236.33072
6363.075153,1369.8287,1236.50386
6363.708662,1370.43811,1236.67693
6364.342133,1371.0475,1236.84993
6364.975316,1371.65663,1237.02279
6365.608311,1372.2656,1237.19553
6366.24146,1372.87474,1237.36823
6366.874891,1373.48418,1237.54091
6367.508609,1374.09392,1237.71358
6368.142623,1374.70398,1237.88621
6368.776976,1375.3144,1238.05881
6369.411704,1375.92521,1238.23141
6370.046828,1376.53644,1238.40398
6370.682348,1377.14809,1238.57652
6371.318264,1377.76016,1238.74903
6371.954593,1378.37267,1238.9215
6372.591334,1378.98562,1239.09393
6373.228498,1379.59902,1239.26632
6373.866094,1380.21288,1239.43867
6374.50412,1380.8272,1239.61097
6375.142603,1381.44201,1239.78322
6375.781526,1382.05729,1239.95542
6376.420888,1382.67304,1240.12757
6377.060674,1383.28925,1240.29965
6377.700897,1383.90593,1240.47167
6378.341566,1384.52309,1240.64363
6378.982659,1385.14071,1240.81552
6379.624174,1385.75879,1240.98733
6380.266094,1386.37731,1241.15907
6380.908412,1386.99627,1241.33071
6381.551136,1387.61568,1241.50225
6382.194268,1388.23554,1241.67369
6382.837798,1388.85585,1241.845
6383.481721,1389.4766,1242.01619
6384.126041,1390.0978,1242.18724
6384.770754,1390.71945,1242.35814
6385.415869,1391.34156,1242.52888
6386.061382,1391.96413,1242.69945
6386.707289,1392.58716,1242.86983
6387.35358,1393.21064,1243.04002
6388.000247,1393.83457,1243.20999
6388.647301,1394.45896,1243.37974
6389.294752,1395.08383,1243.54924
6389.942595,1395.70918,1243.71847
6390.590807,1396.33499,1243.88741
6391.239416,1396.9613,1244.05602
6391.888417,1397.58811,1244.22428
6392.537815,1398.21543,1244.39217
6393.187612,1398.84327,1244.55966
6393.837793,1399.47162,1244.72673
6394.488374,1400.1005,1244.89336
6395.139328,1400.72989,1245.05952
6395.790653,1401.35979,1245.2252
6396.442351,1401.99021,1245.39037
6397.094426,1402.62115,1245.55504
6397.746894,1403.25264,1245.71916
6398.399725,1403.88465,1245.88272
6399.052944,1404.51722,1246.04566
6399.706528,1405.15033,1246.20797
6400.360497,1405.784,1246.36964
6401.014869,1406.41826,1246.53063
6401.669637,1407.0531,1246.69094
6402.32478,1407.68851,1246.85052
6402.980286,1408.32448,1247.00936
6403.636171,1408.96103,1247.16744
6404.292424,1409.59815,1247.32475
6404.949061,1410.23586,1247.48127
6405.606062,1410.87415,1247.63695
6406.263443,1411.51304,1247.79177
6406.921203,1412.15253,1247.94572
6407.579339,1412.79262,1248.09878
6408.237874,1413.43334,1248.25092
6408.896789,1414.07467,1248.40213
6409.55608,1414.7166,1248.55243
6410.21575,1415.35913,1248.70183
6410.875765,1416.00222,1248.85034
6411.536154,1416.6459,1248.99795
6412.196896,1417.29014,1249.1447
6412.858033,1417.93498,1249.29059
6413.519515,1418.58036,1249.43565
6414.181369,1419.22631,1249.57987
6414.843589,1419.87282,1249.72326
6415.50617,1420.51988,1249.86583
6416.169131,1421.16751,1250.00758
6416.832455,1421.81569,1250.14851
6417.496152,1422.46443,1250.28862
6418.160215,1423.11372,1250.42791
6418.824642,1423.76356,1250.56637
6419.489454,1424.41397,1250.704
6420.154654,1425.06496,1250.84076
6420.82024,1425.71652,1250.97668
6421.48619,1426.36863,1251.11174
6422.152496,1427.02128,1251.24595
6422.819175,1427.67448,1251.37933
6423.486243,1428.32824,1251.51191
6424.15369,1428.98254,1251.64373
6424.821504,1429.63737,1251.77478
6425.489678,1430.29271,1251.90511
6426.158203,1430.94855,1252.03472
6426.827086,1431.60489,1252.16365
6427.496345,1432.26174,1252.29193
6428.165979,1432.9191,1252.41955
6428.835995,1433.57697,1252.54655
6429.506385,1434.23534,1252.67293
6430.177148,1434.89421,1252.79868
6430.848274,1435.55357,1252.9238
6431.519779,1436.21343,1253.04831
6432.191649,1436.87377,1253.17225
6432.863887,1437.53459,1253.29562
6433.536488,1438.19589,1253.4184
6434.209456,1438.85767,1253.5406
6434.882784,1439.51992,1253.66224
6435.556482,1440.18265,1253.78331
6436.230552,1440.84586,1253.90382
6436.904991,1441.50955,1254.02375
6437.57978,1442.1737,1254.1431
6438.254943,1442.83834,1254.26184
6438.930472,1443.50346,1254.37997
6439.606383,1444.16908,1254.49747
6440.282666,1444.83519,1254.61433
6440.959317,1445.50179,1254.73052
6441.636338,1446.16889,1254.846
6442.313708,1446.83647,1254.96075
6442.991447,1447.50455,1255.07476
6443.66955,1448.17313,1255.18801
6444.348029,1448.84222,1255.30049
6445.026874,1449.51181,1255.4122
6445.706082,1450.1819,1255.52312
6446.385635,1450.85247,1255.63325
6447.065556,1451.52354,1255.7426
6447.745826,1452.19509,1255.85117
6448.426454,1452.86713,1255.95895
6449.107432,1453.53965,1256.06595
6449.788742,1454.21263,1256.17216
6450.470424,1454.88611,1256.27759
6451.152465,1455.56007,1256.38227
6451.834873,1456.23452,1256.48618
6452.517638,1456.90945,1256.58932
6453.200754,1457.58485,1256.6917
6453.884194,1458.26069,1256.79334
6454.567982,1458.93699,1256.89426
6455.252136,1459.61377,1256.99444
6455.936634,1460.29101,1257.09385
6456.621463,1460.9687,1257.19248
6457.306652,1461.64687,1257.2903
6457.992166,1462.32549,1257.38728
6458.678042,1463.0046,1257.48338
6459.364296,1463.68422,1257.57857
6460.0509,1464.36433,1257.67278
6460.737855,1465.04493,1257.766
6461.42514,1465.726,1257.85822
6462.112773,1466.40756,1257.94941
6462.800755,1467.08961,1258.03956
6463.489089,1467.77215,1258.12868
6464.17778,1468.45518,1258.2168
6464.866809,1469.13868,1258.30392
6465.556166,1469.82263,1258.39009
6466.245863,1470.50704,1258.47532
6466.935889,1471.19189,1258.55968
6467.626267,1471.8772,1258.64318
6468.316962,1472.56293,1258.72585
6469.007987,1473.24909,1258.8077
6469.699322,1473.93566,1258.88873
6470.391006,1474.62268,1258.96892
6471.08305,1475.31016,1259.04827
6471.775428,1475.99808,1259.12671
6472.468176,1476.68648,1259.2042
6473.161243,1477.37531,1259.28072
6473.854657,1478.0646,1259.35624
6474.548418,1478.75435,1259.43073
6475.242535,1479.44457,1259.50418
6475.937001,1480.13525,1259.57659
6476.631798,1480.82637,1259.64798
6477.32692,1481.51792,1259.71836
6478.022362,1482.20989,1259.78777
6478.718131,1482.90228,1259.85625
6479.414238,1483.5951,1259.92382
6480.110679,1484.28834,1259.99052
6480.80745,1484.98199,1260.05639
6481.504552,1485.67605,1260.12145
6482.201979,1486.37051,1260.18571
6482.89974,1487.06538,1260.24916
6483.59782,1487.76064,1260.31184
6484.296259,1488.45633,1260.37375
6484.995027,1489.15242,1260.43487
6485.694133,1489.84892,1260.49518
6486.39358,1490.54583,1260.5547
6487.093369,1491.24315,1260.61343
6487.793481,1491.94086,1260.67137
6488.493936,1492.63898,1260.72852
6489.194717,1493.33749,1260.78489
6489.895804,1494.03637,1260.84048
6490.597212,1494.73563,1260.89532
6491.298952,1495.43528,1260.94944
6492.001035,1496.13533,1261.00283
6492.703451,1496.83577,1261.05548
6493.406193,1497.53659,1261.10742
6494.109252,1498.23778,1261.15866
6494.812632,1498.93934,1261.20922
6495.516342,1499.64128,1261.2591
6496.220395,1500.34361,1261.30832
6496.924773,1501.04631,1261.35692
6497.629488,1501.74939,1261.4049
6498.334522,1502.45283,1261.45227
6499.039883,1503.15664,1261.49903
6499.745556,1503.8608,1261.54521
6500.451559,1504.56533,1261.5908
6501.157895,1505.27023,1261.63581
6501.864561,1505.9755,1261.68021
6502.57156,1506.68114,1261.72403
6503.278892,1507.38715,1261.76725
6503.986548,1508.09352,1261.80989
6504.694528,1508.80025,1261.85195
6505.402845,1509.50735,1261.89345
6506.111481,1510.2148,1261.93443
6506.820428,1510.92259,1261.97491
6507.529696,1511.63073,1262.0149
6508.239267,1512.3392,1262.05442
6508.949174,1513.04803,1262.0935
6509.659407,1513.75721,1262.13216
6510.369945,1514.46672,1262.17038
6511.0808,1515.17657,1262.20816
6511.79195,1515.88674,1262.24548
6512.503446,1516.59728,1262.28236
6513.21528,1517.30818,1262.3188
6513.927458,1518.01945,1262.35476
6514.639961,1518.73107,1262.39022
6515.35277,1519.44302,1262.42521
6516.065896,1520.15531,1262.45973
6516.779339,1520.86794,1262.49378
6517.4931,1521.58091,1262.52736
6518.207188,1522.29423,1262.56047
6518.921585,1523.00788,1262.59314
6519.636292,1523.72186,1262.62537
6520.351311,1524.43617,1262.65719
6521.06665,1525.15082,1262.68858
6521.782301,1525.8658,1262.71957
6522.498246,1526.58109,1262.75018
6523.214485,1527.29669,1262.78044
6523.931051,1528.01263,1262.81038
6524.647943,1528.72891,1262.83999
6525.365151,1529.44552,1262.86928
6526.082657,1530.16244,1262.89827
6526.800461,1530.87967,1262.92697
6527.518565,1531.59721,1262.95543
6528.236989,1532.31508,1262.98363
6528.955733,1533.03328,1263.0116
6529.674789,1533.7518,1263.03934
6530.394156,1534.47064,1263.06687
6531.113836,1535.1898,1263.09423
6531.833819,1535.90927,1263.1214
6532.554105,1536.62905,1263.1484
6533.274685,1537.34913,1263.17524
6533.995549,1538.0695,1263.20192
6534.716717,1538.79018,1263.22846
6535.43818,1539.51116,1263.25486
6536.159968,1540.23247,1263.28112
6536.882071,1540.9541,1263.30725
6537.60448,1541.67604,1263.33327
6538.327204,1542.3983,1263.35917
6539.050235,1543.12087,1263.38498
6539.773543,1543.84372,1263.41071
6540.497148,1544.56687,1263.43638
6541.221043,1545.29031,1263.46202
6541.945226,1546.01404,1263.48764
6542.669699,1546.73806,1263.51325
6543.394461,1547.46237,1263.53885
6544.119513,1548.18697,1263.56446
6544.844856,1548.91186,1263.59007
6545.570508,1549.63706,1263.61568
6546.29646,1550.36256,1263.6413
6547.022712,1551.08836,1263.66693
6547.749265,1551.81446,1263.69257
6548.476108,1552.54085,1263.71822
6549.20324,1553.26753,1263.74386
6549.930682,1553.99452,1263.76951
6550.658414,1554.7218,1263.79514
6551.386445,1555.44938,1263.82077
6552.114766,1556.17725,1263.84639
6552.843366,1556.9054,1263.87201
6553.572257,1557.63384,1263.89763
6554.301427,1558.36256,1263.92325
6555.030877,1559.09156,1263.94887
6555.760606,1559.82084,1263.97448
6556.490605,1560.55039,1264.00008
6557.220884,1561.28022,1264.02567
6557.951442,1562.01033,1264.05125
6558.682299,1562.74074,1264.0768
6559.413454,1563.47145,1264.10232
6560.144898,1564.20245,1264.12779
6560.87662,1564.93373,1264.15322
6561.60863,1565.6653,1264.17859
6562.340917,1566.39715,1264.20391
6563.073493,1567.12929,1264.22917
6563.806337,1567.8617,1264.25439
6564.539479,1568.59441,1264.27956
6565.2729,1569.3274,1264.30469
6566.006589,1570.06066,1264.32977
6566.740537,1570.79418,1264.35483
6567.474743,1571.52796,1264.37986
6568.209229,1572.26202,1264.40485
6568.943993,1572.99636,1264.42983
6569.679037,1573.73098,1264.45479
6570.41436,1574.46588,1264.47973
6571.149963,1575.20106,1264.50466
6571.885855,1575.93653,1264.52957
6572.622026,1576.67228,1264.55447
6573.358476,1577.40831,1264.57935
6574.095187,1578.1446,1264.60423
6574.832176,1578.88117,1264.62909
6575.569425,1579.618,1264.65395
6576.306954,1580.35511,1264.67881
6577.044754,1581.09249,1264.70368
6577.782813,1581.83013,1264.72856
6578.521143,1582.56804,1264.75347
6579.259734,1583.30621,1264.77839
6579.998586,1584.04464,1264.80335
6580.737698,1584.78333,1264.82834
6581.477071,1585.52228,1264.85335
6582.216725,1586.26151,1264.87838
6582.95665,1587.00101,1264.90344
6583.696855,1587.74079,1264.92852
6584.43733,1588.48084,1264.95362
6585.178066,1589.22115,1264.97873
6585.919082,1589.96174,1265.00385
6586.660358,1590.70259,1265.02899
6587.401894,1591.4437,1265.05413
6588.143681,1592.18506,1265.07928
6588.885717,1592.92667,1265.10443
6589.628023,1593.66855,1265.12958
6590.37058,1594.41068,1265.15476
6591.113397,1595.15307,1265.17994
6591.856465,1595.89571,1265.20515
6592.599803,1596.63862,1265.23038
6593.343393,1597.38178,1265.25564
6594.087232,1598.12519,1265.28092
6594.831332,1598.86886,1265.3062
6595.575682,1599.61278,1265.33149
6596.320291,1600.35696,1265.35679
6597.065171,1601.10141,1265.38208
6597.81031,1601.84612,1265.40736
6598.555728,1602.59111,1265.43262
6599.301415,1603.33637,1265.45785
6600.04736,1604.08189,1265.48304
6600.793574,1604.82768,1265.50818
6601.540036,1605.57372,1265.53329
6602.286756,1606.32002,1265.55833
6603.033745,1607.06659,1265.58333
6603.780972,1607.8134,1265.60828
6604.528457,1608.56047,1265.63319
6605.27619,1609.30779,1265.65805
6606.023922,1610.05511,1265.68287
6606.771242,1610.80202,1265.70762
6607.51825,1611.54862,1265.73231
6608.264986,1612.29495,1265.75693
6609.011491,1613.04105,1265.7815
6609.757933,1613.78709,1265.80601
6610.504413,1614.53317,1265.83045
6611.250931,1615.27929,1265.85482
6611.997587,1616.02555,1265.87913
6612.744421,1616.77199,1265.90337
6613.491452,1617.51863,1265.92755
6614.238681,1618.26547,1265.95166
6614.986148,1619.01255,1265.97571
6615.733853,1619.75987,1265.99971
6616.481817,1620.50745,1266.02367
6617.23003,1621.25528,1266.04759
6617.978481,1622.00335,1266.07147
6618.727171,1622.75166,1266.09533
6619.47612,1623.50023,1266.11916
6620.225318,1624.24905,1266.14296
6620.974786,1624.99814,1266.16675
6621.724523,1625.7475,1266.19052
6622.474519,1626.49712,1266.21428
6623.224786,1627.24701,1266.23804
6623.975321,1627.99717,1266.26178
6624.726116,1628.74759,1266.28551
6625.477161,1629.49826,1266.30922
6626.228474,1630.2492,1266.33291
6626.980037,1631.00039,1266.35658
6627.731859,1631.75184,1266.38024
6628.483931,1632.50354,1266.40387
6629.236262,1633.2555,1266.4275
6629.988832,1634.0077,1266.4511
6630.741652,1634.76015,1266.47469
6631.49471,1635.51284,1266.49825
6632.247988,1636.26575,1266.52179
6633.001486,1637.01888,1266.54531
6633.755211,1637.77224,1266.56879
6634.509186,1638.52585,1266.59225
6635.2634,1639.2797,1266.61567
6636.017852,1640.03379,1266.63905
6636.772533,1640.78811,1266.66239
6637.527463,1641.54268,1266.68567
6638.28263,1642.29749,1266.70891
6639.038026,1643.05253,1266.73208
6639.793669,1643.80782,1266.75519
6640.549531,1644.56333,1266.77825
6641.305611,1645.31906,1266.80126
6642.06193,1646.07503,1266.82422
6642.818467,1646.83122,1266.84713
6643.575233,1647.58764,1266.87001
6644.332227,1648.34429,1266.89284
6645.08944,1649.10116,1266.91563
6645.846882,1649.85826,1266.93838
6646.604542,1650.61558,1266.96107
6647.36244,1651.37314,1266.98372
6648.120577,1652.13094,1267.00631
6648.878942,1652.88897,1267.02885
6649.637535,1653.64723,1267.05132
6650.396356,1654.40572,1267.07374
6651.155395,1655.16443,1267.09608
6651.914662,1655.92337,1267.11836
6652.674167,1656.68255,1267.14058
6653.433899,1657.44196,1267.16271
6654.19385,1658.20159,1267.18478
6654.954028,1658.96145,1267.20677
6655.714414,1659.72152,1267.22869
6656.475027,1660.48182,1267.25052
6657.235859,1661.24234,1267.27229
6657.996918,1662.00309,1267.29399
6658.758196,1662.76406,1267.31563
6659.519692,1663.52525,1267.33721
6660.281416,1664.28667,1267.35873
6661.043368,1665.04832,1267.3802
6661.80556,1665.81021,1267.40164
6662.56798,1666.57233,1267.42303
6663.330619,1667.33467,1267.44439
6664.093487,1668.09724,1267.46571
6664.856574,1668.86003,1267.487
6665.619871,1669.62303,1267.50827
6666.383406,1670.38627,1267.52951
6667.147151,1671.14972,1267.55073
6667.911135,1671.91341,1267.57192
6668.675328,1672.67731,1267.59307
6669.43975,1673.44144,1267.6142
6670.204371,1674.20577,1267.6353
6670.969221,1674.97033,1267.65636
6671.7343,1675.73512,1267.67738
6672.499587,1676.50012,1267.69836
6673.265104,1677.26535,1267.71931
6674.03085,1678.03081,1267.74022
6674.796804,1678.79648,1267.76108
6675.562977,1679.56237,1267.7819
6676.329368,1680.32848,1267.80267
6677.095968,1681.0948,1267.82339
6677.862797,1681.86135,1267.84407
6678.629834,1682.62811,1267.86469
6679.39708,1683.39508,1267.88527
6680.164555,1684.16228,1267.9058
6680.932248,1684.9297,1267.92629
6681.70016,1685.69734,1267.94671
6682.46828,1686.46519,1267.96708
6683.236619,1687.23326,1267.98739
6684.005155,1688.00153,1268.00762
6684.773919,1688.77003,1268.02778
6685.542902,1689.53875,1268.04787
6686.312102,1690.30769,1268.06786
6687.081539,1691.07687,1268.08776
6687.851193,1691.84627,1268.10755
6688.621065,1692.61589,1268.12724
6689.391164,1693.38574,1268.14681
6690.16147,1694.1558,1268.16627
6690.931992,1694.92608,1268.1856
6691.702722,1695.69657,1268.20483
6692.473669,1696.46728,1268.22393
6693.244813,1697.23819,1268.24293
6694.016174,1698.00932,1268.26182
6694.787733,1698.78065,1268.2806
6695.559519,1699.55221,1268.29927
6696.331522,1700.32399,1268.31783
6697.103743,1701.09599,1268.33629
6697.87617,1701.8682,1268.35463
6698.648806,1702.64062,1268.37287
6699.421649,1703.41325,1268.39101
6700.194699,1704.18609,1268.40906
6700.967967,1704.95915,1268.427
6701.741434,1705.73241,1268.44486
6702.515118,1706.50589,1268.46262
6703.289009,1707.27958,1268.48029
6704.063119,1708.05349,1268.49785
6704.837435,1708.82761,1268.51531
6705.61197,1709.60195,1268.53266
6706.386721,1710.37651,1268.54988
6707.16168,1711.15128,1268.56699
6707.936856,1711.92627,1268.58398
6708.71224,1712.70147,1268.60084
6709.48784,1713.47689,1268.61759
6710.263639,1714.25251,1268.63422
6711.039644,1715.02834,1268.65073
6711.815848,1715.80437,1268.66713
6712.592258,1716.58061,1268.68341
6713.368867,1717.35705,1268.6996
6714.145694,1718.13371,1268.71568
6714.922728,1718.91058,1268.73166
6715.699951,1719.68764,1268.74756
6716.477401,1720.46493,1268.76337
6717.25505,1721.24242,1268.7791
6718.032918,1722.02013,1268.79474
6718.810973,1722.79803,1268.8103
6719.589237,1723.57614,1268.82578
6720.367719,1724.35447,1268.84117
6721.14641,1725.13301,1268.85647
6721.925308,1725.91176,1268.87168
6722.704415,1726.69072,1268.88679
6723.48372,1727.46988,1268.90182
6724.263243,1728.24926,1268.91675
6725.042964,1729.02884,1268.93159
6725.822903,1729.80864,1268.94633
6726.603031,1730.58863,1268.96099
6727.383357,1731.36882,1268.97556
6728.163881,1732.14921,1268.99004
6728.944594,1732.92979,1269.00443
6729.725515,1733.71058,1269.01874
6730.506655,1734.49159,1269.03296
6731.287992,1735.2728,1269.04709
6732.069548,1736.05423,1269.06113
6732.851303,1736.83586,1269.07508
6733.633266,1737.6177,1269.08893
6734.415437,1738.39975,1269.10269
6735.197816,1739.18201,1269.11636
6735.980384,1739.96446,1269.12995
6736.763161,1740.74712,1269.14349
6737.546137,1741.52998,1269.15697
6738.329313,1742.31304,1269.17042
6739.112688,1743.0963,1269.18384
6739.896242,1743.87974,1269.19724
6740.679997,1744.66338,1269.21064
6741.463921,1745.44719,1269.22403
6742.248045,1746.2312,1269.23741
6743.032389,1747.01543,1269.25079
6743.816934,1747.79986,1269.26417
6744.601698,1748.58451,1269.27755
6745.386672,1749.36937,1269.29092
6746.171866,1750.15445,1269.3043
6746.957259,1750.93973,1269.31766
6747.742863,1751.72522,1269.33101
6748.528666,1752.51091,1269.34434
6749.314659,1753.29679,1269.35766
6750.100841,1754.08286,1269.37096
6750.887213,1754.86912,1269.38424
6751.673785,1755.65558,1269.3975
6752.460547,1756.44223,1269.41075
6753.247508,1757.22908,1269.42398
6754.034648,1758.01611,1269.43718
6754.821989,1758.80334,1269.45036
6755.609519,1759.59076,1269.46352
6756.397248,1760.37838,1269.47664
6757.185157,1761.16618,1269.48972
6757.973275,1761.95419,1269.50277
6758.761592,1762.7424,1269.51578
6759.550119,1763.53082,1269.52875
6760.338845,1764.31944,1269.54168
6761.12777,1765.10826,1269.55456
6761.916884,1765.89727,1269.5674
6762.706198,1766.68648,1269.58017
6763.4957,1767.47588,1269.59288
6764.285411,1768.26549,1269.60553
6765.075301,1769.05528,1269.61811
6765.865391,1769.84527,1269.63065
6766.655659,1770.63544,1269.64313
6767.446127,1771.42581,1269.65557
6768.236785,1772.21637,1269.66798
6769.027642,1773.00713,1269.68036
6769.818678,1773.79807,1269.69273
6770.609915,1774.58921,1269.70509
6771.401341,1775.38054,1269.71744
6772.192968,1776.17207,1269.7298
6772.984784,1776.96379,1269.74215
6773.776801,1777.75571,1269.75452
6774.569007,1778.54782,1269.76689
6775.361414,1779.34013,1269.77926
6776.15401,1780.13263,1269.79163
6776.946797,1780.92532,1269.804
6777.739773,1781.7182,1269.81637
6778.53295,1782.51128,1269.82873
6779.326316,1783.30455,1269.84108
6780.119862,1784.098,1269.85342
6780.913598,1784.89164,1269.86576
6781.707513,1785.68546,1269.87809
6782.501619,1786.47947,1269.89041
6783.295914,1787.27367,1269.90271
6784.09041,1788.06807,1269.91501
6784.885074,1788.86264,1269.92728
6785.679938,1789.65741,1269.93952
6786.474993,1790.45237,1269.95176
6787.270247,1791.24753,1269.96398
6788.0657,1792.04289,1269.97616
6788.861333,1792.83843,1269.98832
6789.657136,1793.63414,1270.00048
6790.453138,1794.43005,1270.01263
6791.249322,1795.22614,1270.02481
6792.045685,1796.02241,1270.03702
6792.842229,1796.81886,1270.04927
6793.638954,1797.61549,1270.06157
6794.43587,1798.41231,1270.07393
6795.232967,1799.20931,1270.08636
6796.030245,1800.00649,1270.09887
6796.827705,1800.80385,1270.11146
6797.625365,1801.60141,1270.12414
6798.423218,1802.39916,1270.1369
6799.221261,1803.1971,1270.14975
6800.019486,1803.99522,1270.16269
6800.817922,1804.79355,1270.17572
6801.61655,1805.59207,1270.18883
6802.415369,1806.39078,1270.20202
6803.214369,1807.18967,1270.21527
6804.01353,1807.98872,1270.22859
6804.812851,1808.78793,1270.24196
6805.612364,1809.58733,1270.25539
6806.412058,1810.38691,1270.26887
6807.211932,1811.18667,1270.28241
6808.011988,1811.98661,1270.29599
6808.812214,1812.78672,1270.30964
6809.612621,1813.58701,1270.32334
6810.41321,1814.38748,1270.33711
6811.213979,1815.18813,1270.35093
6812.014939,1815.98897,1270.36481
6812.816081,1816.78999,1270.37875
6813.617403,1817.59119,1270.39275
6814.418906,1818.39257,1270.40681
6815.220581,1819.19412,1270.42093
6816.022446,1819.99586,1270.4351
6816.824482,1820.79777,1270.44932
6817.626699,1821.59986,1270.46359
6818.429087,1822.40212,1270.47793
6819.231647,1823.20455,1270.49235
6820.034378,1824.00715,1270.50686
6820.837281,1824.80992,1270.52147
6821.640346,1825.61285,1270.53619
6822.443582,1826.41595,1270.55102
6823.246992,1827.21922,1270.56597
6824.050593,1828.02268,1270.58104
6824.854376,1828.82632,1270.59621
6825.658342,1829.63014,1270.61151
6826.462499,1830.43415,1270.62692
6827.266829,1831.23833,1270.64246
6828.071332,1832.04268,1270.65811
6828.876006,1832.8472,1270.67388
6829.680853,1833.65189,1270.68978
6830.485883,1834.45676,1270.70581
6831.291096,1835.26181,1270.72199
6832.096491,1836.06704,1270.73834
6832.902041,1836.87242,1270.75487
6833.707744,1837.67795,1270.77158
6834.513622,1838.48365,1270.78848
6835.319673,1839.28952,1270.8056
6836.1259,1840.09556,1270.82292
6836.932301,1840.90177,1270.84048
6837.738877,1841.70815,1270.85825
6838.545617,1842.51469,1270.87625
6839.352523,1843.32139,1270.89448
6840.159605,1844.12826,1270.91295
6840.966841,1844.93528,1270.93163
6841.774242,1845.74246,1270.95053
6842.581808,1846.5498,1270.96964
6843.38954,1847.3573,1270.98897
6844.197445,1848.16497,1271.00848
6845.005505,1848.97279,1271.02818
6845.81373,1849.78077,1271.04805
6846.622139,1850.58893,1271.06811
6847.430712,1851.39725,1271.08834
6848.239449,1852.20573,1271.10874
6849.048351,1853.01437,1271.12932
6849.857417,1853.82317,1271.15007
6850.666658,1854.63214,1271.171
6851.476073,1855.44128,1271.1921
6852.285662,1856.25059,1271.21336
6853.095426,1857.06007,1271.2348
6853.905334,1857.86969,1271.25639
6854.715395,1858.67946,1271.27812
6855.52561,1859.48938,1271.29998
6856.335978,1860.29945,1271.32196
6857.146509,1861.10968,1271.34404
6857.957182,1861.92005,1271.3662
6858.767997,1862.73056,1271.38845
6859.578964,1863.54122,1271.41076
6860.390093,1864.35204,1271.43314
6861.201384,1865.16302,1271.45559
6862.012826,1865.97415,1271.4781
6862.82443,1866.78544,1271.50069
6863.636186,1867.59688,1271.52333
6864.448104,1868.40848,1271.54604
6865.260193,1869.22025,1271.56881
6866.072444,1870.03218,1271.59162
6866.884846,1870.84426,1271.6145
6867.697409,1871.6565,1271.63742
6868.510154,1872.46892,1271.66039
6869.32305,1873.28149,1271.68341
6870.136106,1874.09422,1271.70644
6870.949303,1874.90709,1271.7295
6871.76263,1875.72009,1271.75256
6872.576097,1876.53323,1271.77562
6873.389713,1877.34652,1271.79867
6874.20348,1878.15996,1271.82173
6875.017407,1878.97356,1271.8448
6875.831474,1879.7873,1271.86785
6876.64569,1880.60119,1271.89089
6877.460035,1881.41521,1271.91392
6878.274541,1882.22939,1271.93695
6879.089197,1883.04372,1271.95998
6879.904002,1883.8582,1271.98299
6880.718956,1884.67283,1272.00598
6881.53406,1885.48761,1272.02895
6882.349322,1886.30255,1272.05188
6883.164753,1887.11766,1272.07475
6883.980312,1887.9329,1272.09756
6884.796028,1888.7483,1272.12027
6885.611872,1889.56383,1272.14289
6886.427863,1890.37951,1272.16541
6887.243992,1891.19533,1272.18786
6888.060248,1892.01128,1272.21022
6888.876652,1892.82738,1272.23249
6889.693194,1893.64362,1272.2547
6890.509884,1894.46001,1272.27683
6891.326712,1895.27654,1272.29891
6892.143669,1896.0932,1272.32094
6892.960765,1896.91,1272.34291
6893.777989,1897.72693,1272.36483
6894.595372,1898.54402,1272.38672
6895.412914,1899.36127,1272.40857
6896.230615,1900.17868,1272.4304
6897.048486,1900.99626,1272.4522
6897.866525,1901.81401,1272.47395
6898.684723,1902.63192,1272.49564
6899.503079,1903.44999,1272.51728
6900.321573,1904.2682,1272.53886
6901.140216,1905.08656,1272.56037
6901.958987,1905.90505,1272.58181
6902.777906,1906.72369,1272.6032
6903.596964,1907.54247,1272.62453
6904.41615,1908.36138,1272.6458
6905.235465,1909.18042,1272.66702
6906.054908,1909.99959,1272.68819
6906.874471,1910.81888,1272.70931
6907.694172,1911.63831,1272.7304
6908.514003,1912.45787,1272.75148
6909.333984,1913.27758,1272.77256
6910.154086,1914.09741,1272.79366
6910.974347,1914.9174,1272.81475
6911.794738,1915.73752,1272.83585
6912.615289,1916.5578,1272.85695
6913.435981,1917.37822,1272.87805
6914.256822,1918.19879,1272.89916
6915.077824,1919.01952,1272.92028
6915.898956,1919.84038,1272.9414
6916.720217,1920.66137,1272.96252
6917.541608,1921.48249,1272.9836
6918.363118,1922.30373,1273.00466
6919.184777,1923.12512,1273.02569
6920.006565,1923.94664,1273.04668
6920.828492,1924.7683,1273.06764
6921.650548,1925.59009,1273.08856
6922.472724,1926.412,1273.10944
6923.295048,1927.23406,1273.13029
6924.117502,1928.05625,1273.15114
6924.940086,1928.87857,1273.17197
6925.76278,1929.701,1273.19279
6926.585614,1930.52357,1273.21363
6927.408588,1931.34628,1273.23449
6928.231712,1932.16914,1273.25535
6929.054967,1932.99213,1273.27623
6929.878352,1933.81525,1273.29712
6930.701877,1934.63851,1273.31802
6931.525543,1935.46191,1273.33894
6932.349349,1936.28545,1273.35986
6933.173284,1937.10912,1273.38078
6933.99735,1937.93292,1273.40171
6934.821546,1938.75685,1273.42264
6935.645882,1939.58092,1273.44356
6936.470357,1940.40513,1273.46448
6937.294972,1941.22948,1273.48539
6938.119717,1942.05396,1273.50629
6938.944592,1942.87857,1273.52719
6939.769606,1943.70332,1273.54808
6940.594761,1944.52821,1273.56896
6941.420045,1945.35323,1273.58984
6942.245459,1946.17838,1273.61072
6943.071024,1947.00368,1273.63162
6943.896719,1947.82911,1273.65257
6944.722567,1948.65469,1273.67359
6945.548546,1949.4804,1273.69467
6946.374647,1950.30623,1273.71584
6947.200891,1951.1322,1273.73711
6948.027248,1951.95828,1273.7585
6948.853738,1952.78449,1273.78002
6949.680352,1953.61082,1273.80168
6950.5071,1954.43728,1273.82349
6951.333971,1955.26386,1273.84544
6952.160976,1956.09057,1273.86753
6952.988095,1956.91739,1273.88975
6953.815346,1957.74434,1273.91208
6954.64271,1958.5714,1273.93451
6955.470186,1959.39857,1273.95702
6956.297795,1960.22587,1273.97961
6957.125514,1961.05328,1274.00225
6957.953356,1961.88081,1274.02496
6958.781319,1962.70846,1274.04773
6959.609404,1963.53623,1274.07055
6960.43761,1964.36412,1274.09342
6961.265937,1965.19213,1274.11634
6962.094395,1966.02027,1274.1393
6962.922974,1966.84853,1274.16231
6963.751685,1967.67692,1274.18537
6964.580517,1968.50543,1274.20847
6965.409501,1969.33409,1274.23162
6966.238615,1970.16288,1274.25481
6967.06787,1970.99181,1274.27804
6967.897247,1971.82086,1274.3013
6968.726764,1972.65005,1274.3246
6969.556401,1973.47936,1274.34791
6970.38616,1974.30879,1274.37125
6971.216039,1975.13834,1274.39461
6972.046037,1975.96801,1274.41796
6972.876166,1976.79781,1274.44132
6973.706404,1977.62772,1274.46467
6974.536783,1978.45777,1274.48802
6975.36728,1979.28794,1274.51135
6976.197908,1980.11824,1274.53467
6977.028664,1980.94867,1274.55796
6977.85955,1981.77923,1274.58123
6978.690546,1982.6099,1274.60449
6979.52165,1983.44068,1274.62771
6980.352864,1984.27157,1274.65092
6981.184179,1985.10256,1274.67413
6982.015583,1985.93364,1274.69734
6982.847107,1986.76484,1274.72055
6983.678731,1987.59614,1274.74377
6984.510466,1988.42755,1274.76701
6985.342301,1989.25906,1274.79026
6986.174266,1990.0907,1274.81353
6987.006343,1990.92245,1274.83684
6987.83853,1991.75431,1274.86018
6988.670818,1992.58627,1274.88354
6989.503226,1993.41835,1274.90691
6990.335744,1994.25054,1274.93029
6991.168403,1995.08287,1274.95369
6992.001213,1995.91535,1274.97711
6992.834162,1996.74797,1275.00053
6993.667261,1997.58074,1275.02395
6994.50049,1998.41364,1275.04737
6995.333859,1999.24668,1275.07078
6996.167338,2000.07983,1275.09419
6997.000926,2000.91309,1275.11758
6997.834624,2001.74646,1275.14094
6998.66841,2002.57992,1275.16427
6999.502296,2003.41348,1275.18759
7000.336262,2004.24712,1275.21089
7001.170327,2005.08086,1275.23417
7002.004471,2005.91468,1275.25743
7002.838725,2006.74861,1275.28069
7003.67307,2007.58263,1275.30397
7004.507506,2008.41674,1275.32727
7005.342051,2009.25096,1275.35059
7006.176698,2010.08528,1275.37393
7007.011455,2010.91971,1275.39729
7007.846312,2011.75424,1275.42067
7008.68129,2012.58889,1275.44407
7009.516379,2013.42365,1275.46749
7010.351597,2014.25854,1275.49091
7011.186926,2015.09354,1275.51434
7012.022385,2015.92867,1275.53778
7012.857943,2016.7639,1275.56121
7013.693622,2017.59925,1275.58464
7014.52941,2018.43471,1275.60805
7015.365317,2019.27029,1275.63146
7016.201325,2020.10597,1275.65486
7017.037432,2020.94175,1275.67824
7017.873629,2021.77762,1275.70162
7018.709925,2022.61359,1275.72498
7019.546321,2023.44966,1275.74834
7020.382807,2024.28582,1275.77168
7021.219393,2025.12208,1275.79503
7022.056079,2025.95844,1275.81838
7022.892865,2026.7949,1275.84174
7023.729751,2027.63146,1275.8651
7024.566738,2028.46812,1275.88849
7025.403835,2029.30489,1275.91189
7026.241053,2030.14178,1275.93533
7027.078362,2030.97876,1275.9588
7027.915772,2031.81584,1275.98231
7028.753303,2032.65304,1276.00585
7029.590935,2033.49034,1276.02942
7030.428687,2034.32776,1276.05301
7031.266541,2035.16528,1276.07664
7032.104515,2036.00292,1276.1003
7032.94258,2036.84065,1276.124
7033.780745,2037.67848,1276.14772
7034.619002,2038.5164,1276.17147
7035.457359,2039.35442,1276.19525
7036.295817,2040.19254,1276.21905
7037.134355,2041.03074,1276.24286
7037.972984,2041.86903,1276.26669
7038.811713,2042.70742,1276.29053
7039.650532,2043.5459,1276.31439
7040.489452,2044.38448,1276.33826
7041.328462,2045.22315,1276.36213
7042.167571,2046.06192,1276.386
7043.006771,2046.90078,1276.40987
7043.84607,2047.73974,1276.43372
7044.685478,2048.57881,1276.45756
7045.524986,2049.41798,1276.48137
7046.364603,2050.25726,1276.50516
7047.204319,2051.09664,1276.52891
7048.044134,2051.93612,1276.55264
7048.884058,2052.77571,1276.57632
7049.724091,2053.61541,1276.59997
7050.564233,2054.45522,1276.62359
7051.404484,2055.29514,1276.64717
7052.244834,2056.13516,1276.67072
7053.085283,2056.97528,1276.69423
7053.925841,2057.81551,1276.71771
7054.766488,2058.65583,1276.74114
7055.607243,2059.49626,1276.76454
7056.448088,2060.33678,1276.78791
7057.289022,2061.17739,1276.81123
7058.130044,2062.01809,1276.83451
7058.971155,2062.85888,1276.85775
7059.812345,2063.69975,1276.88094
7060.653634,2064.54072,1276.9041
7061.495001,2065.38177,1276.92722
7062.336448,2066.2229,1276.95031
7063.177994,2067.06413,1276.97337
7064.019619,2067.90544,1276.99639
7064.861353,2068.74686,1277.01939
7065.703177,2069.58837,1277.04236
7066.545099,2070.42998,1277.06529
7067.387131,2071.2717,1277.08819
7068.22926,2072.11352,1277.11103
7069.071479,2072.95543,1277.13382
7069.913815,2073.79746,1277.15653
7070.756249,2074.63959,1277.17916
7071.59881,2075.48185,1277.20169
7072.441488,2076.32423,1277.22411
7073.284283,2077.16673,1277.2464
7074.127184,2078.00934,1277.26853
7074.97018,2078.85205,1277.2905
7075.813272,2079.69486,1277.31229
7076.656449,2080.53776,1277.3339
7077.499702,2081.38074,1277.35536
7078.343041,2082.22381,1277.37667
7079.186457,2083.06696,1277.39784
7080.02997,2083.91021,1277.4189
7080.87357,2084.75355,1277.43986
7081.717259,2085.59698,1277.46075
7082.561036,2086.4405,1277.48159
7083.404903,2087.28411,1277.5024
7084.248869,2088.12782,1277.52317
7085.092923,2088.97162,1277.54391
7085.937098,2089.81554,1277.56464
7086.781372,2090.65956,1277.58534
7087.625765,2091.5037,1277.60603
7088.470278,2092.34796,1277.62669
7089.31491,2093.19234,1277.64732
7090.159651,2094.03683,1277.66793
7091.004522,2094.88145,1277.6885
7091.849492,2095.72617,1277.70905
7092.694551,2096.57098,1277.72956
7093.539709,2097.41589,1277.75003
7094.384956,2098.26089,1277.77046
7095.230292,2099.10598,1277.79085
7096.075717,2099.95116,1277.8112
7096.921231,2100.79643,1277.83152
7097.766834,2101.64179,1277.85182
7098.612528,2102.48724,1277.8721
7099.45832,2103.33279,1277.89236
7100.304203,2104.17843,1277.9126
7101.150185,2105.02417,1277.93285
7101.996277,2105.87002,1277.9531
7102.84246,2106.71596,1277.97335
7103.688742,2107.562,1277.99361
7104.535135,2108.40815,1278.01387
7105.381637,2109.25441,1278.03413
7106.22826,2110.10079,1278.0544
7107.074993,2110.94728,1278.07467
7107.921825,2111.79387,1278.09495
7108.768768,2112.64057,1278.11524
7109.615812,2113.48737,1278.13553
7110.462955,2114.33427,1278.15582
7111.310198,2115.18127,1278.17611
7112.157521,2116.02835,1278.19641
7113.004934,2116.87552,1278.2167
7113.852417,2117.72276,1278.23699
7114.699989,2118.57009,1278.25727
7115.547652,2119.41751,1278.27755
7116.395394,2120.26501,1278.29782
7117.243227,2121.1126,1278.31809
7118.091149,2121.96028,1278.33835
7118.939151,2122.80804,1278.35862
7119.787253,2123.6559,1278.37888
7120.635445,2124.50385,1278.39914
7121.483737,2125.3519,1278.41941
7122.331879,2126.1998,1278.43967
7123.179541,2127.04722,1278.45992
7124.026933,2127.89437,1278.48017
7124.874035,2128.74123,1278.50041
7125.720657,2129.58761,1278.52064
7126.567018,2130.43373,1278.54086
7127.41326,2131.27973,1278.56107
7128.259461,2132.12569,1278.58127
7129.105692,2132.97168,1278.60147
7129.951913,2133.81766,1278.62165
7130.798143,2134.66365,1278.64183
7131.644444,2135.50971,1278.662
7132.490814,2136.35584,1278.68216
7133.337243,2137.20203,1278.7023
7134.183733,2138.04828,1278.72243
7135.030322,2138.89463,1278.74255
7135.877001,2139.74107,1278.76266
7136.723759,2140.58759,1278.78276
7137.570628,2141.43422,1278.80286
7138.417586,2142.28094,1278.82296
7139.264655,2143.12777,1278.84306
7140.111834,2143.97471,1278.86317
7140.959122,2144.82176,1278.88328
7141.806511,2145.66891,1278.90341
7142.654021,2146.51618,1278.92354
7143.50163,2147.36355,1278.94369
7144.34936,2148.21104,1278.96386
7145.1972,2149.05864,1278.98404
7146.045151,2149.90635,1279.00424
7146.893222,2150.75418,1279.02446
7147.741414,2151.60213,1279.04471
7148.589726,2152.4502,1279.06498
7149.438139,2153.29837,1279.08527
7150.286662,2154.14665,1279.10559
7151.135276,2154.99502,1279.12595
7151.984001,2155.8435,1279.14633
7152.832796,2156.69205,1279.16674
7153.681693,2157.5407,1279.18719
7154.53067,2158.38943,1279.20767
7155.379738,2159.23825,1279.22818
7156.228896,2160.08716,1279.24873
7157.078125,2160.93614,1279.2693
7157.927445,2161.78521,1279.28991
7158.776857,2162.63437,1279.31056
7159.626358,2163.48362,1279.33123
7160.475941,2164.33295,1279.35194
7161.325624,2165.18238,1279.37268
7162.175408,2166.03191,1279.39345
7163.025272,2166.88152,1279.41426
7163.875238,2167.73123,1279.43509
7164.725293,2168.58103,1279.45594
7165.57544,2169.43092,1279.47681
7166.425686,2170.28091,1279.4977
7167.276023,2171.13099,1279.51859
7168.12645,2171.98116,1279.53949
7168.976967,2172.83142,1279.56039
7169.827573,2173.68177,1279.58128
7170.678279,2174.53222,1279.60216
7171.529065,2175.38275,1279.62302
7172.37995,2176.23338,1279.64385
7173.230925,2177.0841,1279.66467
7174.081999,2177.93492,1279.68548
7174.933163,2178.78583,1279.70627
7175.784427,2179.63684,1279.72705
7176.63577,2180.48793,1279.74782
7177.487213,2181.33912,1279.76858
7178.338747,2182.1904,1279.78935
7179.19038,2183.04178,1279.81013
7180.042104,2183.89325,1279.8309
7180.893917,2184.74481,1279.85169
7181.745811,2185.59645,1279.87249
7182.597806,2186.44819,1279.89331
7183.449891,2187.30002,1279.91416
7184.302077,2188.15195,1279.93504
7185.154343,2189.00396,1279.95594
7186.00669,2189.85605,1279.97688
7186.859138,2190.70824,1279.99785
7187.711667,2191.56051,1280.01886
7188.564277,2192.41286,1280.0399
7189.416987,2193.26531,1280.06098
7190.269779,2194.11784,1280.0821
7191.122641,2194.97044,1280.10325
7191.975605,2195.82314,1280.12444
7192.828639,2196.67591,1280.14566
7193.681773,2197.52878,1280.16691
7194.534999,2198.38174,1280.1882
7195.388305,2199.23478,1280.20951
7196.241692,2200.0879,1280.23084
7197.095169,2200.94111,1280.25219
7197.948746,2201.79442,1280.27356
7198.802424,2202.64783,1280.29495
7199.656213,2203.50135,1280.31636
7200.510101,2204.35497,1280.33778
7201.36407,2205.20867,1280.35921
7202.21814,2206.06247,1280.38065
7203.072279,2206.91634,1280.40211
7203.926519,2207.77031,1280.42358
7204.780849,2208.62437,1280.44507
7205.63527,2209.47852,1280.46657
7206.489771,2210.33275,1280.48808
7207.344342,2211.18705,1280.5096
7208.199003,2212.04144,1280.53113
7209.053755,2212.89592,1280.55268
7209.908596,2213.75049,1280.57423
7210.763528,2214.60515,1280.59579
7211.61856,2215.45991,1280.61735
7212.473692,2216.31477,1280.63891
7213.328914,2217.16972,1280.66048
7214.184215,2218.02475,1280.68203
7215.039607,2218.87987,1280.70359
7215.895098,2219.73509,1280.72513
7216.75066,2220.59038,1280.74667
7217.606311,2221.44576,1280.7682
7218.462061,2222.30124,1280.78971
7219.317921,2223.15683,1280.8112
7220.17387,2224.01251,1280.83268
7221.029909,2224.86828,1280.85412
7221.886037,2225.72414,1280.87555
7222.742245,2226.58008,1280.89695
7223.598532,2227.4361,1280.91833
7224.454908,2228.29221,1280.93968
7225.311363,2229.1484,1280.961
7226.167898,2230.00467,1280.9823
7227.024522,2230.86103,1281.00356
7227.881215,2231.71746,1281.02478
7228.738007,2232.57399,1281.04597
7229.594878,2233.4306,1281.06712
7230.451838,2234.2873,1281.08823
7231.308877,2235.14408,1281.1093
7232.166005,2236.00095,1281.13032
7233.023201,2236.85789,1281.15129
7233.880497,2237.71493,1281.17222
7234.737901,2238.57208,1281.19309
7235.595403,2239.42933,1281.2139
7236.453004,2240.28668,1281.23465
7237.310704,2241.14413,1281.25532
7238.168491,2242.00167,1281.27592
7239.026386,2242.85932,1281.29644
7239.884369,2243.71706,1281.31686
7240.742441,2244.57489,1281.33721
7241.60059,2245.4328,1281.35746
7242.458817,2246.29079,1281.37762
7243.317131,2247.14887,1281.39768
7244.175523,2248.00703,1281.41765
7245.034014,2248.86529,1281.43754
7245.892582,2249.72363,1281.45733
7246.751228,2250.58205,1281.47703
7247.609952,2251.44055,1281.49665
7248.468764,2252.29914,1281.51618
7249.327654,2253.15781,1281.53562
7250.186633,2254.01657,1281.55499
7251.045689,2254.87541,1281.57426
7251.904843,2255.73435,1281.59345
7252.764085,2256.59338,1281.61255
7253.623435,2257.45252,1281.63154
7254.482882,2258.31176,1281.65041
7255.342437,2259.17111,1281.66918
7256.202089,2260.03056,1281.68782
7257.061829,2260.8901,1281.70634
7257.921645,2261.74972,1281.72472
7258.781549,2262.60943,1281.74296
7259.64154,2263.46923,1281.76107
7260.501617,2264.32912,1281.77904
7261.361772,2265.18909,1281.79686
7262.222013,2266.04915,1281.81453
7263.082322,2266.90928,1281.83204
7263.942717,2267.7695,1281.84939
7264.803208,2268.62982,1281.86657
7265.663776,2269.49022,1281.88356
7266.52444,2270.35072,1281.90037
7267.38518,2271.2113,1281.91698
7268.246007,2272.07197,1281.9334
7269.10693,2272.93274,1281.94961
7269.967948,2273.79361,1281.96561
7270.829063,2274.65458,1281.98138
7271.690263,2275.51564,1281.99694
7272.55155,2276.37679,1282.01227
7273.412912,2277.23802,1282.02738
7274.274361,2278.09934,1282.04228
7275.135897,2278.96075,1282.05698
7275.997519,2279.82225,1282.07148
7276.859228,2280.68384,1282.08582
7277.721015,2281.54551,1282.1
7278.582879,2282.40726,1282.11405
7279.444832,2283.2691,1282.12798
7280.306863,2284.13102,1282.14182
7281.168973,2284.99302,1282.15559
7282.031172,2285.85511,1282.1693
7282.89344,2286.71727,1282.18296
7283.755798,2287.57952,1282.19659
7284.618255,2288.44187,1282.2102
7285.480812,2289.30432,1282.2238
7286.34348,2290.16688,1282.23741
7287.206237,2291.02953,1282.25105
7288.069086,2291.89227,1282.26473
7288.932025,2292.7551,1282.27846
7289.795055,2293.61802,1282.29224
7290.658176,2294.48103,1282.30608
7291.521398,2295.34414,1282.31999
7292.384692,2296.20732,1282.33398
7293.248076,2297.07059,1282.34805
7294.111552,2297.93395,1282.3622
7294.97511,2298.79739,1282.37644
7295.838749,2299.66091,1282.39077
7296.702479,2300.52452,1282.4052
7297.566291,2301.38821,1282.41971
7298.430184,2302.25198,1282.43432
7299.29416,2303.11583,1282.44902
7300.158226,2303.97977,1282.4638
7301.022374,2304.84379,1282.47868
7301.886604,2305.70789,1282.49365
7302.750935,2306.57209,1282.50872
7303.615358,2307.43638,1282.52389
7304.479883,2308.30077,1282.53917
7305.34452,2309.16527,1282.55456
7306.209249,2310.02986,1282.57007
7307.07407,2310.89454,1282.58569
7307.938994,2311.75932,1282.60143
7308.803989,2312.62417,1282.61728
7309.669076,2313.48911,1282.63325
7310.534246,2314.35413,1282.64934
7311.399498,2315.21923,1282.66556
7312.264842,2316.08442,1282.68189
7313.130278,2316.9497,1282.69834
7313.995787,2317.81505,1282.71492
7314.861389,2318.68049,1282.73163
7315.727082,2319.54602,1282.74843
7316.592867,2320.41164,1282.76534
7317.458744,2321.27735,1282.78235
7318.324703,2322.14314,1282.79944
7319.190742,2323.00901,1282.81659
7320.056863,2323.87496,1282.83379
7320.923065,2324.74099,1282.85106
7321.789338,2325.60709,1282.86837
7322.655693,2326.47327,1282.88575
7323.522118,2327.33952,1282.90317
7324.388634,2328.20586,1282.92065
7325.255242,2329.07229,1282.9382
7326.121961,2329.93883,1282.95582
7326.988782,2330.80547,1282.97353
7327.855715,2331.67222,1282.99133
7328.722739,2332.53906,1283.00923
7329.589846,2333.40598,1283.02723
7330.457045,2334.27299,1283.04534
7331.324327,2335.14008,1283.06356
7332.19171,2336.00727,1283.08187
7333.059175,2336.87454,1283.10027
7333.926733,2337.7419,1283.11877
7334.794362,2338.60933,1283.13736
7335.661993,2339.47676,1283.15603
7336.529615,2340.34418,1283.17478
7337.39722,2341.21158,1283.19362
7338.264666,2342.07882,1283.21253
7339.131904,2342.94585,1283.23152
7339.998873,2343.81261,1283.25058
7340.865515,2344.67904,1283.26973
7341.731728,2345.54504,1283.28896
7342.597414,2346.41051,1283.30829
7343.462443,2347.27532,1283.32772
7344.326543,2348.1392,1283.34725
7345.189607,2349.00204,1283.3669
7346.051564,2349.86377,1283.38668
7346.912285,2350.72426,1283.40663
7347.771661,2351.5834,1283.42674
7348.629721,2352.44122,1283.44705
7349.486437,2353.29769,1283.46757
7350.341738,2354.15274,1283.48831
7351.195606,2355.00635,1283.50928
7352.048019,2355.8585,1283.53047
7352.898929,2356.70914,1283.55188
7353.748323,2357.55826,1283.57347
7354.596162,2358.40582,1283.59522
7355.442405,2359.25178,1283.61712
7356.287033,2360.09612,1283.63914
7357.130003,2360.9388,1283.66127
7357.971307,2361.77981,1283.6835
7358.810913,2362.61912,1283.7058
7359.648822,2363.45673,1283.72818
7360.484994,2364.2926,1283.75064
7361.319448,2365.12675,1283.77316
7362.152114,2365.95911,1283.79575
7362.982992,2366.78968,1283.81838
7363.812043,2367.61842,1283.84107
7364.639256,2368.44532,1283.86381
7365.4646,2369.27035,1283.8866
7366.288046,2370.09348,1283.90941
7367.109594,2370.91471,1283.93225
7367.929233,2371.73403,1283.95511
7368.746962,2372.55144,1283.97798
7369.562773,2373.36693,1284.00085
7370.376654,2374.18049,1284.02371
7371.188636,2374.99215,1284.04656
7371.998688,2375.80188,1284.0694
7372.80683,2376.6097,1284.09221
7373.613052,2377.4156,1284.11501
7374.417374,2378.2196,1284.13777
7375.219656,2379.02156,1284.16049
7376.019827,2379.82141,1284.18315
7376.818138,2380.6194,1284.20578
7377.614658,2381.4156,1284.22835
7378.409427,2382.21005,1284.25087
7379.202455,2383.00276,1284.27333
7379.993562,2383.79355,1284.29572
7380.782688,2384.58236,1284.31804
7381.569882,2385.36924,1284.34029
7382.355175,2386.15422,1284.36246
7383.138537,2386.93727,1284.38456
7383.919907,2387.71833,1284.40658
7384.699306,2388.49742,1284.42851
7385.476753,2389.27456,1284.45037
7386.252269,2390.04977,1284.47214
7387.025843,2390.82304,1284.49382
7387.797495,2391.59439,1284.51542
7388.567216,2392.36381,1284.53694
7389.335035,2393.13133,1284.55837
7390.100973,2393.89697,1284.57972
7390.865049,2394.66075,1284.60099
7391.627273,2395.42268,1284.62218
7392.387657,2396.18277,1284.64331
7393.146209,2396.94103,1284.66436
7393.90294,2397.69747,1284.68534
7394.65787,2398.45211,1284.70625
7395.410928,2399.20488,1284.72709
7396.161985,2399.95565,1284.74785
7396.911121,2400.7045,1284.76853
7397.658505,2401.4516,1284.78914
7398.404078,2402.19689,1284.80968
7399.147679,2402.94021,1284.83013
7399.889269,2403.68152,1284.85049
7400.628957,2404.42093,1284.87077
7401.366773,2405.15847,1284.89095
7402.102687,2405.89411,1284.91104
7402.836679,2406.62783,1284.93104
7403.56878,2407.35966,1284.95095
7404.299009,2408.08962,1284.97076
7405.027376,2408.81772,1284.99047
7405.753841,2409.54392,1285.01009
7406.478423,2410.26824,1285.0296
7407.201154,2410.99071,1285.04902
7407.922033,2411.71133,1285.06833
7408.641059,2412.4301,1285.08753
7409.358244,2413.14703,1285.10663
7410.073606,2413.86214,1285.12561
7410.787145,2414.57543,1285.14448
7411.498882,2415.28692,1285.16322
7412.208796,2415.99659,1285.18184
7412.916898,2416.70445,1285.20034
7413.623177,2417.41049,1285.2187
7414.327612,2418.11469,1285.23692
7415.030215,2418.81706,1285.25499
7415.730974,2419.51759,1285.27291
7416.429879,2420.21627,1285.29067
7417.126911,2420.91308,1285.30826
7417.82212,2421.60807,1285.32569
7418.515504,2422.30124,1285.34293
7419.207075,2422.9926,1285.36
7419.896842,2423.68216,1285.37688
7420.584814,2424.36993,1285.39357
7421.271033,2425.05595,1285.41008
7421.955518,2425.74024,1285.42643
7422.63829,2426.42282,1285.44262
7423.319359,2427.1037,1285.45867
7423.998756,2427.78291,1285.47459
7424.67648,2428.46045,1285.49038
7425.352531,2429.13632,1285.50604
7426.026911,2429.81052,1285.5216
7426.699628,2430.48306,1285.53703
7427.370573,2431.15383,1285.55236
7428.039686,2431.82277,1285.56758
7428.707097,2432.49001,1285.58269
7429.372876,2433.15562,1285.59769
7430.037073,2433.81965,1285.61258
7430.699658,2434.48207,1285.62735
7431.36066,2435.14291,1285.64201
7432.020101,2435.80219,1285.65656
7432.677969,2436.4599,1285.67099
7433.334135,2437.11591,1285.68531
7433.988529,2437.77015,1285.6995
7434.641251,2438.42272,1285.71359
7435.292471,2439.07379,1285.72757
7435.942219,2439.72339,1285.74145
7436.590466,2440.37149,1285.75524
7437.237142,2441.01802,1285.76895
7437.882286,2441.66302,1285.78258
7438.525938,2442.30653,1285.79613
7439.16814,2442.94859,1285.80962
7439.808901,2443.58921,1285.82305
7440.44823,2444.2284,1285.83642
7441.08614,2444.86617,1285.84975
7441.722658,2445.50255,1285.86303
7442.357816,2446.13757,1285.87627
7442.991624,2446.77124,1285.88948
7443.624101,2447.40358,1285.90264
7444.255257,2448.0346,1285.91577
7444.885083,2448.66429,1285.92885
7445.513589,2449.29266,1285.94189
7446.140783,2449.91972,1285.95488
7446.766677,2450.54548,1285.96782
7447.3913,2451.16997,1285.9807
7448.014632,2451.79317,1285.99354
7448.636693,2452.4151,1286.00632
7449.257473,2453.03575,1286.01903
7449.876973,2453.65512,1286.03169
7450.495221,2454.27324,1286.04428
7451.112198,2454.89009,1286.05679
7451.727924,2455.50569,1286.06923
7452.342388,2456.12003,1286.08159
7452.955621,2456.73314,1286.09387
7453.567613,2457.34501,1286.10608
7454.178373,2457.95565,1286.1182
7454.787892,2458.56505,1286.13024
7455.396189,2459.17323,1286.1422
7456.003276,2459.7802,1286.15408
7456.609141,2460.38595,1286.16588
7457.213784,2460.99048,1286.1776
7457.817196,2461.59378,1286.18924
7458.419387,2462.19586,1286.2008
7459.020337,2462.7967,1286.21227
7459.620055,2463.39631,1286.22366
7460.218542,2463.99469,1286.23497
7460.815777,2464.59182,1286.24618
7461.411781,2465.18772,1286.25731
7462.006534,2465.78237,1286.26836
7462.600045,2466.37578,1286.2793
7463.192314,2466.96795,1286.29016
7463.783342,2467.55888,1286.30093
7464.373119,2468.14856,1286.31161
7464.961634,2468.73698,1286.32219
7465.548908,2469.32416,1286.33268
7466.13494,2469.9101,1286.34309
7466.719741,2470.49481,1286.35341
7467.303311,2471.07829,1286.36365
7467.88563,2471.66052,1286.3738
7468.466637,2472.24144,1286.38387
7469.046333,2472.82105,1286.39385
7469.624868,2473.3995,1286.40376
7470.201981,2473.97653,1286.41359
7470.777554,2474.55202,1286.42333
7471.351805,2475.12619,1286.433
7471.924896,2475.6992,1286.44259
7472.496825,2476.27105,1286.45211
7473.067573,2476.84172,1286.46154
7473.63716,2477.41123,1286.4709
7474.205495,2477.97949,1286.48017
7474.772489,2478.54641,1286.48935
7475.338113,2479.11196,1286.49844
7475.902434,2479.67621,1286.50743
7476.465514,2480.23922,1286.51632
7477.027343,2480.80098,1286.5251
7477.58792,2481.36149,1286.53376
7478.147195,2481.9207,1286.54232
7478.705169,2482.47861,1286.55075
7479.261861,2483.03524,1286.55905
7479.817271,2483.59059,1286.56722
7480.371409,2484.14467,1286.57525
7480.924255,2484.69746,1286.58314
7481.47583,2485.24898,1286.59089
7482.026112,2485.79921,1286.59849
7482.575133,2486.34818,1286.60594
7483.122882,2486.89588,1286.61324
7483.669388,2487.44234,1286.62039
7484.214633,2487.98754,1286.62739
7484.758646,2488.53151,1286.63424
7485.301408,2489.07423,1286.64094
7485.842927,2489.61571,1286.64749
7486.383205,2490.15595,1286.65389
7486.922262,2490.69497,1286.66014
7487.460096,2491.23277,1286.66623
7487.996729,2491.76937,1286.67217
7488.53216,2492.30477,1286.67796
7489.06642,2492.839,1286.68358
7489.599518,2493.37207,1286.68906
7490.131475,2493.904,1286.69438
7490.66229,2494.43479,1286.69956
7491.191974,2494.96445,1286.70459
7491.720516,2495.49297,1286.70947
7492.247918,2496.02035,1286.71422
7492.774218,2496.54663,1286.71883
7493.299387,2497.07178,1286.7233
7493.823435,2497.59581,1286.72764
7494.346342,2498.1187,1286.73185
7494.868118,2498.64046,1286.73592
7495.388752,2499.16108,1286.73985
7495.908286,2499.6806,1286.74366
7496.426689,2500.19899,1286.74733
7496.943972,2500.71626,1286.75087
7497.460103,2501.23238,1286.75426
7497.975083,2501.74735,1286.75751
7498.488912,2502.26117,1286.76062
7499.001611,2502.77386,1286.76358
7499.513189,2503.28543,1286.7664
7500.023636,2503.79587,1286.76909
7500.532972,2504.3052,1286.77165
7501.041188,2504.81341,1286.77407
7501.548283,2505.3205,1286.77636
7502.054278,2505.82649,1286.77852
7502.559182,2506.33139,1286.78056
7503.063016,2506.83522,1286.78249
7503.565779,2507.33798,1286.78429
7504.067502,2507.8397,1286.78598
7504.568184,2508.34038,1286.78756
7505.067786,2508.83998,1286.78903
7505.566358,2509.33855,1286.79038
7506.06386,2509.83605,1286.79162
7506.560341,2510.33253,1286.79274
7507.055832,2510.82802,1286.79375
7507.550343,2511.32253,1286.79466
7508.043913,2511.8161,1286.79545
7508.536554,2512.30874,1286.79613
7509.028294,2512.80048,1286.7967
7509.519154,2513.29134,1286.79715
7510.009125,2513.78131,1286.79749
7510.498255,2514.27044,1286.79771
7510.986535,2514.75872,1286.79781
7511.473995,2515.24618,1286.79777
7511.960655,2515.73284,1286.79759
7512.446515,2516.2187,1286.79727
7512.931605,2516.70379,1286.7968
7513.415935,2517.18812,1286.79616
7513.899536,2517.67172,1286.79535
7514.382417,2518.1546,1286.79436
7514.864609,2518.63679,1286.79318
7515.34613,2519.11831,1286.79181
7515.826993,2519.59917,1286.79023
7516.307236,2520.07941,1286.78844
7516.786871,2520.55904,1286.78644
7517.265926,2521.03809,1286.78422
7517.744392,2521.51655,1286.78177
7518.2223,2521.99445,1286.77909
7518.699659,2522.4718,1286.77616
7519.176469,2522.9486,1286.77298
7519.652781,2523.4249,1286.76956
7520.128606,2523.90071,1286.76588
7520.603942,2524.37603,1286.76194
7521.078821,2524.85089,1286.75774
7521.553261,2525.32531,1286.75328
7522.027206,2525.79923,1286.74847
7522.500645,2526.27264,1286.74325
7522.973649,2526.74561,1286.73759
7523.446228,2527.21815,1286.73145
7523.918445,2527.69032,1286.72483
7524.390318,2528.16214,1286.71775
7524.861839,2528.6336,1286.71017
7525.333,2529.10469,1286.70199
7525.803803,2529.57541,1286.69316
7526.274249,2530.04576,1286.68362
7526.744391,2530.51579,1286.67338
7527.214248,2530.98552,1286.66247
7527.683869,2531.455,1286.65095
7528.153245,2531.92422,1286.63883
7528.622378,2532.39318,1286.62611
7529.091277,2532.86189,1286.6128
7529.559925,2533.33033,1286.59885
7530.028352,2533.79853,1286.58427
7530.496569,2534.2665,1286.56906
7530.964556,2534.73422,1286.55323
7531.432326,2535.2017,1286.53677
7531.89987,2535.66893,1286.51963
7532.367171,2536.13589,1286.5018
7532.834229,2536.60258,1286.48326
7533.301055,2537.06901,1286.46403
7533.767662,2537.53519,1286.44407
7534.234042,2538.00111,1286.42337
7534.700203,2538.46678,1286.40198
7535.166121,2538.93217,1286.37981
7535.631846,2539.39733,1286.35687
7536.097429,2539.86231,1286.33318
7536.562892,2540.32713,1286.30872
7537.028231,2540.79178,1286.28341
7537.493599,2541.25641,1286.25721
7537.959123,2541.72114,1286.23004
7538.424729,2542.18589,1286.20181
7538.890274,2542.65051,1286.17248
7539.35577,2543.11501,1286.14205
7539.821232,2543.5794,1286.11047
7540.286718,2544.04373,1286.07769
7540.752238,2544.50801,1286.04373
7541.217795,2544.97224,1286.00861
7541.68336,2545.43639,1285.97234
7542.148924,2545.90045,1285.93495
7542.614522,2546.36446,1285.89652
7543.080205,2546.82847,1285.85709
7543.545963,2547.29247,1285.81666
7544.011817,2547.75648,1285.77525
7544.477753,2548.22049,1285.73293
7544.943796,2548.68453,1285.68976
7545.409945,2549.1486,1285.64579
7545.876221,2549.61272,1285.601
7546.342641,2550.0769,1285.55534
7546.80921,2550.54114,1285.50878
7547.275915,2551.00543,1285.46137
7547.742741,2551.46976,1285.41316
7548.209734,2551.93418,1285.3642
7548.676903,2552.39869,1285.31443
7549.14425,2552.86329,1285.26383
7549.611823,2553.32802,1285.21235
7550.079573,2553.79283,1285.15999
7550.5475,2554.25772,1285.10676
7551.015597,2554.72268,1285.05266
7551.483846,2555.18769,1284.99768
7551.952288,2555.65279,1284.94182
7552.420912,2556.11797,1284.88511
7552.889736,2556.58325,1284.82758
7553.358769,2557.04864,1284.76923
7553.828004,2557.51413,1284.71007
7554.297459,2557.97974,1284.65011
7554.767124,2558.44546,1284.58936
7555.236989,2558.91128,1284.52784
7555.70707,2559.37722,1284.46558
7556.177366,2559.84328,1284.4026
7556.647874,2560.30946,1284.33893
7557.118606,2560.77577,1284.27456
7557.589553,2561.2422,1284.20949
7558.060729,2561.70876,1284.1437
7558.53214,2562.17546,1284.07722
7559.003787,2562.6423,1284.01005
7559.475686,2563.10929,1283.94216
7559.947823,2563.57641,1283.87352
7560.420211,2564.04367,1283.8041
7560.892868,2564.51108,1283.73387
7561.365757,2564.97861,1283.66288
7561.838911,2565.4463,1283.59118
7562.312303,2565.91412,1283.51876
7562.785922,2566.38206,1283.44564
7563.259759,2566.85011,1283.37181
7563.733826,2567.31829,1283.29733
7564.208078,2567.78656,1283.22224
7564.682502,2568.25491,1283.14657
7565.157082,2568.72333,1283.07035
7565.631819,2569.19182,1282.99359
7566.106691,2569.66036,1282.9163
7566.581706,2570.12895,1282.83844
7567.056858,2570.59759,1282.76004
7567.532161,2571.06629,1282.68109
7568.007603,2571.53504,1282.6016
7568.483195,2572.00385,1282.52157
7568.958928,2572.47271,1282.441
7569.434816,2572.94163,1282.35986
7569.910825,2573.41057,1282.27813
7570.386953,2573.87953,1282.19582
7570.863203,2574.34852,1282.11298
7571.339569,2574.81753,1282.02959
7571.816044,2575.28656,1281.94569
7572.292648,2575.75563,1281.86128
7572.769383,2576.22474,1281.77636
7573.246246,2576.69389,1281.69094
7573.723243,2577.16308,1281.60499
7574.200386,2577.63232,1281.51851
7574.677669,2578.1016,1281.43147
7575.155106,2578.57093,1281.34386
7575.632703,2579.04031,1281.25565
7576.110456,2579.50973,1281.16681
7576.588387,2579.97921,1281.07733
7577.066478,2580.44873,1280.98721
7577.544722,2580.91828,1280.89643
7578.02313,2581.38786,1280.80495
7578.5017,2581.85747,1280.71278
7578.980426,2582.3271,1280.6199
7579.459297,2582.79674,1280.52633
7579.938326,2583.26641,1280.4321
7580.417512,2583.73611,1280.33723
7580.896834,2584.20582,1280.24172
7581.376295,2584.67555,1280.14561
7581.855889,2585.14529,1280.04889
7582.335612,2585.61504,1279.95158
7582.815473,2586.08481,1279.85369
7583.295439,2586.55457,1279.75524
7583.77547,2587.02429,1279.65628
7584.255585,2587.49398,1279.55677
7584.735763,2587.96361,1279.45668
7585.215989,2588.43317,1279.35603
7585.696243,2588.90263,1279.25478
7586.17651,2589.37198,1279.15296
7586.656777,2589.84121,1279.05059
7587.137069,2590.31034,1278.94765
7587.617387,2590.77937,1278.84413
7588.097719,2591.24829,1278.74005
7588.578029,2591.71707,1278.63544
7589.058282,2592.18568,1278.53033
7589.538469,2592.65412,1278.42477
7590.018606,2593.12241,1278.31877
7590.498683,2593.59055,1278.21238
7590.978725,2594.05857,1278.10562
7591.458769,2594.52651,1277.9985
7591.938758,2594.99432,1277.89106
7592.418651,2595.46196,1277.78331
7592.89841,2595.9294,1277.67529
7593.378037,2596.39664,1277.56699
7593.85755,2596.8637,1277.45842
7594.336902,2597.33053,1277.34957
7594.816029,2597.79707,1277.24047
7595.294852,2598.26324,1277.13112
7595.773358,2598.72903,1277.02154
7596.251569,2599.19446,1276.91172
7596.729509,2599.65955,1276.80164
7597.207173,2600.1243,1276.69132
7597.68453,2600.58868,1276.58077
7598.161552,2601.05266,1276.46999
7598.638233,2601.51624,1276.359
7599.114551,2601.9794,1276.24782
7599.590494,2602.44213,1276.13645
7600.066045,2602.90441,1276.02489
7600.541157,2603.3662,1275.91317
7601.015803,2603.82747,1275.80128
7601.48997,2604.28821,1275.68924
7601.96367,2604.74843,1275.57704
7602.436885,2605.20811,1275.46467
7602.909578,2605.66721,1275.35213
7603.381752,2606.12573,1275.2394
7603.853377,2606.58364,1275.12649
7604.324424,2607.04091,1275.0134
7604.794852,2607.4975,1274.90014
7605.264626,2607.95338,1274.78673
7605.733715,2608.40852,1274.67319
7606.202083,2608.86289,1274.55954
7606.669701,2609.31647,1274.44582
7607.136553,2609.76925,1274.33206
7607.602627,2610.22122,1274.21827
7608.067901,2610.67237,1274.1045
7608.53238,2611.12271,1273.99077
7608.996047,2611.57223,1273.87711
7609.458889,2612.02092,1273.76353
7609.9209,2612.46878,1273.65006
7610.382089,2612.91582,1273.5367
7610.842439,2613.36203,1273.42348
7611.30196,2613.80742,1273.3104
7611.760632,2614.25197,1273.19746
7612.218453,2614.69568,1273.08467
7612.67538,2615.13851,1272.97205
7613.131394,2615.58044,1272.85959
7613.586485,2616.02146,1272.7473
7614.040633,2616.46155,1272.63518
7614.493823,2616.9007,1272.52325
7614.946018,2617.33887,1272.4115
7615.397201,2617.77604,1272.29993
7615.847348,2618.21219,1272.18855
7616.296493,2618.64735,1272.07734
7616.744614,2619.0815,1271.96632
7617.191752,2619.51468,1271.85547
7617.637896,2619.94688,1271.7448
7618.083049,2620.3781,1271.6343
7618.527217,2620.80835,1271.52398
7618.970375,2621.2376,1271.41383
7619.412541,2621.66587,1271.30385
7619.853723,2622.09317,1271.19405
7620.293942,2622.51952,1271.08442
7620.733199,2622.94492,1270.97496
7621.171493,2623.36937,1270.86567
7621.608821,2623.79287,1270.75657
7622.045159,2624.21539,1270.64763
7622.480503,2624.63693,1270.53887
7622.914854,2625.05749,1270.43029
7623.348235,2625.47709,1270.32187
7623.780656,2625.89574,1270.21361
7624.212054,2626.31338,1270.10553
7624.642274,2626.72986,1269.99767
7625.07128,2627.14514,1269.89002
7625.499312,2627.55945,1269.78251
7625.926367,2627.97279,1269.67515
7626.352329,2628.38504,1269.56794
7626.777158,2628.79616,1269.46089
7627.200792,2629.20609,1269.35401
7627.623264,2629.61486,1269.24729
7628.044618,2630.02251,1269.1407
7628.464857,2630.42904,1269.03424
7628.883962,2630.83443,1268.9279
7629.301915,2631.23866,1268.82168
7629.718684,2631.6417,1268.71559
7630.134306,2632.04358,1268.6096
7630.548756,2632.44428,1268.50373
7630.962066,2632.84383,1268.39797
7631.374246,2633.24224,1268.29232
7631.785284,2633.6395,1268.18679
7632.195182,2634.03561,1268.08137
7632.603929,2634.43056,1267.97607
7633.011547,2634.82438,1267.87091
7633.418062,2635.21709,1267.76587
7633.823444,2635.60867,1267.66099
7634.227699,2635.99912,1267.55625
7634.630811,2636.38843,1267.45167
7635.03279,2636.77661,1267.34725
7635.433634,2637.16366,1267.243
7635.833345,2637.54958,1267.13891
7636.231921,2637.93437,1267.03499
7636.629388,2638.31806,1266.93125
7637.025727,2638.70063,1266.82769
7637.420935,2639.08208,1266.72432
7637.814993,2639.46239,1266.62114
7638.207901,2639.84156,1266.51815
7638.599664,2640.2196,1266.41537
7638.990305,2640.59653,1266.31278
7639.379831,2640.97236,1266.2104
7639.768256,2641.34711,1266.10824
7640.155601,2641.7208,1266.0063
7640.541843,2642.09341,1265.90459
7640.926983,2642.46494,1265.80311
7641.311025,2642.8354,1265.70188
7641.693949,2643.20477,1265.6009
7642.075769,2643.57306,1265.50016
7642.456485,2643.94028,1265.39969
7642.836083,2644.30641,1265.29947
7643.214569,2644.67146,1265.19952
7643.591945,2645.03543,1265.09983
7643.968169,2645.39828,1265.00041
7644.343248,2645.76002,1264.90127
7644.717142,2646.12061,1264.80242
7645.089852,2646.48005,1264.70385
7645.461346,2646.83831,1264.60558
7645.831612,2647.19538,1264.50761
7646.200644,2647.55125,1264.40993
7646.568408,2647.90589,1264.31256
7646.934916,2648.25931,1264.21549
7647.300159,2648.6115,1264.11872
7647.664143,2648.96247,1264.02226
7648.026845,2649.31219,1263.92609
7648.388248,2649.66065,1263.83024
7648.748355,2650.00785,1263.73469
7649.107166,2650.35379,1263.63945
7649.464661,2650.69845,1263.54452
7649.820822,2651.04181,1263.44989
7650.175635,2651.38386,1263.35558
7650.529104,2651.7246,1263.26158
7650.881268,2652.06407,1263.16788
7651.232089,2652.40223,1263.07448
7651.581585,2652.7391,1262.98139
7651.929684,2653.07461,1262.88862
7652.276381,2653.40875,1262.79616
7652.621618,2653.74147,1262.70404
7652.965452,2654.07282,1262.61223
7653.307883,2654.4028,1262.52073
7653.649013,2654.73151,1262.42952
7653.988812,2655.05892,1262.3386
7654.327058,2655.38482,1262.24805
7654.663667,2655.70913,1262.15789
7654.998589,2656.0318,1262.06813
7655.331843,2656.35285,1261.97877
7655.663537,2656.67238,1261.88977
7655.993859,2656.99057,1261.80107
7656.322865,2657.30747,1261.71264
7656.650527,2657.62306,1261.62452
7656.976767,2657.93726,1261.53671
7657.301506,2658.25,1261.44925
7657.624735,2658.56127,1261.36214
7657.946467,2658.87108,1261.27537
7658.266764,2659.17949,1261.18892
7658.585656,2659.48653,1261.10279
7658.90313,2659.79219,1261.01699
7659.219172,2660.09645,1260.9315
7659.533796,2660.39933,1260.84634
7659.846974,2660.7008,1260.76151
7660.158778,2661.00093,1260.67699
7660.469183,2661.2997,1260.5928
7660.778227,2661.59714,1260.50891
7661.085892,2661.89324,1260.42535
7661.392182,2662.188,1260.3421
7661.697167,2662.48149,1260.25916
7662.00091,2662.77377,1260.1765
7662.303462,2663.06489,1260.09412
7662.60485,2663.35488,1260.01202
7662.905115,2663.64378,1259.93019
7663.204283,2663.93161,1259.84861
7663.502399,2664.21842,1259.76729
7663.799467,2664.50421,1259.68621
7664.095506,2664.789,1259.60538
7664.390517,2665.07279,1259.52479
7664.684522,2665.3556,1259.44443
7664.977536,2665.63745,1259.36432
7665.269576,2665.91835,1259.28443
7665.560671,2666.19833,1259.20476
7665.850839,2666.47741,1259.12531
7666.140095,2666.7556,1259.04607
7666.428443,2667.03291,1258.96705
7666.715886,2667.30934,1258.88825
7667.002434,2667.5849,1258.80966
7667.288065,2667.85957,1258.73129
7667.572793,2668.13336,1258.65313
7667.856602,2668.40626,1258.5752
7668.139517,2668.67829,1258.49748
7668.421506,2668.94942,1258.41998
7668.702578,2669.21966,1258.3427
7668.982747,2669.48902,1258.26563
7669.262031,2669.75752,1258.18877
7669.540421,2670.02515,1258.11212
7669.817917,2670.29191,1258.03568
7670.094509,2670.55779,1257.95945
7670.37021,2670.8228,1257.88342
7670.645017,2671.08694,1257.8076
7670.918919,2671.3502,1257.73199
7671.191921,2671.61258,1257.65658
7671.464031,2671.87409,1257.58137
7671.735248,2672.13473,1257.50637
7672.005563,2672.39449,1257.43157
7672.274996,2672.65339,1257.35697
7672.543557,2672.91144,1257.28257
7672.811247,2673.16864,1257.20837
7673.078066,2673.42499,1257.13436
7673.344014,2673.68049,1257.06055
7673.60909,2673.93514,1256.98694
7673.873315,2674.18896,1256.91352
7674.1367,2674.44196,1256.84029
7674.399247,2674.69414,1256.76724
7674.660973,2674.94552,1256.69438
7674.921871,2675.19609,1256.6217
7675.181957,2675.44587,1256.54921
7675.441216,2675.69484,1256.4769
7675.699655,2675.94301,1256.40477
7675.957274,2676.19038,1256.33283
7676.214071,2676.43695,1256.26108
7676.470059,2676.68273,1256.18951
7676.725249,2676.92773,1256.11812
7676.979648,2677.17196,1256.04691
7677.233249,2677.41541,1255.97588
7677.486072,2677.6581,1255.90502
7677.738115,2677.90003,1255.83434
7677.989359,2678.14118,1255.76384
7678.239823,2678.38157,1255.69352
7678.489498,2678.62119,1255.62338
7678.738395,2678.86005,1255.55341
7678.986512,2679.09815,1255.48362
7679.23385,2679.33549,1255.41401
7679.48042,2679.57208,1255.34457
7679.7262,2679.8079,1255.27531
7679.971232,2680.04299,1255.20622
7680.215497,2680.27733,1255.1373
7680.459023,2680.51095,1255.06855
7680.701798,2680.74384,1254.99998
7680.943834,2680.97601,1254.93158
7681.185131,2681.20746,1254.86335
7681.42569,2681.43819,1254.79529
7681.665522,2681.66821,1254.72739
7681.904623,2681.89752,1254.65967
7682.143019,2682.12614,1254.5921
7682.380718,2682.35408,1254.52469
7682.617732,2682.58135,1254.45743
7682.85407,2682.80796,1254.39032
7683.089749,2683.03392,1254.32334
7683.324793,2683.25926,1254.2565
7683.559189,2683.48396,1254.18978
7683.792973,2683.70806,1254.12319
7684.026163,2683.93157,1254.0567
7684.258754,2684.15449,1253.99033
7684.490779,2684.37685,1253.92406
7684.722242,2684.59865,1253.85788
7684.953164,2684.81991,1253.79178
7685.183563,2685.04065,1253.72577
7685.413446,2685.26087,1253.65982
7685.642823,2685.48058,1253.59393
7685.87171,2685.69979,1253.52808
7686.100116,2685.91851,1253.46227
7686.32807,2686.13676,1253.39647
7686.55557,2686.35454,1253.33068
7686.782633,2686.57186,1253.26488
7687.009268,2686.78873,1253.19907
7687.235485,2687.00515,1253.13322
7687.461279,2687.22112,1253.06734
7687.686658,2687.43664,1253.00141
7687.911641,2687.65173,1252.93543
7688.136213,2687.86637,1252.86938
7688.360399,2688.08058,1252.80325
7688.5842,2688.29436,1252.73703
7688.807617,2688.50771,1252.67072
7689.03066,2688.72063,1252.60429
7689.25333,2688.93312,1252.53773
7689.475626,2689.14517,1252.47102
7689.697553,2689.35678,1252.40414
7689.919116,2689.56795,1252.33708
7690.140307,2689.77867,1252.26983
7690.361146,2689.98895,1252.20236
7690.581617,2690.19877,1252.13466
7690.80176,2690.40817,1252.06673
7691.021549,2690.61712,1251.99856
7691.240998,2690.82563,1251.93014
7691.46011,2691.0337,1251.86146
7691.678876,2691.24132,1251.79252
7691.897314,2691.4485,1251.7233
7692.115407,2691.65522,1251.65379
7692.333164,2691.86148,1251.58397
7692.550579,2692.06727,1251.51383
7692.767656,2692.27259,1251.44336
7692.98439,2692.47742,1251.37252
7693.200782,2692.68176,1251.30131
7693.416838,2692.8856,1251.22969
7693.632553,2693.08893,1251.15765
7693.847922,2693.29174,1251.08518
7694.06296,2693.49403,1251.01224
7694.277657,2693.69579,1250.93884
7694.492031,2693.89702,1250.86493
7694.706081,2694.09772,1250.79052
7694.919797,2694.29787,1250.71559
7695.13319,2694.49748,1250.64014
7695.346249,2694.69653,1250.56416
7695.558996,2694.89504,1250.48764
7695.77142,2695.09299,1250.41057
7695.983525,2695.29037,1250.33292
7696.195328,2695.4872,1250.2547
7696.406818,2695.68345,1250.17587
7696.617996,2695.8791,1250.09639
7696.828879,2696.07417,1250.01627
7697.03945,2696.26863,1249.93549
7697.24971,2696.46247,1249.85403
7697.459658,2696.65567,1249.77186
7697.669283,2696.84821,1249.68897
7697.878605,2697.0401,1249.60534
7698.087628,2697.23133,1249.52095
7698.296338,2697.42188,1249.4358
7698.504748,2697.61176,1249.34989
7698.712872,2697.80097,1249.2632
7698.920701,2697.9895,1249.17574
7699.12823,2698.17734,1249.08751
7699.335473,2698.36449,1248.99849
7699.542408,2698.55091,1248.90866
7699.749034,2698.73659,1248.81801
7699.955349,2698.92152,1248.72654
7700.161376,2699.10572,1248.63425
7700.367103,2699.28917,1248.54114
7700.572539,2699.47187,1248.4472
7700.777699,2699.65383,1248.35243
7700.982572,2699.83503,1248.25683
7701.187164,2700.01545,1248.16036
7701.391472,2700.19508,1248.06302
7701.595492,2700.37389,1247.96478
7701.79923,2700.55188,1247.86564
7702.002686,2700.72903,1247.76558
7702.205868,2700.90532,1247.66456
7702.408777,2701.08074,1247.56258
7702.611422,2701.25528,1247.45962
7702.813799,2701.42892,1247.35567
7703.015934,2701.60168,1247.25073
7703.217814,2701.77356,1247.14484
7703.419449,2701.94455,1247.03798
7703.620836,2702.11463,1246.93014
7703.821992,2702.28383,1246.82135
7704.022943,2702.45217,1246.71161
7704.223693,2702.61964,1246.60091
7704.424251,2702.78626,1246.48928
7704.624613,2702.95201,1246.37671
7704.824788,2703.11689,1246.2632
7705.024794,2703.28092,1246.14876
7705.224595,2703.44406,1246.03341
7705.424221,2703.60631,1245.91711
7705.623653,2703.76762,1245.79984
7705.822896,2703.92797,1245.68158
7706.021924,2704.08731,1245.56232
7706.220748,2704.24561,1245.44202
7706.419367,2704.40284,1245.32066
7706.617783,2704.55898,1245.19823
7706.81598,2704.71402,1245.07476
7707.013975,2704.86795,1244.95023
7707.211775,2705.02078,1244.82466
7707.409375,2705.17253,1244.6981
7707.606789,2705.32324,1244.57059
7707.804024,2705.47294,1244.44217
7708.001081,2705.62167,1244.3129
7708.197969,2705.76945,1244.1828
7708.394677,2705.91629,1244.05191
7708.591203,2706.06214,1243.92019
7708.787533,2706.20697,1243.78764
7708.983674,2706.35077,1243.65425
7709.179614,2706.49352,1243.52003
7709.375347,2706.63517,1243.38495
7709.570881,2706.77568,1243.24897
7709.766198,2706.915,1243.11208
7709.961303,2707.05311,1242.97427
7710.156215,2707.18998,1242.8355
7710.351024,2707.32564,1242.69569
7710.545714,2707.46008,1242.55487
7710.740291,2707.59332,1242.41307
7710.934786,2707.7254,1242.2703
7711.12933,2707.85643,1242.1265
7711.324128,2707.9866,1241.98158
7711.519256,2708.11599,1241.83552
7711.714689,2708.24459,1241.68836
7711.910385,2708.37237,1241.54014
7712.106273,2708.49923,1241.39088
7712.302284,2708.62512,1241.24064
7712.498415,2708.75002,1241.08942
7712.694664,2708.87391,1240.93722
7712.891014,2708.99671,1240.78401
7713.087412,2709.11833,1240.6298
7713.283818,2709.23871,1240.47461
7713.480252,2709.35781,1240.3184
7713.676766,2709.47568,1240.16116
7713.873365,2709.59232,1240.0029
7714.070005,2709.70773,1239.84369
7714.266684,2709.82197,1239.68359
7714.463408,2709.93503,1239.5226
7714.660176,2710.04689,1239.36072
7714.85699,2710.15759,1239.19799
7715.053851,2710.26719,1239.03446
7715.250788,2710.37568,1238.8701
7715.447814,2710.48308,1238.70492
7715.644922,2710.58933,1238.5389
7715.842118,2710.69442,1238.37204
7716.039386,2710.79827,1238.20432
7716.236723,2710.9008,1238.03571
7716.434113,2711.00204,1237.86626
7716.631577,2711.10199,1237.69596
7716.829094,2711.2006,1237.52482
7717.026674,2711.29783,1237.35282
7717.224303,2711.39368,1237.17999
7717.421984,2711.48818,1237.00636
7717.619721,2711.58141,1236.83198
7717.817528,2711.67339,1236.65686
7718.015409,2711.76415,1236.48102
7718.213367,2711.85373,1236.30449
7718.411443,2711.94222,1236.12728
7718.60963,2712.02965,1235.94942
7718.807941,2712.11603,1235.77091
7719.006362,2712.20135,1235.59177
7719.20494,2712.28558,1235.41194
7719.40365,2712.3687,1235.23145
7719.602492,2712.45067,1235.05029
7719.801488,2712.53148,1234.86844
7720.000621,2712.61106,1234.6859
7720.199908,2712.68936,1234.50264
7720.399326,2712.76632,1234.31867
7720.598842,2712.84189,1234.13402
7720.798442,2712.91603,1233.9487
7720.998101,2712.98866,1233.76272
7721.197806,2713.05968,1233.57607
7721.397547,2713.1291,1233.38878
7721.597328,2713.19694,1233.20087
7721.797165,2713.26332,1233.01238
7721.997112,2713.32834,1232.8233
7722.1972,2713.39209,1232.63364
7722.397446,2713.45463,1232.44341
7722.597857,2713.51601,1232.25263
7722.798471,2713.5763,1232.06129
7722.99926,2713.63551,1231.86943
7723.200233,2713.69365,1231.67705
7723.401415,2713.75071,1231.48413
7723.6028,2713.80665,1231.29067
7723.80438,2713.86141,1231.09667
7724.006163,2713.91484,1230.90209
7724.208137,2713.96675,1230.7069
7724.410302,2714.01704,1230.51109
7724.612645,2714.06568,1230.31468
7724.815138,2714.11265,1230.11771
7725.017756,2714.15799,1229.92023
7725.220495,2714.20175,1229.72227
7725.423348,2714.24397,1229.52386
7725.62634,2714.28467,1229.32499
7725.829474,2714.3239,1229.12568
7726.032781,2714.36171,1228.92592
7726.236277,2714.39808,1228.7257
7726.439968,2714.43303,1228.52503
7726.643879,2714.46659,1228.3239
7726.847994,2714.49879,1228.12234
7727.052303,2714.52968,1227.92038
7727.256814,2714.55933,1227.71803
7727.461526,2714.58775,1227.5153
7727.666447,2714.61493,1227.31219
7727.87158,2714.64084,1227.1087
7728.076923,2714.66548,1226.90484
7728.282503,2714.68882,1226.70059
7728.488316,2714.71086,1226.49596
7728.694369,2714.73157,1226.29095
7728.900681,2714.75094,1226.08555
7729.107226,2714.76893,1225.87979
7729.314013,2714.78553,1225.67367
7729.521041,2714.80072,1225.4672
7729.728289,2714.81449,1225.26041
7729.935754,2714.82679,1225.05331
7730.143407,2714.83763,1224.84594
7730.351252,2714.84707,1224.63831
7730.559291,2714.85522,1224.43043
7730.767535,2714.8621,1224.2223
7730.975981,2714.86774,1224.01393
7731.184658,2714.87217,1223.8053
7731.393574,2714.87542,1223.59641
7731.602724,2714.87755,1223.38727
7731.812127,2714.87855,1223.17787
7732.021777,2714.8784,1222.96822
7732.231651,2714.8771,1222.75835
7732.441755,2714.87467,1222.54826
7732.652055,2714.87112,1222.33799
7732.862577,2714.86643,1222.12752
7733.073348,2714.86061,1221.91683
7733.284374,2714.85361,1221.70592
7733.495672,2714.84543,1221.49478
7733.707259,2714.83607,1221.2834
7733.919113,2714.82551,1221.07181
7734.131257,2714.81378,1220.85999
7734.343738,2714.8009,1220.6479
7734.556568,2714.78691,1220.43553
7734.769761,2714.77185,1220.22287
7734.983351,2714.75571,1220.00989
7735.197366,2714.73848,1219.79657
7735.4118,2714.72016,1219.58292
7735.626639,2714.70075,1219.36896
7735.841885,2714.68027,1219.15469
7736.057545,2714.65872,1218.94011
7736.27366,2714.63612,1218.72518
7736.490242,2714.61249,1218.50989
7736.707359,2714.58782,1218.29418
7736.925011,2714.56212,1218.07805
7737.143246,2714.53538,1217.86146
7737.362076,2714.5076,1217.6444
7737.581484,2714.4788,1217.42689
7737.801445,2714.44898,1217.20896
7738.021927,2714.41818,1216.99064
7738.24294,2714.38643,1216.77192
7738.464509,2714.35371,1216.55278
7738.686673,2714.31999,1216.33319
7738.909458,2714.28525,1216.11313
7739.132927,2714.24943,1215.89255
7739.357082,2714.21249,1215.67146
7739.581933,2714.17445,1215.44985
7739.807477,2714.1353,1215.22773
7740.033723,2714.09507,1215.00509
7740.260687,2714.05374,1214.78192
7740.48839,2714.01134,1214.5582
7740.716842,2713.96788,1214.33392
7740.946047,2713.92336,1214.10908
7741.176006,2713.87775,1213.88369
7741.406694,2713.83109,1213.65777
7741.638089,2713.78341,1213.43134
7741.870178,2713.7347,1213.20442
7742.102974,2713.68496,1212.977
7742.336485,2713.63417,1212.74908
7742.570706,2713.58232,1212.52067
7742.805638,2713.52938,1212.29178
7743.041294,2713.47536,1212.0624
7743.277663,2713.42031,1211.83253
7743.51474,2713.36428,1211.60217
7743.752482,2713.30737,1211.37134
7743.990863,2713.24966,1211.14005
7744.229899,2713.19121,1210.90827
7744.469611,2713.13202,1210.67598
7744.70998,2713.0721,1210.4432
7744.95102,2713.01147,1210.20991
7745.192747,2712.95015,1209.97609
7745.435167,2712.88812,1209.74174
7745.678304,2712.82537,1209.50684
7745.922191,2712.76185,1209.27137
7746.166844,2712.69747,1209.03534
7746.412277,2712.63218,1208.79875
7746.658494,2712.56598,1208.5616
7746.905516,2712.4989,1208.32386
7747.153297,2712.43098,1208.08557
7747.401835,2712.3623,1207.84671
7747.651142,2712.29289,1207.60726
7747.901274,2712.22276,1207.36716
7748.152198,2712.15193,1207.12644
7748.403933,2712.08044,1206.88507
7748.656505,2712.0083,1206.64302
7748.909896,2711.93554,1206.4003
7749.164113,2711.86214,1206.15691
7749.419159,2711.78809,1205.91285
7749.675052,2711.7134,1205.6681
7749.931831,2711.6381,1205.42261
7750.189503,2711.5622,1205.17637
7750.448044,2711.48575,1204.92939
7750.707362,2711.40884,1204.68174
7750.967425,2711.33151,1204.43344
7751.228213,2711.2538,1204.1845
7751.489705,2711.17574,1203.93493
7751.751977,2711.09731,1203.68466
7752.015087,2711.0185,1203.43363
7752.279075,2710.93931,1203.1818
7752.54394,2710.85974,1202.92917
7752.80965,2710.7798,1202.67577
7753.076105,2710.69954,1202.42169
7753.343362,2710.61893,1202.16688
7753.611489,2710.53793,1201.91128
7753.880433,2710.45653,1201.65495
7754.150286,2710.37471,1201.3978
7754.421121,2710.29245,1201.13976
7754.692988,2710.20974,1200.88078
7754.965877,2710.12658,1200.62087
7755.239761,2710.04297,1200.36006
7755.514643,2709.95893,1200.09834
7755.790492,2709.87447,1199.83574
7756.067256,2709.7896,1199.57231
7756.344907,2709.70435,1199.30807
7756.623424,2709.61873,1199.04304
7756.902803,2709.53275,1198.77722
7757.183052,2709.44642,1198.5106
7757.464175,2709.35975,1198.24317
7757.74619,2709.27275,1197.97491
7758.029122,2709.1854,1197.7058
7758.312986,2709.09771,1197.43582
7758.597804,2709.00967,1197.16495
7758.883584,2708.92129,1196.89318
7759.170327,2708.83256,1196.62051
7759.458032,2708.74349,1196.34694
7759.746692,2708.65407,1196.07248
7760.03628,2708.56432,1195.79715
7760.326789,2708.47424,1195.52096
7760.618208,2708.38383,1195.24392
7760.910513,2708.29311,1194.96605
7761.203705,2708.20207,1194.68735
7761.497742,2708.11073,1194.40786
7761.79262,2708.0191,1194.12758
7762.088329,2707.92718,1193.84652
7762.384848,2707.83498,1193.5647
7762.682227,2707.74249,1193.28207
7762.980513,2707.64968,1192.99859
7763.279716,2707.55655,1192.71425
7763.579864,2707.4631,1192.42902
7763.880986,2707.3693,1192.14288
7764.183095,2707.27517,1191.85581
7764.486187,2707.18069,1191.56782
7764.79025,2707.08587,1191.27892
7765.095273,2706.99071,1190.98912
7765.401306,2706.89521,1190.69837
7765.708309,2706.79937,1190.40671
7766.016279,2706.7032,1190.11414
7766.325224,2706.60671,1189.82065
7766.635133,2706.5099,1189.52625
7766.946006,2706.41277,1189.23094
7767.257803,2706.31533,1188.93476
7767.570519,2706.21759,1188.63771
7767.884112,2706.11957,1188.33983
7768.198578,2706.02125,1188.04113
7768.51396,2705.92264,1187.74156
7768.830253,2705.82373,1187.44113
7769.147486,2705.72452,1187.13981
7769.465663,2705.62499,1186.8376
7769.784708,2705.52518,1186.53457
7770.104166,2705.4252,1186.23116
7770.423558,2705.32522,1185.92782
7770.743123,2705.22514,1185.62433
7771.063132,2705.12489,1185.32043
7771.383437,2705.02451,1185.01626
7771.703749,2704.92408,1184.7121
7772.024085,2704.8236,1184.40793
7772.344662,2704.72299,1184.10355
7772.665729,2704.62218,1183.79872
7772.987492,2704.52109,1183.49325
7773.310067,2704.41968,1183.18703
7773.633518,2704.31793,1182.88
7773.957822,2704.21585,1182.57218
7774.282974,2704.11343,1182.26358
7774.608993,2704.01064,1181.95419
7774.935871,2703.9075,1181.64401
7775.263663,2703.80399,1181.33299
7775.592347,2703.70012,1181.02115
7775.921942,2703.59589,1180.70847
7776.252438,2703.4913,1180.39496
7776.583854,2703.38635,1180.0806
7776.916203,2703.28103,1179.76538
7777.249514,2703.17534,1179.44927
7777.583802,2703.06926,1179.13226
7777.919089,2702.96278,1178.81433
7778.255353,2702.85591,1178.4955
7778.592611,2702.74866,1178.17575
7778.930827,2702.64105,1177.85511
7779.269985,2702.53307,1177.5336
7779.61007,2702.42474,1177.21123
7779.951138,2702.31603,1176.88795
7780.293219,2702.20694,1176.56373
7780.636356,2702.09745,1176.23853
7780.980585,2701.98754,1175.91232
7781.325904,2701.87721,1175.5851
7781.672296,2701.76646,1175.25689
7782.019757,2701.6553,1174.92769
7782.368259,2701.54373,1174.59753
7782.71777,2701.43176,1174.26644
7783.068296,2701.3194,1173.93441
7783.419813,2701.20667,1173.60146
7783.772351,2701.09356,1173.26756
7784.125907,2700.98008,1172.93271
7784.480444,2700.86626,1172.59694
7784.835943,2700.7521,1172.26027
7785.192384,2700.63763,1171.92271
7785.549717,2700.52286,1171.58431
7785.907995,2700.40777,1171.24502
7786.267225,2700.29237,1170.90483
7786.627436,2700.17666,1170.56371
7786.988655,2700.06061,1170.22164
7787.350925,2699.94421,1169.87858
7787.71425,2699.82747,1169.53452
7788.078692,2699.71035,1169.18941
7788.444241,2699.59285,1168.84326
7788.81084,2699.475,1168.49612
7789.178492,2699.35679,1168.14799
7789.547169,2699.23825,1167.79889
7789.916826,2699.11937,1167.44887
7790.287448,2699.00017,1167.09794
7790.659057,2698.88064,1166.74608
7791.031671,2698.76078,1166.39327
7791.405268,2698.6406,1166.03953
7791.779866,2698.52008,1165.68485
7792.155465,2698.39924,1165.32922
7792.532115,2698.27805,1164.9726
7792.909824,2698.15651,1164.61498
7793.288576,2698.03464,1164.25637
7793.668378,2697.91242,1163.89677
7794.04918,2697.78989,1163.53622
7794.430911,2697.66706,1163.17479
7794.813601,2697.54393,1162.81245
7795.197239,2697.4205,1162.44921
7795.581864,2697.29677,1162.08503
7795.967456,2697.17274,1161.71993
7796.354079,2697.04839,1161.35385
7796.74174,2696.92373,1160.98678
7797.130409,2696.79876,1160.61875
7797.520118,2696.67347,1160.24973
7797.910858,2696.54786,1159.87973
7798.302661,2696.42192,1159.50872
7798.695472,2696.29567,1159.13675
7799.089292,2696.16911,1158.76382
7799.484121,2696.04224,1158.38993
7799.879917,2695.91507,1158.01512
7800.276678,2695.78761,1157.63939
7800.674378,2695.65988,1157.26276
7801.07301,2695.53187,1156.88524
7801.472601,2695.40359,1156.5068
7801.873153,2695.27503,1156.12744
7802.274672,2695.1462,1155.74715
7802.677174,2695.01708,1155.36592
7803.080663,2694.88769,1154.98374
7803.48512,2694.75803,1154.60063
7803.890518,2694.62812,1154.21661
7804.296859,2694.49796,1153.83168
7804.704101,2694.36756,1153.44588
7805.11224,2694.23693,1153.05921
7805.521246,2694.10608,1152.6717
7805.931102,2693.97503,1152.28336
7806.341688,2693.84383,1151.8943
7806.752436,2693.71266,1151.50506
7807.163119,2693.5816,1151.11585
7807.574116,2693.45054,1150.72631
7807.985356,2693.31952,1150.3365
7808.396506,2693.18863,1149.94674
7808.807644,2693.05787,1149.55695
7809.219026,2692.92715,1149.16689
7809.630922,2692.79636,1148.77631
7810.043505,2692.66547,1148.38504
7810.456811,2692.53445,1147.99305
7810.870785,2692.40333,1147.60039
7811.285433,2692.27212,1147.20705
7811.700791,2692.14079,1146.813
7812.116865,2692.00936,1146.41823
7812.533656,2691.87782,1146.02274
7812.951169,2691.74616,1145.62653
7813.36946,2691.61435,1145.22955
7813.788642,2691.48239,1144.83168
7814.208755,2691.35028,1144.43288
7814.629838,2691.21801,1144.03311
7815.051852,2691.08562,1143.6324
7815.474736,2690.95312,1143.23081
7815.898439,2690.82052,1142.82839
7816.322908,2690.68781,1142.4252
7816.748144,2690.55499,1142.02124
7817.174157,2690.42202,1141.61651
7817.600955,2690.28888,1141.21101
7818.028553,2690.15555,1140.80473
7818.456914,2690.02203,1140.39771
7818.886091,2689.8883,1139.9899
7819.316042,2689.75437,1139.58134
7819.746769,2689.62024,1139.17203
7820.178252,2689.48591,1138.76199
7820.61051,2689.35138,1138.3512
7821.043583,2689.21664,1137.93962
7821.477464,2689.08169,1137.52726
7821.912148,2688.94654,1137.11412
7822.347626,2688.81119,1136.70021
7822.783901,2688.67563,1136.28553
7823.221015,2688.53985,1135.87004
7823.658988,2688.40384,1135.45372
7824.097829,2688.26761,1135.03656
7824.537533,2688.13114,1134.61857
7824.978066,2687.99445,1134.19978
7825.419399,2687.85754,1133.78022
7825.861523,2687.72041,1133.3599
7826.304431,2687.58305,1132.93883
7826.748124,2687.44546,1132.51701
7827.192607,2687.30765,1132.09443
7827.637869,2687.16963,1131.6711
7828.083915,2687.03138,1131.24702
7828.530739,2686.89292,1130.82219
7828.978325,2686.75424,1130.39663
7829.426689,2686.61535,1129.97032
7829.875813,2686.47625,1129.54328
7830.325727,2686.33693,1129.11548
7830.776407,2686.19741,1128.68694
7831.227878,2686.05767,1128.25764
7831.680117,2685.91772,1127.8276
7832.133128,2685.77755,1127.39682
7832.586898,2685.63717,1126.96531
7833.041418,2685.49658,1126.53308
7833.496707,2685.35578,1126.10011
7833.952742,2685.21478,1125.66642
7834.409555,2685.07357,1125.23198
7834.86715,2684.93217,1124.79678
7835.325523,2684.79056,1124.36083
7835.784687,2684.64876,1123.92411
7836.244642,2684.50677,1123.48662
7836.705376,2684.3646,1123.04837
7837.166891,2684.22224,1122.60936
7837.629168,2684.07972,1122.1696
7838.092184,2683.93703,1121.72912
7838.55593,2683.79419,1121.28792
7839.020392,2683.65119,1120.84602
7839.485597,2683.50803,1120.40339
7839.951499,2683.36471,1119.96008
7840.418125,2683.22123,1119.51606
7840.885467,2683.07759,1119.07134
7841.35348,2682.93381,1118.62596
7841.82217,2682.78987,1118.17992
7842.291569,2682.64576,1117.73319
7842.761674,2682.50149,1117.28577
7843.232506,2682.35705,1116.83764
7843.704143,2682.21241,1116.38873
7844.176599,2682.06758,1115.93902
7844.649903,2681.92256,1115.48848
7845.124062,2681.77733,1115.03711
7845.599057,2681.63192,1114.58492
7846.07484,2681.48633,1114.13196
7846.551366,2681.34058,1113.67827
7847.028624,2681.19465,1113.22387
7847.506626,2681.04856,1112.76874
7847.985361,2680.90228,1112.3129
7848.464838,2680.75582,1111.85634
7848.945029,2680.60917,1111.39909
7849.425936,2680.46233,1110.94115
7849.907538,2680.3153,1110.48254
7850.389862,2680.16809,1110.02323
7850.872914,2680.02068,1109.56322
7851.356706,2679.87309,1109.10249
7851.841226,2679.7253,1108.64106
7852.326486,2679.57733,1108.17891
7852.812494,2679.42916,1107.71604
7853.299257,2679.28079,1107.25244
7853.786771,2679.13224,1106.78811
7854.27504,2678.98349,1106.32305
7854.764019,2678.83457,1105.8573
7855.253713,2678.68546,1105.39086
7855.744109,2678.53617,1104.92374
7856.235218,2678.3867,1104.45593
7856.727041,2678.23704,1103.98743
7857.219577,2678.0872,1103.51824
7857.71284,2677.93716,1103.04835
7858.206812,2677.78692,1102.57778
7858.701521,2677.63648,1102.1065
7859.196939,2677.48584,1101.63454
7859.693106,2677.33499,1101.16186
7860.19002,2677.18394,1100.68846
7860.687678,2677.03267,1100.21435
7861.186082,2676.8812,1099.73952
7861.68521,2676.72951,1099.264
7862.185063,2676.57763,1098.78778
7862.685628,2676.42554,1098.31088
7863.186898,2676.27326,1097.8333
7863.688874,2676.12079,1097.35504
7864.191536,2675.96813,1096.87612
7864.694882,2675.81529,1096.39654
7865.198921,2675.66227,1095.91629
7865.703668,2675.50905,1095.43536
7866.209112,2675.35564,1094.95376
7866.715217,2675.20206,1094.47152
7867.222011,2675.04828,1093.98862
7867.729489,2674.89432,1093.50506
7868.237648,2674.74016,1093.02085
7868.746473,2674.58581,1092.536
7869.255966,2674.43127,1092.05051
7869.766111,2674.27653,1091.5644
7870.276875,2674.1216,1091.0777
7870.7883,2673.96647,1090.59037
7871.300424,2673.81111,1090.10238
7871.813266,2673.65555,1089.6137
7872.326836,2673.49976,1089.12433
7872.841132,2673.34374,1088.63427
7873.356137,2673.18749,1088.14354
7873.871857,2673.03102,1087.65213
7874.388301,2672.87433,1087.16003
7874.90544,2672.71742,1086.66727
7875.423252,2672.56027,1086.17388
7875.941729,2672.40291,1085.67986
7876.46087,2672.24534,1085.18521
7876.980652,2672.08757,1084.68995
7877.501073,2671.92958,1084.19409
7878.022133,2671.7714,1083.69762
7878.543594,2671.61309,1083.20077
7879.064879,2671.45483,1082.70409
7879.585973,2671.29663,1082.20759
7880.106951,2671.13847,1081.7112
7880.627805,2670.98037,1081.21492
7881.148688,2670.82227,1080.71861
7881.669932,2670.66408,1080.22195
7882.191578,2670.50579,1079.7249
7882.71355,2670.34743,1079.22753
7883.235892,2670.18898,1078.7298
7883.758665,2670.03043,1078.23165
7884.28191,2669.87177,1077.73304
7884.805667,2669.71299,1077.23393
7885.329966,2669.55409,1076.73429
7885.854822,2669.39505,1076.23411
7886.380245,2669.2359,1075.73337
7886.906232,2669.07662,1075.23208
7887.432785,2668.91723,1074.73023
7887.959918,2668.75772,1074.22781
7888.487634,2668.59808,1073.72482
7889.015974,2668.4383,1073.22122
7889.544921,2668.2784,1072.71702
7890.074468,2668.11838,1072.21223
7890.604609,2667.95822,1071.70686
7891.135327,2667.79792,1071.20093
7891.666615,2667.6375,1070.69444
7892.198478,2667.47694,1070.18739
7892.730912,2667.31623,1069.67979
7893.263922,2667.15538,1069.17163
7893.797491,2666.99438,1068.66293
7894.33164,2666.83323,1068.15367
7894.866378,2666.67193,1067.64384
7895.401707,2666.51047,1067.13344
7895.93766,2666.34884,1066.62244
7896.474239,2666.18703,1066.11084
7897.011445,2666.02507,1065.59863
7897.549245,2665.86294,1065.08585
7898.087651,2665.70067,1064.57248
7898.626626,2665.53825,1064.05856
7899.166199,2665.37568,1063.54406
7899.706355,2665.21298,1063.02899
7900.247093,2665.05015,1062.51335
7900.788415,2664.88719,1061.99714
7901.330294,2664.72412,1061.48038
7901.872727,2664.56095,1060.96307
7902.415706,2664.39768,1060.44522
7902.959233,2664.23433,1059.92682
7903.503315,2664.07088,1059.40787
7904.047952,2663.90736,1058.88836
7904.593153,2663.74377,1058.36828
7905.138916,2663.58009,1057.84764
7905.685237,2663.41633,1057.32644
7906.232095,2663.2525,1056.8047
7906.779526,2663.0886,1056.28238
7907.327504,2662.92463,1055.75951
7907.876043,2662.7606,1055.23607
7908.425115,2662.59651,1054.71209
7908.974743,2662.43235,1054.18755
7909.524926,2662.26812,1053.66245
7910.075681,2662.10383,1053.13677
7910.627029,2661.93947,1052.61049
7911.178945,2661.77503,1052.08364
7911.731432,2661.6105,1051.55622
7912.284471,2661.44588,1051.02825
7912.838033,2661.28117,1050.49976
7913.392138,2661.11637,1049.97073
7913.946772,2660.95146,1049.44118
7914.501931,2660.78642,1048.91112
7915.0576,2660.62127,1048.38056
7915.613783,2660.456,1047.8495
7916.170516,2660.29061,1047.3179
7916.727785,2660.12509,1046.78578
7917.285574,2659.95946,1046.25315
7917.843897,2659.7937,1045.72
7918.402738,2659.62784,1045.18634
7918.962132,2659.46185,1044.65214
7919.522078,2659.29574,1044.1174
7920.082597,2659.1295,1043.5821
7920.6437,2658.96313,1043.04623
7921.20536,2658.79665,1042.50981
7921.767552,2658.63005,1041.97287
7922.330279,2658.46332,1041.43541
7922.893573,2658.29645,1040.8974
7923.457441,2658.12945,1040.35883
7924.021885,2657.96231,1039.8197
7924.586905,2657.79503,1039.28001
7925.152445,2657.62764,1038.73981
7925.718514,2657.46014,1038.19909
7926.285119,2657.29251,1037.65785
7926.852262,2657.12477,1037.11608
7927.419935,2656.95692,1036.57379
7927.988127,2656.78896,1036.03099
7928.556859,2656.62092,1035.48765
7929.126117,2656.45278,1034.94379
7929.695933,2656.28453,1034.39938
7930.266326,2656.11617,1033.8544
7930.837261,2655.94772,1033.30888
7931.408739,2655.77915,1032.76283
7931.980755,2655.61047,1032.21625
7932.55331,2655.44165,1031.66915
7933.126396,2655.27271,1031.12153
7933.700005,2655.10362,1030.57341
7934.274139,2654.93437,1030.02479
7934.848788,2654.76496,1029.47568
7935.423926,2654.59538,1028.92611
7935.999596,2654.42562,1028.37604
7936.575777,2654.25568,1027.82549
7937.152461,2654.08556,1027.27447
7937.729681,2653.91524,1026.72295
7938.307419,2653.74472,1026.17095
7938.885703,2653.574,1025.61844
7939.464534,2653.40308,1025.06542
7940.043901,2653.23196,1024.5119
7940.623833,2653.06061,1023.95786
7941.204302,2652.88906,1023.40332
7941.785301,2652.7173,1022.84829
7942.36683,2652.54533,1022.29277
7942.948877,2652.37316,1021.73677
7943.531441,2652.20079,1021.18029
7944.114523,2652.02822,1020.62333
7944.698107,2651.85544,1020.06591
7945.282199,2651.68246,1019.50802
7945.866784,2651.5093,1018.94967
7946.451873,2651.33595,1018.39085
7947.037494,2651.16242,1017.83153
7947.623658,2650.9887,1017.2717
7948.210343,2650.8148,1016.71138
7948.797573,2650.64074,1016.15054
7949.385353,2650.46653,1015.58917
7949.973658,2650.29216,1015.0273
7950.562469,2650.11766,1014.46494
7951.1518,2649.94302,1013.90208
7951.741622,2649.76827,1013.33874
7952.331956,2649.5934,1012.7749
7952.922795,2649.41841,1012.21057
7953.514146,2649.2433,1011.64574
7954.106013,2649.06806,1011.08041
7954.698416,2648.89269,1010.51456
7955.291351,2648.7172,1009.94819
7955.884821,2648.54158,1009.3813
7956.478816,2648.36583,1008.8139
7957.073325,2648.18996,1008.246
7957.668347,2648.01397,1007.6776
7958.263857,2647.83788,1007.10872
7958.85988,2647.66167,1006.53934
7959.45641,2647.48533,1005.96947
7960.053447,2647.30889,1005.3991
7960.650984,2647.13234,1004.82824
7961.249038,2646.95569,1004.25687
7961.847593,2646.77893,1003.68501
7962.446642,2646.60205,1003.11267
7963.046185,2646.42505,1002.53985
7963.646225,2646.24792,1001.96655
7964.246765,2646.07065,1001.39277
7964.847789,2645.89326,1000.81852
7965.449323,2645.71573,1000.24378
7966.051364,2645.53807,999.66855
7966.653919,2645.36025,999.09283
7967.257004,2645.18229,998.5166
7967.860587,2645.00416,997.9399
7968.464667,2644.82587,997.36273
7969.069231,2644.64743,996.7851
7969.674253,2644.46883,996.20704
7970.279748,2644.29005,995.62854
7970.88573,2644.11111,995.04958
7971.492227,2643.93201,994.47013
7972.099209,2643.75276,993.89022
7972.706699,2643.57334,993.30983
7973.314691,2643.39377,992.72896
7973.923175,2643.21406,992.14762
7974.532142,2643.0342,991.56582
7975.141621,2642.85419,990.98353
7975.751604,2642.67403,990.40076
7976.362101,2642.49371,989.8175
7976.973115,2642.31323,989.23375
7977.584637,2642.13258,988.64952
7978.196645,2641.95177,988.06483
7978.809134,2641.77079,987.47969
7979.422091,2641.58965,986.89411
7980.035521,2641.40833,986.30809
7980.649431,2641.22684,985.72162
7981.263814,2641.04517,985.13471
7981.878662,2640.86332,984.54737
7982.49398,2640.6813,983.95959
7983.109779,2640.49911,983.37136
7983.726071,2640.31677,982.78266
7984.342884,2640.13425,982.19347
7984.9602,2639.95158,981.6038
7985.578009,2639.76876,981.01366
7986.196264,2639.58579,980.4231
7986.814968,2639.40269,979.83211
7987.434115,2639.21945,979.2407
7988.05371,2639.03605,978.64887
7988.673783,2638.85249,978.05659
7989.294326,2638.66876,977.46387
7989.915349,2638.48486,976.8707
7990.536836,2638.30078,976.2771
7991.1588,2638.11651,975.68306
7991.781253,2637.93204,975.08857
7992.404173,2637.74738,974.49365
7993.027566,2637.56254,973.89829
7993.651411,2637.37753,973.30251
7994.275688,2637.19235,972.70633
7994.900424,2637.00701,972.10972
7995.525605,2636.82152,971.51269
7996.151247,2636.63586,970.91523
7996.777332,2636.45006,970.31735
7997.403865,2636.2641,969.71905
7998.030832,2636.078,969.12034
7998.658244,2635.89175,968.52121
7999.286098,2635.70536,967.92166
7999.914405,2635.51883,967.32168
8000.543161,2635.33217,966.72127
8001.172351,2635.1454,966.12044
8001.80199,2634.9585,965.51918
8002.432072,2634.77149,964.91749
8003.0626,2634.58436,964.31537
8003.693591,2634.39712,963.7128
8004.32506,2634.20975,963.10977
8004.956991,2634.02227,962.50629
8005.589365,2633.83468,961.90238
8006.22218,2633.64699,961.29804
8006.855419,2633.45919,960.69329
8007.488848,2633.27136,960.08835
8008.121993,2633.08362,959.48368
8008.754891,2632.89597,958.87924
8009.387701,2632.70836,958.27488
8010.020401,2632.5208,957.67062
8010.652952,2632.33329,957.0665
8011.285589,2632.14578,956.46229
8011.918435,2631.95821,955.85788
8012.551572,2631.77056,955.25319
8013.184994,2631.58285,954.64822
8013.818679,2631.39509,954.04299
8014.452672,2631.20726,953.43746
8015.087073,2631.01931,952.83154
8015.721895,2630.83126,952.22521
8016.35711,2630.64314,951.61849
8016.992727,2630.45492,951.01138
8017.628737,2630.2666,950.40389
8018.265142,2630.07817,949.79602
8018.901953,2629.88966,949.18775
8019.539179,2629.70104,948.57908
8020.176833,2629.51233,947.96999
8020.814927,2629.32352,947.36047
8021.453483,2629.1346,946.7505
8022.092467,2628.94559,946.14011
8022.731898,2628.75649,945.52928
8023.371754,2628.56731,944.91803
8024.012016,2628.37805,944.30638
8024.652686,2628.1887,943.69433
8025.293782,2627.99927,943.08186
8025.935289,2627.80974,942.46899
8026.577202,2627.62013,941.85572
8027.219539,2627.43041,941.24204
8027.862297,2627.24059,940.62795
8028.505473,2627.05065,940.01346
8029.149056,2626.86059,939.39858
8029.793033,2626.67043,938.78332
8030.437398,2626.48015,938.16769
8031.082162,2626.28975,937.55168
8031.727325,2626.09923,936.93529
8032.372872,2625.90857,936.31854
8033.018818,2625.71779,935.70141
8033.665157,2625.52688,935.08391
8034.311873,2625.33582,934.46606
8034.958982,2625.14463,933.84784
8035.60646,2624.95332,933.22927
8036.25434,2624.76188,932.61032
8036.902594,2624.57034,931.99101
8037.551233,2624.37869,931.37133
8038.200271,2624.18692,930.75127
8038.849695,2623.99504,930.13084
8039.49951,2623.80303,929.51004
8040.149728,2623.61089,928.88886
8040.800318,2623.41862,928.26733
8041.451309,2623.22622,927.64542
8042.102673,2623.03369,927.02316
8042.754438,2622.841,926.40053
8043.406566,2622.64818,925.77756
8044.059054,2622.45521,925.15426
8044.711879,2622.2621,924.53065
8045.365045,2622.06884,923.90673
8046.018555,2621.87542,923.2825
8046.672451,2621.68182,922.65792
8047.326755,2621.48804,922.03297
8047.98148,2621.29403,921.40765
8048.636611,2621.09981,920.78197
8049.292158,2620.90538,920.15592
8049.948089,2620.71075,919.52953
8050.604416,2620.51591,918.90279
8051.261128,2620.32087,918.27571
8051.918204,2620.12563,917.64831
8052.575652,2619.9302,917.02058
8053.233463,2619.73461,916.39252
8053.891646,2619.53886,915.76412
8054.55021,2619.34295,915.13537
8055.209148,2619.14691,914.50627
8055.868467,2618.95071,913.87682
8056.528156,2618.75439,913.24702
8057.188224,2618.55795,912.61686
8057.848662,2618.36139,911.98635
8058.509468,2618.16472,911.35549
8059.170627,2617.96795,910.72429
8059.832157,2617.77109,910.09273
8060.494051,2617.57413,909.46082
8061.156334,2617.37708,908.82853
8061.819001,2617.17993,908.19587
8062.48205,2616.98268,907.56284
8063.145483,2616.78533,906.92944
8063.809292,2616.5879,906.29567
8064.473485,2616.39037,905.66153
8065.138045,2616.19276,905.02703
8065.802988,2615.99505,904.39216
8066.468285,2615.79727,903.75694
8067.133954,2615.5994,903.12136
8067.799993,2615.40144,902.48542
8068.466405,2615.20338,901.84912
8069.133191,2615.00522,901.21246
8069.800347,2614.80694,900.57545
8070.467888,2614.60855,899.93807
8071.135787,2614.41005,899.30035
8071.804056,2614.21143,898.66228
8072.472707,2614.01268,898.02385
8073.141706,2613.81382,897.38509
8073.811066,2613.61484,896.74599
8074.48077,2613.41576,896.10656
8075.150812,2613.21657,895.46681
8075.82119,2613.01728,894.82674
8076.491934,2612.81788,894.18632
8077.163055,2612.61837,893.54554
8077.834549,2612.41876,892.9044
8078.506427,2612.21905,892.26289
8079.178687,2612.01924,891.62101
8079.851308,2611.81934,890.97878
8080.524293,2611.61934,890.3362
8081.19764,2611.41925,889.69327
8081.871347,2611.21907,889.04999
8082.545405,2611.0188,888.40637
8083.219824,2610.81844,887.7624
8083.894611,2610.61797,887.11808
8084.569764,2610.41739,886.47341
8085.245284,2610.2167,885.82839
8085.921142,2610.0159,885.18305
8086.597355,2609.815,884.53737
8087.273925,2609.61399,883.89135
8087.950839,2609.41288,883.245
8088.628125,2609.21168,882.59829
8089.305749,2609.0104,881.95125
8089.983724,2608.80903,881.30387
8090.662035,2608.60759,880.65616
8091.340686,2608.40607,880.00812
8092.019713,2608.20447,879.35971
8092.699111,2608.00278,878.71094
8093.378867,2607.80101,878.06182
8094.058996,2607.59914,877.41234
8094.739479,2607.39717,876.76252
8095.420292,2607.19509,876.11239
8096.101439,2606.99288,875.46195
8096.782942,2606.79053,874.81118
8097.464786,2606.58803,874.1601
8098.147003,2606.38537,873.50868
8098.829572,2606.18255,872.85694
8099.512507,2605.97956,872.20487
8100.195805,2605.77641,871.55247
8100.879437,2605.57313,870.89976
8101.563413,2605.36972,870.24673
8102.247709,2605.1662,869.5934
8102.932311,2604.96258,868.93978
8103.617214,2604.75888,868.28587
8104.30244,2604.55509,867.63165
8104.988001,2604.3512,866.97711
8105.673948,2604.1472,866.3222
8106.360293,2603.94308,865.66691
8107.047034,2603.73885,865.01124
8107.734135,2603.5345,864.35523
8108.421596,2603.33003,863.69888
8109.109381,2603.12547,863.04222
8109.797504,2602.92083,862.38523
8110.485959,2602.7161,861.72792
8111.174747,2602.51128,861.07029
8111.86388,2602.30639,860.41232
8112.553355,2602.10141,859.75402
8113.243172,2601.89637,859.09538
8113.933341,2601.69124,858.4364
8114.623833,2601.48605,857.7771
8115.314668,2601.2808,857.11746
8116.005816,2601.07549,856.45751
8116.697279,2600.87012,855.79725
8117.389068,2600.66471,855.13666
8118.081178,2600.45928,854.47574
8118.773625,2600.25381,853.81448
8119.466425,2600.04831,853.15286
8120.15958,2599.84277,852.49088
8120.853098,2599.6372,851.82853
8121.546987,2599.4316,851.1658
8122.241226,2599.22598,850.50271
8122.935793,2599.02035,849.83928
8123.630709,2598.8147,849.17549
8124.325951,2598.60905,848.51136
8125.021529,2598.40339,847.84688
8125.717448,2598.19771,847.18205
8126.413705,2597.99202,846.51687
8127.110279,2597.78632,845.85136
8127.807191,2597.58061,845.1855
8128.504443,2597.37488,844.51929
8129.202017,2597.16916,843.85274
8129.899926,2596.96344,843.18584
8130.598156,2596.7577,842.51861
8131.296698,2596.55197,841.85105
8131.995565,2596.34624,841.18315
8132.69476,2596.1405,840.51491
8133.394289,2595.93476,839.84632
8134.094147,2595.72901,839.17739
8134.794342,2595.52325,838.50811
8135.494871,2595.31749,837.83848
8136.195751,2595.11171,837.16849
8136.896952,2594.90594,836.49816
8137.598504,2594.70015,835.82747
8138.300358,2594.49437,835.15646
8139.002538,2594.28859,834.48511
8139.705046,2594.0828,833.81342
8140.407884,2593.87699,833.14139
8141.111057,2593.67115,832.46902
8141.814566,2593.46527,831.79631
8142.518383,2593.25935,831.12329
8143.22253,2593.05335,830.44995
8143.926997,2592.84727,829.7763
8144.631783,2592.64111,829.10234
8145.336876,2592.43485,828.42809
8146.042289,2592.22851,827.75353
8146.748009,2592.02207,827.07868
8147.454032,2591.81554,826.40354
8148.160371,2591.60891,825.7281
8148.867017,2591.40218,825.05237
8149.573988,2591.19532,824.37634
8150.281268,2590.98835,823.70002
8150.988886,2590.78124,823.02339
8151.696816,2590.57401,822.34647
8152.405067,2590.36663,821.66926
8153.113633,2590.15909,820.99177
8153.822517,2589.95141,820.31399
8154.531719,2589.74356,819.63593
8155.241257,2589.53554,818.95757
8155.951116,2589.32734,818.27893
8156.661302,2589.11897,817.6
8157.371802,2588.91044,816.92079
8158.08263,2588.70174,816.24129
8158.793772,2588.49288,815.56151
8159.505216,2588.28387,814.88146
8160.21697,2588.07472,814.20113
8160.929025,2587.86542,813.52053
8161.641396,2587.65599,812.83964
8162.354082,2587.44643,812.15846
8163.067087,2587.23676,811.47698
8163.780405,2587.02697,810.79521
8164.49402,2586.81708,810.11316
8165.207954,2586.60708,809.43081
8165.922182,2586.39699,808.74818
8166.636735,2586.1868,808.06524
8167.35158,2585.97653,807.38202
8168.066739,2585.7662,806.69849
8168.782195,2585.5558,806.01467
8169.497959,2585.34533,805.33055
8170.214008,2585.1348,804.64615
8170.930355,2584.9242,803.96146
8171.646984,2584.71355,803.27649
8172.363917,2584.50284,802.59122
8173.081158,2584.29206,801.90565
8173.798713,2584.08122,801.21977
8174.516604,2583.87031,800.53356
8175.234811,2583.65933,799.84704
8175.953333,2583.44829,799.16021
8176.672133,2583.23718,798.47311
8177.391223,2583.02603,797.78572
8178.110616,2582.81482,797.09803
8178.830289,2582.60357,796.41006
8179.550279,2582.39225,795.72178
8180.270564,2582.18087,795.03321
8180.991144,2581.96943,794.34435
8181.712031,2581.75792,793.65519
8182.433203,2581.54635,792.96575
8183.154682,2581.33471,792.27601
8183.876447,2581.12301,791.58599
8184.598513,2580.91123,790.89568
8185.320863,2580.69936,790.2051
8186.043504,2580.48741,789.51424
8186.766442,2580.27536,788.8231
8187.489668,2580.06321,788.13169
8188.21319,2579.85093,787.44001
8188.936999,2579.63855,786.74806
8189.661102,2579.42605,786.05584
8190.385492,2579.21342,785.36336
8191.110187,2579.00066,784.6706
8191.835165,2578.78775,783.97759
8192.560443,2578.5747,783.28431
8193.286006,2578.36149,782.59078
8194.011856,2578.14812,781.897
8194.737981,2577.93459,781.20298
8195.46439,2577.72088,780.50872
8196.191071,2577.50702,779.81422
8196.91803,2577.293,779.11948
8197.645277,2577.07881,778.42449
8198.372785,2576.86448,777.72927
8199.100589,2576.64999,777.03379
8199.828657,2576.43535,776.33808
8200.556998,2576.22056,775.64213
8201.285603,2576.00562,774.94595
8202.014473,2575.79053,774.24954
8202.7436,2575.57528,773.55291
8203.472993,2575.35987,772.85605
8204.20267,2575.14428,772.15895
8204.932634,2574.92849,771.46161
8205.662894,2574.71251,770.76402
8206.393451,2574.4963,770.06619
8207.124299,2574.27988,769.36812
8207.855435,2574.06323,768.66982
8208.586853,2573.84634,767.9713
8209.318561,2573.62921,767.27255
8210.050532,2573.41187,766.57359
8210.782772,2573.1943,765.87442
8211.515272,2572.97653,765.17504
8212.248039,2572.75857,764.47544
8212.981066,2572.54044,763.77562
8213.714363,2572.32214,763.07557
8214.447928,2572.10368,762.37529
8215.181744,2571.88508,761.67479
8215.915821,2571.66634,760.97406
8216.65016,2571.44746,760.2731
8217.384779,2571.22844,759.57189
8218.119666,2571.00929,758.87044
8218.854834,2570.79003,758.16873
8219.590282,2570.57063,757.46677
8220.325989,2570.35113,756.76457
8221.061975,2570.13153,756.06211
8221.798213,2569.91185,755.35941
8222.534727,2569.69211,754.65644
8223.271535,2569.47231,753.95318
8224.00862,2569.25248,753.24964
8224.745977,2569.03263,752.54582
8225.483587,2568.81277,751.84174
8226.221459,2568.59289,751.13739
8226.959596,2568.37302,750.43276
8227.697988,2568.15316,749.72786
8228.436654,2567.93331,749.02267
8229.175587,2567.71346,748.3172
8229.914774,2567.49362,747.61146
8230.65422,2567.27378,746.90545
8231.393901,2567.05395,746.19919
8232.133824,2566.83411,745.49268
8232.874011,2566.61425,744.7859
8233.614465,2566.39439,744.07884
8234.355187,2566.17453,743.3715
8235.096178,2565.95466,742.66388
8235.837438,2565.73479,741.95598
8236.578952,2565.51496,741.2478
8237.320729,2565.29515,740.53934
8238.062773,2565.07537,739.83059
8238.805048,2564.85565,739.12158
8239.547247,2564.63609,738.4126
8240.288978,2564.41682,737.70402
8241.030447,2564.19779,736.99564
8241.771721,2563.979,736.28739
8242.512753,2563.76048,735.57931
8243.253671,2563.54215,734.87129
8243.994599,2563.32395,734.16322
8244.735648,2563.10586,733.45499
8245.476874,2562.88785,732.74655
8246.218274,2562.66993,732.0379
8246.959885,2562.45207,731.32901
8247.701719,2562.23427,730.61987
8248.443798,2562.01651,729.91046
8249.186117,2561.79878,729.20079
8249.92867,2561.58107,728.49087
8250.671487,2561.36337,727.78067
8251.414572,2561.14567,727.07019
8252.157908,2560.92796,726.35945
8252.901509,2560.71023,725.64844
8253.645373,2560.49248,724.93716
8254.389501,2560.27471,724.22561
8255.13389,2560.0569,723.5138
8255.878561,2559.83904,722.80171
8256.623474,2559.62114,722.08938
8257.368649,2559.40319,721.37679
8258.114075,2559.18517,720.66396
8258.859754,2558.9671,719.95088
8259.605686,2558.74895,719.23756
8260.351894,2558.53071,718.52398
8261.098357,2558.31238,717.81016
8261.845078,2558.09395,717.0961
8262.592052,2557.87541,716.38181
8263.339272,2557.65678,715.66729
8264.086747,2557.43803,714.95254
8264.834459,2557.21919,714.23757
8265.582417,2557.00026,713.52237
8266.330615,2556.78123,712.80695
8267.079062,2556.5621,712.0913
8267.827749,2556.34287,711.37543
8268.576682,2556.12355,710.65933
8269.325857,2555.90412,709.94301
8270.075263,2555.68459,709.22648
8270.824904,2555.46494,708.50974
8271.574782,2555.24517,707.79279
8272.324898,2555.02527,707.07563
8273.07525,2554.80525,706.35826
8273.825847,2554.58508,705.64068
8274.576683,2554.36478,704.92289
8275.327758,2554.14435,704.20489
8276.079059,2553.9238,703.48669
8276.830599,2553.70312,702.76828
8277.582385,2553.48232,702.04965
8278.334404,2553.26141,701.33081
8279.086672,2553.0404,700.61174
8279.839154,2552.81931,699.89247
8280.591877,2552.59812,699.17298
8281.34483,2552.37686,698.45327
8282.098004,2552.15553,697.73335
8282.85141,2551.93413,697.01321
8283.605039,2551.71265,696.29286
8284.358896,2551.49108,695.5723
8285.112973,2551.26941,694.85154
8285.867287,2551.04765,694.13056
8286.62184,2550.82576,693.40937
8287.376623,2550.60377,692.68797
8288.131655,2550.38165,691.96635
8288.886925,2550.1594,691.24452
8289.642451,2549.93703,690.52246
8290.398213,2549.71454,689.80019
8291.154208,2549.49194,689.07771
8291.910436,2549.26923,688.35502
8292.666903,2549.04642,687.63211
8293.423598,2548.82352,686.90899
8294.180529,2548.60053,686.18565
8294.937682,2548.37747,685.4621
8295.695053,2548.15435,684.73834
8296.452655,2547.93116,684.01436
8297.210495,2547.70791,683.29015
8297.968569,2547.48461,682.56571
8298.726871,2547.26125,681.84105
8299.485407,2547.03784,681.11616
8300.244174,2546.81436,680.39105
8301.003182,2546.59081,679.66571
8301.762405,2546.36718,678.94017
8302.521864,2546.14346,678.21441
8303.281544,2545.91964,677.48845
8304.041444,2545.69572,676.76229
8304.801584,2545.4717,676.03591
8305.561953,2545.24755,675.30933
8306.322556,2545.02329,674.58254
8307.083388,2544.7989,673.85555
8307.844437,2544.57439,673.12837
8308.605703,2544.34976,672.401
8309.367186,2544.12501,671.67344
8310.128895,2543.90014,670.94568
8310.890821,2543.67515,670.21773
8311.652974,2543.45004,669.48958
8312.415348,2543.22483,668.76123
8313.177954,2542.99951,668.03267
8313.940763,2542.77412,667.30392
8314.703808,2542.54864,666.57495
8315.467072,2542.3231,665.84577
8316.230564,2542.0975,665.11637
8316.994259,2541.87186,664.38677
8317.758191,2541.64616,663.65694
8318.522364,2541.42042,662.92687
8319.286772,2541.19463,662.19657
8320.051433,2540.96879,661.46602
8320.816314,2540.74292,660.73525
8321.581419,2540.517,660.00426
8322.346743,2540.29102,659.27306
8323.1123,2540.06496,658.54164
8323.878081,2539.83879,657.81002
8324.644093,2539.61252,657.07819
8325.410324,2539.38612,656.34617
8326.176771,2539.15957,655.61397
8326.943435,2538.93287,654.88159
8327.710334,2538.70599,654.14902
8328.477445,2538.47894,653.41628
8329.244794,2538.2517,652.68335
8330.012355,2538.02429,651.95025
8330.780145,2537.79669,651.21697
8331.548148,2537.56892,650.48352
8332.316376,2537.34097,649.74989
8333.08482,2537.11287,649.01608
8333.853475,2536.88461,648.2821
8334.622352,2536.65621,647.54793
8335.39143,2536.42768,646.81359
8336.160728,2536.19902,646.07906
8336.930259,2535.97022,645.34433
8337.700013,2535.74128,644.60941
8338.470003,2535.51222,643.87428
8339.240225,2535.28302,643.13895
8340.010674,2535.0537,642.40342
8340.781338,2534.82427,641.6677
8341.552212,2534.59474,640.93179
8342.323323,2534.36509,640.19567
8343.094655,2534.13534,639.45935
8343.866194,2533.9055,638.72284
8344.637974,2533.67556,637.98611
8345.409964,2533.44552,637.24919
8346.182169,2533.21537,636.51208
8346.954607,2532.98511,635.77476
8347.727244,2532.75476,635.03726
8348.500094,2532.5243,634.29957
8349.273156,2532.29374,633.56169
8350.046407,2532.06309,632.82364
8350.819867,2531.83235,632.0854
8351.593534,2531.60152,631.34697
8352.367397,2531.37058,630.60837
8353.141493,2531.13953,629.86956
8353.915825,2530.90836,629.13054
8354.69039,2530.67708,628.39131
8355.465185,2530.44567,627.65188
8356.240219,2530.21413,626.91224
8357.01548,2529.98247,626.1724
8357.790961,2529.75068,625.43237
8358.566675,2529.51875,624.69214
8359.342593,2529.28668,623.95174
8360.11874,2529.05445,623.21115
8360.895104,2528.82207,622.47038
8361.671662,2528.58955,621.72945
8362.448421,2528.35687,620.98836
8363.225384,2528.12405,620.2471
8364.002561,2527.89109,619.50566
8364.779942,2527.65799,618.76405
8365.557546,2527.42475,618.02225
8366.335351,2527.19138,617.28028
8367.113371,2526.9579,616.53812
8367.891604,2526.72428,615.79578
8368.670063,2526.49051,615.05325
8369.448749,2526.25659,614.31053
8370.227658,2526.02253,613.56762
8371.006775,2525.78832,612.82454
8371.786126,2525.55393,612.08127
8372.565685,2525.31936,611.33784
8373.345456,2525.08459,610.59425
8374.125436,2524.8496,609.85051
8374.905635,2524.61439,609.10661
8375.686047,2524.37895,608.36256
8376.466674,2524.14327,607.61836
8377.247498,2523.90735,606.87403
8378.02854,2523.67121,606.12954
8378.809802,2523.43485,605.38489
8379.59128,2523.19828,604.64008
8380.372964,2522.96153,603.89511
8381.154859,2522.72459,603.14998
8381.936945,2522.48749,602.4047
8382.719251,2522.25023,601.65924
8383.501749,2522.01284,600.91362
8384.284442,2521.77531,600.16784
8385.067327,2521.53765,599.4219
8385.850423,2521.29986,598.67578
8386.633733,2521.06193,597.92948
8387.417272,2520.82384,597.18299
8388.201048,2520.5856,596.4363
8388.98504,2520.34718,595.68944
8389.769249,2520.10858,594.94241
8390.553675,2519.86977,594.19522
8391.33831,2519.63074,593.44788
8392.123152,2519.39147,592.7004
8392.908218,2519.15193,591.95277
8393.693495,2518.91211,591.20501
8394.47898,2518.67198,590.45713
8395.264668,2518.43153,589.70914
8396.05057,2518.19072,588.96104
8396.836666,2517.94956,588.21285
8397.622973,2517.70802,587.46456
8398.409467,2517.46609,586.7162
8399.196148,2517.22377,585.96777
8399.983034,2516.98103,585.21926
8400.77011,2516.73786,584.47069
8401.557408,2516.49422,583.72204
8402.344914,2516.25009,582.97333
8403.132632,2516.00543,582.22457
8403.92056,2515.76022,581.47577
8404.708702,2515.51441,580.72694
8405.497064,2515.26793,579.9781
8406.285632,2515.02076,579.22927
8407.074413,2514.77285,578.48046
8407.863402,2514.52416,577.73169
8408.652592,2514.27465,576.98298
8409.441989,2514.02428,576.23434
8410.231589,2513.77306,575.48577
8411.021391,2513.52097,574.73728
8411.811407,2513.268,573.98886
8412.601608,2513.01416,573.24054
8413.39202,2512.75946,572.49229
8414.182611,2512.50391,571.74414
8414.973411,2512.24751,570.99606
8415.764414,2511.99025,570.24806
8416.555619,2511.73214,569.50014
8417.347033,2511.47316,568.7523
8418.138637,2511.21331,568.00456
8418.930442,2510.95256,567.25692
8419.722442,2510.69088,566.5094
8420.514651,2510.42825,565.76199
8421.307058,2510.16463,565.01472
8422.099678,2509.9,564.26758
8422.892486,2509.63433,563.52061
8423.685497,2509.36758,562.77381
8424.478711,2509.09975,562.02718
8425.272115,2508.83086,561.28073
8426.065727,2508.56094,560.53443
8426.859543,2508.29001,559.78828
8427.65354,2508.01811,559.04229
8428.447721,2507.74526,558.29645
8429.242075,2507.4715,557.55076
8430.036608,2507.19684,556.80521
8430.831311,2506.92123,556.05983
8431.626213,2506.64464,555.3146
8432.421315,2506.36702,554.56954
8433.216642,2506.08833,553.82464
8434.012181,2505.8085,553.07994
8434.807942,2505.52751,552.33544
8435.603893,2505.24535,551.59118
8436.400046,2504.96204,550.84714
8437.196382,2504.67764,550.10332
8437.992917,2504.39219,549.35969
8438.789629,2504.10575,548.61625
8439.586544,2503.81836,547.87296
8440.383648,2503.53011,547.1298
8441.180931,2503.24103,546.38677
8441.97841,2502.95113,545.64385
8442.776053,2502.66047,544.90105
8443.573903,2502.36904,544.15833
8444.371951,2502.07684,543.4157
8445.170221,2501.78383,542.67315
8445.968709,2501.49,541.93069
8446.767391,2501.19534,541.18835
8447.566298,2500.89982,540.44611
8448.365401,2500.60347,539.70399
8449.164712,2500.30626,538.96199
8449.96423,2500.00822,538.2201
8450.763933,2499.70941,537.47832
8451.56384,2499.40983,536.73663
8452.36392,2499.10952,535.99505
8453.164199,2498.80848,535.25355
8453.964652,2498.50676,534.51214
8454.765306,2498.20438,533.77078
8455.566155,2497.90134,533.02948
8456.367199,2497.59764,532.28824
8457.168445,2497.29326,531.54706
8457.96987,2496.98819,530.80597
8458.771491,2496.68241,530.06496
8459.573325,2496.37588,529.32403
8460.375377,2496.06854,528.5832
8461.177631,2495.76036,527.8425
8461.980103,2495.4513,527.10193
8462.782769,2495.14138,526.36151
8463.585625,2494.83061,525.62124
8464.388692,2494.51901,524.88109
8465.191948,2494.20664,524.14106
8465.99541,2493.89355,523.40111
8466.799049,2493.57984,522.66123
8467.602869,2493.26555,521.9214
8468.406852,2492.95075,521.18161
8469.210956,2492.6355,520.44188
8470.015164,2492.31982,519.70222
8470.819431,2492.00371,518.96268
8471.623784,2491.6871,518.22326
8472.428205,2491.36992,517.48401
8473.232837,2491.05195,516.74487
8474.037743,2490.73301,516.00585
8474.84296,2490.41287,515.26701
8475.648457,2490.09129,514.52849
8476.454188,2489.76805,513.79044
8477.260074,2489.44308,513.05298
8478.066134,2489.1163,512.31613
8478.872362,2488.78767,511.57992
8479.678783,2488.45716,510.84434
8480.485372,2488.12482,510.1094
8481.292134,2487.79074,509.37506
8482.099045,2487.45505,508.64129
8482.906125,2487.11791,507.908
8483.713386,2486.77949,507.1751
8484.520821,2486.4399,506.44255
8485.328422,2486.09927,505.7103
8486.136193,2485.75772,504.97829
8486.944122,2485.41535,504.24649
8487.752224,2485.07223,503.51485
8488.560522,2484.72835,502.78335
8489.369003,2484.38372,502.052
8490.177669,2484.03832,501.32081
8490.986545,2483.69211,500.58977
8491.795632,2483.34505,499.8589
8492.60492,2482.99706,499.12825
8493.414427,2482.64812,498.39781
8494.224118,2482.29823,497.66762
8495.034005,2481.94741,496.93766
8495.844092,2481.59567,496.20792
8496.654373,2481.24307,495.47838
8497.464832,2480.88965,494.74904
8498.275482,2480.53546,494.01986
8499.08633,2480.18055,493.29081
8499.897373,2479.82497,492.56187
8500.708607,2479.46875,491.83303
8501.52001,2479.11194,491.10429
8502.331602,2478.75456,490.37562
8503.143386,2478.39662,489.64701
8503.955346,2478.03814,488.91847
8504.767485,2477.67911,488.19
8505.579815,2477.31953,487.46159
8506.392338,2476.95937,486.73325
8507.205056,2476.59863,486.00498
8508.01796,2476.23729,485.2768
8508.831037,2475.87536,484.54872
8509.644296,2475.51282,483.82074
8510.457737,2475.14969,483.09285
8511.271349,2474.78596,482.36507
8512.085139,2474.42163,481.63739
8512.899099,2474.05672,480.90981
8513.71324,2473.69123,480.18232
8514.527569,2473.32518,479.4549
8515.342084,2472.9586,478.72754
8516.156761,2472.5915,478.00026
8516.971614,2472.22389,477.27304
8517.78663,2471.8558,476.54588
8518.601824,2471.48724,475.81876
8519.417171,2471.11822,475.0917
8520.232705,2470.74873,474.36467
8521.048399,2470.37877,473.6377
8521.864275,2470.00831,472.91078
8522.680329,2469.63732,472.18393
8523.496571,2469.26578,471.45715
8524.312988,2468.89368,470.73046
8525.129585,2468.52101,470.00386
8525.946362,2468.14775,469.27736
8526.763325,2467.77391,468.55095
8527.580464,2467.39951,467.82463
8528.397775,2467.02458,467.09839
8529.215266,2466.64916,466.3722
8530.032938,2466.27327,465.64605
8530.850789,2465.89697,464.91991
8531.668797,2465.52031,464.19378
8532.486975,2465.14332,463.46763
8533.305327,2464.76603,462.74144
8534.123839,2464.38849,462.0152
8534.942523,2464.01071,461.28889
8535.76137,2463.63273,460.5625
8536.58039,2463.25455,459.83602
8537.399591,2462.87619,459.10943
8538.218949,2462.49766,458.38275
8539.038498,2462.11895,457.65595
8539.858204,2461.74009,456.92905
8540.678064,2461.36107,456.20206
8541.498087,2460.98187,455.47498
8542.318274,2460.60249,454.74781
8543.138623,2460.22291,454.02056
8543.95915,2459.8431,453.29323
8544.779846,2459.46304,452.56584
8545.600734,2459.0827,451.83838
8546.421773,2458.70209,451.11089
8547.242992,2458.32117,450.38336
8548.064376,2457.93995,449.6558
8548.885936,2457.55841,448.92821
8549.707652,2457.17657,448.2006
8550.529517,2456.79441,447.47299
8551.351545,2456.41192,446.74537
8552.173735,2456.0291,446.01774
8552.996092,2455.64594,445.2901
8553.818613,2455.26243,444.56246
8554.641301,2454.87856,443.83482
8555.464145,2454.4943,443.10721
8556.287158,2454.10964,442.37962
8557.110354,2453.72457,441.65204
8557.933725,2453.33907,440.92449
8558.757266,2452.95313,440.19698
8559.580979,2452.56675,439.46951
8560.404853,2452.17995,438.74208
8561.228885,2451.79272,438.0147
8562.053083,2451.40508,437.28735
8562.877426,2451.01702,436.56006
8563.701922,2450.62856,435.83281
8564.526559,2450.23969,435.10562
8565.35134,2449.8504,434.37849
8566.176281,2449.46068,433.65141
8567.001395,2449.07048,432.92439
8567.82668,2448.67979,432.19744
8568.652133,2448.28856,431.47059
8569.477767,2447.89676,430.74384
8570.303564,2447.50436,430.01723
8571.129537,2447.11133,429.29076
8571.955674,2446.71766,428.56445
8572.781997,2446.32336,427.83827
8573.608475,2445.92846,427.11224
8574.43512,2445.53297,426.38634
8575.26192,2445.13692,425.66057
8576.088868,2444.74036,424.93491
8576.915984,2444.34332,424.20932
8577.743264,2443.94583,423.48379
8578.57068,2443.54793,422.75833
8579.398221,2443.14966,422.03293
8580.225891,2442.75103,421.30758
8581.0537,2442.35204,420.58227
8581.881661,2441.95268,419.85699
8582.709775,2441.55293,419.13175
8583.538049,2441.15276,418.40656
8584.366487,2440.75214,417.68143
8585.195087,2440.35104,416.95638
8586.023861,2439.94942,416.23142
8586.852809,2439.54726,415.50656
8587.68191,2439.14455,414.78183
8588.511187,2438.74128,414.05721
8589.340605,2438.33747,413.33273
8590.17018,2437.93314,412.60836
8590.99992,2437.52831,411.88408
8591.829816,2437.123,411.15989
8592.659875,2436.71725,410.43576
8593.490068,2436.3111,409.7117
8594.320412,2435.90457,408.98768
8595.150906,2435.4977,408.26368
8595.981539,2435.09051,407.5397
8596.812322,2434.68303,406.81571
8597.643261,2434.27527,406.0917
8598.474344,2433.86725,405.36767
8599.305585,2433.45898,404.6436
8600.136965,2433.05048,403.9195
8600.968506,2432.64176,403.19534
8601.800207,2432.23282,402.47112
8602.632067,2431.82368,401.74683
8603.464074,2431.41433,401.02249
8604.296232,2431.00478,400.29809
8605.128532,2430.59503,399.57364
8605.960996,2430.18507,398.84912
8606.793597,2429.77492,398.12455
8607.626349,2429.36457,397.39992
8608.459237,2428.95405,396.67523
8609.292256,2428.54337,395.95048
8610.125436,2428.13254,395.22563
8610.958767,2427.72158,394.50068
8611.792248,2427.31051,393.77562
8612.62589,2426.89936,393.05042
8613.459674,2426.48817,392.32508
8614.29359,2426.07694,391.59961
8615.127646,2425.66571,390.87398
8615.961846,2425.25447,390.14819
8616.796184,2424.84325,389.42223
8617.630665,2424.43204,388.6961
8618.465283,2424.02087,387.96979
8619.300051,2423.60973,387.24329
8620.134965,2423.19863,386.5166
8620.970038,2422.78758,385.7897
8621.805259,2422.37658,385.0626
8622.640622,2421.96563,384.33531
8623.476125,2421.55473,383.60783
8624.311775,2421.14387,382.88016
8625.147566,2420.73304,382.15231
8625.983495,2420.32223,381.42429
8626.819578,2419.91141,380.6961
8627.655797,2419.50056,379.96777
8628.492154,2419.08966,379.23931
8629.328658,2418.67869,378.51072
8630.165293,2418.26765,377.78202
8631.002067,2417.85652,377.05321
8631.838991,2417.4453,376.32428
8632.67605,2417.03398,375.59525
8633.513254,2416.62258,374.8661
8634.350584,2416.2111,374.13685
8635.188058,2415.79954,373.40748
8636.025674,2415.38792,372.67798
8636.863424,2414.97624,371.94836
8637.701316,2414.56452,371.2186
8638.539335,2414.15279,370.4887
8639.377493,2413.74106,369.75864
8640.215786,2413.32934,369.02842
8641.054212,2412.91765,368.29803
8641.89277,2412.50601,367.56746
8642.731451,2412.09444,366.83671
8643.570273,2411.68292,366.10577
8644.409204,2411.27148,365.37466
8645.248279,2410.8601,364.64335
8646.087476,2410.44881,363.91185
8646.926817,2410.0376,363.18014
8647.766298,2409.62646,362.44823
8648.6059,2409.21543,361.71612
8649.445632,2408.80449,360.98381
8650.285484,2408.39366,360.2513
8651.125481,2407.98291,359.51858
8651.965599,2407.57225,358.78567
8652.80584,2407.16166,358.05258
8653.646205,2406.75112,357.31932
8654.486695,2406.34061,356.5859
8655.32731,2405.93013,355.85232
8656.168064,2405.51965,355.11858
8657.008959,2405.10917,354.38468
8657.849967,2404.69867,353.65066
8658.691094,2404.28816,352.91651
8659.532322,2403.87764,352.18225
8660.373677,2403.46711,351.44785
8661.215156,2403.05656,350.71332
8662.056788,2402.64598,349.97863
8662.898552,2402.2354,349.24379
8663.740437,2401.82482,348.50881
8664.582446,2401.41422,347.7737
8665.424574,2401.00361,347.03846
8666.266828,2400.59299,346.30308
8667.109211,2400.18234,345.56757
8667.951714,2399.77164,344.83195
8668.794341,2399.3609,344.09621
8669.637093,2398.9501,343.36036
8670.479971,2398.53924,342.6244
8671.322975,2398.1283,341.88834
8672.166107,2397.71726,341.15219
8673.009352,2397.30613,340.41596
8673.852715,2396.89492,339.67964
8674.696186,2396.48363,338.94324
8675.539781,2396.07225,338.20675
8676.3835,2395.66081,337.47015
8677.227342,2395.24928,336.73346
8678.071296,2394.83768,335.99668
8678.915369,2394.426,335.25981
8679.759576,2394.01424,334.52283
8680.603909,2393.6024,333.78575
8681.448379,2393.19046,333.04857
8682.292971,2392.77843,332.3113
8683.137686,2392.36631,331.57394
8683.982527,2391.95409,330.83649
8684.827478,2391.54179,330.09896
8685.672565,2391.12939,329.36133
8686.517766,2390.7169,328.62362
8687.363084,2390.30433,327.88582
8688.208516,2389.89167,327.14794
8689.054065,2389.47893,326.40997
8689.899741,2389.06611,325.6719
8690.745543,2388.65321,324.93373
8691.591468,2388.24022,324.19547
8692.43751,2387.82715,323.45712
8693.28367,2387.414,322.71868
8694.129958,2387.00075,321.98015
8694.976362,2386.58742,321.24153
8695.822895,2386.17399,320.50282
8696.669544,2385.76048,319.76402
8697.516313,2385.34687,319.02514
8698.363194,2384.93319,318.28617
8699.210193,2384.51943,317.54711
8700.057323,2384.10558,316.80795
8700.904557,2383.69166,316.06871
8701.751904,2383.27767,315.32938
8702.599355,2382.86361,314.58997
8703.446918,2382.44948,313.85047
8704.294599,2382.03527,313.11088
8705.142402,2381.62099,312.37119
8705.990327,2381.20662,311.63141
8706.838076,2380.79229,310.89181
8707.685329,2380.37817,310.15266
8708.532222,2379.96418,309.41385
8709.378765,2379.5503,308.67538
8710.225056,2379.13647,307.93717
8711.071262,2378.7226,307.19908
8711.917331,2378.30869,306.46117
8712.763277,2377.89473,305.72343
8713.60917,2377.48068,304.9858
8714.455088,2377.06649,304.24822
8715.301058,2376.65214,303.51067
8716.147069,2376.23762,302.77317
8716.993177,2375.8229,302.03567
8717.839396,2375.40797,301.29816
8718.685719,2374.99283,300.56065
8719.53215,2374.57747,299.82314
8720.378706,2374.16189,299.08561
8721.225374,2373.7461,298.34807
8722.072154,2373.3301,297.61052
8722.919059,2372.91388,296.87295
8723.766076,2372.49745,296.13537
8724.613209,2372.08082,295.39777
8725.460485,2371.66397,294.66013
8726.307882,2371.24691,293.92247
8727.155417,2370.82964,293.18477
8728.00309,2370.41216,292.44703
8728.850897,2369.99448,291.70925
8729.698842,2369.57659,290.97143
8730.546915,2369.15851,290.23357
8731.395122,2368.74023,289.49567
8732.243447,2368.32178,288.75773
8733.091908,2367.90316,288.01973
8733.940501,2367.48438,287.28167
8734.789215,2367.06546,286.54355
8735.638057,2366.64642,285.80535
8736.487033,2366.22725,285.06707
8737.336133,2365.80799,284.3287
8738.185354,2365.38864,283.59024
8739.034711,2364.96921,282.85167
8739.884212,2364.5497,282.11298
8740.733847,2364.13013,281.37417
8741.583612,2363.71049,280.63525
8742.433487,2363.29082,279.89622
8743.2835,2362.8711,279.15706
8744.133633,2362.45135,278.41778
8744.983884,2362.03157,277.67838
8745.834256,2361.61174,276.93887
8746.684743,2361.19187,276.19925
8747.535359,2360.77195,275.45951
8748.386096,2360.35198,274.71966
8749.236963,2359.93194,273.9797
8750.087938,2359.51184,273.23965
8750.939048,2359.09166,272.49949
8751.790257,2358.67142,271.75925
8752.641597,2358.25109,271.01891
8753.493051,2357.83069,270.27848
8754.344618,2357.4102,269.53797
8755.196293,2356.98965,268.79737
8756.04808,2356.56905,268.05667
8756.899987,2356.1484,267.31586
8757.752001,2355.72771,266.57495
8758.604134,2355.30699,265.83392
8759.456373,2354.88625,265.09278
8760.308729,2354.4655,264.35151
8761.161199,2354.04475,263.61011
8762.013785,2353.62401,262.86857
8762.86648,2353.20328,262.1269
8763.719278,2352.78257,261.3851
8764.572186,2352.3619,260.64315
8765.425202,2351.94126,259.90106
8766.278328,2351.52066,259.15882
8767.131561,2351.10011,258.41643
8767.984907,2350.67961,257.67388
8768.83836,2350.25916,256.93118
8769.691926,2349.83878,256.18831
8770.545589,2349.41847,255.44529
8771.399342,2348.99824,254.70212
8772.253199,2348.5781,253.95878
8773.107134,2348.15805,253.2153
8773.961097,2347.73812,252.47172
8774.815038,2347.31834,251.72808
8775.668944,2346.89872,250.98439
8776.522712,2346.47931,250.24074
8777.376181,2346.06019,249.49727
8778.229283,2345.64141,248.75403
8779.08196,2345.22298,248.01108
8779.933916,2344.80506,247.26867
8780.785121,2344.38766,246.52683
8781.63548,2343.97083,245.78564
8782.484846,2343.55462,245.04524
8783.333223,2343.13904,244.30562
8784.180676,2342.72405,243.56673
8785.027127,2342.30968,242.82864
8785.872483,2341.89596,242.09144
8786.716621,2341.48295,241.35524
8787.55957,2341.07062,240.62002
8788.401293,2340.65898,239.88582
8789.241735,2340.24805,239.15269
8790.080862,2339.83783,238.42067
8790.918696,2339.42831,237.68974
8791.755197,2339.0195,236.95994
8792.590347,2338.6114,236.23129
8793.424126,2338.204,235.50382
8794.256537,2337.79731,234.77752
8795.087569,2337.3913,234.05242
8795.917186,2336.98599,233.32855
8796.745393,2336.58137,232.60591
8797.572162,2336.17744,231.88453
8798.397513,2335.7742,231.16439
8799.221414,2335.37166,230.44552
8800.043892,2334.9698,229.7279
8800.864924,2334.56865,229.01154
8801.684514,2334.1682,228.29644
8802.502667,2333.76846,227.58259
8803.319368,2333.36944,226.87
8804.13465,2332.97113,226.15864
8804.948474,2332.57357,225.44853
8805.760855,2332.17675,224.73966
8806.571783,2331.78069,224.03203
8807.381172,2331.38544,223.32571
8808.188739,2330.99115,222.62094
8808.994746,2330.59768,221.9175
8809.799423,2330.20493,221.21518
8810.602866,2329.81285,220.5139
8811.404935,2329.42151,219.81378
8812.205398,2329.03103,219.11502
8813.004267,2328.6414,218.41761
8813.801682,2328.25255,217.72143
8814.597651,2327.8645,217.02646
8815.392116,2327.47726,216.33276
8816.185036,2327.09086,215.64036
8816.976457,2326.70528,214.94922
8817.76641,2326.32049,214.25932
8818.554885,2325.93651,213.57066
8819.341871,2325.55331,212.88327
8820.127372,2325.1709,212.19714
8820.911389,2324.78926,211.51228
8821.693944,2324.40838,210.82867
8822.475034,2324.02823,210.14633
8823.254659,2323.64881,209.46526
8824.032825,2323.27011,208.78546
8824.809549,2322.89211,208.10692
8825.584823,2322.51481,207.42965
8826.358652,2322.1382,206.75365
8827.131059,2321.76225,206.07891
8827.902048,2321.38697,205.40542
8828.671646,2321.01234,204.73316
8829.439862,2320.63836,204.06212
8830.206733,2320.26499,203.39228
8830.972271,2319.89224,202.72362
8831.736503,2319.52011,202.05611
8832.499443,2319.14857,201.38975
8833.261094,2318.77765,200.72452
8834.021458,2318.40733,200.06043
8834.780554,2318.03762,199.39745
8835.538381,2317.66851,198.73559
8836.294963,2317.3,198.07482
8837.050279,2316.9321,197.41516
8837.80435,2316.5648,196.75659
8838.557177,2316.1981,196.09911
8839.30876,2315.832,195.44272
8840.059094,2315.46651,194.78742
8840.808197,2315.10163,194.13319
8841.556045,2314.73737,193.48005
8842.302653,2314.37372,192.82799
8843.048006,2314.01071,192.17701
8843.792122,2313.64834,191.52709
8844.53499,2313.28663,190.87823
8845.276625,2312.92557,190.23042
8846.01702,2312.56519,189.58365
8846.75619,2312.20548,188.93791
8847.494128,2311.84645,188.2932
8848.230768,2311.48815,187.64957
8848.96607,2311.13059,187.00706
8849.700149,2310.77371,186.36557
8850.433079,2310.41747,185.72504
8851.16481,2310.06188,185.08552
8851.895359,2309.70694,184.44699
8852.624743,2309.35262,183.80945
8853.352923,2308.99894,183.17293
8854.079835,2308.64593,182.53749
8854.805454,2308.2936,181.90315
8855.529818,2307.94193,181.26988
8856.252934,2307.59092,180.63767
8856.974805,2307.24055,180.00653
8857.695406,2306.89085,179.37647
8858.414733,2306.54181,178.7475
8859.132792,2306.19342,178.11962
8859.849601,2305.84568,177.49281
8860.565131,2305.49859,176.8671
8861.279407,2305.15214,176.24247
8861.992411,2304.80633,175.61894
8862.70416,2304.46116,174.99649
8863.414651,2304.1166,174.37514
8864.123878,2303.77268,173.75488
8864.831847,2303.42939,173.13571
8865.538561,2303.08672,172.51763
8866.244026,2302.74468,171.90063
8866.948241,2302.40327,171.28471
8867.651192,2302.0625,170.66988
8868.35287,2301.72237,170.05615
8869.053282,2301.38287,169.44352
8869.752438,2301.04401,168.83197
8870.450308,2300.7058,168.22153
8871.14692,2300.36822,167.61218
8871.842255,2300.03127,167.00394
8872.53634,2299.69495,166.39678
8873.229162,2299.35927,165.79071
8873.920761,2299.0242,165.1857
8874.611115,2298.68975,164.58177
8875.300245,2298.35591,163.9789
8875.988154,2298.02268,163.37709
8876.674865,2297.69006,162.77631
8877.36039,2297.35803,162.17656
8878.044736,2297.02659,161.57783
8878.7279,2296.69575,160.98012
8879.409911,2296.3655,160.3834
8880.090785,2296.03583,159.78766
8880.770538,2295.70672,159.19289
8881.449171,2295.37819,158.59908
8882.126705,2295.05023,158.00621
8882.803145,2294.72283,157.41428
8883.478501,2294.39599,156.82328
8884.152786,2294.0697,156.2332
8884.826016,2293.74396,155.64402
8885.498193,2293.41877,155.05574
8886.169321,2293.09414,154.46835
8886.83943,2292.77004,153.88183
8887.508503,2292.44649,153.29619
8888.176567,2292.12347,152.71141
8888.843617,2291.80099,152.12749
8889.509681,2291.47903,151.54441
8890.174766,2291.15759,150.96216
8890.838892,2290.83665,150.38073
8891.502072,2290.5162,149.80011
8892.164302,2290.19623,149.22031
8892.825609,2289.87674,148.6413
8893.485983,2289.55773,148.06309
8894.145439,2289.23919,147.48567
8894.803994,2288.9211,146.90903
8895.461648,2288.60348,146.33316
8896.118406,2288.2863,145.75807
8896.77426,2287.96958,145.18376
8897.429199,2287.65332,144.61024
8898.083229,2287.33751,144.03751
8898.736351,2287.02215,143.46557
8899.388602,2286.70723,142.89438
8900.039981,2286.39274,142.32395
8900.690496,2286.07868,141.75427
8901.340146,2285.76505,141.18534
8901.988945,2285.45184,140.61715
8902.636919,2285.13905,140.04967
8903.28407,2284.82666,139.48291
8903.930393,2284.51468,138.91687
8904.575896,2284.20311,138.35154
8905.220602,2283.89192,137.78691
8905.86449,2283.58112,137.223
8906.507572,2283.2707,136.6598
8907.149845,2282.96065,136.09732
8907.791327,2282.65097,135.53554
8908.43199,2282.34166,134.97449
8909.071853,2282.03272,134.41415
8909.710921,2281.72414,133.85452
8910.349206,2281.41591,133.29559
8910.986706,2281.10802,132.73737
8911.623432,2280.80048,132.17984
8912.259387,2280.49327,131.62301
8912.894564,2280.1864,131.06688
8913.528959,2279.87986,130.51146
8914.162606,2279.57362,129.95673
8914.795486,2279.2677,129.4027
8915.427616,2278.96208,128.84936
8916.058988,2278.65676,128.29672
8916.689603,2278.35174,127.74478
8917.319488,2278.04698,127.19353
8917.948652,2277.7425,126.64295
8918.577094,2277.43828,126.09305
8919.204834,2277.1343,125.54382
8919.83188,2276.83056,124.99525
8920.458255,2276.52705,124.44732
8921.083972,2276.22376,123.90002
8921.709041,2275.92069,123.35334
8922.33347,2275.61782,122.80728
8922.957272,2275.31516,122.26182
8923.580457,2275.01271,121.71695
8924.203052,2274.71045,121.17265
8924.825059,2274.40839,120.62891
8925.446489,2274.10653,120.08572
8926.06735,2273.80485,119.54308
8926.687679,2273.50335,119.00095
8927.307469,2273.20204,118.45933
8927.926743,2272.90091,117.9182
8928.545529,2272.59994,117.37754
8929.163809,2272.29915,116.83736
8929.781603,2271.99853,116.29764
8930.398922,2271.69808,115.75837
8931.015804,2271.39779,115.21951
8931.632246,2271.09767,114.68106
8932.248278,2270.79771,114.14299
8932.863914,2270.4979,113.60529
8933.479157,2270.19825,113.06795
8934.094039,2269.89875,112.53094
8934.708555,2269.59941,111.99426
8935.322727,2269.30022,111.45789
8935.936564,2269.00118,110.92182
8936.550066,2268.70229,110.38605
8937.163252,2268.40353,109.85057
8937.776111,2268.10492,109.31538
8938.388667,2267.80643,108.78047
8939.000939,2267.50804,108.24583
8939.612908,2267.20975,107.71148
8940.224599,2266.91153,107.17741
8940.836003,2266.61338,106.64363
8941.447138,2266.31528,106.11013
8942.058005,2266.01721,105.57692
8942.668613,2265.71917,105.04399
8943.278963,2265.42114,104.51135
8943.889042,2265.12313,103.97901
8944.498854,2264.82513,103.44697
8945.108404,2264.52713,102.91523
8945.717696,2264.22914,102.38378
8946.326705,2263.93116,101.85265
8946.935451,2263.63318,101.32182
8947.543933,2263.33519,100.7913
8948.152147,2263.03721,100.26108
8948.760092,2262.73923,99.73117
8949.367776,2262.44123,99.20157
8949.97519,2262.14323,98.67228
8950.582336,2261.84521,98.14331
8951.18922,2261.54717,97.61465
8951.795836,2261.24911,97.08631
8952.40217,2260.95104,96.5583
8953.008248,2260.65294,96.0306
8953.614058,2260.35482,95.50322
8954.219599,2260.05668,94.97616
8954.824866,2259.75853,94.44942
8955.429864,2259.46036,93.923
8956.034715,2259.16212,93.39679
8956.639489,2258.86377,92.87073
8957.24411,2258.56536,92.34488
8957.848444,2258.26695,91.81936
8958.45259,2257.9685,91.29408
8959.056654,2257.66995,90.76895
8959.660673,2257.37128,90.24394
8960.264589,2257.07252,89.7191
8960.868407,2256.77366,89.19443
8961.472099,2256.47472,88.66995
8962.075703,2256.17566,88.14564
8962.679201,2255.8765,87.62151
8963.282617,2255.57724,87.09753
8963.885927,2255.27788,86.57373
8964.489165,2254.97842,86.05007
8965.092319,2254.67885,85.52657
8965.695397,2254.37917,85.00322
8966.298382,2254.07938,84.48004
8966.901287,2253.77949,83.95701
8967.504126,2253.47949,83.43412
8968.106902,2253.17937,82.91137
8968.709608,2252.87913,82.38877
8969.312262,2252.57877,81.8663
8969.914846,2252.27827,81.34399
8970.517374,2251.97764,80.82182
8971.119846,2251.67688,80.29979
8971.722271,2251.37597,79.7779
8972.324636,2251.07492,79.25616
8972.92696,2250.77371,78.73456
8973.529246,2250.47235,78.21309
8974.131486,2250.17084,77.69176
8974.733677,2249.86917,77.17058
8975.335835,2249.56734,76.64953
8975.937943,2249.26535,76.12863
8976.540016,2248.96319,75.60787
8977.142041,2248.66085,75.08727
8977.744023,2248.35832,74.56683
8978.345971,2248.0556,74.04654
8978.947868,2247.75267,73.52643
8979.549729,2247.44954,73.00648
8980.151539,2247.1462,72.48671
8980.753314,2246.84264,71.96711
8981.355044,2246.53886,71.44769
8981.956727,2246.23485,70.92846
8982.55837,2245.93061,70.40941
8983.159975,2245.62614,69.89054
8983.761536,2245.32145,69.37185
8984.363058,2245.01653,68.85334
8984.96455,2244.71138,68.335
8985.565999,2244.40601,67.81684
8986.167413,2244.10042,67.29885
8986.768792,2243.79461,66.78103
8987.370129,2243.48858,66.26339
8987.97144,2243.18233,65.74591
8988.572715,2242.87588,65.22859
8989.173959,2242.56922,64.71143
8989.775178,2242.26234,64.19443
8990.37637,2241.95526,63.67758
8990.977542,2241.64795,63.16089
8991.578684,2241.34043,62.64436
8992.179821,2241.03267,62.12798
8992.780946,2240.72468,61.61175
8993.38207,2240.41644,61.09567
8993.983199,2240.10794,60.57974
8994.584333,2239.79918,60.06396
8995.18548,2239.49016,59.54832
8995.786642,2239.18086,59.03283
8996.387815,2238.87129,58.51749
8996.988995,2238.56144,58.00231
8997.590207,2238.25128,57.48728
8998.191444,2237.94082,56.9724
8998.792693,2237.63004,56.4577
8999.393986,2237.31891,55.94316
8999.995313,2237.00745,55.42878
9000.596668,2236.69564,54.91458
9001.198069,2236.38346,54.40055
9001.799503,2236.07092,53.8867
9002.400969,2235.75799,53.37305
9003.002479,2235.44468,52.85958
9003.604025,2235.13099,52.3463
9004.205622,2234.81691,51.8332
9004.807259,2234.50244,51.32029
9005.408961,2234.18757,50.80755
9006.010722,2233.87228,50.295
9006.612538,2233.55659,49.78263
9007.214419,2233.24047,49.27045
9007.81636,2232.92391,48.75847
9008.418386,2232.6069,48.24667
9009.02048,2232.28942,47.73508
9009.622657,2231.97143,47.22371
9010.224933,2231.6529,46.71256
9010.827289,2231.3338,46.20167
9011.429754,2231.01408,45.69104
9012.03231,2230.69371,45.18071
9012.63499,2230.37263,44.67068
9013.2378,2230.05083,44.16095
9013.84076,2229.72829,43.65151
9014.443866,2229.40499,43.14238
9015.047118,2229.08096,42.63354
9015.65051,2228.7562,42.125
9016.254066,2228.43073,41.61672
9016.857797,2228.10456,41.10868
9017.461708,2227.7777,40.60087
9018.065792,2227.45018,40.09328
9018.670071,2227.12199,39.58589
9019.274543,2226.79312,39.07871
9019.879224,2226.46356,38.57173
9020.484088,2226.13331,38.06498
9021.089158,2225.80233,37.55846
9021.694433,2225.47061,37.05218
9022.299922,2225.13815,36.54613
9022.905641,2224.80492,36.04031
9023.511595,2224.4709,35.53473
9024.117777,2224.13609,35.0294
9024.724195,2223.80049,34.52431
9025.330829,2223.46411,34.01948
9025.937711,2223.12694,33.51488
9026.544826,2222.78899,33.01052
9027.152191,2222.45025,32.50639
9027.759822,2222.11072,32.00247
9028.367727,2221.77039,31.49876
9028.975901,2221.42927,30.99526
9029.584374,2221.08735,30.49194
9030.193149,2220.74463,29.9888
9030.80224,2220.40113,29.48581
9031.411635,2220.05687,28.98297
9032.021348,2219.71186,28.48026
9032.631372,2219.36611,27.97768
9033.241703,2219.01963,27.47523
9033.852365,2218.67241,26.97289
9034.463353,2218.32447,26.47065
9035.074696,2217.97578,25.9685
9035.686412,2217.62632,25.46643
9036.298509,2217.27605,24.96446
9036.910988,2216.92497,24.46259
9037.52385,2216.57308,23.96082
9038.137085,2216.22037,23.45917
9038.750702,2215.86684,22.95763
9039.36471,2215.51249,22.45619
9039.97909,2215.15734,21.95486
9040.593852,2214.80139,21.45363
9041.209006,2214.44465,20.95248
9041.824573,2214.08713,20.45138
9042.440536,2213.72887,19.95032
9043.056903,2213.36989,19.44928
9043.673679,2213.01018,18.94826
9044.290851,2212.64979,18.44724
9044.908418,2212.28874,17.94621
9045.526377,2211.92706,17.44515
9046.144728,2211.56478,16.94404
9046.763473,2211.20191,16.44287
9047.382642,2210.83843,15.94162
9048.002221,2210.47436,15.44029
9048.622208,2210.10968,14.9389
9049.242618,2209.74439,14.43743
9049.863452,2209.37849,13.93588
9050.484718,2209.01194,13.43427
9051.106425,2208.64474,12.93259
9051.728557,2208.2769,12.43085
9052.351121,2207.9084,11.92906
9052.974098,2207.53927,11.42722
9053.597503,2207.1695,10.92532
9054.22131,2206.79912,10.42337
9054.845543,2206.42813,9.92134
9055.470178,2206.05656,9.41924
9056.095219,2205.68443,8.91705
9056.720667,2205.31175,8.41476
9057.346523,2204.93852,7.91237
9057.972798,2204.56475,7.40986
9058.599498,2204.19043,6.90723
9059.226605,2203.81559,6.40448
9059.854108,2203.44022,5.90163
9060.482025,2203.06432,5.39866
9061.110349,2202.6879,4.89557
9061.739094,2202.31094,4.39236
9062.368266,2201.93344,3.88902
9062.997858,2201.5554,3.38556
9063.627852,2201.17681,2.88201
9064.258261,2200.79769,2.37834
9064.889075,2200.41803,1.87457
9065.520301,2200.03783,1.37069
9066.151929,2199.65711,0.8667
9066.783962,2199.27585,0.36261
9067.416389,2198.89407,-0.14158
9068.049236,2198.51174,-0.64588
9068.68248,2198.12887,-1.15027
9069.316129,2197.74545,-1.65475
9069.950175,2197.36148,-2.15931
9070.584621,2196.97694,-2.66394
9071.219489,2196.59181,-3.16865
9071.854793,2196.20608,-3.67345
9072.490521,2195.81973,-4.17831
9073.126663,2195.43279,-4.68324
9073.763224,2195.04524,-5.18823
9074.400176,2194.6571,-5.69326
9075.037537,2194.26838,-6.19836
9075.675309,2193.87909,-6.70354
9076.313491,2193.48922,-7.20879
9076.952049,2193.0988,-7.71409
9077.591004,2192.70782,-8.21946
9078.23033,2192.3163,-8.72488
9078.870074,2191.9242,-9.23038
9079.510244,2191.53151,-9.73596
9080.150852,2191.13822,-10.24163
9080.79188,2190.74435,-10.74738
9081.433321,2190.34991,-11.25321
9082.07517,2189.95491,-11.75912
9082.717436,2189.55936,-12.26513
9083.360108,2189.16328,-12.77124
9084.003182,2188.7667,-13.27747
9084.646645,2188.36963,-13.78381
9085.290493,2187.97209,-14.29027
9085.934734,2187.57409,-14.79687
9086.579391,2187.17561,-15.30362
9087.224442,2186.77667,-15.81051
9087.869923,2186.37725,-16.31757
9088.515787,2185.97739,-16.82477
9089.162067,2185.57706,-17.33213
9089.808744,2185.17628,-17.83964
9090.455847,2184.77504,-18.34733
9091.103369,2184.37334,-18.85519
9091.75129,2183.9712,-19.36321
9092.399623,2183.56861,-19.8714
9093.048352,2183.16561,-20.37977
9093.697489,2182.76218,-20.88832
9094.347045,2182.35834,-21.39708
9094.996999,2181.9541,-21.90603
9095.647368,2181.54947,-22.4152
9096.298117,2181.14448,-22.92457
9096.949277,2180.73912,-23.43417
9097.600822,2180.33343,-23.944
9098.252782,2179.9274,-24.45409
9098.905123,2179.52106,-24.96442
9099.557848,2179.11443,-25.47501
9100.210967,2178.70752,-25.98588
9100.864479,2178.30033,-26.49703
9101.518408,2177.89286,-27.00849
9102.172733,2177.48513,-27.52025
9102.827451,2177.07716,-28.03232
9103.482559,2176.66894,-28.54469
9104.138047,2176.2605,-29.05737
9104.793922,2175.85184,-29.57037
9105.450197,2175.44294,-30.08369
9106.106867,2175.03382,-30.59734
9106.763919,2174.6245,-31.11132
9107.421349,2174.21499,-31.62563
9108.079161,2173.80528,-32.14027
9108.737379,2173.39537,-32.65527
9109.395991,2172.98528,-33.17063
9110.055017,2172.57499,-33.68636
9110.714452,2172.16452,-34.20247
9111.374268,2171.75388,-34.71893
9112.034474,2171.34309,-35.23577
9112.695077,2170.93214,-35.75299
9113.356085,2170.52103,-36.2706
9114.017469,2170.10978,-36.78858
9114.679233,2169.6984,-37.30694
9115.341367,2169.28689,-37.82567
9116.00387,2168.87524,-38.34476
9116.666751,2168.46346,-38.86423
9117.330016,2168.05153,-39.38407
9117.993657,2167.63946,-39.90428
9118.657682,2167.22724,-40.42486
9119.322068,2166.81488,-40.94579
9119.986837,2166.40237,-41.46709
9120.65201,2165.98969,-41.98877
9121.317574,2165.57686,-42.51083
9121.983533,2165.16386,-43.03326
9122.649868,2164.75071,-43.55605
9123.316593,2164.3374,-44.07921
9123.983699,2163.92393,-44.60273
9124.651195,2163.5103,-45.12662
9125.31908,2163.09651,-45.65088
9125.987337,2162.68255,-46.17548
9126.655956,2162.26845,-46.70043
9127.324948,2161.85418,-47.22572
9127.994321,2161.43975,-47.75137
9128.664066,2161.02515,-48.27736
9129.334185,2160.61039,-48.8037
9130.004684,2160.19546,-49.33039
9130.675557,2159.78037,-49.85743
9131.346812,2159.36512,-50.38483
9132.018454,2158.94969,-50.91258
9132.690499,2158.53409,-51.44071
9133.36292,2158.11834,-51.9692
9134.035721,2157.70242,-52.49804
9134.708896,2157.28634,-53.02723
9135.382437,2156.8701,-53.55676
9136.056374,2156.45369,-54.08666
9136.73069,2156.0371,-54.6169
9137.405402,2155.62034,-55.14751
9138.080498,2155.20339,-55.67846
9138.755975,2154.78627,-56.20976
9139.43183,2154.36897,-56.7414
9140.108068,2153.95147,-57.27337
9140.784682,2153.53377,-57.80566
9141.461677,2153.11586,-58.33827
9142.139027,2152.69777,-58.87119
9142.81675,2152.27947,-59.40442
9143.494833,2151.86097,-59.93795
9144.173306,2151.44226,-60.47181
9144.85215,2151.02333,-61.00597
9145.531367,2150.60419,-61.54044
9146.210943,2150.18484,-62.0752
9146.890876,2149.76528,-62.61025
9147.571189,2149.3455,-63.14561
9148.251873,2148.9255,-63.68127
9148.932925,2148.5053,-64.21724
9149.614341,2148.08488,-64.7535
9150.296118,2147.66427,-65.29007
9150.978261,2147.24345,-65.82694
9151.660787,2146.82243,-66.36414
9152.343681,2146.40121,-66.90165
9153.026951,2145.9798,-67.43949
9153.71057,2145.55822,-67.97764
9154.394546,2145.13647,-68.51611
9155.078885,2144.71454,-69.0549
9155.763608,2144.29242,-69.59403
9156.448711,2143.87012,-70.1335
9157.13419,2143.44763,-70.6733
9157.820018,2143.02497,-71.21341
9158.506209,2142.60213,-71.75384
9159.192755,2142.17911,-72.29458
9159.879683,2141.75588,-72.83564
9160.566992,2141.33244,-73.37702
9161.254654,2140.90881,-73.9187
9161.942669,2140.48498,-74.46067
9162.631018,2140.06095,-75.00291
9163.319732,2139.6367,-75.54544
9164.008802,2139.21223,-76.08825
9164.698227,2138.78753,-76.63133
9165.388013,2138.3626,-77.17469
9166.078139,2137.93744,-77.7183
9166.768631,2137.51203,-78.26218
9167.45948,2137.08636,-78.80631
9168.1507,2136.66042,-79.3507
9168.842275,2136.23421,-79.89533
9169.534203,2135.80771,-80.44018
9170.22649,2135.38092,-80.98526
9170.919162,2134.9538,-81.53057
9171.612211,2134.52635,-82.0761
9172.305649,2134.09855,-82.62185
9172.99946,2133.6704,-83.1678
9173.693629,2133.2419,-83.71393
9174.388161,2132.81304,-84.26024
9175.083064,2132.38381,-84.80673
9175.778329,2131.95421,-85.35339
9176.473966,2131.52425,-85.90024
9177.169957,2131.09392,-86.44725
9177.866311,2130.66322,-86.99443
9178.563027,2130.23215,-87.54178
9179.260099,2129.80072,-88.0893
9179.957534,2129.36892,-88.63699
9180.655319,2128.93677,-89.18485
9181.353461,2128.50426,-89.73288
9182.051959,2128.07139,-90.28108
9182.750826,2127.63814,-90.82945
9183.45008,2127.20452,-91.37802
9184.149716,2126.77051,-91.92677
9184.849716,2126.33613,-92.47569
9185.550072,2125.90139,-93.02478
9186.250791,2125.46628,-93.57404
9186.951865,2125.0308,-94.12346
9187.653295,2124.59495,-94.67304
9188.355075,2124.15875,-95.22279
9189.057209,2123.72217,-95.77269
9189.759706,2123.28522,-96.32276
9190.462543,2122.8479,-96.87297
9191.165736,2122.41021,-97.42334
9191.86929,2121.97214,-97.97387
9192.573232,2121.53366,-98.52457
9193.277531,2121.09481,-99.07543
9193.982196,2120.65556,-99.62644
9194.687202,2120.21595,-100.1776
9195.392565,2119.77597,-100.72892
9196.098284,2119.33563,-101.28041
9196.80437,2118.89493,-101.83208
9197.510809,2118.4539,-102.38394
9198.217599,2118.01256,-102.936
9198.924744,2117.5709,-103.48826
9199.632242,2117.12895,-104.04074
9200.340102,2116.68671,-104.59345
9201.048315,2116.24419,-105.14639
9201.756891,2115.80139,-105.69957
9202.465803,2115.35834,-106.25298
9203.175066,2114.91504,-106.80664
9203.884661,2114.47151,-107.36054
9204.594608,2114.02774,-107.9147
9205.304917,2113.58374,-108.46914
9206.015571,2113.13949,-109.02382
9206.726564,2112.69502,-109.57876
9207.437889,2112.25032,-110.13394
9208.149559,2111.80538,-110.68937
9208.86158,2111.36019,-111.24505
9209.573947,2110.91476,-111.80098
9210.286665,2110.46908,-112.35716
9210.999729,2110.02317,-112.9136
9211.713138,2109.57701,-113.47028
9212.426888,2109.13064,-114.02723
9213.140983,2108.68403,-114.58443
9213.855419,2108.2372,-115.14189
9214.570183,2107.79017,-115.69961
9215.285281,2107.34293,-116.25759
9216.000709,2106.8955,-116.81584
9216.716458,2106.44788,-117.37435
9217.43254,2106.00009,-117.93315
9218.148955,2105.55213,-118.49224
9218.865708,2105.10399,-119.05162
9219.582788,2104.65569,-119.61129
9220.300208,2104.20722,-120.17126
9221.017948,2103.7586,-120.73152
9221.736026,2103.30984,-121.2921
9222.454439,2102.86093,-121.85299
9223.173184,2102.41189,-122.4142
9223.892252,2101.96272,-122.97572
9224.611619,2101.51342,-123.53752
9225.331298,2101.06401,-124.09963
9226.05129,2100.61446,-124.66203
9226.771599,2100.16479,-125.22474
9227.492231,2099.71498,-125.78775
9228.213162,2099.26504,-126.35104
9228.934391,2098.81496,-126.9146
9229.655947,2098.36472,-127.47845
9230.37782,2097.91431,-128.04257
9231.10001,2097.46373,-128.60696
9231.82252,2097.01295,-129.1716
9232.545346,2096.56199,-129.7365
9233.26849,2096.11082,-130.30164
9233.991947,2095.65945,-130.86702
9234.71573,2095.20787,-131.43265
9235.439825,2094.75609,-131.99852
9236.164248,2094.30411,-132.56465
9236.888985,2093.85194,-133.13103
9237.614024,2093.3996,-133.69766
9238.339364,2092.94709,-134.26454
9239.065035,2092.4944,-134.8317
9239.791003,2092.04156,-135.39912
9240.51727,2091.58858,-135.96681
9241.243844,2091.13547,-136.53479
9241.970696,2090.68224,-137.10303
9242.697856,2090.22888,-137.67156
9243.42533,2089.77538,-138.24038
9244.153112,2089.32175,-138.80949
9244.881215,2088.86798,-139.3789
9245.609639,2088.41406,-139.9486
9246.33837,2087.96,-140.51858
9247.06739,2087.5058,-141.08882
9247.796716,2087.05145,-141.65933
9248.526352,2086.59694,-142.23011
9249.256291,2086.14227,-142.80115
9249.986529,2085.68746,-143.37246
9250.717064,2085.2325,-143.94403
9251.447902,2084.77738,-144.51586
9252.179044,2084.32211,-145.08796
9252.910496,2083.86667,-145.66032
9253.642257,2083.41106,-146.23294
9254.374307,2082.9553,-146.80581
9255.106652,2082.49938,-147.37893
9255.839278,2082.04331,-147.95229
9256.572208,2081.58708,-148.52591
9257.305422,2081.13072,-149.09979
9258.038647,2080.67438,-149.6737
9258.771472,2080.21833,-150.24733
9259.504049,2079.76249,-150.82081
9260.236483,2079.30678,-151.39421
9260.968602,2078.8513,-151.96739
9261.700514,2078.396,-152.54045
9262.432441,2077.94074,-153.11356
9263.164493,2077.48543,-153.68679
9263.896715,2077.03006,-154.26019
9264.62907,2076.57464,-154.83372
9265.361572,2076.11916,-155.40739
9266.094307,2075.66357,-155.98127
9266.827301,2075.20784,-156.55537
9267.560564,2074.75198,-157.12971
9268.294079,2074.29598,-157.70426
9269.027862,2073.83985,-158.27905
9269.761927,2073.38357,-158.85408
9270.496243,2072.92715,-159.42932
9271.230833,2072.47058,-160.00479
9271.965715,2072.01383,-160.58049
9272.700874,2071.55691,-161.15641
9273.436332,2071.0998,-161.73256
9274.172079,2070.64249,-162.30892
9274.908114,2070.18498,-162.88549
9275.644451,2069.72725,-163.46227
9276.381075,2069.26931,-164.03925
9277.118002,2068.81116,-164.61645
9277.85523,2068.35279,-165.19386
9278.592758,2067.89419,-165.77147
9279.330573,2067.43538,-166.34928
9280.06869,2066.97635,-166.9273
9280.807085,2066.51711,-167.50551
9281.545754,2066.05767,-168.08391
9282.284702,2065.59802,-168.6625
9283.02393,2065.13816,-169.24128
9283.763432,2064.67811,-169.82026
9284.503228,2064.21784,-170.39944
9285.243305,2063.75737,-170.97882
9285.983649,2063.29671,-171.55839
9286.72426,2062.83586,-172.13815
9287.465145,2062.37482,-172.71811
9288.206292,2061.9136,-173.29826
9288.947694,2061.45222,-173.87861
9289.689347,2060.99069,-174.45916
9290.431255,2060.529,-175.03991
9291.173429,2060.06716,-175.62088
9291.915861,2059.60517,-176.20206
9292.658558,2059.14303,-176.78346
9293.401523,2058.68075,-177.36509
9294.144747,2058.21833,-177.94694
9294.88823,2057.75577,-178.52901
9295.631964,2057.29307,-179.11129
9296.375957,2056.83022,-179.69378
9297.120199,2056.36722,-180.27647
9297.864704,2055.90405,-180.85936
9298.609465,2055.44072,-181.44245
9299.354474,2054.97723,-182.02573
9300.099728,2054.51356,-182.60918
9300.845249,2054.0497,-183.19282
9301.591029,2053.58565,-183.77664
9302.33708,2053.12138,-184.36063
9303.083394,2052.6569,-184.94479
9303.829954,2052.1922,-185.52909
9304.576763,2051.72729,-186.11354
9305.32384,2051.26215,-186.69815
9306.071171,2050.79679,-187.28291
9306.818755,2050.3312,-187.86781
9307.566586,2049.86539,-188.45285
9308.314649,2049.39937,-189.03802
9309.062967,2048.93313,-189.62334
9309.811545,2048.46666,-190.20881
9310.560379,2047.99998,-190.79444
9311.309463,2047.5331,-191.38023
9312.058797,2047.06602,-191.96618
9312.808376,2046.59876,-192.5523
9313.558211,2046.13134,-193.13862
9314.308302,2045.66376,-193.72514
9315.058643,2045.19603,-194.31186
9315.809223,2044.72818,-194.89879
9316.56005,2044.26021,-195.48594
9317.311118,2043.79213,-196.07331
9318.062448,2043.32393,-196.66092
9318.814012,2042.85563,-197.24875
9319.565826,2042.38723,-197.83682
9320.317889,2041.91872,-198.42512
9321.070193,2041.4501,-199.01364
9321.822737,2040.98137,-199.60238
9322.575528,2040.51252,-200.19134
9323.328562,2040.04353,-200.7805
9324.081836,2039.57442,-201.36987
9324.835338,2039.10517,-201.95942
9325.589075,2038.63578,-202.54916
9326.343033,2038.16625,-203.13907
9327.097231,2037.69656,-203.72916
9327.851678,2037.22671,-204.31944
9328.606379,2036.75669,-204.90991
9329.361334,2036.2865,-205.50057
9330.116549,2035.81612,-206.09141
9330.872015,2035.34555,-206.68242
9331.627739,2034.87478,-207.2736
9332.383712,2034.40381,-207.86494
9333.139929,2033.93265,-208.45644
9333.896388,2033.46129,-209.04809
9334.653095,2032.98972,-209.63989
9335.410037,2032.51796,-210.23184
9336.167221,2032.04599,-210.82393
9336.924647,2031.57383,-211.41618
9337.68232,2031.10145,-212.00857
9338.440251,2030.62887,-212.60113
9339.198423,2030.15608,-213.19383
9339.956834,2029.68308,-213.78667
9340.715468,2029.2099,-214.37965
9341.474326,2028.73651,-214.97275
9342.233427,2028.26293,-215.56601
9342.992757,2027.78916,-216.15941
9343.75233,2027.3152,-216.75297
9344.512157,2026.84101,-217.34667
9345.272237,2026.3666,-217.94052
9346.032569,2025.89195,-218.5345
9346.793147,2025.41707,-219.12861
9347.553966,2024.94194,-219.72283
9348.315007,2024.46658,-220.31715
9349.07629,2023.99097,-220.91158
9349.837809,2023.51512,-221.50612
9350.599546,2023.03902,-222.10074
9351.361518,2022.56267,-222.69546
9352.123704,2022.08609,-223.29027
9352.886131,2021.60925,-223.88518
9353.648801,2021.13217,-224.48021
9354.411726,2020.65482,-225.07535
9355.174909,2020.17722,-225.67062
9355.938331,2019.6994,-226.26602
9356.701986,2019.22137,-226.86155
9357.465875,2018.74314,-227.45722
9358.23001,2018.26473,-228.05306
9358.994369,2017.78616,-228.64906
9359.758955,2017.30744,-229.24523
9360.523761,2016.82858,-229.84157
9361.288795,2016.34958,-230.43809
9362.054063,2015.87043,-231.03479
9362.819571,2015.39111,-231.63166
9363.585317,2014.91162,-232.2287
9364.351308,2014.43195,-232.82591
9365.117544,2013.95209,-233.42328
9365.884013,2013.47203,-234.02079
9366.650702,2012.99177,-234.61842
9367.417622,2012.51129,-235.21617
9368.184779,2012.03058,-235.81404
9368.952179,2011.54962,-236.41202
9369.719812,2011.0684,-237.01009
9370.487672,2010.58693,-237.60825
9371.255771,2010.10519,-238.2065
9372.024096,2009.62319,-238.80483
9372.792673,2009.1409,-239.40325
9373.561475,2008.65835,-240.00175
9374.330509,2008.17553,-240.60033
9375.099765,2007.69243,-241.19897
9375.86926,2007.20905,-241.79769
9376.63898,2006.72541,-242.39649
9377.408941,2006.24151,-242.99539
9378.179131,2005.75737,-243.59439
9378.949553,2005.27301,-244.19351
9379.720201,2004.78845,-244.79276
9380.491086,2004.3037,-245.39216
9381.2622,2003.81877,-245.99171
9382.033539,2003.33368,-246.59142
9382.805105,2002.84844,-247.1913
9383.576888,2002.36304,-247.79133
9384.348895,2001.87747,-248.39151
9385.121119,2001.39174,-248.99184
9385.893574,2000.90584,-249.59233
9386.666265,2000.41975,-250.19297
9387.439171,1999.93348,-250.79374
9388.212288,1999.44701,-251.39462
9388.985582,1998.96037,-251.99559
9389.759045,1998.47356,-252.59664
9390.532662,1997.98658,-253.19775
9391.306411,1997.49945,-253.79891
9392.080262,1997.01221,-254.40011
9392.854212,1996.52486,-255.00135
9393.628268,1996.03743,-255.60266
9394.402398,1995.54993,-256.20401
9395.176579,1995.0624,-256.8054
9395.950801,1994.57484,-257.40682
9396.72506,1994.08726,-258.00827
9397.49935,1993.59968,-258.60976
9398.273663,1993.1121,-259.21128
9399.048005,1992.62451,-259.81283
9399.822356,1992.13692,-260.41439
9400.596723,1991.64934,-261.01598
9401.371097,1991.16175,-261.61757
9402.145479,1990.67417,-262.21918
9402.919855,1990.18659,-262.82078
9403.694223,1989.69902,-263.42238
9404.468586,1989.21146,-264.02398
9405.242933,1988.7239,-264.62556
9406.017258,1988.23635,-265.22712
9406.791558,1987.74879,-265.82864
9407.565828,1987.26123,-266.43012
9408.340063,1986.77365,-267.03154
9409.114266,1986.28606,-267.63291
9409.888456,1985.79844,-268.23424
9410.662614,1985.31081,-268.83552
9411.436704,1984.82319,-269.43672
9412.210717,1984.33558,-270.03783
9412.984639,1983.84798,-270.63883
9413.758436,1983.36043,-271.23971
9414.532163,1982.87288,-271.8405
9415.30578,1982.38537,-272.44118
9416.079233,1981.89791,-273.04169
9416.852517,1981.41052,-273.64204
9417.625645,1980.92317,-274.24222
9418.398644,1980.43585,-274.84226
9419.171534,1979.94852,-275.44215
9419.944215,1979.46125,-276.04182
9420.716719,1978.97399,-276.64127
9421.489047,1978.48674,-277.2405
9422.261161,1977.99952,-277.83948
9423.033023,1977.51233,-278.43816
9423.804692,1977.02514,-279.03659
9424.576178,1976.53792,-279.63476
9425.347419,1976.05072,-280.23263
9426.118365,1975.56357,-280.83016
9426.889054,1975.07642,-281.42736
9427.659506,1974.58928,-282.02426
9428.429695,1974.10215,-282.62083
9429.1996,1973.61504,-283.21705
9429.969221,1973.12794,-283.81291
9430.738578,1972.64084,-284.40843
9431.507658,1972.15375,-285.0036
9432.276466,1971.66665,-285.59841
9433.044987,1971.17955,-286.19285
9433.813118,1970.69253,-286.78685
9434.580844,1970.20561,-287.38041
9435.348204,1969.71877,-287.97356
9436.115234,1969.23201,-288.56635
9436.881907,1968.74535,-289.15876
9437.648209,1968.2588,-289.75078
9438.414125,1967.77237,-290.3424
9439.17967,1967.28604,-290.93362
9439.944839,1966.79985,-291.52447
9440.709589,1966.31381,-292.1149
9441.47392,1965.82792,-292.70491
9442.237796,1965.34221,-293.29448
9443.001205,1964.8567,-293.88361
9443.764119,1964.3714,-294.47227
9444.526531,1963.88633,-295.06047
9445.288378,1963.40153,-295.64816
9446.049626,1962.91704,-296.23533
9446.810176,1962.43292,-296.8219
9447.569999,1961.94918,-297.40784
9448.32904,1961.46588,-297.99313
9449.087254,1960.98303,-298.57772
9449.844566,1960.50069,-299.16156
9450.600939,1960.01888,-299.74462
9451.356364,1959.53759,-300.32688
9452.110784,1959.05686,-300.9083
9452.864185,1958.57669,-301.48886
9453.616559,1958.09708,-302.06855
9454.367895,1957.61801,-302.64734
9455.118231,1957.13947,-303.22527
9455.867571,1956.66144,-303.80233
9456.615896,1956.18394,-304.37851
9457.363182,1955.70697,-304.95378
9458.109428,1955.23053,-305.52814
9458.854573,1954.75466,-306.10154
9459.598626,1954.27933,-306.67397
9460.341531,1953.80458,-307.24539
9461.083311,1953.3304,-307.81582
9461.823927,1952.8568,-308.38522
9462.563388,1952.38377,-308.95359
9463.301677,1951.91131,-309.52091
9464.038781,1951.43944,-310.08718
9464.774715,1950.96815,-310.65241
9465.509464,1950.49744,-311.21658
9466.243051,1950.02731,-311.77972
9466.975446,1949.55778,-312.34181
9467.706658,1949.08884,-312.90285
9468.436673,1948.62051,-313.46284
9469.165492,1948.1528,-314.02179
9469.893095,1947.68572,-314.57968
9470.619495,1947.21927,-315.13653
9471.344653,1946.75349,-315.69232
9472.068588,1946.28836,-316.24706
9472.791296,1945.8239,-316.80076
9473.512775,1945.3601,-317.35341
9474.233043,1944.89697,-317.90504
9474.952081,1944.4345,-318.45562
9475.669913,1943.97268,-319.00517
9476.386411,1943.51159,-319.55359
9477.101531,1943.05126,-320.10085
9477.815495,1942.59155,-320.64712
9478.528293,1942.13245,-321.19238
9479.239971,1941.67395,-321.73668
9479.950568,1941.21601,-322.28004
9480.659958,1940.75871,-322.82236
9481.368033,1940.30211,-323.36355
9482.0748,1939.8462,-323.90361
9482.780313,1939.39093,-324.44257
9483.484578,1938.93628,-324.98042
9484.187573,1938.48226,-325.51714
9484.889296,1938.02884,-326.0527
9485.589759,1937.57601,-326.58711
9486.288983,1937.12374,-327.12037
9486.986988,1936.672,-327.65248
9487.683773,1936.2208,-328.18345
9488.379368,1935.77011,-328.71329
9489.073765,1935.31994,-329.242
9489.766979,1934.87028,-329.76959
9490.459025,1934.42113,-330.29608
9491.149903,1933.97249,-330.82147
9491.839622,1933.52437,-331.34578
9492.528196,1933.07676,-331.86902
9493.215656,1932.62965,-332.39122
9493.901986,1932.18305,-332.91237
9494.58721,1931.73697,-333.43251
9495.271336,1931.29139,-333.95163
9495.954384,1930.84631,-334.46976
9496.636356,1930.40174,-334.98691
9497.317225,1929.9577,-335.50306
9497.997013,1929.51419,-336.01824
9498.675698,1929.07122,-336.53243
9499.353318,1928.62878,-337.04567
9500.029858,1928.18688,-337.55795
9500.705327,1927.74553,-338.06929
9501.379724,1927.30472,-338.57968
9502.053015,1926.86448,-339.0891
9502.725248,1926.42478,-339.59759
9503.396391,1925.98565,-340.10513
9504.066448,1925.54708,-340.61172
9504.735422,1925.10908,-341.11737
9505.403298,1924.67166,-341.62207
9506.070104,1924.2348,-342.12584
9506.735834,1923.7985,-342.62867
9507.400466,1923.36278,-343.13055
9508.064029,1922.92763,-343.63151
9508.726517,1922.49305,-344.13154
9509.387944,1922.05905,-344.63067
9510.048313,1921.62563,-345.1289
9510.707652,1921.1928,-345.62628
9511.36597,1920.76055,-346.12281
9512.023267,1920.3289,-346.61851
9512.67956,1919.89785,-347.1134
9513.334885,1919.46739,-347.60752
9513.989221,1919.03754,-348.10086
9514.642604,1918.60829,-348.59346
9515.295044,1918.17964,-349.08533
9515.946553,1917.75159,-349.57649
9516.597155,1917.32413,-350.06696
9517.246835,1916.89727,-350.55673
9517.895616,1916.47101,-351.04583
9518.543496,1916.04534,-351.53425
9519.190486,1915.62028,-352.02202
9519.836583,1915.19581,-352.50912
9520.481788,1914.77194,-352.99556
9521.126109,1914.34867,-353.48135
9521.769524,1913.92601,-353.96647
9522.41204,1913.50395,-354.45092
9523.053642,1913.0825,-354.93469
9523.694323,1912.66166,-355.41777
9524.334105,1912.24142,-355.90018
9524.972958,1911.82178,-356.38188
9525.610903,1911.40273,-356.86289
9526.247945,1910.98425,-357.3432
9526.884086,1910.56634,-357.82281
9527.519301,1910.149,-358.30169
9528.153599,1909.73223,-358.77985
9528.78695,1909.31603,-359.25725
9529.419381,1908.90037,-359.7339
9530.050875,1908.48524,-360.20977
9530.681412,1908.07065,-360.68484
9531.310776,1907.65672,-361.15893
9531.938824,1907.24352,-361.63191
9532.565915,1906.83079,-362.10403
9533.192155,1906.41845,-362.57536
9533.817584,1906.00645,-363.04591
9534.442273,1905.59474,-363.51573
9535.066064,1905.18341,-363.98469
9535.688823,1904.77254,-364.45268
9536.310543,1904.36214,-364.9197
9536.931323,1903.95214,-365.38582
9537.551212,1903.5425,-365.85107
9538.170197,1903.13324,-366.31545
9538.788243,1902.72438,-366.77893
9539.405321,1902.31594,-367.24149
9540.021452,1901.90791,-367.70315
9540.636645,1901.50028,-368.16391
9541.250905,1901.09304,-368.62377
9541.864227,1900.6862,-369.08273
9542.476608,1900.27975,-369.54078
9543.088037,1899.87371,-369.99792
9543.69855,1899.46806,-370.45418
9544.308109,1899.06282,-370.90953
9544.916753,1898.65798,-371.36401
9545.524445,1898.25355,-371.81758
9546.131179,1897.84955,-372.27025
9546.736983,1897.44595,-372.72203
9547.341842,1897.04276,-373.17291
9547.945758,1896.63998,-373.62289
9548.548722,1896.23761,-374.07196
9549.150726,1895.83564,-374.5201
9549.751778,1895.43406,-374.96731
9550.351885,1895.03287,-375.4136
9550.951061,1894.63207,-375.85899
9551.549323,1894.23165,-376.30349
9552.146632,1893.83162,-376.74706
9552.742976,1893.432,-377.1897
9553.338383,1893.03276,-377.63142
9553.932845,1892.63391,-378.07222
9554.526364,1892.23545,-378.5121
9555.118931,1891.83736,-378.95103
9555.71056,1891.43964,-379.38903
9556.30123,1891.04228,-379.82606
9556.890932,1890.64528,-380.26211
9557.47968,1890.24861,-380.69717
9558.067474,1889.85227,-381.13124
9558.654328,1889.45623,-381.56431
9559.240227,1889.0605,-381.99637
9559.825178,1888.66505,-382.4274
9560.409182,1888.26989,-382.85741
9560.992258,1887.87499,-383.2864
9561.574387,1887.48036,-383.71435
9562.155575,1887.08599,-384.14126
9562.735824,1886.69188,-384.56713
9563.315138,1886.298,-384.99194
9563.893512,1885.90437,-385.4157
9564.470976,1885.51096,-385.83842
9565.047506,1885.11777,-386.26007
9565.623104,1884.72481,-386.68066
9566.197771,1884.33207,-387.10018
9566.771498,1883.93954,-387.51861
9567.34428,1883.54721,-387.93593
9567.916123,1883.15507,-388.35214
9568.487028,1882.76311,-388.76723
9569.056981,1882.37133,-389.18118
9569.625981,1881.97969,-389.59395
9570.194014,1881.58819,-390.00552
9570.761096,1881.1968,-390.41588
9571.32724,1880.8055,-390.82503
9571.892434,1880.41429,-391.23295
9572.456684,1880.02313,-391.63961
9573.019992,1879.632,-392.04499
9573.582344,1879.24091,-392.44908
9574.143778,1878.84982,-392.85189
9574.704272,1878.45874,-393.2534
9575.263836,1878.06766,-393.65361
9575.822477,1877.67655,-394.0525
9576.380212,1877.2854,-394.45008
9576.937035,1876.89421,-394.84634
9577.492947,1876.50296,-395.24126
9578.04795,1876.11165,-395.63484
9578.602075,1875.72025,-396.02709
9579.155308,1875.32877,-396.418
9579.707681,1874.93719,-396.80759
9580.259173,1874.5455,-397.19582
9580.809815,1874.1537,-397.58273
9581.359594,1873.7618,-397.96831
9581.9085,1873.36979,-398.35253
9582.456547,1872.97764,-398.73538
9583.003739,1872.58533,-399.11684
9583.550099,1872.19282,-399.4969
9584.095658,1871.8001,-399.87559
9584.640405,1871.40717,-400.25289
9585.184357,1871.014,-400.62879
9585.727537,1870.62059,-401.00332
9586.269919,1870.22696,-401.37646
9586.811526,1869.83309,-401.74822
9587.352348,1869.43901,-402.11861
9587.892391,1869.04474,-402.48766
9588.431643,1868.65032,-402.85539
9588.970104,1868.25578,-403.22183
9589.507762,1867.86113,-403.58697
9590.044624,1867.46638,-403.95083
9590.580714,1867.07153,-404.31344
9591.116033,1866.67658,-404.6748
9591.650582,1866.28155,-405.03493
9592.18435,1865.88642,-405.39379
9592.717339,1865.49119,-405.75138
9593.249565,1865.09585,-406.10771
9593.781029,1864.70042,-406.4628
9594.311774,1864.30488,-406.81669
9594.841758,1863.90927,-407.16936
9595.370992,1863.51357,-407.5208
9595.899442,1863.11781,-407.87099
9596.427116,1862.72199,-408.21994
9596.954009,1862.32611,-408.56764
9597.480138,1861.93015,-408.91409
9598.005511,1861.53412,-409.25931
9598.530138,1861.138,-409.60329
9599.054013,1860.7418,-409.94603
9599.577153,1860.3455,-410.28753
9600.099566,1859.94911,-410.62781
9600.621267,1859.55263,-410.96689
9601.14225,1859.15607,-411.30477
9601.662503,1858.75943,-411.64143
9602.182016,1858.3627,-411.97684
9602.700808,1857.96586,-412.311
9603.218872,1857.56892,-412.64391
9603.736247,1857.17185,-412.97559
9604.252925,1856.77466,-413.30604
9604.768938,1856.37734,-413.63529
9605.284269,1855.97987,-413.96329
9605.7989,1855.58222,-414.28997
9606.312843,1855.18433,-414.61527
9606.826109,1854.78617,-414.93917
9607.338733,1854.38767,-415.26163
9607.850743,1853.98882,-415.58268
9608.362162,1853.58962,-415.90235
9608.873003,1853.19005,-416.22063
9609.383289,1852.7901,-416.53754
9609.893011,1852.38977,-416.85306
9610.402179,1851.98903,-417.16716
9610.9108,1851.58792,-417.4799
9611.418909,1851.18644,-417.79133
9611.926508,1850.78463,-418.1015
9612.433601,1850.38248,-418.4104
9612.940206,1849.97998,-418.71804
9613.446345,1849.57709,-419.0244
9613.952008,1849.17379,-419.32943
9614.457226,1848.77002,-419.6331
9614.962007,1848.36574,-419.93536
9615.466368,1847.96088,-420.23614
9615.970317,1847.5554,-420.53539
9616.473882,1847.14922,-420.83304
9616.977076,1846.74228,-421.12902
9617.479919,1846.33452,-421.42327
9617.982439,1845.9259,-421.71577
9618.484645,1845.51644,-422.00655
9618.986555,1845.10614,-422.29563
9619.488192,1844.69505,-422.58311
9619.989549,1844.2832,-422.86901
9620.490642,1843.8706,-423.15336
9620.991493,1843.45731,-423.43628
9621.492101,1843.04336,-423.7178
9621.992479,1842.6288,-423.99801
9622.492633,1842.21368,-424.27699
9622.992596,1841.79798,-424.55476
9623.492351,1841.38175,-424.83136
9623.991904,1840.96498,-425.10678
9624.491239,1840.5477,-425.38103
9624.990368,1840.1299,-425.65411
9625.48929,1839.71159,-425.92603
9625.987997,1839.29276,-426.19675
9626.486493,1838.87338,-426.46623
9626.984753,1838.45341,-426.73435
9627.482773,1838.03279,-427.001
9627.980574,1837.6115,-427.26618
9628.47814,1837.18954,-427.52985
9628.975538,1836.76685,-427.79203
9629.472889,1836.34332,-428.05276
9629.970221,1835.91888,-428.31197
9630.467382,1835.4936,-428.56947
9630.96438,1835.06751,-428.82531
9631.461314,1834.64055,-429.07957
9631.958265,1834.21268,-429.33233
9632.455242,1833.78395,-429.58368
9632.952168,1833.35445,-429.83361
9633.449034,1832.92419,-430.08211
9633.945859,1832.4932,-430.32926
9634.442675,1832.06145,-430.57506
9634.939485,1831.62898,-430.81958
9635.436284,1831.19583,-431.06287
9635.933051,1830.76205,-431.30497
9636.429853,1830.32759,-431.54592
9636.926727,1829.89244,-431.78577
9637.423675,1829.4566,-432.02452
9637.920643,1829.0201,-432.2621
9638.417617,1828.58293,-432.49846
9638.914592,1828.14507,-432.73354
9639.411576,1827.70651,-432.96733
9639.908597,1827.26719,-433.19977
9640.40567,1826.82709,-433.43084
9640.902817,1826.3862,-433.66056
9641.400038,1825.94448,-433.88884
9641.897337,1825.50193,-434.11568
9642.394712,1825.05855,-434.34106
9642.89216,1824.61436,-434.565
9643.389707,1824.16938,-434.78759
9643.887364,1823.72363,-435.00888
9644.385125,1823.27719,-435.22901
9644.883007,1822.83004,-435.44797
9645.381,1822.38223,-435.66583
9645.87911,1821.93378,-435.88264
9646.377331,1821.48473,-436.09846
9646.875673,1821.03511,-436.31337
9647.374104,1820.58499,-436.52744
9647.872669,1820.13432,-436.74066
9648.371368,1819.68309,-436.95301
9648.870205,1819.23129,-437.16447
9649.369156,1818.77893,-437.375
9649.868221,1818.326,-437.58457
9650.367402,1817.87248,-437.79314
9650.866742,1817.41829,-438.00063
9651.366254,1816.96337,-438.20693
9651.865939,1816.50769,-438.41197
9652.365799,1816.05121,-438.61565
9652.865801,1815.59393,-438.81788
9653.365948,1815.13584,-439.01863
9653.866257,1814.67694,-439.21793
9654.366743,1814.21723,-439.4158
9654.867397,1813.75675,-439.6123
9655.36821,1813.29554,-439.80749
9655.869188,1812.83362,-440.00142
9656.370325,1812.37103,-440.19416
9656.871642,1811.90778,-440.38578
9657.37312,1811.44391,-440.57632
9657.874776,1810.97944,-440.76586
9658.376611,1810.51436,-440.95438
9658.878644,1810.04866,-441.14189
9659.380881,1809.58233,-441.32838
9659.883329,1809.11537,-441.51386
9660.385975,1808.64779,-441.69831
9660.888818,1808.17959,-441.88172
9661.391864,1807.71075,-442.06405
9661.895109,1807.24127,-442.24528
9662.398545,1806.77117,-442.42543
9662.902156,1806.30049,-442.60455
9663.405885,1805.8293,-442.78266
9663.909733,1805.35761,-442.95978
9664.413678,1804.88545,-443.13592
9664.917726,1804.41283,-443.31112
9665.42181,1803.93984,-443.48542
9665.925884,1803.46654,-443.65885
9666.42994,1802.99296,-443.83146
9666.933972,1802.5191,-444.00323
9667.437945,1802.04498,-444.17411
9667.941881,1801.57057,-444.34407
9668.445723,1801.09592,-444.51308
9668.94942,1800.62107,-444.68109
9669.452975,1800.14602,-444.84811
9669.956398,1799.67076,-445.01413
9670.459599,1799.19537,-445.1791
9670.962522,1798.7199,-445.34299
9671.465179,1798.24433,-445.50577
9671.96762,1797.76861,-445.66744
9672.469847,1797.29275,-445.82803
9672.971849,1796.81677,-445.98756
9673.473633,1796.34069,-446.1461
9673.975184,1795.86454,-446.30369
9674.476514,1795.38832,-446.46036
9674.977629,1794.91203,-446.61613
9675.478497,1794.43571,-446.77101
9675.979134,1793.95934,-446.92499
9676.479502,1793.48297,-447.07809
9676.979621,1793.00658,-447.23031
9677.479463,1792.53019,-447.38162
9677.979024,1792.0538,-447.532
9678.478297,1791.57741,-447.68142
9678.977281,1791.10102,-447.82987
9679.475979,1790.62464,-447.97739
9679.974381,1790.14828,-448.12397
9680.472488,1789.67195,-448.26964
9680.970274,1789.19569,-448.41444
9681.467738,1788.71952,-448.55843
9681.96486,1788.24347,-448.70163
9682.461609,1787.76759,-448.8441
9682.957953,1787.29192,-448.98586
9683.453858,1786.8165,-449.12692
9683.949254,1786.34141,-449.2673
9684.444155,1785.86665,-449.40705
9684.938549,1785.39224,-449.54619
9685.432399,1784.91822,-449.68473
9685.925676,1784.44462,-449.82266
9686.418361,1783.97145,-449.95995
9686.910419,1783.49875,-450.09661
9687.401863,1783.02651,-450.23265
9687.892643,1782.55478,-450.36806
9688.382744,1782.08357,-450.50282
9688.872153,1781.6129,-450.63695
9689.360824,1781.14281,-450.77042
9689.848679,1780.67338,-450.90323
9690.335587,1780.20474,-451.03535
9690.82156,1779.73688,-451.16679
9691.306593,1779.26981,-451.29757
9691.790874,1778.80336,-451.42777
9692.274414,1778.33752,-451.5574
9692.757221,1777.87229,-451.68649
9693.239265,1777.4077,-451.81503
9693.720557,1776.94375,-451.94306
9694.201079,1776.48046,-452.07059
9694.680821,1776.01785,-452.19765
9695.159681,1775.55602,-452.32422
9695.637594,1775.09504,-452.45031
9696.11452,1774.63495,-452.57591
9696.590558,1774.17566,-452.70107
9697.06576,1773.71712,-452.8258
9697.540108,1773.25935,-452.95011
9698.013574,1772.80238,-453.074
9698.486112,1772.34625,-453.19744
9698.957722,1771.89097,-453.32047
9699.428393,1771.43655,-453.44308
9699.898133,1770.98298,-453.56527
9700.366927,1770.53028,-453.68705
9700.834755,1770.07847,-453.80842
9701.3016,1769.62756,-453.92935
9701.767447,1769.17757,-454.04986
9702.2323,1768.7285,-454.16996
9702.69615,1768.28036,-454.28966
9703.158985,1767.83316,-454.40894
9703.620788,1767.38692,-454.52782
9704.08153,1766.94167,-454.64629
9704.541209,1766.49741,-454.76435
9704.999829,1766.05414,-454.88201
9705.457394,1765.61186,-454.99929
9705.913918,1765.17056,-455.1162
9706.369387,1764.73025,-455.23273
9706.823756,1764.29098,-455.34889
9707.277008,1763.85276,-455.46465
9707.729131,1763.41561,-455.58004
9708.180129,1762.97952,-455.69504
9708.630008,1762.54449,-455.80967
9709.078755,1762.11053,-455.92392
9709.526384,1761.67763,-456.0378
9709.972895,1761.24579,-456.15132
9710.418309,1760.81499,-456.26448
9710.862602,1760.38526,-456.3773
9711.305764,1759.95661,-456.48978
9711.747805,1759.52903,-456.60192
9712.188705,1759.10254,-456.71372
9712.62848,1758.67713,-456.8252
9713.067138,1758.25279,-456.93636
9713.504707,1757.8295,-457.04723
9713.941213,1757.40723,-457.1578
9714.376623,1756.98602,-457.26809
9714.810953,1756.56585,-457.37809
9715.244178,1756.14675,-457.48781
9715.676308,1755.72871,-457.59726
9716.107345,1755.31173,-457.70644
9716.537278,1754.89582,-457.81535
9716.966122,1754.48097,-457.92401
9717.393888,1754.06717,-458.03242
9717.820574,1753.65442,-458.14058
9718.246164,1753.24274,-458.2485
9718.670666,1752.83212,-458.35617
9719.094091,1752.42255,-458.4636
9719.51643,1752.01404,-458.57079
9719.937692,1751.60658,-458.67774
9720.35789,1751.20016,-458.78446
9720.777031,1750.79477,-458.89094
9721.195105,1750.39042,-458.99718
9721.612085,1749.98714,-459.10319
9722.027977,1749.58492,-459.20895
9722.442786,1749.18376,-459.31448
9722.85652,1748.78365,-459.41978
9723.269193,1748.38458,-459.52486
9723.680808,1747.98654,-459.6297
9724.091393,1747.58951,-459.73433
9724.500941,1747.19349,-459.83872
9724.909439,1746.7985,-459.9429
9725.31687,1746.40455,-460.04684
9725.72323,1746.01165,-460.15056
9726.128513,1745.6198,-460.25404
9726.532747,1745.22898,-460.35731
9726.935916,1744.8392,-460.46035
9727.338031,1744.45045,-460.56316
9727.739094,1744.06273,-460.66575
9728.139093,1743.67605,-460.76811
9728.538037,1743.2904,-460.87024
9728.93592,1742.90579,-460.97215
9729.332731,1742.52223,-461.07384
9729.72849,1742.1397,-461.17531
9730.123168,1741.75823,-461.27656
9730.516788,1741.3778,-461.3776
9730.909357,1740.9984,-461.47843
9731.300958,1740.61995,-461.57906
9731.691407,1740.24263,-461.67946
9732.080465,1739.86667,-461.77956
9732.468199,1739.492,-461.87936
9732.854842,1739.1184,-461.97894
9733.240555,1738.74571,-462.07832
9733.625298,1738.37397,-462.1775
9734.0091,1738.00315,-462.27648
9734.391963,1737.63325,-462.37526
9734.773882,1737.26427,-462.47383
9735.154858,1736.89621,-462.57219
9735.534901,1736.52906,-462.67034
9735.913991,1736.16284,-462.76828
9736.292082,1735.79759,-462.86598
9736.669014,1735.43347,-462.96342
9737.04477,1735.07049,-463.06057
9737.419406,1734.7086,-463.15746
9737.793055,1734.34767,-463.25412
9738.1658,1733.98762,-463.35057
9738.537643,1733.62845,-463.44682
9738.90854,1733.2702,-463.54285
9739.278473,1732.91289,-463.63866
9739.647392,1732.55657,-463.73425
9740.015344,1732.20119,-463.82961
9740.382304,1731.84678,-463.92476
9740.748312,1731.4933,-464.0197
9741.113377,1731.14074,-464.11443
9741.477526,1730.78908,-464.20898
9741.840754,1730.43832,-464.30333
9742.203063,1730.08846,-464.39749
9742.564466,1729.73949,-464.49147
9742.924951,1729.39142,-464.58526
9743.284515,1729.04425,-464.67885
9743.643143,1728.698,-464.77226
9744.000863,1728.35264,-464.86548
9744.357667,1728.00818,-464.95852
9744.713575,1727.6646,-465.05138
9745.068591,1727.3219,-465.14408
9745.422718,1726.98007,-465.23659
9745.775958,1726.63911,-465.32892
9746.128314,1726.29902,-465.42108
9746.479783,1725.9598,-465.51306
9746.830394,1725.62142,-465.60486
9747.180131,1725.2839,-465.69649
9747.529008,1724.94722,-465.78793
9747.877036,1724.61137,-465.87919
9748.224247,1724.27632,-465.97028
9748.570678,1723.94203,-466.06119
9748.916302,1723.60853,-466.15193
9749.261136,1723.2758,-466.24249
9749.60517,1722.94385,-466.33287
9749.948426,1722.61266,-466.42308
9750.290885,1722.28225,-466.51312
9750.632563,1721.9526,-466.60298
9750.973463,1721.62371,-466.69267
9751.313607,1721.29556,-466.7822
9751.652993,1720.96815,-466.87156
9751.991622,1720.64148,-466.96076
9752.329527,1720.31552,-467.04981
9752.666705,1719.99027,-467.1387
9753.003166,1719.66572,-467.22743
9753.338914,1719.34187,-467.31602
9753.673951,1719.01872,-467.40447
9754.008313,1718.69623,-467.49278
9754.341996,1718.37441,-467.58096
9754.675031,1718.05323,-467.66903
9755.007425,1717.73268,-467.75697
9755.339185,1717.41276,-467.84481
9755.670331,1717.09345,-467.93255
9756.000871,1716.77474,-468.02019
9756.330835,1716.4566,-468.10773
9756.660228,1716.13903,-468.19519
9756.989058,1715.82202,-468.28256
9757.317345,1715.50555,-468.36985
9757.645113,1715.1896,-468.45707
9757.972352,1714.87418,-468.54422
9758.299085,1714.55927,-468.63132
9758.625308,1714.24487,-468.71835
9758.951051,1713.93096,-468.80535
9759.276311,1713.61754,-468.89231
9759.601101,1713.3046,-468.97924
9759.925427,1712.99213,-469.06613
9760.249295,1712.68013,-469.153
9760.572717,1712.36859,-469.23986
9760.89569,1712.05751,-469.3267
9761.218209,1711.7469,-469.41353
9761.540267,1711.43677,-469.50037
9761.861876,1711.12711,-469.58722
9762.183028,1710.81793,-469.67409
9762.503714,1710.50924,-469.76098
9762.823939,1710.20104,-469.84791
9763.143725,1709.89331,-469.93489
9763.463054,1709.58607,-470.02192
9763.78193,1709.27932,-470.10902
9764.100354,1708.97306,-470.19619
9764.418342,1708.66727,-470.28342
9764.735886,1708.36196,-470.37071
9765.052977,1708.05714,-470.45807
9765.369626,1707.7528,-470.5455
9765.685808,1707.44897,-470.63301
9766.00153,1707.14565,-470.72063
9766.316796,1706.84283,-470.80834
9766.6316,1706.54053,-470.89618
9766.945956,1706.23873,-470.98414
9767.259864,1705.93743,-471.07221
9767.573322,1705.63664,-471.16042
9767.88633,1705.33635,-471.24874
9768.19888,1705.03658,-471.3372
9768.51098,1704.73732,-471.4258
9768.822602,1704.4386,-471.51454
9769.133755,1704.14042,-471.60345
9769.444437,1703.84278,-471.69252
9769.754653,1703.54568,-471.78177
9770.064401,1703.24912,-471.87119
9770.373703,1702.95308,-471.96079
9770.682547,1702.65757,-472.05056
9770.990928,1702.3626,-472.14051
9771.298856,1702.06816,-472.23065
9771.606315,1701.77427,-472.32098
9771.913323,1701.48091,-472.4115
9772.219859,1701.1881,-472.5022
9772.525948,1700.89582,-472.5931
9772.831584,1700.60407,-472.68418
9773.136785,1700.31283,-472.77543
9773.441549,1700.0221,-472.86685
9773.745873,1699.73188,-472.95842
9774.049758,1699.44217,-473.05015
9774.353206,1699.15297,-473.14204
9774.656193,1698.86431,-473.23411
9774.958737,1698.57617,-473.32635
9775.260835,1698.28856,-473.41878
9775.562479,1698.00149,-473.51141
9775.863684,1697.71495,-473.60425
9776.164444,1697.42895,-473.69731
9776.46477,1697.14348,-473.7906
9776.764646,1696.85856,-473.88412
9777.064093,1696.57417,-473.97788
9777.363096,1696.29033,-474.07189
9777.66165,1696.00706,-474.16619
9777.959755,1695.72437,-474.26081
9778.257415,1695.44226,-474.35576
9778.554625,1695.16074,-474.45105
9778.851405,1694.87979,-474.54668
9779.147751,1694.59942,-474.64267
9779.443676,1694.31962,-474.73902
9779.739195,1694.04037,-474.83572
9780.034303,1693.76168,-474.93278
9780.328998,1693.48355,-475.03019
9780.623287,1693.20599,-475.128
9780.91717,1692.92901,-475.22623
9781.210657,1692.65261,-475.32491
9781.503735,1692.37681,-475.42405
9781.796436,1692.10159,-475.52369
9782.08876,1691.82695,-475.62382
9782.380733,1691.55287,-475.72446
9782.672358,1691.27936,-475.82564
9782.963639,1691.00641,-475.92734
9783.254579,1690.73403,-476.02959
9783.545174,1690.46224,-476.13243
9783.83545,1690.19102,-476.23587
9784.125406,1689.92038,-476.33993
9784.415063,1689.6503,-476.44461
9784.704419,1689.3808,-476.54995
9784.993485,1689.11189,-476.656
9785.282255,1688.84358,-476.76276
9785.570755,1688.57586,-476.87027
9785.858974,1688.30875,-476.97854
9786.146915,1688.04227,-477.08762
9786.434585,1687.77642,-477.19752
9786.721984,1687.51123,-477.3083
9787.009107,1687.2467,-477.41994
9787.295975,1686.98282,-477.53246
9787.582573,1686.71962,-477.64588
9787.868927,1686.45708,-477.76021
9788.155014,1686.19523,-477.87545
9788.44085,1685.93407,-477.99163
9788.72644,1685.6736,-478.10875
9789.01177,1685.41385,-478.22683
9789.296843,1685.15483,-478.34589
9789.581655,1684.89656,-478.46595
9789.866215,1684.63904,-478.58702
9790.150529,1684.38227,-478.7091
9790.434592,1684.12626,-478.83219
9790.718407,1683.87102,-478.9563
9791.001996,1683.61655,-479.08147
9791.285346,1683.36286,-479.20768
9791.568447,1683.10996,-479.33491
9791.851316,1682.85785,-479.46319
9792.133926,1682.60658,-479.59254
9792.416282,1682.35618,-479.72302
9792.698389,1682.10666,-479.85464
9792.980234,1681.85803,-479.98738
9793.261833,1681.61027,-480.12122
9793.543181,1681.3634,-480.25617
9793.824295,1681.1174,-480.39222
9794.105163,1680.87229,-480.52936
9794.385785,1680.62808,-480.6676
9794.666162,1680.38479,-480.80696
9794.946283,1680.14244,-480.94744
9795.22615,1679.90105,-481.08906
9795.505757,1679.66064,-481.23183
9795.785106,1679.42123,-481.37577
9796.06419,1679.18285,-481.5209
9796.343007,1678.9455,-481.6672
9796.62158,1678.70915,-481.81465
9796.899903,1678.47381,-481.96324
9797.177971,1678.23949,-482.11296
9797.455776,1678.00619,-482.26378
9797.733342,1677.77391,-482.41573
9798.010649,1677.54265,-482.56876
9798.2877,1677.31241,-482.72286
9798.564508,1677.08319,-482.87804
9798.841059,1676.85503,-483.03432
9799.11734,1676.62797,-483.19172
9799.393365,1676.40203,-483.35028
9799.669115,1676.17724,-483.50999
9799.944595,1675.95364,-483.6709
9800.219788,1675.73127,-483.83302
9800.494719,1675.51012,-483.99636
9800.769381,1675.29019,-484.16089
9801.043783,1675.07146,-484.32658
9801.317916,1674.85392,-484.49339
9801.591795,1674.63755,-484.6613
9801.86541,1674.42239,-484.83033
9802.138759,1674.20843,-485.00045
9802.411855,1673.99569,-485.17169
9802.684681,1673.78418,-485.34402
9802.957239,1673.57391,-485.51744
9803.229544,1673.36489,-485.69197
9803.501591,1673.15714,-485.86761
9803.773386,1672.95064,-486.04433
9804.044919,1672.74538,-486.22209
9804.316208,1672.54135,-486.40089
9804.587239,1672.33858,-486.58073
9804.858016,1672.13708,-486.76161
9805.128532,1671.93686,-486.94352
9805.3988,1671.73791,-487.12645
9805.66882,1671.54024,-487.3104
9805.938589,1671.34386,-487.49536
9806.208117,1671.14876,-487.68132
9806.47739,1670.95501,-487.86832
9806.746427,1670.76259,-488.05635
9807.015223,1670.57153,-488.24542
9807.283782,1670.38184,-488.43553
9807.552102,1670.19357,-488.62671
9807.820193,1670.00673,-488.81897
9808.088055,1669.82134,-489.01231
9808.355699,1669.63742,-489.20675
9808.62313,1669.45495,-489.40226
9808.890333,1669.27396,-489.59883
9809.157327,1669.09446,-489.79648
9809.424097,1668.91648,-489.9952
9809.690648,1668.74,-490.19496
9809.956975,1668.56501,-490.39573
9810.223096,1668.39149,-490.5975
9810.489002,1668.21946,-490.80026
9810.754679,1668.04896,-491.00401
9811.020123,1667.88004,-491.20877
9811.285343,1667.71272,-491.41455
9811.550327,1667.547,-491.62132
9811.815081,1667.38287,-491.82906
9812.079623,1667.22032,-492.03777
9812.343924,1667.05938,-492.24742
9812.608006,1666.90002,-492.458
9812.871871,1666.74222,-492.66948
9813.135526,1666.58596,-492.88184
9813.398959,1666.43124,-493.09505
9813.662186,1666.27805,-493.30911
9813.925194,1666.12645,-493.52403
9814.187978,1665.97647,-493.73981
9814.45054,1665.82811,-493.95644
9814.712884,1665.68136,-494.1739
9814.975005,1665.53625,-494.39219
9815.236889,1665.39283,-494.61131
9815.49855,1665.25108,-494.83125
9815.759976,1665.11105,-495.05201
9816.021168,1664.97273,-495.27357
9816.282133,1664.8361,-495.49591
9816.542878,1664.70114,-495.71901
9816.803389,1664.56785,-495.94284
9817.063669,1664.43625,-496.1674
9817.323721,1664.30636,-496.39269
9817.58356,1664.17814,-496.61869
9817.843191,1664.05157,-496.84538
9818.10262,1663.9267,-497.07278
9818.361915,1663.80356,-497.30097
9818.62106,1663.68216,-497.52992
9818.880082,1663.56249,-497.75964
9819.139137,1663.44447,-497.99025
9819.398477,1663.32793,-498.22193
9819.65815,1663.21283,-498.4547
9819.918092,1663.09922,-498.6885
9820.1781,1662.9872,-498.92314
9820.438046,1662.87687,-499.15851
9820.697954,1662.7682,-499.39461
9820.957886,1662.66114,-499.63147
9821.217879,1662.55567,-499.86911
9821.477979,1662.45178,-500.10756
9821.738164,1662.34948,-500.34679
9821.998402,1662.24872,-500.58673
9822.258696,1662.14947,-500.82736
9822.519051,1662.05175,-501.06868
9822.779435,1661.95557,-501.31065
9823.039872,1661.86095,-501.55329
9823.300355,1661.76791,-501.79659
9823.560896,1661.6765,-502.04057
9823.821506,1661.58673,-502.28523
9824.082185,1661.4986,-502.53056
9824.34295,1661.4121,-502.77656
9824.603774,1661.3272,-503.02318
9824.864686,1661.24391,-503.27044
9825.125676,1661.1622,-503.51831
9825.386753,1661.08202,-503.76677
9825.647923,1661.00335,-504.01581
9825.909172,1660.92621,-504.26541
9826.170537,1660.8506,-504.5156
9826.43207,1660.77655,-504.76643
9826.693774,1660.70408,-505.0179
9826.955594,1660.63326,-505.26996
9827.217548,1660.5641,-505.52262
9827.479647,1660.49661,-505.77588
9827.741888,1660.4308,-506.02973
9828.004312,1660.36668,-506.2842
9828.266911,1660.30421,-506.53926
9828.529703,1660.24336,-506.79491
9828.792661,1660.18417,-507.05112
9829.055806,1660.1266,-507.30789
9829.319122,1660.07068,-507.5652
9829.582622,1660.01641,-507.82305
9829.846323,1659.9638,-508.08145
9830.110218,1659.91285,-508.34038
9830.374322,1659.86354,-508.59984
9830.638611,1659.8159,-508.8598
9830.9031,1659.76991,-509.12026
9831.167774,1659.72555,-509.38119
9831.432645,1659.68275,-509.64258
9831.697724,1659.6415,-509.90443
9831.962996,1659.60177,-510.16671
9832.228493,1659.56354,-510.42944
9832.494194,1659.52681,-510.69259
9832.760107,1659.49159,-510.95616
9833.026246,1659.45784,-511.22015
9833.292593,1659.42561,-511.48454
9833.55913,1659.39497,-511.74931
9833.825861,1659.36597,-512.01446
9834.092797,1659.33861,-512.27999
9834.359927,1659.3129,-512.54588
9834.627261,1659.28885,-512.81213
9834.894801,1659.26644,-513.07873
9835.162551,1659.24563,-513.34567
9835.430512,1659.2264,-513.61294
9835.698704,1659.20875,-513.88055
9835.967107,1659.19265,-514.14847
9836.23572,1659.17812,-514.41669
9836.504553,1659.16516,-514.68521
9836.773592,1659.15381,-514.95401
9837.042848,1659.14407,-515.22309
9837.312331,1659.13594,-515.49245
9837.582029,1659.12945,-515.76207
9837.851933,1659.12458,-516.03193
9838.122043,1659.12133,-516.30202
9838.392348,1659.11966,-516.57232
9838.662838,1659.11957,-516.84281
9838.933522,1659.12106,-517.11349
9839.2044,1659.12416,-517.38435
9839.475501,1659.12887,-517.65541
9839.746804,1659.1352,-517.92664
9840.018331,1659.14314,-518.19805
9840.290078,1659.15268,-518.46963
9840.562047,1659.16383,-518.74137
9840.834236,1659.17658,-519.01326
9841.106622,1659.1909,-519.28527
9841.379236,1659.2068,-519.55742
9841.652055,1659.22425,-519.82968
9841.925084,1659.24321,-520.10205
9842.198344,1659.26371,-520.37454
9842.471836,1659.28578,-520.64714
9842.745557,1659.3094,-520.91984
9843.01952,1659.33462,-521.19264
9843.293701,1659.3614,-521.46551
9843.568118,1659.38973,-521.73846
9843.842774,1659.41958,-522.01149
9844.117658,1659.45093,-522.28458
9844.392775,1659.48377,-522.55773
9844.668121,1659.51808,-522.83093
9844.943702,1659.55385,-523.10418
9845.2195,1659.5911,-523.37745
9845.49554,1659.62983,-523.65076
9845.771812,1659.67004,-523.92409
9846.048326,1659.71175,-524.19744
9846.32507,1659.75496,-524.47079
9846.602057,1659.79964,-524.74415
9846.879279,1659.84575,-525.01751
9847.156737,1659.89326,-525.29087
9847.434437,1659.94211,-525.56424
9847.7124,1659.99227,-525.83764
9847.990645,1660.0437,-526.11109
9848.269177,1660.09646,-526.38458
9848.548008,1660.15052,-526.65812
9848.82711,1660.20586,-526.93168
9849.106501,1660.2625,-527.20527
9849.386173,1660.32046,-527.47887
9849.666135,1660.37976,-527.75248
9849.946392,1660.44039,-528.0261
9850.226957,1660.50234,-528.29974
9850.507853,1660.5656,-528.57342
9850.789043,1660.63011,-528.84711
9851.070549,1660.69582,-529.12084
9851.352404,1660.76272,-529.39464
9851.634619,1660.8308,-529.66852
9851.917193,1660.90008,-529.94247
9852.200132,1660.97052,-530.2165
9852.483499,1661.04213,-530.49067
9852.767367,1661.11487,-530.76506
9853.051769,1661.18878,-531.03969
9853.336686,1661.26381,-531.31455
9853.622109,1661.33995,-531.58963
9853.908031,1661.41716,-531.86493
9854.19445,1661.49542,-532.14045
9854.481377,1661.57469,-532.41621
9854.768829,1661.65495,-532.69223
9855.056842,1661.73618,-532.96855
9855.345405,1661.81834,-533.24517
9855.634573,1661.90144,-533.52214
9855.924331,1661.98549,-533.79944
9856.214691,1662.07049,-534.07708
9856.505643,1662.15643,-534.35505
9856.797201,1662.24332,-534.63336
9857.089375,1662.33115,-534.91202
9857.382163,1662.41991,-535.19103
9857.675594,1662.50956,-535.47043
9857.969649,1662.6001,-535.7502
9858.264354,1662.69154,-536.03036
9858.559738,1662.78385,-536.31095
9858.855782,1662.87705,-536.59194
9859.152505,1662.97114,-536.87335
9859.449912,1663.06613,-537.15518
9859.748015,1663.16199,-537.43745
9860.046822,1663.25871,-537.72017
9860.34632,1663.35625,-538.00334
9860.646518,1663.4546,-538.28697
9860.947409,1663.55371,-538.57107
9861.249005,1663.65358,-538.85565
9861.55132,1663.75417,-539.14074
9861.854363,1663.85547,-539.42635
9862.158123,1663.95745,-539.71248
9862.462608,1664.0601,-539.99914
9862.767808,1664.16339,-540.28633
9863.073726,1664.2673,-540.57406
9863.380356,1664.37181,-540.86233
9863.687704,1664.47691,-541.15115
9863.995764,1664.58258,-541.44052
9864.304552,1664.68881,-541.73046
9864.614052,1664.79558,-542.02096
9864.924278,1664.90285,-542.31205
9865.235231,1665.01062,-542.60373
9865.546916,1665.11888,-542.89601
9865.859337,1665.22761,-543.1889
9866.172506,1665.33682,-543.48241
9866.486467,1665.4465,-543.77659
9866.801252,1665.55666,-544.07147
9867.116836,1665.66731,-544.36702
9867.433248,1665.77845,-544.66327
9867.750489,1665.89006,-544.96023
9868.06856,1666.00214,-545.2579
9868.387449,1666.11468,-545.55627
9868.707163,1666.22765,-545.85536
9869.027696,1666.34106,-546.15516
9869.349058,1666.45488,-546.45569
9869.671235,1666.5691,-546.75694
9869.994241,1666.68371,-547.05893
9870.318094,1666.7987,-547.36168
9870.642791,1666.91407,-547.66519
9870.968324,1667.02979,-547.96946
9871.294713,1667.14587,-548.27451
9871.621994,1667.2623,-548.58038
9871.950142,1667.37907,-548.88705
9872.279184,1667.49617,-549.19455
9872.60912,1667.6136,-549.50288
9872.939982,1667.73135,-549.81208
9873.271793,1667.84943,-550.12217
9873.60454,1667.96783,-550.43314
9873.938239,1668.08654,-550.74501
9874.272914,1668.20555,-551.05781
9874.608609,1668.32488,-551.37158
9874.945321,1668.44452,-551.68632
9875.28304,1668.56444,-552.00203
9875.621758,1668.68465,-552.3187
9875.961473,1668.80511,-552.63634
9876.302167,1668.92583,-552.95493
9876.64383,1669.0468,-553.27446
9876.986462,1669.168,-553.59494
9877.330055,1669.28943,-553.91636
9877.674618,1669.41109,-554.23873
9878.020151,1669.53298,-554.56205
9878.366694,1669.65511,-554.88636
9878.714268,1669.77748,-555.21168
9879.062891,1669.90009,-555.53803
9879.412567,1670.02293,-555.86542
9879.763293,1670.14601,-556.19384
9880.115053,1670.26929,-556.52329
9880.467829,1670.39277,-556.85375
9880.821641,1670.51645,-557.18524
9881.176446,1670.64032,-557.51772
9881.532264,1670.76438,-557.85121
9881.889064,1670.88865,-558.18567
9882.246855,1671.0131,-558.52112
9882.605603,1671.13774,-558.85752
9882.965342,1671.26256,-559.19491
9883.326088,1671.38758,-559.5333
9883.687848,1671.51279,-559.8727
9884.050615,1671.6382,-560.2131
9884.414389,1671.76381,-560.5545
9884.779142,1671.88959,-560.89688
9885.14483,1672.01555,-561.24019
9885.511541,1672.1417,-561.58452
9885.879285,1672.26804,-561.92988
9886.248057,1672.39456,-562.27627
9886.617869,1672.52126,-562.6237
9886.988685,1672.64815,-562.97213
9887.360502,1672.77522,-563.32156
9887.733355,1672.90246,-563.67203
9888.107243,1673.02987,-564.02354
9888.482098,1673.15744,-564.37602
9888.85792,1673.28517,-564.72947
9889.234667,1673.41305,-565.08385
9889.612356,1673.5411,-565.43917
9889.990886,1673.66927,-565.79534
9890.370257,1673.79759,-566.15235
9890.750526,1673.92609,-566.51025
9891.131681,1674.05476,-566.86903
9891.513779,1674.18363,-567.22874
9891.896854,1674.31272,-567.58941
9892.280955,1674.44203,-567.95109
9892.666135,1674.57158,-568.31383
9893.052403,1674.70137,-568.67764
9893.439753,1674.83138,-569.04252
9893.828189,1674.96162,-569.40847
9894.217689,1675.09206,-569.77548
9894.608209,1675.2227,-570.1435
9894.999731,1675.35352,-570.51252
9895.392244,1675.48454,-570.88252
9895.785709,1675.61576,-571.25346
9896.180144,1675.7472,-571.62535
9896.575507,1675.87885,-571.99815
9896.971807,1676.01074,-572.37186
9897.369059,1676.14288,-572.74649
9897.767261,1676.27527,-573.12204
9898.16642,1676.40793,-573.49851
9898.566565,1676.54086,-573.87593
9898.967694,1676.67408,-574.25429
9899.369808,1676.8076,-574.63359
9899.772883,1676.9414,-575.01381
9900.176917,1677.0755,-575.39494
9900.581873,1677.20988,-575.77695
9900.987765,1677.34455,-576.15985
9901.394596,1677.47952,-576.54364
9901.802373,1677.61478,-576.92833
9902.211076,1677.75033,-577.3139
9902.62074,1677.88619,-577.70038
9903.031305,1678.02232,-578.08772
9903.442784,1678.15873,-578.47593
9903.85515,1678.2954,-578.86499
9904.268387,1678.43233,-579.25488
9904.682498,1678.56951,-579.64561
9905.097456,1678.70694,-580.03715
9905.513297,1678.84461,-580.42954
9905.929999,1678.98252,-580.82276
9906.347596,1679.12068,-581.21684
9906.765942,1679.25902,-581.61165
9907.184431,1679.39734,-582.00662
9907.602774,1679.53553,-582.40148
9908.021081,1679.67361,-582.79634
9908.4395,1679.81163,-583.19134
9908.858149,1679.94963,-583.58659
9909.27715,1680.08764,-583.98221
9909.696541,1680.22566,-584.37824
9910.11639,1680.36372,-584.77474
9910.536809,1680.50185,-585.17182
9910.95792,1680.6401,-585.56959
9911.379759,1680.77847,-585.96809
9911.802328,1680.91696,-586.36732
9912.225657,1681.05558,-586.76731
9912.649762,1681.19432,-587.16808
9913.074657,1681.33319,-587.56964
9913.500347,1681.47221,-587.97199
9913.926823,1681.61135,-588.37513
9914.354072,1681.75063,-588.77904
9914.782073,1681.89004,-589.1837
9915.210854,1682.02958,-589.58914
9915.64044,1682.16927,-589.99538
9916.070854,1682.30912,-590.40244
9916.502089,1682.44911,-590.81032
9916.934179,1682.58926,-591.21905
9917.367103,1682.72956,-591.62861
9917.800852,1682.87001,-592.03899
9918.2354,1683.01059,-592.45017
9918.670747,1683.15133,-592.86214
9919.106877,1683.29221,-593.27489
9919.543772,1683.43326,-593.68839
9919.981448,1683.57447,-594.10266
9920.419888,1683.71585,-594.51768
9920.859093,1683.8574,-594.93345
9921.299073,1683.99915,-595.34997
9921.739836,1684.1411,-595.76725
9922.181365,1684.28325,-596.18527
9922.623649,1684.4256,-596.60402
9923.066679,1684.56815,-597.02349
9923.510455,1684.7109,-597.44368
9923.954999,1684.85386,-597.86461
9924.400302,1684.99703,-598.28627
9924.846367,1685.14042,-598.70866
9925.293191,1685.28402,-599.13178
9925.74078,1685.42785,-599.55563
9926.189166,1685.57192,-599.98024
9926.638348,1685.71623,-600.40561
9927.088315,1685.8608,-600.83172
9927.539073,1686.00562,-601.25858
9927.990605,1686.1507,-601.68617
9928.442912,1686.29604,-602.11449
9928.895997,1686.44165,-602.54354
9929.34987,1686.58753,-602.97333
9929.80448,1686.73367,-603.40381
9930.259839,1686.88008,-603.83499
9930.715932,1687.02677,-604.26685
9931.172772,1687.17372,-604.69941
9931.630374,1687.32095,-605.13268
9932.088722,1687.46844,-605.56665
9932.547823,1687.61621,-606.00132
9933.007662,1687.76424,-606.43668
9933.468259,1687.91254,-606.87275
9933.929603,1688.0611,-607.30952
9934.391702,1688.20992,-607.747
9934.854565,1688.35902,-608.18519
9935.31817,1688.50837,-608.62408
9935.782531,1688.65798,-609.06368
9936.247629,1688.80785,-609.50397
9936.713474,1688.95798,-609.94496
9937.180087,1689.10838,-610.38667
9937.647443,1689.25903,-610.82908
9938.115549,1689.40995,-611.27219
9938.58437,1689.56112,-611.71597
9939.053925,1689.71254,-612.16044
9939.524226,1689.86422,-612.60561
9939.995302,1690.01616,-613.05151
9940.467134,1690.16836,-613.49812
9940.939731,1690.32082,-613.94545
9941.413059,1690.47352,-614.39347
9941.887114,1690.62645,-614.84218
9942.361903,1690.77963,-615.29158
9942.837429,1690.93304,-615.74168
9943.313694,1691.08669,-616.19248
9943.790691,1691.24058,-616.64397
9944.268395,1691.3947,-617.09613
9944.746827,1691.54905,-617.54898
9945.225955,1691.70362,-618.00249
9945.7058,1691.85842,-618.45668
9946.186363,1692.01345,-618.91155
9946.667619,1692.16869,-619.36708
9947.149602,1692.32416,-619.8233
9947.632315,1692.47987,-620.28021
9948.115785,1692.63581,-620.73784
9948.6,1692.79198,-621.19618
9949.08494,1692.94837,-621.65521
9949.570584,1693.10498,-622.11491
9950.056912,1693.2618,-622.57526
9950.543932,1693.41883,-623.03627
9951.031658,1693.57608,-623.49795
9951.520104,1693.73354,-623.96032
9952.009265,1693.89122,-624.42337
9952.499121,1694.04912,-624.88708
9952.98966,1694.20723,-625.35144
9953.480864,1694.36555,-625.81643
9953.97276,1694.52408,-626.28208
9954.465346,1694.68284,-626.74838
9954.958624,1694.84184,-627.21533
9955.452597,1695.00106,-627.68294
9955.947337,1695.16054,-628.15127
9956.442813,1695.32028,-628.62029
9956.939058,1695.48029,-629.09003
9957.436068,1695.64059,-629.56048
9957.933828,1695.80116,-630.03163
9958.432319,1695.962,-630.50346
9958.931525,1696.12312,-630.97595
9959.431436,1696.28452,-631.44909
9959.93205,1696.44622,-631.92287
9960.433351,1696.6082,-632.39728
9960.935326,1696.77048,-632.8723
9961.437978,1696.93304,-633.34794
9961.941317,1697.09591,-633.8242
9962.445374,1697.2591,-634.30111
9962.950132,1697.42261,-634.77865
9963.455608,1697.58644,-635.25684
9963.961787,1697.7506,-635.73566
9964.468637,1697.91508,-636.21508
9964.976184,1698.0799,-636.69512
9965.484406,1698.24505,-637.17576
9965.993289,1698.41052,-637.65699
9966.502842,1698.57633,-638.13881
9967.01305,1698.74247,-638.62121
9967.523907,1698.90895,-639.10418
9968.035434,1699.07577,-639.58774
9968.547651,1699.24294,-640.07191
9969.060575,1699.41048,-640.5567
9969.574225,1699.57839,-641.04213
9970.088581,1699.74667,-641.52818
9970.603642,1699.91534,-642.01484
9971.119378,1700.08437,-642.50209
9971.635796,1700.25378,-642.98993
9972.152877,1700.42354,-643.47835
9972.670608,1700.59367,-643.96733
9973.188996,1700.76416,-644.45688
9973.708041,1700.93501,-644.947
9974.227742,1701.10622,-645.43769
9974.748119,1701.27779,-645.92897
9975.269169,1701.44971,-646.42084
9975.790862,1701.62198,-646.91327
9976.3132,1701.79457,-647.40627
9976.836206,1701.9675,-647.89986
9977.359879,1702.14076,-648.39404
9977.884198,1702.31435,-648.88879
9978.409158,1702.48825,-649.38411
9978.934734,1702.66244,-649.87998
9979.460902,1702.83691,-650.37638
9979.987672,1703.01166,-650.87332
9980.515041,1703.18668,-651.3708
9981.043041,1703.36198,-651.86885
9981.571672,1703.53756,-652.36747
9982.100933,1703.71342,-652.86666
9982.630784,1703.88955,-653.36638
9983.161243,1704.06595,-653.86665
9983.692314,1704.24263,-654.36747
9984.223804,1704.41952,-654.86866
9984.755175,1704.59645,-655.36971
9985.28632,1704.77338,-655.87052
9985.817498,1704.95041,-656.37133
9986.348773,1705.12756,-656.8722
9986.880046,1705.30479,-657.37304
9987.411466,1705.48215,-657.87399
9987.943169,1705.65968,-658.37518
9988.475339,1705.83745,-658.87678
9989.008032,1706.01546,-659.37885
9989.541205,1706.19372,-659.88134
9990.074856,1706.3722,-660.38426
9990.609021,1706.55092,-660.88764
9991.143741,1706.72989,-661.39152
9991.679053,1706.90911,-661.89594
9992.214943,1707.08859,-662.40088
9992.751418,1707.26833,-662.90635
9993.288487,1707.44832,-663.41236
9993.826151,1707.62857,-663.91891
9994.36443,1707.80908,-664.42602
9994.903321,1707.98984,-664.93369
9995.44282,1708.17087,-665.44191
9995.982921,1708.35215,-665.95068
9996.523634,1708.53368,-666.46001
9997.064933,1708.71547,-666.96987
9997.606825,1708.89751,-667.48027
9998.149316,1709.07979,-667.99122
9998.692383,1709.26233,-668.50269
9999.236031,1709.44511,-669.01469
9999.780255,1709.62815,-669.52721
10000.32505,1709.81144,-670.04025
10000.87041,1709.99499,-670.55379
10001.41634,1710.17879,-671.06785
10001.96282,1710.36285,-671.5824
10002.50986,1710.54716,-672.09746
10003.05744,1710.73172,-672.613
10003.60557,1710.91654,-673.12903
10004.15424,1711.1016,-673.64555
10004.70342,1711.2869,-674.16252
10005.25306,1711.47241,-674.67991
10005.80316,1711.65814,-675.19771
10006.35356,1711.84404,-675.71576
10006.90419,1712.03007,-676.23401
10007.45488,1712.21618,-676.7523
10008.00558,1712.40236,-677.27058
10008.55627,1712.5886,-677.78882
10009.10693,1712.77488,-678.30701
10009.65744,1712.96118,-678.82504
10010.20775,1713.14749,-679.34285
10010.75769,1713.33373,-679.8603
10011.30719,1713.51989,-680.3773
10011.85606,1713.70591,-680.89369
10012.40419,1713.89174,-681.40936
10012.95159,1714.0774,-681.92431
10013.49822,1714.26286,-682.43852
10014.04406,1714.44812,-682.95196
10014.58904,1714.63314,-683.46457
10015.13312,1714.81792,-683.97631
10015.67626,1715.00243,-684.48715
10016.21841,1715.18668,-684.99703
10016.75952,1715.37063,-685.50592
10017.29957,1715.55431,-686.01377
10017.83854,1715.73769,-686.52058
10018.37639,1715.92078,-687.02631
10018.91311,1716.10357,-687.53095
10019.44864,1716.28602,-688.03444
10019.98296,1716.46815,-688.53676
10020.51606,1716.64995,-689.0379
10021.04795,1716.83142,-689.53788
10021.57862,1717.01256,-690.03667
10022.10803,1717.19335,-690.53426
10022.63618,1717.3738,-691.03063
10023.16307,1717.5539,-691.52578
10023.68865,1717.73364,-692.01967
10024.21292,1717.91302,-692.5123
10024.73582,1718.09203,-693.0036
10025.25703,1718.27055,-693.49329
10025.77654,1718.44858,-693.98134
10026.29471,1718.62625,-694.4681
10026.81164,1718.80361,-694.95365
10027.32736,1718.98066,-695.43802
10027.84201,1719.15746,-695.92135
10028.35548,1719.33395,-696.40354
10028.86758,1719.51008,-696.8844
10029.37821,1719.6858,-697.36384
10029.88739,1719.86112,-697.84188
10030.39518,1720.03607,-698.31859
10030.90163,1720.21064,-698.794
10031.4067,1720.38482,-699.26808
10031.91034,1720.55861,-699.74079
10032.41254,1720.732,-700.21211
10032.91325,1720.90498,-700.68199
10033.4125,1721.07755,-701.15046
10033.91024,1721.24972,-701.61748
10034.4065,1721.42149,-702.08306
10034.90127,1721.59285,-702.54721
10035.39453,1721.76381,-703.0099
10035.88628,1721.93437,-703.47112
10036.37652,1722.1045,-703.93089
10036.86524,1722.27421,-704.3892
10037.35244,1722.44349,-704.84605
10037.83816,1722.61235,-705.30147
10038.3224,1722.78079,-705.75547
10038.80512,1722.94878,-706.20802
10039.28633,1723.11632,-706.65912
10039.76603,1723.28341,-707.10878
10040.2442,1723.45004,-707.55698
10040.72089,1723.61622,-708.00376
10041.19609,1723.78194,-708.44913
10041.66981,1723.9472,-708.89309
10042.14205,1724.11199,-709.33564
10042.61278,1724.2763,-709.77676
10043.08201,1724.44013,-710.21646
10043.54975,1724.60348,-710.65475
10044.01603,1724.76636,-711.09166
10044.4808,1724.92874,-711.52714
10044.94407,1725.09064,-711.9612
10045.40583,1725.25204,-712.39383
10045.86601,1725.41292,-712.82498
10046.32467,1725.5733,-713.25468
10046.78173,1725.73316,-713.68288
10047.23728,1725.89252,-714.10964
10047.69124,1726.05135,-714.53491
10048.14367,1726.20969,-714.95873
10048.59455,1726.36752,-715.38108
10049.04387,1726.52485,-715.80196
10049.49167,1726.68166,-716.2214
10049.9379,1726.83797,-716.63936
10050.38259,1726.99377,-717.05586
10050.82574,1727.14906,-717.47091
10051.26743,1727.30389,-717.88458
10051.70748,1727.45816,-718.2967
10052.14574,1727.61184,-718.70713
10052.58219,1727.76492,-719.11586
10053.01696,1727.91743,-719.523
10053.45019,1728.06944,-719.92869
10053.88195,1728.22097,-720.33298
10054.31225,1728.37202,-720.7359
10054.74107,1728.52259,-721.13742
10055.16839,1728.67267,-721.53751
10055.59419,1728.82225,-721.93617
10056.01838,1728.97132,-722.33331
10056.44087,1729.11983,-722.72884
10056.86168,1729.26779,-723.12278
10057.28088,1729.41522,-723.5152
10057.69857,1729.56215,-723.90619
10058.11477,1729.7086,-724.29577
10058.52951,1729.85458,-724.68397
10058.94277,1730.00009,-725.07077
10059.35457,1730.14512,-725.45619
10059.76493,1730.28968,-725.84024
10060.17387,1730.43379,-726.22295
10060.58145,1730.57745,-726.60437
10060.98773,1730.72068,-726.98456
10061.39273,1730.8635,-727.36355
10061.79652,1731.00592,-727.74139
10062.19908,1731.14794,-728.11806
10062.6004,1731.28954,-728.49357
10063.00048,1731.43072,-728.86791
10063.39931,1731.57149,-729.24107
10063.79692,1731.71184,-729.61309
10064.1933,1731.85178,-729.98395
10064.58847,1731.99131,-730.35366
10064.9824,1732.13042,-730.72221
10065.3751,1732.26911,-731.08961
10065.76658,1732.40738,-731.45586
10066.15682,1732.54523,-731.82094
10066.54582,1732.68264,-732.18486
10066.93354,1732.81962,-732.54758
10067.32002,1732.95616,-732.90913
10067.70523,1733.09227,-733.2695
10068.08922,1733.22795,-733.62872
10068.47199,1733.36321,-733.98679
10068.85353,1733.49803,-734.34372
10069.23387,1733.63243,-734.69952
10069.61301,1733.7664,-735.0542
10069.99093,1733.89993,-735.40774
10070.36765,1734.03303,-735.76017
10070.74317,1734.1657,-736.11147
10071.11749,1734.29793,-736.46166
10071.49066,1734.42974,-736.81077
10071.86264,1734.56111,-737.15878
10072.23345,1734.69205,-737.50571
10072.60312,1734.82256,-737.85157
10072.9716,1734.95263,-738.19633
10073.33889,1735.08225,-738.53999
10073.705,1735.21142,-738.88256
10074.06995,1735.34015,-739.22405
10074.43376,1735.46844,-739.56449
10074.79643,1735.5963,-739.90387
10075.15792,1735.7237,-740.24217
10075.51826,1735.85066,-740.5794
10075.87742,1735.97716,-740.91555
10076.23538,1736.10318,-741.25059
10076.59213,1736.2287,-741.58453
10076.94768,1736.35374,-741.91737
10077.30209,1736.47831,-742.24916
10077.65534,1736.6024,-742.5799
10078.0074,1736.726,-742.90955
10078.35831,1736.8491,-743.23816
10078.70805,1736.97171,-743.5657
10079.05663,1737.09382,-743.8922
10079.40405,1737.21542,-744.21764
10079.75029,1737.33652,-744.54201
10080.09538,1737.45712,-744.86534
10080.43937,1737.57725,-745.18767
10080.78228,1737.69691,-745.50903
10081.12409,1737.81609,-745.82939
10081.46481,1737.93481,-746.14876
10081.80447,1738.05307,-746.46716
10082.14308,1738.17089,-746.78461
10082.48064,1738.28828,-747.10111
10082.81719,1738.40525,-747.41667
10083.15271,1738.5218,-747.7313
10083.48723,1738.63795,-748.04501
10083.82073,1738.75368,-748.35779
10084.15323,1738.86901,-748.66964
10084.48473,1738.98395,-748.98058
10084.81525,1739.09848,-749.29062
10085.14479,1739.21263,-749.59976
10085.47336,1739.32639,-749.90801
10085.80098,1739.43978,-750.21538
10086.12763,1739.55278,-750.52186
10086.45331,1739.66539,-750.82745
10086.77801,1739.77762,-751.13214
10087.10174,1739.88946,-751.43594
10087.42449,1740.00091,-751.73884
10087.74626,1740.11197,-752.04083
10088.06705,1740.22264,-752.34193
10088.38689,1740.33292,-752.64215
10088.70579,1740.44283,-752.94151
10089.02381,1740.55237,-753.24007
10089.34068,1740.66145,-753.53758
10089.65623,1740.77003,-753.83386
10089.97044,1740.87808,-754.12891
10090.28346,1740.98566,-754.42286
10090.59561,1741.09285,-754.71603
10090.90685,1741.19962,-755.00838
10091.21723,1741.30595,-755.29998
10091.52678,1741.41185,-755.59085
10091.8355,1741.51733,-755.88099
10092.14328,1741.62235,-756.1703
10092.45006,1741.7269,-756.45872
10092.75585,1741.83095,-756.74626
10093.0607,1741.93455,-757.03297
10093.36471,1742.03773,-757.31893
10093.66787,1742.14051,-757.60414
10093.97015,1742.24282,-757.88858
10094.27156,1742.34467,-758.17226
10094.57206,1742.44605,-758.45514
10094.87168,1742.54698,-758.73725
10095.17045,1742.64747,-759.01861
10095.46838,1742.74754,-759.29923
10095.7655,1742.84719,-759.57914
10096.06183,1742.94643,-759.85836
10096.3574,1743.04527,-760.13691
10096.6522,1743.14374,-760.41478
10096.94622,1743.24183,-760.69196
10097.23944,1743.33952,-760.96843
10097.53183,1743.43678,-761.24416
10097.82332,1743.53361,-761.5191
10098.1139,1743.62997,-761.79324
10098.40358,1743.72587,-762.06659
10098.69241,1743.82132,-762.33919
10098.98043,1743.91633,-762.61109
10099.26763,1744.01089,-762.88227
10099.55402,1744.10502,-763.15275
10099.83962,1744.19872,-763.42254
10100.12444,1744.29203,-763.69165
10100.40852,1744.38496,-763.9601
10100.69186,1744.47753,-764.22789
10100.97444,1744.56973,-764.495
10101.25623,1744.66155,-764.76141
10101.53722,1744.753,-765.0271
10101.81744,1744.84408,-765.29211
10102.09689,1744.93482,-765.55642
10102.37561,1745.02522,-765.82007
10102.6536,1745.11531,-766.08306
10102.93085,1745.20506,-766.34538
10103.20736,1745.29449,-766.60703
10103.48313,1745.3836,-766.868
10103.75814,1745.47239,-767.12829
10104.03242,1745.56086,-767.38791
10104.30598,1745.64902,-767.64687
10104.57879,1745.73686,-767.90515
10104.85082,1745.82435,-768.16273
10105.12208,1745.91151,-768.4196
10105.39255,1745.99832,-768.67577
10105.66229,1746.08479,-768.93127
10105.93131,1746.17095,-769.18612
10106.19961,1746.25678,-769.44032
10106.4672,1746.3423,-769.69388
10106.73406,1746.4275,-769.94677
10107.00019,1746.51236,-770.19901
10107.26559,1746.59689,-770.45059
10107.53028,1746.6811,-770.70152
10107.79424,1746.76498,-770.9518
10108.05749,1746.84852,-771.20144
10108.31998,1746.93172,-771.4504
10108.58173,1747.01455,-771.6987
10108.84272,1747.09701,-771.94632
10109.10295,1747.17909,-772.19327
10109.36246,1747.26078,-772.43958
10109.62121,1747.34207,-772.68523
10109.87923,1747.42292,-772.93026
10110.13656,1747.50336,-773.17469
10110.39319,1747.58339,-773.41852
10110.64909,1747.66298,-773.66173
10110.90428,1747.74215,-773.90433
10111.15874,1747.82087,-774.14631
10111.4125,1747.89914,-774.3877
10111.66556,1747.97696,-774.62849
10111.91792,1748.05432,-774.8687
10112.16955,1748.13117,-775.10831
10112.42045,1748.2075,-775.34732
10112.67057,1748.28322,-775.5857
10112.91992,1748.35827,-775.82349
10113.16855,1748.43265,-776.06073
10113.41646,1748.50637,-776.29743
10113.66369,1748.57942,-776.53362
10113.91027,1748.6518,-776.76934
10114.1562,1748.72351,-777.00458
10114.40146,1748.79454,-777.23933
10114.64607,1748.86489,-777.47361
10114.88997,1748.9345,-777.70736
10115.13316,1749.00335,-777.9406
10115.37566,1749.07142,-778.17335
10115.61744,1749.13863,-778.4056
10115.85849,1749.2049,-778.63736
10116.09884,1749.27022,-778.86867
10116.33851,1749.33459,-779.09953
10116.57751,1749.39802,-779.32996
10116.81585,1749.46052,-779.55996
10117.05355,1749.5221,-779.78955
10117.2906,1749.58272,-780.01871
10117.52695,1749.64236,-780.24741
10117.76262,1749.70093,-780.47569
10117.99761,1749.75837,-780.70355
10118.23193,1749.81467,-780.93101
10118.46558,1749.86981,-781.15806
10118.69855,1749.9238,-781.38469
10118.93088,1749.97665,-781.61092
10119.16257,1750.02842,-781.83676
10119.39366,1750.07917,-782.06221
10119.62413,1750.12892,-782.28724
10119.85399,1750.17768,-782.51187
10120.08323,1750.22542,-782.73608
10120.31183,1750.27208,-782.95987
10120.53979,1750.31761,-783.18324
10120.7671,1750.36192,-783.40619
10120.99375,1750.40496,-783.62871
10121.21976,1750.44672,-783.85083
10121.44515,1750.48728,-784.07254
10121.66995,1750.52668,-784.29386
10121.89419,1750.565,-784.51481
10122.11788,1750.60226,-784.73537
10122.34099,1750.63847,-784.95552
10122.56349,1750.67356,-785.17524
10122.78541,1750.70751,-785.39455
10123.00675,1750.74034,-785.61344
10123.22749,1750.772,-785.83189
10123.4476,1750.80244,-786.04989
10123.66713,1750.83168,-786.26746
10123.88605,1750.85971,-786.48458
10124.10439,1750.88648,-786.70127
10124.32214,1750.91199,-786.91753
10124.53933,1750.93625,-787.13336
10124.75598,1750.95926,-787.34878
10124.9721,1750.98103,-787.5638
10125.1877,1751.00153,-787.77842
10125.40277,1751.02073,-787.99264
10125.61733,1751.03859,-788.20645
10125.83134,1751.05511,-788.41982
10126.0448,1751.07029,-788.63274
10126.25772,1751.08414,-788.84521
10126.47013,1751.09668,-789.05725
10126.68205,1751.10799,-789.26887
10126.89352,1751.11815,-789.48009
10127.10452,1751.12718,-789.6909
10127.31504,1751.135,-789.90128
10127.52508,1751.14157,-790.11121
10127.73463,1751.1468,-790.3207
10127.94366,1751.15063,-790.52969
10128.15215,1751.15298,-790.73817
10128.36012,1751.15383,-790.94614
10128.56756,1751.15316,-791.15358
10128.77448,1751.15098,-791.36049
10128.98091,1751.14729,-791.56688
10129.18683,1751.1421,-791.77274
10129.39225,1751.13539,-791.97805
10129.59718,1751.12716,-792.18281
10129.80163,1751.11747,-792.38703
10130.00559,1751.10638,-792.59069
10130.20909,1751.09393,-792.79381
10130.41211,1751.0801,-792.99636
10130.61468,1751.0649,-793.19836
10130.81679,1751.04839,-793.39979
10131.01843,1751.03052,-793.60064
10131.2196,1751.01127,-793.80088
10131.4203,1750.99065,-794.00052
10131.62052,1750.96867,-794.19953
10131.82027,1750.94531,-794.39791
10132.01953,1750.92056,-794.59563
10132.21832,1750.89434,-794.79268
10132.41659,1750.8666,-794.989
10132.61436,1750.83728,-795.18459
10132.81164,1750.80638,-795.37943
10133.00843,1750.77389,-795.57352
10133.20474,1750.73983,-795.76685
10133.40056,1750.70421,-795.95941
10133.59592,1750.66706,-796.1512
10133.79081,1750.62844,-796.34223
10133.98527,1750.58844,-796.53253
10134.17931,1750.5471,-796.72211
10134.37291,1750.50448,-796.91096
10134.56607,1750.46059,-797.09907
10134.75881,1750.41541,-797.28644
10134.9511,1750.36892,-797.47303
10135.14295,1750.3211,-797.65882
10135.33434,1750.27191,-797.84378
10135.52527,1750.22132,-798.02789
10135.71572,1750.16931,-798.2111
10135.90567,1750.11582,-798.39336
10136.09511,1750.06081,-798.57464
10136.28405,1750.00425,-798.75491
10136.47249,1749.94614,-798.93417
10136.66047,1749.88649,-799.11244
10136.84799,1749.82534,-799.2897
10137.03504,1749.76271,-799.46596
10137.22166,1749.69867,-799.64125
10137.40786,1749.63329,-799.81559
10137.59367,1749.56663,-799.98903
10137.77908,1749.49876,-800.16157
10137.96408,1749.4297,-800.3332
10138.14868,1749.35948,-800.50392
10138.33286,1749.28814,-800.67373
10138.51663,1749.2157,-800.84262
10138.69997,1749.14212,-801.01054
10138.88282,1749.06729,-801.17738
10139.06518,1748.99111,-801.34306
10139.24699,1748.91349,-801.50747
10139.42827,1748.83435,-801.67057
10139.60906,1748.75369,-801.83236
10139.78936,1748.67156,-801.99287
10139.96921,1748.58799,-802.15213
10140.14863,1748.50304,-802.31016
10140.32763,1748.41679,-802.46701
10140.50624,1748.32941,-802.62279
10140.6845,1748.241,-802.77758
10140.8624,1748.15164,-802.93141
10141.03997,1748.06138,-803.08433
10141.21719,1747.97023,-803.23631
10141.39405,1747.87818,-803.38733
10141.57056,1747.78517,-803.53734
10141.74671,1747.6912,-803.68633
10141.92249,1747.5962,-803.83423
10142.09789,1747.50004,-803.98093
10142.27293,1747.40259,-804.12633
10142.44759,1747.30378,-804.27035
10142.62187,1747.20358,-804.41295
10142.7958,1747.10192,-804.55408
10142.96939,1746.99881,-804.69372
10143.14263,1746.89429,-804.83188
10143.31556,1746.78838,-804.96858
10143.48817,1746.68116,-805.10385
10143.66047,1746.57271,-805.23775
10143.83248,1746.4631,-805.37031
10144.0042,1746.35237,-805.50156
10144.17562,1746.24057,-805.6315
10144.34675,1746.1277,-805.76013
10144.51757,1746.0138,-805.88744
10144.68812,1745.89889,-806.01346
10144.85839,1745.783,-806.13821
10145.02841,1745.66619,-806.26175
10145.19817,1745.54846,-806.38406
10145.36769,1745.42982,-806.50514
10145.53696,1745.31031,-806.62501
10145.70598,1745.18992,-806.74364
10145.87476,1745.06866,-806.86104
10146.04328,1744.94655,-806.97719
10146.21155,1744.82358,-807.09204
10146.37956,1744.69972,-807.20556
10146.5473,1744.57498,-807.31771
10146.71478,1744.44934,-807.42845
10146.882,1744.32281,-807.53778
10147.04897,1744.19536,-807.64565
10147.21569,1744.06698,-807.75202
10147.38218,1743.93766,-807.85687
10147.54842,1743.80741,-807.96018
10147.71444,1743.67626,-808.06197
10147.88024,1743.54422,-808.16225
10148.04584,1743.41137,-808.2611
10148.21123,1743.27775,-808.35857
10148.37644,1743.14339,-808.45471
10148.54146,1743.00834,-808.54954
10148.7063,1742.87264,-808.64313
10148.87097,1742.73631,-808.73549
10149.03547,1742.59939,-808.82665
10149.19977,1742.46188,-808.91658
10149.36389,1742.32378,-809.00526
10149.52783,1742.18509,-809.09268
10149.69159,1742.04584,-809.17885
10149.85517,1741.90602,-809.26375
10150.01857,1741.76565,-809.3474
10150.1818,1741.62472,-809.42975
10150.34485,1741.48323,-809.51078
10150.50773,1741.34119,-809.59049
10150.67044,1741.19862,-809.66891
10150.83298,1741.05554,-809.74603
10150.99536,1740.91197,-809.82189
10151.15759,1740.76791,-809.89648
10151.31965,1740.62338,-809.9698
10151.48159,1740.47837,-810.04189
10151.64349,1740.33285,-810.11285
10151.80538,1740.18681,-810.18272
10151.9673,1740.04027,-810.25158
10152.12955,1739.89298,-810.31964
10152.29235,1739.74481,-810.38708
10152.45573,1739.59575,-810.45399
10152.61969,1739.44584,-810.52038
10152.7841,1739.29518,-810.58621
10152.94882,1739.14392,-810.65141
10153.11373,1738.99218,-810.71599
10153.27872,1738.84008,-810.77993
10153.44385,1738.6876,-810.84331
10153.60926,1738.53461,-810.9062
10153.7751,1738.38099,-810.96867
10153.94144,1738.22666,-811.03075
10154.10832,1738.0716,-811.09242
10154.27573,1737.91578,-811.15363
10154.44365,1737.7592,-811.21431
10154.61203,1737.6019,-811.27436
10154.78084,1737.44389,-811.33378
10154.95008,1737.28518,-811.39255
10155.11976,1737.12578,-811.4507
10155.28986,1736.9657,-811.50824
10155.46042,1736.80494,-811.56522
10155.63144,1736.64351,-811.62167
10155.80291,1736.48143,-811.67764
10155.97486,1736.31871,-811.7332
10156.14728,1736.15534,-811.78834
10156.32016,1735.99136,-811.8431
10156.49351,1735.82676,-811.89748
10156.66734,1735.66153,-811.95148
10156.84165,1735.49567,-812.00509
10157.01645,1735.32917,-812.0583
10157.19177,1735.16199,-812.11112
10157.36764,1734.99412,-812.16356
10157.54408,1734.82554,-812.21563
10157.72112,1734.65622,-812.26732
10157.89874,1734.48617,-812.31863
10158.07694,1734.3154,-812.36955
10158.25573,1734.1439,-812.42008
10158.43508,1733.97169,-812.4702
10158.61498,1733.79879,-812.5199
10158.79543,1733.62521,-812.56919
10158.97639,1733.45097,-812.61808
10159.1579,1733.27607,-812.66659
10159.33997,1733.10049,-812.71476
10159.52259,1732.92424,-812.76259
10159.70583,1732.74727,-812.81011
10159.88969,1732.56957,-812.85731
10160.07419,1732.39113,-812.90419
10160.25932,1732.21195,-812.95075
10160.44508,1732.03204,-812.99703
10160.63145,1731.85144,-813.04301
10160.8184,1731.67016,-813.08873
10161.00594,1731.48821,-813.13416
10161.19406,1731.30559,-813.17932
10161.38278,1731.12228,-813.2242
10161.57215,1730.93824,-813.26879
10161.76218,1730.75344,-813.31309
10161.95291,1730.56785,-813.35707
10162.14434,1730.38147,-813.40073
10162.33646,1730.1943,-813.44409
10162.52927,1730.00636,-813.48713
10162.72275,1729.81766,-813.52987
10162.91689,1729.62822,-813.57232
10163.11168,1729.43805,-813.61449
10163.30712,1729.24715,-813.65639
10163.50323,1729.05552,-813.69805
10163.70001,1728.86315,-813.73948
10163.89748,1728.67003,-813.78069
10164.09561,1728.47618,-813.82169
10164.29444,1728.28158,-813.86248
10164.49396,1728.08624,-813.90308
10164.69418,1727.89014,-813.94348
10164.89508,1727.6933,-813.9837
10165.0967,1727.4957,-814.02374
10165.29903,1727.29734,-814.06361
10165.50208,1727.09821,-814.10332
10165.70585,1726.89831,-814.14285
10165.91037,1726.69762,-814.18223
10166.11563,1726.49614,-814.22144
10166.32162,1726.29388,-814.26051
10166.52836,1726.09084,-814.29942
10166.73583,1725.88702,-814.33817
10166.94404,1725.68242,-814.37679
10167.15298,1725.47706,-814.41527
10167.36263,1725.27094,-814.45362
10167.57303,1725.06405,-814.49184
10167.78414,1724.8564,-814.52995
10167.99597,1724.64801,-814.56795
10168.20853,1724.43886,-814.60585
10168.42179,1724.22897,-814.64365
10168.63577,1724.01834,-814.68135
10168.85047,1723.80696,-814.71896
10169.06589,1723.59483,-814.75647
10169.28203,1723.38195,-814.79388
10169.49889,1723.16832,-814.83118
10169.71652,1722.9539,-814.86838
10169.93492,1722.73868,-814.9055
10170.15405,1722.52269,-814.94252
10170.37396,1722.30591,-814.97947
10170.59463,1722.08834,-815.01635
10170.81607,1721.86999,-815.05316
10171.03826,1721.65085,-815.0899
10171.26121,1721.43094,-815.12657
10171.48493,1721.21023,-815.16316
10171.70945,1720.9887,-815.19968
10171.93479,1720.76633,-815.23614
10172.16101,1720.54306,-815.27255
10172.38811,1720.31889,-815.30889
10172.61609,1720.09381,-815.34517
10172.84496,1719.86783,-815.3814
10173.07471,1719.64095,-815.41758
10173.30531,1719.4132,-815.45372
10173.53671,1719.18463,-815.48982
10173.76889,1718.95527,-815.52589
10174.00189,1718.72507,-815.56195
10174.23573,1718.49403,-815.59798
10174.47041,1718.26213,-815.63399
10174.70594,1718.02936,-815.66998
10174.94235,1717.79571,-815.70596
10175.1796,1717.5612,-815.74194
10175.41766,1717.32588,-815.77793
10175.65654,1717.08973,-815.81393
10175.89623,1716.85276,-815.84995
10176.1367,1716.615,-815.88598
10176.378,1716.37641,-815.92204
10176.6201,1716.13702,-815.95814
10176.86302,1715.8968,-815.99428
10177.10675,1715.65577,-816.03047
10177.3513,1715.41392,-816.06672
10177.59669,1715.17124,-816.10303
10177.84294,1714.92769,-816.13941
10178.09005,1714.68328,-816.17586
10178.33803,1714.438,-816.21238
10178.58686,1714.19188,-816.24899
10178.83655,1713.9449,-816.28568
10179.08713,1713.69704,-816.32248
10179.33857,1713.44832,-816.35938
10179.59088,1713.19874,-816.39639
10179.84408,1712.94828,-816.43352
10180.09817,1712.69693,-816.47077
10180.35319,1712.44467,-816.50815
10180.60912,1712.1915,-816.54567
10180.86594,1711.93746,-816.58334
10181.12365,1711.68254,-816.62117
10181.38225,1711.42675,-816.65915
10181.64175,1711.17007,-816.6973
10181.90216,1710.91249,-816.73561
10182.16349,1710.65401,-816.7741
10182.42575,1710.39462,-816.81276
10182.68894,1710.13431,-816.8516
10182.95305,1709.87309,-816.89061
10183.21812,1709.61094,-816.92981
10183.4841,1709.34789,-816.9692
10183.75102,1709.08392,-817.00878
10184.01889,1708.81902,-817.04857
10184.28773,1708.55318,-817.08857
10184.55748,1708.28644,-817.12878
10184.82815,1708.0188,-817.16919
10185.09975,1707.75026,-817.20982
10185.37223,1707.48085,-817.25064
10185.6456,1707.21058,-817.29167
10185.91987,1706.93943,-817.33291
10186.19501,1706.66743,-817.37435
10186.47106,1706.39454,-817.416
10186.74802,1706.12076,-817.45787
10187.02594,1705.84605,-817.49996
10187.30481,1705.57041,-817.54227
10187.58463,1705.29384,-817.58482
10187.86542,1705.01633,-817.6276
10188.14713,1704.73792,-817.67062
10188.42978,1704.4586,-817.71387
10188.71334,1704.1784,-817.75736
10188.99781,1703.89731,-817.80108
10189.28319,1703.61533,-817.84504
10189.5695,1703.33246,-817.88925
10189.85675,1703.04867,-817.9337
10190.14494,1702.76396,-817.9784
10190.4341,1702.47832,-818.02334
10190.72421,1702.19175,-818.06853
10191.01528,1701.90425,-818.11397
10191.30731,1701.61581,-818.15966
10191.60029,1701.32646,-818.20561
10191.8942,1701.0362,-818.25179
10192.18905,1700.74503,-818.29821
10192.48482,1700.45296,-818.34488
10192.78151,1700.16,-818.39179
10193.07911,1699.86616,-818.43894
10193.37762,1699.57144,-818.48633
10193.67703,1699.27584,-818.53395
10193.97737,1698.97934,-818.5818
10194.27863,1698.68194,-818.62988
10194.58081,1698.38364,-818.6782
10194.88394,1698.08443,-818.72673
10195.18798,1697.78432,-818.77548
10195.4929,1697.48336,-818.82445
10195.79823,1697.182,-818.87355
10196.10352,1696.8807,-818.92272
10196.40896,1696.57926,-818.972
10196.71482,1696.27742,-819.02141
10197.02095,1695.97532,-819.07095
10197.32709,1695.67323,-819.12056
10197.63319,1695.37119,-819.17024
10197.93952,1695.06893,-819.22004
10198.24643,1694.76611,-819.27
10198.55408,1694.46258,-819.32014
10198.86254,1694.15825,-819.37048
10199.17178,1693.85317,-819.42099
10199.48179,1693.54733,-819.4717
10199.7926,1693.24072,-819.52261
10200.10424,1692.9333,-819.57372
10200.41673,1692.62505,-819.62503
10200.73007,1692.31597,-819.67655
10201.04424,1692.00609,-819.72826
10201.35919,1691.69544,-819.78016
10201.67498,1691.38398,-819.83225
10201.99163,1691.07168,-819.88453
10202.30911,1690.75856,-819.937
10202.62752,1690.44454,-819.98967
10202.94684,1690.12962,-820.04253
10203.26712,1689.81377,-820.0956
10203.58835,1689.49699,-820.14887
10203.91054,1689.17927,-820.20235
10204.23372,1688.86058,-820.25603
10204.55786,1688.54095,-820.30991
10204.88301,1688.22033,-820.36399
10205.20921,1687.89868,-820.41829
10205.53642,1687.57604,-820.47279
10205.86464,1687.25241,-820.52749
10206.19383,1686.92783,-820.58238
10206.52399,1686.60229,-820.63746
10206.85514,1686.27579,-820.69273
10207.18725,1685.94834,-820.74819
10207.52032,1685.61995,-820.80383
10207.85433,1685.29064,-820.85965
10208.18926,1684.96042,-820.91564
10208.52513,1684.62928,-820.97182
10208.86201,1684.29716,-821.0282
10209.19988,1683.96406,-821.08478
10209.53879,1683.62994,-821.14157
10209.87877,1683.29477,-821.19858
10210.21984,1682.95854,-821.25579
10210.56197,1682.62126,-821.31322
10210.90518,1682.28292,-821.37086
10211.24946,1681.94354,-821.4287
10211.59475,1681.60316,-821.48675
10211.94106,1681.26179,-821.54499
10212.28839,1680.91941,-821.60345
10212.6367,1680.57608,-821.66211
10212.98597,1680.2318,-821.72098
10213.3362,1679.88659,-821.78006
10213.68734,1679.54049,-821.83935
10214.03942,1679.19348,-821.89885
10214.39242,1678.84556,-821.95856
10214.74639,1678.4967,-822.01849
10215.10137,1678.14686,-822.07863
10215.45737,1677.79601,-822.13899
10215.81443,1677.44413,-822.19957
10216.17257,1677.09119,-822.26039
10216.53178,1676.7372,-822.32143
10216.89203,1676.3822,-822.38271
10217.25328,1676.02622,-822.4442
10217.61542,1675.66938,-822.50589
10217.97837,1675.31174,-822.56777
10218.34212,1674.95333,-822.62984
10218.70667,1674.59413,-822.6921
10219.07205,1674.23413,-822.75455
10219.43821,1673.87337,-822.81719
10219.80517,1673.51182,-822.88001
10220.17297,1673.14946,-822.94301
10220.54161,1672.78628,-823.00621
10220.91116,1672.4222,-823.0696
10221.28173,1672.05714,-823.13322
10221.65335,1671.69104,-823.19707
10222.02614,1671.32381,-823.26118
10222.40013,1670.9554,-823.32558
10222.7753,1670.58585,-823.39026
10223.15161,1670.21519,-823.45522
10223.52899,1669.84349,-823.52044
10223.90734,1669.47085,-823.58593
10224.28661,1669.09732,-823.65166
10224.66681,1668.72289,-823.71763
10225.04794,1668.34755,-823.78385
10225.43004,1667.97128,-823.85031
10225.81311,1667.59406,-823.917
10226.1971,1667.21594,-823.98391
10226.58202,1666.83692,-824.05103
10226.96786,1666.457,-824.11838
10227.35462,1666.07619,-824.18593
10227.74227,1665.69451,-824.2537
10228.13079,1665.31198,-824.32166
10228.52021,1664.92857,-824.38982
10228.91055,1664.54426,-824.4582
10229.30184,1664.15903,-824.52678
10229.69412,1663.77283,-824.59558
10230.08739,1663.38567,-824.6646
10230.4817,1662.99748,-824.73385
10230.87709,1662.60824,-824.80332
10231.27351,1662.218,-824.87301
10231.67085,1661.82686,-824.94291
10232.06842,1661.4355,-825.01291
10232.46585,1661.04429,-825.08295
10232.8634,1660.65297,-825.15305
10233.26106,1660.26155,-825.22324
10233.65863,1659.87023,-825.29345
10234.05613,1659.47899,-825.36371
10234.45379,1659.0876,-825.43404
10234.85186,1658.69581,-825.5045
10235.25055,1658.30343,-825.57512
10235.64992,1657.91038,-825.64591
10236.04992,1657.51672,-825.71686
10236.45057,1657.12243,-825.78797
10236.85199,1656.7274,-825.85927
10237.2542,1656.33159,-825.93077
10237.65723,1655.93499,-826.00247
10238.06106,1655.53761,-826.07437
10238.46567,1655.13948,-826.14645
10238.87104,1654.7406,-826.21873
10239.27718,1654.34098,-826.29122
10239.68406,1653.94065,-826.36391
10240.09167,1653.53961,-826.43681
10240.50002,1653.13786,-826.50994
10240.90906,1652.73545,-826.5833
10241.31872,1652.33245,-826.65686
10241.72899,1651.92887,-826.73063
10242.14001,1651.52457,-826.80463
10242.55186,1651.11946,-826.87887
10242.96466,1650.71344,-826.95338
10243.37846,1650.30646,-827.0282
10243.79322,1649.89856,-827.10331
10244.20881,1649.48987,-827.17872
10244.62512,1649.08049,-827.25439
10245.04215,1648.67044,-827.33033
10245.45989,1648.2597,-827.40651
10245.87839,1647.84824,-827.48294
10246.29766,1647.43604,-827.55962
10246.71769,1647.02312,-827.63654
10247.13847,1646.60947,-827.71369
10247.55998,1646.19512,-827.79108
10247.98224,1645.78006,-827.86868
10248.40526,1645.36426,-827.94652
10248.82905,1644.94772,-828.02457
10249.25362,1644.53043,-828.10286
10249.67898,1644.11238,-828.18138
10250.10513,1643.69357,-828.26012
10250.53207,1643.274,-828.3391
10250.95978,1642.85368,-828.4183
10251.38827,1642.43261,-828.49771
10251.81754,1642.01079,-828.57734
10252.24757,1641.58824,-828.65718
10252.67837,1641.16494,-828.73723
10253.10998,1640.74087,-828.81751
10253.54236,1640.31604,-828.89798
10253.97553,1639.89045,-828.97866
10254.40947,1639.46411,-829.05954
10254.84418,1639.03703,-829.14062
10255.27968,1638.60919,-829.22191
10255.71593,1638.18061,-829.3034
10256.15294,1637.7513,-829.38507
10256.59071,1637.32125,-829.46692
10257.02924,1636.89047,-829.54896
10257.46853,1636.45894,-829.63118
10257.90856,1636.02669,-829.71358
10258.34935,1635.59371,-829.79615
10258.79086,1635.16002,-829.87889
10259.23309,1634.72563,-829.96178
10259.67605,1634.29052,-830.04482
10260.11974,1633.8547,-830.12801
10260.56418,1633.41814,-830.21134
10261.0094,1632.98082,-830.29483
10261.45539,1632.54273,-830.37844
10261.90217,1632.10387,-830.46218
10262.34973,1631.66424,-830.54605
10262.79806,1631.22385,-830.63004
10263.24716,1630.78269,-830.71414
10263.69704,1630.34077,-830.79835
10264.14766,1629.8981,-830.88265
10264.59905,1629.45467,-830.96706
10265.05121,1629.01048,-831.05158
10265.50414,1628.56553,-831.1362
10265.95785,1628.1198,-831.22093
10266.41231,1627.67333,-831.30575
10266.8675,1627.22613,-831.39068
10267.32344,1626.77819,-831.47572
10267.78012,1626.32952,-831.56086
10268.23754,1625.88011,-831.64611
10268.69572,1625.42995,-831.73148
10269.15465,1624.97905,-831.81696
10269.61435,1624.52739,-831.90255
10270.07481,1624.07498,-831.98826
10270.53602,1623.62183,-832.07409
10270.99798,1623.16793,-832.16002
10271.46067,1622.71331,-832.24607
10271.92409,1622.25797,-832.33223
10272.38821,1621.80194,-832.41852
10272.85303,1621.34523,-832.50493
10273.31858,1620.88779,-832.59147
10273.78485,1620.42965,-832.67816
10274.25185,1619.97079,-832.76498
10274.71962,1619.51118,-832.85196
10275.18813,1619.05084,-832.9391
10275.65742,1618.58975,-833.02641
10276.12746,1618.12792,-833.11388
10276.59826,1617.66535,-833.20153
10277.0698,1617.20206,-833.28933
10277.54207,1616.73805,-833.3773
10278.01509,1616.27331,-833.46544
10278.48884,1615.80786,-833.55373
10278.96333,1615.34169,-833.64217
10279.43852,1614.87483,-833.73076
10279.9144,1614.40729,-833.81948
10280.39098,1613.93907,-833.90832
10280.86822,1613.47019,-833.99727
10281.34616,1613.00062,-834.08634
10281.82478,1612.53038,-834.17551
10282.30412,1612.05943,-834.26479
10282.78417,1611.58778,-834.35418
10283.26493,1611.11542,-834.44368
10283.74645,1610.64231,-834.5333
10284.22875,1610.16844,-834.62305
10284.71183,1609.69379,-834.71293
10285.1957,1609.21837,-834.80294
10285.68032,1608.74221,-834.89308
10286.16568,1608.26532,-834.98335
10286.65176,1607.78772,-835.07376
10287.13855,1607.30942,-835.16431
10287.62604,1606.83044,-835.25501
10288.11424,1606.35077,-835.34585
10288.60314,1605.87042,-835.43686
10289.09271,1605.38941,-835.52802
10289.58298,1604.90772,-835.61933
10290.07396,1604.42533,-835.71081
10290.56566,1603.94225,-835.80244
10291.05808,1603.45846,-835.89424
10291.55122,1602.97397,-835.98619
10292.04509,1602.48877,-836.07831
10292.53967,1602.00287,-836.17059
10293.035,1601.51624,-836.26303
10293.53108,1601.02888,-836.35562
10294.02789,1600.54081,-836.44838
10294.52542,1600.05203,-836.5413
10295.02366,1599.56256,-836.63438
10295.5226,1599.07241,-836.72762
10296.02222,1598.5816,-836.821
10296.52252,1598.09012,-836.91454
10297.02352,1597.59796,-837.00824
10297.52524,1597.1051,-837.1021
10298.02767,1596.61154,-837.19612
10298.53082,1596.11728,-837.2903
10299.0347,1595.62231,-837.38463
10299.5393,1595.12664,-837.47911
10300.04459,1594.63029,-837.57373
10300.55051,1594.13331,-837.66847
10301.05708,1593.6357,-837.76332
10301.5643,1593.13745,-837.85828
10302.07217,1592.63856,-837.95335
10302.58069,1592.13902,-838.04852
10303.08992,1591.63879,-838.14381
10303.59989,1591.13782,-838.23922
10304.11063,1590.6361,-838.33476
10304.62212,1590.13364,-838.43044
10305.13434,1589.63046,-838.52625
10305.64726,1589.12659,-838.62219
10306.16087,1588.62205,-838.71826
10306.67513,1588.11687,-838.81448
10307.19006,1587.61103,-838.91084
10307.70568,1587.10453,-839.00735
10308.22196,1586.59738,-839.10401
10308.7389,1586.08958,-839.20083
10309.2565,1585.58115,-839.2978
10309.77472,1585.07211,-839.39492
10310.29357,1584.56246,-839.49218
10310.81305,1584.05219,-839.5896
10311.33321,1583.54127,-839.68716
10311.85401,1583.02972,-839.78488
10312.37548,1582.51751,-839.88275
10312.89764,1582.00464,-839.98078
10313.42044,1581.49114,-840.07897
10313.9437,1580.9772,-840.17727
10314.46684,1580.46338,-840.2756
10314.98977,1579.94978,-840.37392
10315.51256,1579.43632,-840.47226
10316.03529,1578.92293,-840.57063
10316.55815,1578.40942,-840.66907
10317.0813,1577.89563,-840.76761
10317.60475,1577.38156,-840.86625
10318.12851,1576.86719,-840.96498
10318.65271,1576.3524,-841.06384
10319.1774,1575.83713,-841.16283
10319.7026,1575.32137,-841.26196
10320.2283,1574.80512,-841.36121
10320.75454,1574.28836,-841.4606
10321.28135,1573.77103,-841.56014
10321.80876,1573.25313,-841.65984
10322.33678,1572.73464,-841.7597
10322.86539,1572.21558,-841.8597
10323.39458,1571.69595,-841.95985
10323.92437,1571.17574,-842.06014
10324.45474,1570.65496,-842.16057
10324.98571,1570.13361,-842.26114
10325.51727,1569.61167,-842.36185
10326.04943,1569.08916,-842.4627
10326.58218,1568.56607,-842.56369
10327.11553,1568.04239,-842.66481
10327.64948,1567.51813,-842.76606
10328.18399,1566.99332,-842.86745
10328.71907,1566.46796,-842.96897
10329.25473,1565.94204,-843.07063
10329.79095,1565.41557,-843.17242
10330.32774,1564.88854,-843.27434
10330.86511,1564.36095,-843.37639
10331.40303,1563.83282,-843.47856
10331.94154,1563.30412,-843.58085
10332.48065,1562.77482,-843.68327
10333.02035,1562.24495,-843.7858
10333.56066,1561.71449,-843.88846
10334.10152,1561.18348,-843.99122
10334.64294,1560.65192,-844.09408
10335.1849,1560.11983,-844.19705
10335.72745,1559.58716,-844.30014
10336.27058,1559.05393,-844.40333
10336.81429,1558.52012,-844.50664
10337.35857,1557.98576,-844.61007
10337.9034,1557.45086,-844.71361
10338.44878,1556.91542,-844.81726
10338.99472,1556.37943,-844.92101
10339.54121,1555.8429,-845.02488
10340.08825,1555.30583,-845.12886
10340.63584,1554.76823,-845.23295
10341.18397,1554.23009,-845.33713
10341.73265,1553.69141,-845.4414
10342.28187,1553.15219,-845.54577
10342.83165,1552.61243,-845.65024
10343.38195,1552.07216,-845.75482
10343.93279,1551.53136,-845.85949
10344.48418,1550.99001,-845.96426
10345.03616,1550.44809,-846.06914
10345.58871,1549.9056,-846.17412
10346.14183,1549.36255,-846.2792
10346.6955,1548.81897,-846.38438
10347.24969,1548.27487,-846.48966
10347.8044,1547.73026,-846.59503
10348.35963,1547.18514,-846.70049
10348.91538,1546.6395,-846.80604
10349.47166,1546.09334,-846.91168
10350.02847,1545.54667,-847.01743
10350.5858,1544.99948,-847.12329
10351.1437,1544.45174,-847.22925
10351.70219,1543.90342,-847.33534
10352.26128,1543.35451,-847.44155
10352.82095,1542.80503,-847.54788
10353.38117,1542.25502,-847.65431
10353.9419,1541.7045,-847.76087
10354.50314,1541.15349,-847.86753
10355.06491,1540.60196,-847.97431
10355.62723,1540.0499,-848.08121
10356.1901,1539.4973,-848.18823
10356.7535,1538.94418,-848.29538
10357.31744,1538.39053,-848.40265
10357.88194,1537.83634,-848.51003
10358.44699,1537.28161,-848.61753
10359.01261,1536.72633,-848.72516
10359.57876,1536.17052,-848.8329
10360.14543,1535.61422,-848.94078
10360.71259,1535.05743,-849.04877
10361.28028,1534.50013,-849.15689
10361.84852,1533.9423,-849.26513
10362.41731,1533.38393,-849.37352
10362.98665,1532.82503,-849.48205
10363.55652,1532.26562,-849.59072
10364.12689,1531.70572,-849.69952
10364.6978,1531.1453,-849.80847
10365.26926,1530.58435,-849.91757
10365.84128,1530.02287,-850.02683
10366.41383,1529.46087,-850.13624
10366.9869,1528.89837,-850.2458
10367.56047,1528.33539,-850.35551
10368.13457,1527.7719,-850.46537
10368.70917,1527.20793,-850.5754
10369.2843,1526.64345,-850.68558
10369.85995,1526.07847,-850.79591
10370.4361,1525.51302,-850.9064
10371.01277,1524.94706,-851.01704
10371.59,1524.38057,-851.12785
10372.16777,1523.81355,-851.23882
10372.74611,1523.24599,-851.34994
10373.32497,1522.67792,-851.4612
10373.90435,1522.10936,-851.57261
10374.48422,1521.54031,-851.68414
10375.06462,1520.97075,-851.7958
10375.64555,1520.40068,-851.90758
10376.22701,1519.83009,-852.01948
10376.80896,1519.25902,-852.13149
10377.39142,1518.68745,-852.2436
10377.97438,1518.11539,-852.35582
10378.55787,1517.54282,-852.46814
10379.14187,1516.96974,-852.58058
10379.72642,1516.39613,-852.69312
10380.3115,1515.822,-852.80577
10380.89711,1515.24735,-852.91854
10381.48328,1514.67215,-853.03143
10382.07001,1514.0964,-853.14443
10382.65729,1513.52012,-853.25754
10383.24509,1512.94332,-853.37075
10383.83342,1512.36601,-853.48405
10384.42226,1511.78819,-853.59745
10385.01162,1511.20986,-853.71092
10385.60151,1510.631,-853.82449
10386.19194,1510.05161,-853.93813
10386.78289,1509.47171,-854.05186
10387.37432,1508.89133,-854.16566
10387.96625,1508.31046,-854.27954
10388.55867,1507.7291,-854.39349
10389.1516,1507.14724,-854.50751
10389.74505,1506.56485,-854.62159
10390.33905,1505.98193,-854.73575
10390.93358,1505.39847,-854.84996
10391.52866,1504.81447,-854.96425
10392.12427,1504.22994,-855.07859
10392.72042,1503.64487,-855.193
10393.31708,1503.05929,-855.30747
10393.91426,1502.4732,-855.42199
10394.51192,1501.88662,-855.53657
10395.11011,1501.29952,-855.6512
10395.70881,1500.71191,-855.76591
10396.30803,1500.12378,-855.88067
10396.90779,1499.53512,-855.9955
10397.50806,1498.94595,-856.1104
10398.10882,1498.35629,-856.22535
10398.71008,1497.76613,-856.34037
10399.31185,1497.17547,-856.45546
10399.91414,1496.58429,-856.57061
10400.51695,1495.99259,-856.68584
10401.12027,1495.40039,-856.80113
10401.72409,1494.80769,-856.91648
10402.32841,1494.2145,-857.0319
10402.93323,1493.6208,-857.14738
10403.53857,1493.02659,-857.26293
10404.14444,1492.43186,-857.37854
10404.75078,1491.83665,-857.4942
10405.35763,1491.24094,-857.60993
10405.96495,1490.64476,-857.72571
10406.57276,1490.04809,-857.84157
10407.1811,1489.4509,-857.95749
10407.78995,1488.8532,-858.07348
10408.39932,1488.25498,-858.18955
10409.0092,1487.65627,-858.3057
10409.61956,1487.05708,-858.42193
10410.23043,1486.45738,-858.53824
10410.84181,1485.85718,-858.65464
10411.4537,1485.25648,-858.77113
10412.06612,1484.65526,-858.88771
10412.67903,1484.05356,-859.00439
10413.29243,1483.45138,-859.12115
10413.90631,1482.84872,-859.23798
10414.52066,1482.24559,-859.3549
10415.13551,1481.64198,-859.47189
10415.7508,1481.03793,-859.58895
10416.36654,1480.43343,-859.70607
10416.98275,1479.82846,-859.82327
10417.59948,1479.22299,-859.94055
10418.21674,1478.61699,-860.05791
10418.83451,1478.01048,-860.17533
10419.45278,1477.40348,-860.29282
10420.0715,1476.79603,-860.41037
10420.69068,1476.18812,-860.52799
10421.31031,1475.57976,-860.64566
10421.93043,1474.97093,-860.7634
10422.551,1474.36164,-860.88119
10423.17203,1473.75189,-860.99905
10423.7935,1473.14171,-861.11696
10424.41517,1472.53133,-861.23488
10425.03659,1471.92119,-861.35274
10425.65776,1471.31129,-861.47053
10426.27881,1470.7015,-861.58828
10426.89979,1470.09178,-861.70599
10427.52081,1469.48202,-861.82369
10428.14195,1468.87213,-861.94139
10428.76328,1468.26205,-862.05909
10429.38491,1467.65167,-862.17683
10430.0069,1467.04093,-862.29459
10430.62926,1466.42982,-862.41238
10431.252,1465.81833,-862.53021
10431.87513,1465.20644,-862.64807
10432.49872,1464.5941,-862.76596
10433.12273,1463.98133,-862.88388
10433.74718,1463.36812,-863.00183
10434.37206,1462.75448,-863.11982
10434.99738,1462.14041,-863.23786
10435.62309,1461.52594,-863.35596
10436.24924,1460.91104,-863.4741
10436.8758,1460.29573,-863.59231
10437.50279,1459.68,-863.71058
10438.13022,1459.06383,-863.82893
10438.75809,1458.44723,-863.94734
10439.38643,1457.83016,-864.06582
10440.01523,1457.21264,-864.18438
10440.64447,1456.59468,-864.30301
10441.27415,1455.97629,-864.42169
10441.90424,1455.35748,-864.54042
10442.53475,1454.73826,-864.65921
10443.16567,1454.11864,-864.77805
10443.79701,1453.49859,-864.89693
10444.42876,1452.87813,-865.01584
10445.06093,1452.25725,-865.13478
10445.69351,1451.63596,-865.25376
10446.32648,1451.01428,-865.37276
10446.95986,1450.39218,-865.49178
10447.59364,1449.76968,-865.61083
10448.22781,1449.14679,-865.72991
10448.86236,1448.52352,-865.84901
10449.49728,1447.89988,-865.96814
10450.13256,1447.27588,-866.08731
10450.76819,1446.65152,-866.20652
10451.40419,1446.0268,-866.32577
10452.04059,1445.40169,-866.44508
10452.67734,1444.77623,-866.56445
10453.31448,1444.15038,-866.68388
10453.952,1443.52416,-866.80338
10454.58993,1442.89754,-866.92296
10455.22827,1442.27051,-867.04262
10455.86701,1441.6431,-867.16235
10456.50615,1441.01529,-867.28216
10457.14567,1440.38711,-867.40207
10457.78559,1439.75854,-867.52205
10458.42591,1439.12957,-867.64212
10459.06665,1438.5002,-867.76229
10459.70778,1437.87045,-867.88254
10460.34931,1437.24031,-868.00289
10460.99122,1436.6098,-868.12332
10461.63352,1435.97891,-868.24385
10462.27623,1435.34762,-868.36446
10462.91933,1434.71595,-868.48518
10463.56283,1434.08389,-868.606
10464.20672,1433.45146,-868.72692
10464.851,1432.81865,-868.84794
10465.49567,1432.18546,-868.96907
10466.14074,1431.55188,-869.0903
10466.78621,1430.91792,-869.21164
10467.43209,1430.28356,-869.33308
10468.07838,1429.64881,-869.45463
10468.72506,1429.01367,-869.57629
10469.37214,1428.37815,-869.69805
10470.01962,1427.74224,-869.81992
10470.66751,1427.10594,-869.94192
10471.31581,1426.46925,-870.06404
10471.96449,1425.83219,-870.18628
10472.61357,1425.19475,-870.30864
10473.26303,1424.55694,-870.43113
10473.91289,1423.91876,-870.55374
10474.56313,1423.28021,-870.67649
10475.21374,1422.6413,-870.79936
10475.86473,1422.00204,-870.92236
10476.5161,1421.36241,-871.04549
10477.16786,1420.72242,-871.16875
10477.82,1420.08206,-871.29214
10478.4725,1419.44135,-871.41565
10479.12538,1418.80029,-871.53931
10479.77862,1418.15888,-871.66308
10480.43226,1417.51709,-871.78698
10481.08629,1416.87493,-871.91101
10481.74072,1416.23239,-872.03518
10482.39553,1415.58949,-872.15949
10483.05072,1414.94622,-872.28391
10483.70628,1414.3026,-872.40848
10484.36222,1413.65862,-872.53318
10485.01856,1413.01427,-872.65802
10485.67528,1412.36955,-872.783
10486.33237,1411.72448,-872.9081
10486.98984,1411.07905,-873.03335
10487.6477,1410.43325,-873.15873
10488.30596,1409.78707,-873.28426
10488.96463,1409.1405,-873.40993
10489.62368,1408.49357,-873.53574
10490.28312,1407.84627,-873.6617
10490.94293,1407.19862,-873.78781
10491.60314,1406.55059,-873.91406
10492.26375,1405.90219,-874.04046
10492.92474,1405.25343,-874.16701
10493.58612,1404.6043,-874.29372
10494.24787,1403.95482,-874.42057
10494.90998,1403.30501,-874.54758
10495.57246,1402.65485,-874.67475
10496.23533,1402.00432,-874.80206
10496.89858,1401.35343,-874.92953
10497.56222,1400.70218,-875.05716
10498.22623,1400.05058,-875.18494
10498.89059,1399.39865,-875.31286
10499.55535,1398.74635,-875.44094
10500.22049,1398.09369,-875.56917
10500.88601,1397.44066,-875.69754
10501.55192,1396.78727,-875.82606
10502.21819,1396.13354,-875.95471
10502.88482,1395.47947,-876.08349
10503.5518,1394.82506,-876.21239
10504.21915,1394.1703,-876.34141
10504.88688,1393.51518,-876.47054
10505.55496,1392.85972,-876.59978
10506.22338,1392.20393,-876.72913
10506.89217,1391.54779,-876.85857
10507.56133,1390.89129,-876.98813
10508.23091,1390.23438,-877.11778
10508.90091,1389.57707,-877.24755
10509.57129,1388.91939,-877.37741
10510.24203,1388.26136,-877.50736
10510.91313,1387.60298,-877.63739
10511.58457,1386.94426,-877.76749
10512.25638,1386.28519,-877.89769
10512.92854,1385.62577,-878.02797
10513.60107,1384.966,-878.15834
10514.27394,1384.3059,-878.28881
10514.94713,1383.6455,-878.41938
10515.62063,1382.98479,-878.55004
10516.29449,1382.32374,-878.68081
10516.9687,1381.66236,-878.81171
10517.64326,1381.00065,-878.94273
10518.31817,1380.3386,-879.07389
10518.99343,1379.67623,-879.20517
10519.66904,1379.01352,-879.33659
10520.34501,1378.35048,-879.46815
10521.02133,1377.6871,-879.59983
10521.69799,1377.0234,-879.73164
10522.375,1376.35937,-879.86356
10523.05236,1375.69501,-879.9956
10523.73005,1375.03032,-880.12774
10524.40809,1374.3653,-880.25997
10525.08649,1373.69993,-880.39229
10525.76522,1373.03424,-880.5247
10526.4443,1372.36821,-880.65718
10527.1237,1371.70186,-880.78972
10527.80344,1371.03518,-880.92233
10528.48353,1370.36816,-881.055
10529.16394,1369.70082,-881.18774
10529.8447,1369.03314,-881.32052
10530.5258,1368.36512,-881.45337
10531.20725,1367.69676,-881.5863
10531.88906,1367.02805,-881.7193
10532.57125,1366.35897,-881.85238
10533.25379,1365.68954,-881.98553
10533.93668,1365.01977,-882.11877
10534.61992,1364.34967,-882.25208
10535.30349,1363.67924,-882.38548
10535.98741,1363.00847,-882.51897
10536.67168,1362.33737,-882.65256
10537.35628,1361.66595,-882.78624
10538.04119,1360.99423,-882.92002
10538.72644,1360.32218,-883.05388
10539.41205,1359.64979,-883.18783
10540.09802,1358.97704,-883.32187
10540.78434,1358.30395,-883.45599
10541.47101,1357.63052,-883.59019
10542.15801,1356.95678,-883.72449
10542.84533,1356.28272,-883.85887
10543.533,1355.60833,-883.99335
10544.221,1354.93362,-884.12793
10544.90935,1354.25857,-884.2626
10545.59802,1353.58322,-884.39739
10546.28702,1352.90756,-884.53229
10546.97635,1352.23158,-884.66733
10547.66604,1351.55527,-884.80251
10548.35608,1350.87863,-884.93784
10549.04647,1350.20167,-885.07332
10549.73719,1349.52439,-885.20893
10550.42824,1348.84681,-885.3447
10551.11962,1348.16891,-885.4806
10551.81135,1347.49069,-885.61664
10552.50342,1346.81215,-885.7528
10553.19581,1346.1333,-885.88908
10553.88852,1345.45415,-886.02547
10554.58154,1344.77471,-886.16197
10555.27488,1344.09496,-886.29857
10555.96854,1343.4149,-886.43528
10556.66254,1342.73452,-886.57209
10557.35686,1342.05384,-886.70901
10558.05151,1341.37284,-886.84604
10558.74647,1340.69154,-886.98318
10559.44179,1340.00991,-887.12046
10560.13745,1339.32796,-887.25787
10560.83346,1338.64567,-887.39542
10561.52984,1337.96304,-887.53312
10562.22657,1337.28008,-887.67096
10562.92364,1336.59681,-887.80895
10563.62103,1335.91323,-887.94708
10564.31876,1335.22934,-888.08536
10565.01686,1334.54511,-888.22379
10565.71528,1333.86057,-888.36237
10566.41404,1333.17572,-888.50108
10567.1131,1332.49059,-888.63994
10567.81249,1331.80515,-888.77893
10568.51219,1331.11942,-888.91804
10569.21223,1330.43337,-889.05729
10569.91261,1329.747,-889.19667
10570.6133,1329.06033,-889.33618
10571.31434,1328.37334,-889.47581
10572.01571,1327.68604,-889.61557
10572.71741,1326.99842,-889.75545
10573.41945,1326.31048,-889.89544
10574.12184,1325.62221,-890.03556
10574.82454,1324.93364,-890.17578
10575.52757,1324.24476,-890.31611
10576.23092,1323.55557,-890.45653
10576.9346,1322.86606,-890.59705
10577.63862,1322.17622,-890.73765
10578.34298,1321.48606,-890.87834
10579.04764,1320.7956,-891.01913
10579.75263,1320.10483,-891.16001
10580.45795,1319.41375,-891.30098
10581.16358,1318.72236,-891.44204
10581.86952,1318.03067,-891.58319
10582.57579,1317.33867,-891.72443
10583.28238,1316.64636,-891.86575
10583.98928,1315.95374,-892.00716
10584.69652,1315.2608,-892.14866
10585.40409,1314.56754,-892.29024
10586.11198,1313.87397,-892.43191
10586.82021,1313.18008,-892.57366
10587.52875,1312.48588,-892.7155
10588.2376,1311.79138,-892.85743
10588.94678,1311.09657,-892.99946
10589.65629,1310.40144,-893.14159
10590.36612,1309.70601,-893.28382
10591.07627,1309.01027,-893.42615
10591.78672,1308.31424,-893.5686
10592.49752,1307.61789,-893.71116
10593.20862,1306.92125,-893.85384
10593.92005,1306.2243,-893.99664
10594.6318,1305.52705,-894.13958
10595.34386,1304.82951,-894.28264
10596.05622,1304.13169,-894.42584
10596.76889,1303.43358,-894.56919
10597.48187,1302.7352,-894.71271
10598.19516,1302.03653,-894.85638
10598.90875,1301.33759,-895.00025
10599.62265,1300.63838,-895.14431
10600.33684,1299.9389,-895.28855
10601.05136,1299.23914,-895.433
10601.76619,1298.5391,-895.57767
10602.48132,1297.8388,-895.72257
10603.19675,1297.13824,-895.86768
10603.91246,1296.43745,-896.01301
10604.62845,1295.73641,-896.15857
10605.34472,1295.03513,-896.30437
10606.06129,1294.3336,-896.45041
10606.77816,1293.63182,-896.59669
10607.49531,1292.9298,-896.74323
10608.21275,1292.22754,-896.89006
10608.93049,1291.52505,-897.0372
10609.64851,1290.82233,-897.18467
10610.36684,1290.11938,-897.3325
10611.08552,1289.41615,-897.48073
10611.80454,1288.71267,-897.62939
10612.52388,1288.00896,-897.77852
10613.24352,1287.30504,-897.92814
10613.96344,1286.60094,-898.07824
10614.68368,1285.89662,-898.22881
10615.40421,1285.1921,-898.37985
10616.12505,1284.48736,-898.53136
10616.84617,1283.78243,-898.6833
10617.56756,1283.07731,-898.83565
10618.28922,1282.372,-898.9884
10619.01115,1281.6665,-899.14153
10619.73335,1280.96081,-899.29507
10620.45581,1280.25494,-899.44903
10621.17856,1279.54888,-899.60343
10621.90161,1278.84261,-899.75831
10622.62498,1278.13613,-899.91373
10623.3487,1277.42943,-900.06973
10624.07274,1276.72253,-900.22637
10624.79709,1276.01547,-900.38369
10625.52175,1275.30826,-900.54173
10626.24669,1274.60092,-900.70051
10626.9719,1273.89347,-900.86003
10627.6974,1273.18589,-901.02028
10628.42318,1272.47819,-901.18126
10629.14925,1271.77035,-901.34295
10629.87562,1271.06236,-901.50531
10630.60227,1270.35423,-901.66831
10631.3292,1269.64595,-901.83193
10632.0564,1268.93753,-901.99613
10632.78387,1268.22895,-902.16084
10633.51161,1267.52021,-902.32605
10634.23962,1266.81131,-902.49173
10634.9679,1266.10223,-902.65787
10635.69645,1265.39299,-902.82447
10636.42528,1264.68356,-902.99153
10637.1544,1263.97395,-903.15907
10637.88382,1263.26416,-903.32713
10638.61353,1262.55419,-903.49573
10639.34353,1261.84406,-903.6649
10640.07381,1261.13379,-903.83467
10640.80439,1260.42336,-904.00508
10641.53527,1259.71278,-904.17614
10642.26644,1259.00207,-904.34788
10642.99788,1258.29124,-904.5203
10643.72961,1257.58028,-904.6934
10644.46161,1256.8692,-904.86716
10645.19389,1256.15799,-905.04155
10645.92646,1255.44664,-905.21658
10646.65929,1254.73517,-905.39223
10647.3924,1254.02356,-905.56847
10648.12578,1253.31181,-905.74528
10648.85945,1252.59991,-905.92266
10649.59338,1251.88787,-906.10059
10650.3276,1251.17568,-906.27908
10651.06209,1250.46334,-906.45813
10651.79684,1249.75087,-906.63769
10652.5319,1249.03822,-906.8178
10653.26723,1248.32543,-906.99846
10654.00284,1247.61248,-907.17965
10654.73872,1246.8994,-907.36138
10655.47485,1246.18618,-907.54364
10656.21126,1245.47282,-907.72643
10656.94793,1244.75933,-907.90978
10657.68488,1244.0457,-908.09369
10658.4221,1243.33194,-908.27817
10659.15958,1242.61805,-908.46324
10659.89734,1241.90403,-908.64889
10660.63539,1241.18988,-908.83517
10661.3737,1240.47562,-909.02206
10662.11228,1239.76123,-909.20956
10662.85114,1239.04672,-909.39766
10663.59027,1238.33208,-909.58635
10664.32966,1237.61732,-909.77561
10665.06933,1236.9024,-909.96537
10665.80927,1236.18734,-910.15563
10666.54947,1235.47214,-910.34638
10667.28991,1234.75682,-910.53758
10668.03059,1234.04136,-910.72922
10668.77151,1233.32577,-910.92129
10669.51271,1232.61,-911.1138
10670.25419,1231.89407,-911.30677
10670.99598,1231.17795,-911.5002
10671.73803,1230.46168,-911.69411
10672.48035,1229.74526,-911.8885
10673.22294,1229.0287,-912.08338
10673.96579,1228.312,-912.27875
10674.70893,1227.59514,-912.47462
10675.45234,1226.87814,-912.671
10676.19602,1226.16099,-912.86787
10676.93996,1225.4437,-913.06521
10677.68417,1224.72626,-913.26303
10678.42865,1224.00868,-913.46132
10679.17337,1223.29096,-913.66006
10679.91835,1222.57311,-913.85925
10680.66358,1221.85511,-914.05888
10681.40907,1221.13697,-914.25896
10682.15483,1220.41869,-914.45951
10682.90085,1219.70026,-914.66055
10683.64716,1218.98168,-914.86208
10684.39375,1218.26295,-915.06412
10685.14065,1217.54405,-915.2667
10685.88783,1216.82501,-915.46983
10686.63529,1216.10583,-915.67351
10687.38303,1215.38653,-915.87775
10688.13104,1214.66709,-916.08253
10688.87934,1213.94752,-916.28787
10689.6279,1213.22783,-916.49375
10690.37672,1212.50802,-916.70017
10691.1255,1211.78838,-916.90704
10691.87389,1211.06925,-917.11424
10692.62199,1210.35052,-917.3218
10693.36987,1209.63213,-917.52975
10694.11756,1208.91405,-917.73808
10694.86523,1208.19612,-917.94684
10695.6129,1207.47831,-918.15605
10696.36069,1206.76053,-918.36576
10697.10867,1206.04271,-918.576
10697.85684,1205.32484,-918.78679
10698.60524,1204.60692,-918.99819
10699.35389,1203.88892,-919.21022
10700.10283,1203.17082,-919.42292
10700.85205,1202.45263,-919.63629
10701.60153,1201.73436,-919.85033
10702.35128,1201.01601,-920.06504
10703.1013,1200.29758,-920.2804
10703.85156,1199.57908,-920.4964
10704.60209,1198.86049,-920.71302
10705.3529,1198.1418,-920.93026
10706.10399,1197.42299,-921.14809
10706.85534,1196.70409,-921.36651
10707.60696,1195.98508,-921.58552
10708.35888,1195.26594,-921.80512
10709.11107,1194.5467,-922.02531
10709.86352,1193.82737,-922.24609
10710.61625,1193.10793,-922.46747
10711.36927,1192.38838,-922.68945
10712.12255,1191.66873,-922.91204
10712.87612,1190.94898,-923.13524
10713.62995,1190.22913,-923.35904
10714.38404,1189.50921,-923.58344
10715.13837,1188.78921,-923.80842
10715.89293,1188.06914,-924.03396
10716.64774,1187.34899,-924.26006
10717.40279,1186.62877,-924.48672
10718.15808,1185.90847,-924.71394
10718.91359,1185.18811,-924.94172
10719.66935,1184.46768,-925.17009
10720.42535,1183.74718,-925.39905
10721.18161,1183.02661,-925.62863
10721.93813,1182.30598,-925.85886
10722.6949,1181.58529,-926.08976
10723.45192,1180.86456,-926.32134
10724.20919,1180.1438,-926.55363
10724.96671,1179.42301,-926.78664
10725.72447,1178.70221,-927.0204
10726.48246,1177.9814,-927.2549
10727.2407,1177.26058,-927.49016
10727.99918,1176.53976,-927.72618
10728.75791,1175.81893,-927.96298
10729.51687,1175.09811,-928.20054
10730.27606,1174.37728,-928.43884
10731.03551,1173.65644,-928.67789
10731.79517,1172.93561,-928.91766
10732.55507,1172.21477,-929.15816
10733.3152,1171.49394,-929.3994
10734.07556,1170.7731,-929.64136
10734.83617,1170.05225,-929.88405
10735.59702,1169.3314,-930.1275
10736.35811,1168.61056,-930.37172
10737.11944,1167.88972,-930.61671
10737.88103,1167.16888,-930.8625
10738.64286,1166.44806,-931.10908
10739.40492,1165.72726,-931.35643
10740.16723,1165.00646,-931.60454
10740.92976,1164.28568,-931.85339
10741.69253,1163.5649,-932.10298
10742.45554,1162.8441,-932.35326
10743.21879,1162.12329,-932.60422
10743.98228,1161.40245,-932.85582
10744.74597,1160.68161,-933.10804
10745.50989,1159.96075,-933.36088
10746.27401,1159.23989,-933.61435
10747.03837,1158.51901,-933.86846
10747.80295,1157.79813,-934.12325
10748.56777,1157.07726,-934.37878
10749.33284,1156.35641,-934.63513
10750.09817,1155.6356,-934.89234
10750.86375,1154.91485,-935.15047
10751.62957,1154.19419,-935.40957
10752.39564,1153.47363,-935.66966
10753.16192,1152.75319,-935.93074
10753.92843,1152.03287,-936.1928
10754.69515,1151.31267,-936.45581
10755.46211,1150.59256,-936.71976
10756.22931,1149.87254,-936.98463
10756.99671,1149.15261,-937.25036
10757.76433,1148.43276,-937.51693
10758.53218,1147.71298,-937.78433
10759.30024,1146.99326,-938.05251
10760.06853,1146.27358,-938.32144
10760.83704,1145.55393,-938.59111
10761.60578,1144.83431,-938.8615
10762.37474,1144.11472,-939.13258
10763.14391,1143.39516,-939.40435
10763.9133,1142.67563,-939.67682
10764.68294,1141.95612,-939.95002
10765.45283,1141.23662,-940.22397
10766.22295,1140.51716,-940.49869
10766.9933,1139.79777,-940.77421
10767.76388,1139.07843,-941.05051
10768.53468,1138.35916,-941.32762
10769.30571,1137.63997,-941.60556
10770.07695,1136.92087,-941.88432
10770.84841,1136.20185,-942.1639
10771.62008,1135.48292,-942.44429
10772.39198,1134.76407,-942.7255
10773.16412,1134.04529,-943.00754
10773.93647,1133.3266,-943.29042
10774.70905,1132.608,-943.57412
10775.48185,1131.88947,-943.85862
10776.25487,1131.17103,-944.14394
10777.02812,1130.45268,-944.43009
10777.80159,1129.73442,-944.71707
10778.57528,1129.01626,-945.0049
10779.34921,1128.29818,-945.29356
10780.12336,1127.58018,-945.58303
10780.89775,1126.86225,-945.8733
10781.67236,1126.1444,-946.16434
10782.4472,1125.4266,-946.45612
10783.22224,1124.70885,-946.74858
10783.99751,1123.99113,-947.0417
10784.77298,1123.27345,-947.33544
10785.54865,1122.5558,-947.62979
10786.32452,1121.83817,-947.92473
10787.10062,1121.12054,-948.22025
10787.87695,1120.4029,-948.51635
10788.6535,1119.68527,-948.81307
10789.43028,1118.96765,-949.11041
10790.20728,1118.25005,-949.40836
10790.98451,1117.53246,-949.70694
10791.76197,1116.81489,-950.00618
10792.53966,1116.09736,-950.30609
10793.31756,1115.37988,-950.60669
10794.09567,1114.66248,-950.908
10794.874,1113.94513,-951.21001
10795.65255,1113.22786,-951.51277
10796.43134,1112.51064,-951.81626
10797.21035,1111.79348,-952.12047
10797.98959,1111.07637,-952.42537
10798.76903,1110.35932,-952.73092
10799.54869,1109.64229,-953.03708
10800.32854,1108.92528,-953.3438
10801.10861,1108.20826,-953.65102
10801.88887,1107.49122,-953.9587
10802.66933,1106.77416,-954.26682
10803.44998,1106.05708,-954.57537
10804.23079,1105.33999,-954.88433
10805.01182,1104.62287,-955.19375
10805.79308,1103.90571,-955.50367
10806.5746,1103.1885,-955.81413
10807.35639,1102.47125,-956.12517
10808.13842,1101.75399,-956.4368
10808.92067,1101.03676,-956.74904
10809.70314,1100.31956,-957.06189
10810.48582,1099.60237,-957.37531
10811.26871,1098.88519,-957.68928
10812.05183,1098.168,-958.00378
10812.83515,1097.45081,-958.31877
10813.61867,1096.73359,-958.63422
10814.40241,1096.01632,-958.95008
10815.18636,1095.29898,-959.26632
10815.97051,1094.58158,-959.58291
10816.75487,1093.8641,-959.89982
10817.53942,1093.14653,-960.21703
10818.32419,1092.42884,-960.5345
10819.10918,1091.71103,-960.85222
10819.89438,1090.99309,-961.1702
10820.67979,1090.27504,-961.48842
10821.4654,1089.55686,-961.80687
10822.25124,1088.83855,-962.12557
10823.03731,1088.12009,-962.44451
10823.82361,1087.4015,-962.76371
10824.61013,1086.68278,-963.08317
10825.39687,1085.96393,-963.40288
10826.1838,1085.24497,-963.72283
10826.97095,1084.52589,-964.04303
10827.75831,1083.80669,-964.36347
10828.54587,1083.08737,-964.68414
10829.33364,1082.36791,-965.00502
10830.12162,1081.64832,-965.3261
10830.90981,1080.92857,-965.64736
10831.6982,1080.20867,-965.96876
10832.4868,1079.4886,-966.2903
10833.27559,1078.76836,-966.61195
10834.06458,1078.04795,-966.93368
10834.85374,1077.32738,-967.25547
10835.64305,1076.60667,-967.57731
10836.43249,1075.88581,-967.89916
10837.2221,1075.16478,-968.22103
10838.01193,1074.44352,-968.54291
10838.80202,1073.72198,-968.86483
10839.59237,1073.00016,-969.18674
10840.38297,1072.27806,-969.50863
10841.1738,1071.55569,-969.83049
10841.96485,1070.83305,-970.15228
10842.75612,1070.11014,-970.47402
10843.54762,1069.38695,-970.79569
10844.33935,1068.6635,-971.11733
10845.13129,1067.9398,-971.43894
10845.92345,1067.21587,-971.76055
10846.71581,1066.49172,-972.08218
10847.50838,1065.76737,-972.40387
10848.30116,1065.04283,-972.72565
10849.09414,1064.31812,-973.04755
10849.88732,1063.59326,-973.36957
10850.68066,1062.86827,-973.69173
10851.47419,1062.14314,-974.01403
10852.26789,1061.41788,-974.33646
10853.0618,1060.69246,-974.65904
10853.85594,1059.96686,-974.98178
10854.65032,1059.24107,-975.30467
10855.44491,1058.51511,-975.62772
10856.23972,1057.78898,-975.95093
10857.03473,1057.06271,-976.2743
10857.82994,1056.33628,-976.5978
10858.62534,1055.6097,-976.92145
10859.42096,1054.88295,-977.24524
10860.21677,1054.15603,-977.56914
10861.01279,1053.42894,-977.89316
10861.80901,1052.70169,-978.21729
10862.60541,1051.97427,-978.54152
10863.40202,1051.24667,-978.86584
10864.19881,1050.5189,-979.19023
10864.99581,1049.79094,-979.5147
10865.79299,1049.06281,-979.83923
10866.59037,1048.33449,-980.16383
10867.38797,1047.60596,-980.48849
10868.18578,1046.87722,-980.81321
10868.9838,1046.14827,-981.13798
10869.78206,1045.4191,-981.46282
10870.58049,1044.68975,-981.7877
10871.37912,1043.96021,-982.11263
10872.17795,1043.23048,-982.43763
10872.97697,1042.50058,-982.7627
10873.77618,1041.7705,-983.08785
10874.57558,1041.04025,-983.41307
10875.37516,1040.30983,-983.73838
10876.17496,1039.57923,-984.06379
10876.97496,1038.84845,-984.38932
10877.77518,1038.11749,-984.71496
10878.57561,1037.38635,-985.04073
10879.37625,1036.65504,-985.36663
10880.17708,1035.92357,-985.69265
10880.97814,1035.19193,-986.01882
10881.77936,1034.46016,-986.34513
10882.58078,1033.72826,-986.67162
10883.38239,1032.99623,-986.99829
10884.1842,1032.26407,-987.32514
10884.9862,1031.53178,-987.65219
10885.78842,1030.79936,-987.97947
10886.59081,1030.06683,-988.30692
10887.39338,1029.33419,-988.63458
10888.19611,1028.60146,-988.96244
10888.99904,1027.86862,-989.29052
10889.80215,1027.13568,-989.61883
10890.60546,1026.40264,-989.94739
10891.40897,1025.66949,-990.27621
10892.21268,1024.93625,-990.60531
10893.01657,1024.20293,-990.93469
10893.82065,1023.46954,-991.26436
10894.62492,1022.73608,-991.59433
10895.42938,1022.00255,-991.92461
10896.23403,1021.26895,-992.25522
10897.03889,1020.53528,-992.58616
10897.84394,1019.80154,-992.91742
10898.64919,1019.06774,-993.24902
10899.45464,1018.33386,-993.58094
10900.2603,1017.5999,-993.91319
10901.06616,1016.86587,-994.24577
10901.87221,1016.13177,-994.57867
10902.67848,1015.39759,-994.9119
10903.48493,1014.66335,-995.24545
10904.29157,1013.92904,-995.57932
10905.09841,1013.19467,-995.9135
10905.90543,1012.46023,-996.24799
10906.71263,1011.72574,-996.5828
10907.52002,1010.99119,-996.91793
10908.32757,1010.2566,-997.25338
10909.13529,1009.52199,-997.58917
10909.94318,1008.78735,-997.9253
10910.75124,1008.05269,-998.2618
10911.55944,1007.31804,-998.59868
10912.36766,1006.58353,-998.93589
10913.17586,1005.84918,-999.2734
10913.98406,1005.11497,-999.61123
10914.79219,1004.38097,-999.94933
10915.60017,1003.64724,-1000.28767
10916.40801,1002.91376,-1000.62621
10917.21571,1002.18053,-1000.96496
10918.02325,1001.44755,-1001.30388
10918.83054,1000.7149,-1001.64292
10919.63768,999.98249,-1001.9821
10920.44465,999.25033,-1002.32143
10921.25135,998.51851,-1002.66084
10922.05776,997.78703,-1003.00031
10922.86395,997.05583,-1003.33985
10923.66987,996.32495,-1003.67943
10924.47546,995.59442,-1004.01899
10925.28072,994.86422,-1004.3585
10926.08571,994.13431,-1004.69797
10926.89039,993.40471,-1005.03736
10927.69472,992.67543,-1005.37662
10928.49868,991.9465,-1005.71575
10929.30227,991.2179,-1006.05472
10930.10549,990.48963,-1006.39353
10930.90831,989.76173,-1006.73216
10931.71062,989.03428,-1007.07057
10932.51239,988.30731,-1007.40873
10933.31363,987.58081,-1007.74664
10934.11435,986.85477,-1008.0843
10934.91454,986.12919,-1008.4217
10935.71413,985.40414,-1008.75882
10936.51306,984.67967,-1009.09563
10937.31131,983.95581,-1009.43211
10938.10887,983.23255,-1009.76827
10938.90576,982.50989,-1010.10411
10939.70195,981.78784,-1010.43961
10940.49745,981.06639,-1010.77478
10941.29225,980.34557,-1011.10962
10942.08633,979.62538,-1011.44413
10942.87967,978.90585,-1011.77829
10943.67226,978.18699,-1012.11211
10944.46405,977.46884,-1012.44558
10945.25504,976.75141,-1012.77868
10946.04519,976.03473,-1013.11141
10946.8345,975.31881,-1013.44376
10947.62293,974.60366,-1013.7757
10948.41046,973.88931,-1014.10724
10949.19711,973.17576,-1014.43839
10949.98286,972.46301,-1014.76914
10950.76771,971.75108,-1015.0995
10951.55163,971.03998,-1015.42945
10952.33463,970.32971,-1015.759
10953.11671,969.62026,-1016.08815
10953.89787,968.91165,-1016.41689
10954.67807,968.2039,-1016.74523
10955.45731,967.49701,-1017.07314
10956.23558,966.79099,-1017.4006
10957.01286,966.08584,-1017.7276
10957.78916,965.38154,-1018.05411
10958.56448,964.67811,-1018.38015
10959.3388,963.97553,-1018.70567
10960.11213,963.27381,-1019.03066
10960.88444,962.57295,-1019.35511
10961.65574,961.87295,-1019.67898
10962.42601,961.1738,-1020.00227
10963.1953,960.47548,-1020.32499
10963.96358,959.778,-1020.64713
10964.73083,959.08137,-1020.96866
10965.49705,958.38559,-1021.28958
10966.26221,957.69068,-1021.60985
10967.02634,956.99662,-1021.92949
10967.78942,956.30341,-1022.24847
10968.55143,955.61106,-1022.56677
10969.31238,954.91956,-1022.88436
10970.07224,954.22892,-1023.20123
10970.83103,953.53912,-1023.51736
10971.58872,952.85018,-1023.83274
10972.34533,952.16208,-1024.14735
10973.10084,951.47483,-1024.46117
10973.85526,950.78843,-1024.77421
10974.60858,950.10287,-1025.08647
10975.36082,949.41815,-1025.39796
10976.11197,948.73429,-1025.70869
10976.86202,948.05129,-1026.01867
10977.61096,947.36917,-1026.3279
10978.35882,946.68791,-1026.63642
10979.1056,946.00753,-1026.94426
10979.85129,945.32804,-1027.25142
10980.59592,944.64943,-1027.55794
10981.33946,943.97172,-1027.86382
10982.08193,943.29491,-1028.1691
10982.82334,942.61901,-1028.47379
10983.56367,941.94402,-1028.7779
10984.30294,941.26994,-1029.08145
10985.04117,940.59676,-1029.38444
10985.77834,939.92448,-1029.68687
10986.51446,939.25311,-1029.98874
10987.24954,938.58262,-1030.29006
10987.98358,937.91303,-1030.59083
10988.71659,937.24432,-1030.89104
10989.44857,936.57649,-1031.19071
10990.17955,935.90951,-1031.48982
10990.90931,935.24358,-1031.7883
10991.63779,934.57876,-1032.08611
10992.3653,933.91475,-1032.38338
10993.09192,933.25149,-1032.68014
10993.81768,932.58895,-1032.9764
10994.54259,931.92712,-1033.27216
10995.26652,931.26613,-1033.56738
10995.98941,930.60601,-1033.86204
10996.71133,929.94673,-1034.15617
10997.43231,929.28824,-1034.44978
10998.15238,928.63052,-1034.74288
10998.8715,927.97361,-1035.03546
10999.58967,927.31751,-1035.32751
11000.3069,926.6622,-1035.61904
11001.0232,926.00768,-1035.91005
11001.73857,925.35394,-1036.20053
11002.45301,924.70098,-1036.49048
11003.16654,924.04878,-1036.7799
11003.87918,923.39734,-1037.06881
11004.5909,922.74666,-1037.3572
11005.30174,922.09672,-1037.64508
11006.0117,921.44752,-1037.93245
11006.7208,920.79905,-1038.21933
11007.42903,920.15131,-1038.50573
11008.1364,919.5043,-1038.79166
11008.84292,918.85801,-1039.07711
11009.54858,918.21246,-1039.3621
11010.2534,917.56763,-1039.64663
11010.95738,916.92351,-1039.93072
11011.66052,916.28012,-1040.21436
11012.36283,915.63744,-1040.49756
11013.0643,914.99548,-1040.78032
11013.76495,914.35423,-1041.06264
11014.46478,913.71369,-1041.34453
11015.1638,913.07384,-1041.626
11015.862,912.4347,-1041.90704
11016.55939,911.79626,-1042.18767
11017.25598,911.15852,-1042.46789
11017.95178,910.52147,-1042.74772
11018.64678,909.88512,-1043.02715
11019.34097,909.24948,-1043.3062
11020.03436,908.61455,-1043.58485
11020.72692,907.98035,-1043.86312
11021.41868,907.34686,-1044.141
11022.10961,906.7141,-1044.4185
11022.79975,906.08205,-1044.69562
11023.48904,905.45074,-1044.97233
11024.1775,904.82016,-1045.24865
11024.86515,904.19029,-1045.52455
11025.55199,903.56113,-1045.80007
11026.23803,902.93267,-1046.07518
11026.92327,902.30491,-1046.34991
11027.60772,901.67785,-1046.62426
11028.29139,901.05148,-1046.89823
11028.97427,900.4258,-1047.17182
11029.6564,899.80079,-1047.44506
11030.33774,899.17648,-1047.71794
11031.01831,898.55285,-1047.99046
11031.69809,897.92993,-1048.26262
11032.37709,897.30771,-1048.53442
11033.0553,896.68618,-1048.80585
11033.73271,896.06536,-1049.07691
11034.40934,895.44524,-1049.3476
11035.08517,894.82582,-1049.6179
11035.76019,894.2071,-1049.8878
11036.43441,893.58909,-1050.15731
11037.10785,892.97176,-1050.42642
11037.78049,892.35512,-1050.69513
11038.45236,891.73916,-1050.96344
11039.12345,891.12386,-1051.23135
11039.79375,890.50925,-1051.49885
11040.46328,889.89531,-1051.76595
11041.13202,889.28204,-1052.03264
11041.79999,888.66944,-1052.29892
11042.46719,888.05751,-1052.56479
11043.1336,887.44625,-1052.83025
11043.79924,886.83565,-1053.09529
11044.46411,886.22572,-1053.35992
11045.1282,885.61645,-1053.62414
11045.79151,885.00785,-1053.88794
11046.45407,884.3999,-1054.15133
11047.11585,883.79261,-1054.41431
11047.77686,883.18599,-1054.67688
11048.43711,882.58002,-1054.93905
11049.09659,881.97472,-1055.20082
11049.75531,881.37007,-1055.46219
11050.41328,880.76607,-1055.72317
11051.07048,880.16275,-1055.98376
11051.72693,879.56007,-1056.24396
11052.38262,878.95806,-1056.50379
11053.03757,878.3567,-1056.76326
11053.69178,877.75598,-1057.02236
11054.34525,877.15592,-1057.28111
11054.99799,876.55651,-1057.53952
11055.65002,875.95773,-1057.7976
11056.30132,875.3596,-1058.05534
11056.95192,874.76209,-1058.31276
11057.60183,874.1652,-1058.56988
11058.25104,873.56894,-1058.82667
11058.89953,872.97333,-1059.08316
11059.54732,872.37835,-1059.33934
11060.1944,871.78401,-1059.59523
11060.84079,871.1903,-1059.85083
11061.48649,870.59723,-1060.10615
11062.13151,870.00477,-1060.36119
11062.77587,869.41292,-1060.61596
11063.41956,868.82168,-1060.87047
11064.06261,868.23103,-1061.12473
11064.70504,867.64096,-1061.37875
11065.34683,867.05147,-1061.63253
11065.98801,866.46256,-1061.88609
11066.62857,865.87422,-1062.13942
11067.26855,865.28643,-1062.39255
11067.90793,864.69921,-1062.64549
11068.54673,864.11253,-1062.89823
11069.18497,863.52639,-1063.1508
11069.82267,862.94077,-1063.4032
11070.45983,862.35566,-1063.65544
11071.0965,861.77104,-1063.90755
11071.73268,861.18689,-1064.15953
11072.36839,860.6032,-1064.41139
11073.00369,860.01992,-1064.66316
11073.63859,859.43704,-1064.91485
11074.27312,858.85454,-1065.16649
11074.90729,858.2724,-1065.41807
11075.54114,857.6906,-1065.6696
11076.17465,857.10914,-1065.92109
11076.80785,856.52801,-1066.17255
11077.44075,855.9472,-1066.42398
11078.07334,855.36672,-1066.67539
11078.70562,854.78656,-1066.92679
11079.33762,854.20671,-1067.17817
11079.96932,853.62718,-1067.42955
11080.60074,853.04795,-1067.68091
11081.23186,852.46904,-1067.93227
11081.8627,851.89044,-1068.18361
11082.49324,851.31215,-1068.43495
11083.12353,850.73415,-1068.68629
11083.75352,850.15645,-1068.9376
11084.38328,849.57901,-1069.18891
11085.01292,849.00171,-1069.44026
11085.64252,848.42449,-1069.69168
11086.272,847.84742,-1069.94315
11086.9012,847.27065,-1070.1946
11087.53019,846.69411,-1070.44606
11088.15908,846.11772,-1070.69759
11088.78788,845.54145,-1070.94919
11089.41651,844.96538,-1071.20084
11090.04497,844.38952,-1071.45253
11090.67328,843.81385,-1071.70427
11091.30142,843.23838,-1071.95605
11091.92939,842.66312,-1072.20788
11092.55715,842.08809,-1072.45974
11093.18471,841.51331,-1072.71164
11093.81211,840.93873,-1072.9636
11094.43928,840.36441,-1073.21559
11095.06621,839.79036,-1073.46762
11095.6929,839.2166,-1073.71968
11096.31935,838.64312,-1073.97179
11096.94559,838.06989,-1074.22396
11097.57159,837.49695,-1074.47617
11098.19726,836.92437,-1074.72839
11098.82263,836.35213,-1074.98063
11099.44771,835.78021,-1075.2329
11100.07254,835.20858,-1075.48519
11100.69711,834.63725,-1075.73751
11101.32138,834.06624,-1075.98983
11101.94538,833.49553,-1076.24216
11102.56911,832.92512,-1076.49449
11103.19258,832.355,-1076.74683
11103.81578,831.78518,-1076.99917
11104.4387,831.21566,-1077.25151
11105.06134,830.64644,-1077.50385
11105.68371,830.07752,-1077.75619
11106.30581,829.5089,-1078.00853
11106.92763,828.94058,-1078.26087
11107.54917,828.37256,-1078.5132
11108.17043,827.80485,-1078.76552
11108.79141,827.23744,-1079.01784
11109.41211,826.67034,-1079.27015
11110.03253,826.10354,-1079.52245
11110.65267,825.53703,-1079.77472
11111.27253,824.97081,-1080.02696
11111.89213,824.40486,-1080.27915
11112.51144,823.8392,-1080.5313
11113.13048,823.27381,-1080.78338
11113.74926,822.70868,-1081.0354
11114.36776,822.14382,-1081.28735
11114.98599,821.57923,-1081.53924
11115.60395,821.0149,-1081.79105
11116.22165,820.45082,-1082.04277
11116.83907,819.887,-1082.29439
11117.45624,819.32342,-1082.54593
11118.07312,818.76011,-1082.79738
11118.68974,818.19705,-1083.04874
11119.30609,817.63424,-1083.30001
11119.92219,817.07167,-1083.55119
11120.53803,816.50934,-1083.80228
11121.15365,815.94722,-1084.0533
11121.76912,815.38525,-1084.30427
11122.38437,814.82348,-1084.55517
11122.99939,814.26193,-1084.806
11123.61427,813.70052,-1085.05678
11124.229,813.13925,-1085.30753
11124.84359,812.57813,-1085.55824
11125.458,812.01718,-1085.80891
11126.07224,811.4564,-1086.05956
11126.68634,810.89577,-1086.31018
11127.30028,810.33531,-1086.56079
11127.91408,809.77501,-1086.81141
11128.52772,809.21488,-1087.06203
11129.14122,808.65492,-1087.31269
11129.75458,808.09514,-1087.56339
11130.36784,807.53549,-1087.81416
11130.98096,806.97603,-1088.065
11131.59392,806.41678,-1088.31592
11132.20679,805.85769,-1088.56696
11132.81956,805.29876,-1088.81813
11133.43222,804.74001,-1089.06944
11134.04483,804.18141,-1089.32093
11134.65734,803.62299,-1089.57261
11135.26976,803.06477,-1089.8245
11135.8821,802.50674,-1090.07662
11136.49438,801.94891,-1090.32902
11137.10658,801.3913,-1090.58172
11137.71871,800.83391,-1090.83475
11138.33077,800.27677,-1091.08815
11138.94276,799.71988,-1091.34194
11139.55469,799.16326,-1091.59616
11140.16655,798.60692,-1091.85085
11140.77836,798.05086,-1092.106
11141.39009,797.4951,-1092.36163
11142.00182,796.93957,-1092.61776
11142.61356,796.38426,-1092.87438
11143.2253,795.82917,-1093.13147
11143.83704,795.27428,-1093.38901
11144.44879,794.71959,-1093.64699
11145.06056,794.16508,-1093.90542
11145.67236,793.61075,-1094.1643
11146.28419,793.0566,-1094.42362
11146.89603,792.50264,-1094.6834
11147.50791,791.94886,-1094.94363
11148.11984,791.39525,-1095.20434
11148.73181,790.84182,-1095.46555
11149.34384,790.28857,-1095.72727
11149.95595,789.7355,-1095.98954
11150.56811,789.18263,-1096.25236
11151.18032,788.62996,-1096.51572
11151.79259,788.07749,-1096.77963
11152.4049,787.52522,-1097.04406
11153.01726,786.97313,-1097.30898
11153.62967,786.42122,-1097.5744
11154.24214,785.8695,-1097.84032
11154.85466,785.31794,-1098.10672
11155.46725,784.76655,-1098.37362
11156.0799,784.21534,-1098.64102
11156.69261,783.6643,-1098.90892
11157.30539,783.11344,-1099.17734
11157.91824,782.56275,-1099.44629
11158.53118,782.01223,-1099.71577
11159.14419,781.46189,-1099.98578
11159.75727,780.91172,-1100.25631
11160.37043,780.36173,-1100.52736
11160.98366,779.81191,-1100.79893
11161.59695,779.26227,-1101.071
11162.21031,778.7128,-1101.34358
11162.82374,778.16351,-1101.61666
11163.43723,777.61439,-1101.89022
11164.05078,777.06545,-1102.16427
11164.6644,776.51667,-1102.43881
11165.27808,775.96806,-1102.71383
11165.89185,775.41962,-1102.98937
11166.50568,774.87135,-1103.26539
11167.11957,774.32326,-1103.5419
11167.73354,773.77532,-1103.81888
11168.34756,773.22756,-1104.09634
11168.96166,772.67995,-1104.37426
11169.57581,772.13251,-1104.65263
11170.19002,771.58523,-1104.93146
11170.80429,771.03812,-1105.21074
11171.41863,770.49117,-1105.49048
11172.03302,769.94439,-1105.77068
11172.64749,769.39777,-1106.05136
11173.26205,768.85131,-1106.33253
11173.87667,768.30502,-1106.61418
11174.49139,767.75887,-1106.89631
11175.10618,767.21288,-1107.17892
11175.72105,766.66704,-1107.46199
11176.33601,766.12134,-1107.74551
11176.95105,765.57576,-1108.02944
11177.56617,765.03029,-1108.31375
11178.18137,764.48493,-1108.59845
11178.79665,763.93967,-1108.88352
11179.41203,763.39449,-1109.16895
11180.02751,762.84939,-1109.45475
11180.6431,762.30436,-1109.74091
11181.25881,761.75938,-1110.02745
11181.87466,761.21446,-1110.31438
11182.49064,760.6696,-1110.60171
11183.10677,760.1248,-1110.88947
11183.72304,759.58007,-1111.17767
11184.33946,759.03543,-1111.46636
11184.95604,758.49088,-1111.75555
11185.57276,757.94645,-1112.04528
11186.18964,757.40215,-1112.33559
11186.80668,756.85799,-1112.6265
11187.42389,756.31397,-1112.91804
11188.04129,755.7701,-1113.21024
11188.65885,755.2264,-1113.50311
11189.2766,754.68286,-1113.79667
11189.89452,754.1395,-1114.09092
11190.51262,753.5963,-1114.38585
11191.1309,753.05325,-1114.68144
11191.74938,752.51034,-1114.97768
11192.36805,751.96755,-1115.27455
11192.98691,751.42487,-1115.57203
11193.60599,750.88228,-1115.87011
11194.2253,750.33976,-1116.16879
11194.84481,749.79732,-1116.46805
11195.46455,749.25494,-1116.76789
11196.08451,748.71263,-1117.0683
11196.7047,748.17038,-1117.3693
11197.32514,747.62817,-1117.67089
11197.94583,747.08601,-1117.97308
11198.56675,746.54393,-1118.27589
11199.18793,746.00191,-1118.57934
11199.80938,745.45996,-1118.88346
11200.43109,744.9181,-1119.18826
11201.05308,744.37631,-1119.49377
11201.67534,743.83462,-1119.80001
11202.2979,743.29301,-1120.10699
11202.92074,742.7515,-1120.41472
11203.54386,742.21009,-1120.72319
11204.16726,741.66877,-1121.03239
11204.79098,741.12751,-1121.34233
11205.41501,740.5863,-1121.65298
11206.03935,740.04514,-1121.96434
11206.66402,739.504,-1122.2764
11207.28902,738.96287,-1122.58914
11207.91436,738.42175,-1122.90256
11208.54005,737.88061,-1123.21665
11209.16608,737.33946,-1123.53141
11209.79247,736.79829,-1123.84684
11210.41922,736.25709,-1124.16294
11211.04633,735.71586,-1124.47971
11211.67384,735.17457,-1124.79715
11212.30172,734.63324,-1125.11527
11212.92998,734.09188,-1125.43408
11213.55861,733.55049,-1125.75356
11214.18761,733.00906,-1126.07371
11214.81698,732.4676,-1126.39453
11215.44672,731.9261,-1126.71601
11216.07684,731.38456,-1127.03818
11216.70732,730.843,-1127.361
11217.33817,730.3014,-1127.68448
11217.9694,729.75975,-1128.00863
11218.601,729.21807,-1128.33344
11219.23298,728.67635,-1128.65891
11219.86533,728.13459,-1128.98506
11220.49808,727.59278,-1129.31187
11221.13121,727.05092,-1129.63936
11221.76476,726.50901,-1129.96755
11222.39869,725.96707,-1130.29645
11223.033,725.42511,-1130.62604
11223.66771,724.88311,-1130.95632
11224.3028,724.34108,-1131.28731
11224.9383,723.79901,-1131.619
11225.57419,723.25693,-1131.95142
11226.21045,722.71483,-1132.28452
11226.8471,722.1727,-1132.61831
11227.48413,721.63053,-1132.95276
11228.12154,721.08832,-1133.28787
11228.75932,720.54608,-1133.62365
11229.39747,720.00381,-1133.96007
11230.03599,719.4615,-1134.29712
11230.67486,718.91917,-1134.6348
11231.31411,718.37677,-1134.97311
11231.95374,717.83434,-1135.31206
11232.59375,717.29183,-1135.65162
11233.23417,716.74924,-1135.99181
11233.87497,716.20659,-1136.33263
11234.51614,715.66389,-1136.67406
11235.15768,715.12114,-1137.0161
11235.79958,714.57832,-1137.35871
11236.44187,714.0354,-1137.7019
11237.08452,713.49241,-1138.04565
11237.72756,712.94933,-1138.38997
11238.37096,712.40617,-1138.73486
11239.01474,711.86293,-1139.08032
11239.65888,711.31962,-1139.42634
11240.30341,710.77622,-1139.77295
11240.94834,710.23272,-1140.12014
11241.59365,709.68914,-1140.46791
11242.23935,709.14547,-1140.81626
11242.88544,708.60171,-1141.1652
11243.53192,708.05786,-1141.51472
11244.17877,707.51392,-1141.86479
11244.82599,706.9699,-1142.21541
11245.47357,706.42579,-1142.56655
11246.12152,705.88157,-1142.91821
11246.76984,705.33724,-1143.27039
11247.41856,704.79279,-1143.6231
11248.06764,704.24823,-1143.97631
11248.71709,703.70355,-1144.33003
11249.36692,703.15875,-1144.68425
11250.01713,702.61383,-1145.03898
11250.66772,702.06878,-1145.3942
11251.31868,701.5236,-1145.74992
11251.97003,700.97828,-1146.10612
11252.62171,700.43286,-1146.46277
11253.27366,699.88738,-1146.81983
11253.92588,699.34185,-1147.17731
11254.57835,698.79628,-1147.53518
11255.23095,698.25077,-1147.89338
11255.88377,697.70525,-1148.25195
11256.53676,697.15974,-1148.61087
11257.18979,696.61438,-1148.97007
11257.84278,696.06922,-1149.32951
11258.4958,695.52421,-1149.68924
11259.1488,694.97939,-1150.04921
11259.80177,694.43478,-1150.40944
11260.45471,693.89037,-1150.76992
11261.10756,693.34621,-1151.13063
11261.76023,692.80237,-1151.49148
11262.41275,692.25882,-1151.85249
11263.06516,691.71551,-1152.21369
11263.71738,691.17252,-1152.575
11264.3693,690.62992,-1152.93637
11265.02097,690.08767,-1153.29781
11265.67241,689.54574,-1153.65931
11266.32356,689.00418,-1154.02085
11266.97438,688.46302,-1154.3824
11267.6249,687.92225,-1154.74398
11268.27513,687.38185,-1155.10559
11268.92507,686.84181,-1155.46723
11269.57471,686.30216,-1155.8289
11270.22404,685.7629,-1156.1906
11270.87306,685.22401,-1156.55231
11271.52179,684.6855,-1156.91404
11272.1702,684.14736,-1157.27577
11272.81831,683.60957,-1157.63747
11273.46614,683.07211,-1157.99915
11274.11365,682.53498,-1158.36076
11274.76085,681.99817,-1158.7223
11275.40776,681.46166,-1159.08375
11276.05436,680.92545,-1159.44509
11276.70066,680.38952,-1159.80632
11277.34667,679.85385,-1160.16741
11277.99238,679.31844,-1160.52835
11278.63779,678.78328,-1160.88912
11279.2829,678.24837,-1161.24973
11279.92771,677.7137,-1161.61016
11280.57223,677.17925,-1161.97039
11281.21644,676.64503,-1162.33042
11281.86036,676.11102,-1162.69023
11282.50398,675.57721,-1163.04981
11283.1473,675.04361,-1163.40915
11283.7903,674.51021,-1163.76823
11284.433,673.977,-1164.12705
11285.07539,673.44399,-1164.48561
11285.71749,672.91117,-1164.84392
11286.35927,672.37854,-1165.20196
11287.00075,671.84611,-1165.55975
11287.64193,671.31387,-1165.91728
11288.2828,670.78183,-1166.27456
11288.92336,670.24999,-1166.63159
11289.56363,669.71834,-1166.98836
11290.20357,669.18691,-1167.34488
11290.84318,668.65569,-1167.70113
11291.48249,668.12468,-1168.05714
11292.12149,667.59388,-1168.4129
11292.76018,667.06328,-1168.76842
11293.39855,666.5329,-1169.12369
11294.03661,666.00273,-1169.47871
11294.67437,665.47276,-1169.83349
11295.31181,664.94301,-1170.18802
11295.94894,664.41345,-1170.54229
11296.58577,663.8841,-1170.89631
11297.22227,663.35496,-1171.25008
11297.85848,662.82601,-1171.6036
11298.49438,662.29726,-1171.95685
11299.12997,661.7687,-1172.30984
11299.76525,661.24034,-1172.66257
11300.40024,660.71215,-1173.01502
11301.03491,660.18415,-1173.3672
11301.66929,659.65633,-1173.7191
11302.30335,659.12869,-1174.07071
11302.93709,658.60122,-1174.422
11303.57052,658.07392,-1174.77298
11304.20365,657.54676,-1175.12364
11304.83648,657.01976,-1175.47398
11305.46901,656.49289,-1175.82399
11306.10124,655.96616,-1176.17365
11306.73314,655.43957,-1176.52295
11307.36475,654.9131,-1176.87188
11307.99604,654.38674,-1177.22042
11308.62702,653.86051,-1177.56858
11309.2577,653.33437,-1177.91634
11309.88808,652.80834,-1178.26371
11310.51815,652.28241,-1178.61067
11311.14791,651.75656,-1178.95721
11311.77737,651.2308,-1179.30331
11312.40651,650.7051,-1179.64895
11313.03535,650.17947,-1179.99412
11313.66387,649.6539,-1180.33883
11314.2921,649.12837,-1180.68304
11314.91999,648.60288,-1181.02672
11315.54758,648.07741,-1181.36986
11316.17484,647.55195,-1181.71242
11316.80178,647.02651,-1182.05442
11317.4284,646.50108,-1182.39585
11318.05471,645.97564,-1182.7367
11318.68072,645.45021,-1183.07701
11319.30642,644.92478,-1183.41676
11319.93182,644.39937,-1183.75597
11320.55692,643.87397,-1184.09466
11321.18172,643.34858,-1184.4328
11321.80624,642.8232,-1184.77043
11322.43044,642.29783,-1185.10751
11323.05436,641.77248,-1185.44407
11323.67797,641.24714,-1185.78009
11324.30129,640.72179,-1186.11556
11324.92431,640.19646,-1186.45049
11325.54703,639.67112,-1186.78485
11326.16946,639.14577,-1187.11867
11326.7916,638.62042,-1187.45193
11327.41345,638.09506,-1187.78463
11328.03499,637.56969,-1188.11675
11328.65625,637.04429,-1188.44828
11329.27719,636.51888,-1188.77922
11329.89786,635.99343,-1189.10957
11330.51824,635.46795,-1189.43932
11331.13823,634.94249,-1189.76839
11331.75747,634.41737,-1190.09657
11332.37612,633.89244,-1190.42395
11332.99458,633.36735,-1190.75072
11333.61279,632.84216,-1191.07684
11334.23076,632.31684,-1191.40231
11334.8485,631.79142,-1191.72717
11335.46597,631.26592,-1192.05139
11336.08308,630.74042,-1192.37493
11336.69984,630.21492,-1192.69779
11337.31626,629.68944,-1193.02003
11337.93236,629.16398,-1193.3417
11338.54816,628.63853,-1193.66282
11339.16364,628.11313,-1193.9834
11339.77879,627.58781,-1194.30346
11340.39359,627.06258,-1194.62302
11341.00806,626.53744,-1194.94209
11341.62223,626.01238,-1195.2607
11342.23607,625.48744,-1195.57888
11342.84961,624.96261,-1195.89666
11343.46283,624.43791,-1196.21404
11344.07575,623.91335,-1196.53106
11344.68835,623.38892,-1196.8477
11345.30066,622.86463,-1197.16398
11345.91267,622.34046,-1197.4799
11346.52437,621.81642,-1197.79544
11347.13579,621.29249,-1198.11061
11347.74689,620.76869,-1198.42537
11348.35766,620.24501,-1198.7397
11348.96812,619.72144,-1199.05359
11349.57825,619.19797,-1199.36702
11350.18806,618.6746,-1199.67999
11350.79753,618.15133,-1199.99247
11351.40668,617.62813,-1200.30445
11352.0155,617.10502,-1200.61592
11352.62401,616.58197,-1200.92689
11353.23219,616.05901,-1201.23737
11353.84005,615.53612,-1201.54733
11354.44759,615.0133,-1201.8568
11355.0548,614.49057,-1202.16576
11355.6617,613.96791,-1202.47423
11356.26828,613.44533,-1202.7822
11356.87453,612.92283,-1203.08967
11357.48045,612.40042,-1203.39663
11358.08604,611.8781,-1203.70309
11358.6913,611.35586,-1204.00904
11359.2962,610.83373,-1204.31446
11359.90075,610.31169,-1204.61935
11360.50493,609.78975,-1204.92367
11361.10874,609.26791,-1205.22743
11361.71216,608.74617,-1205.5306
11362.31519,608.22454,-1205.83315
11362.91778,607.70302,-1206.13504
11363.51996,607.1816,-1206.43627
11364.12169,606.66029,-1206.7368
11364.72296,606.13911,-1207.03662
11365.32377,605.61806,-1207.33575
11365.92408,605.09718,-1207.63418
11366.52385,604.57652,-1207.93189
11367.12302,604.05612,-1208.22886
11367.72158,603.53599,-1208.52508
11368.31951,603.01617,-1208.82055
11368.91675,602.49669,-1209.11524
11369.51326,601.97759,-1209.40911
11370.109,601.4589,-1209.70213
11370.70391,600.94065,-1209.99425
11371.29795,600.42286,-1210.28541
11371.89109,599.90552,-1210.57555
11372.48331,599.38865,-1210.86464
11373.07459,598.87224,-1211.15262
11373.66492,598.35628,-1211.43944
11374.25426,597.84077,-1211.72505
11374.84261,597.32572,-1212.00944
11375.42997,596.81113,-1212.29262
11376.0163,596.29703,-1212.57456
11376.60162,595.78342,-1212.85528
11377.18593,595.2703,-1213.13479
11377.76924,594.7577,-1213.41315
11378.35153,594.24563,-1213.69036
11378.93279,593.73412,-1213.96644
11379.51304,593.22316,-1214.24142
11380.09228,592.71277,-1214.51532
11380.67051,592.20298,-1214.7882
11381.24772,591.69379,-1215.06004
11381.82389,591.18523,-1215.33086
11382.39904,590.67729,-1215.60066
11382.97313,590.17001,-1215.86944
11383.54613,589.66341,-1216.13718
11384.11804,589.15748,-1216.40386
11384.68885,588.65223,-1216.66946
11385.25856,588.14765,-1216.93398
11385.82716,587.64375,-1217.19741
11386.39466,587.14052,-1217.45973
11386.96104,586.63797,-1217.72094
11387.5263,586.1361,-1217.98102
11388.09041,585.63493,-1218.23997
11388.65342,585.13444,-1218.49783
11389.21528,584.63467,-1218.75457
11389.77602,584.1356,-1219.01021
11390.33561,583.63723,-1219.26472
11390.89407,583.13958,-1219.51813
11391.45134,582.64267,-1219.77039
11392.00741,582.14652,-1220.02148
11392.56225,581.65113,-1220.27136
11393.1159,581.15646,-1220.52
11393.66833,580.66251,-1220.76737
11394.21955,580.16926,-1221.01344
11394.76957,579.6767,-1221.2582
11395.31839,579.18483,-1221.50166
11395.86601,578.69366,-1221.74381
11396.41244,578.20317,-1221.98464
11396.95766,577.71336,-1222.22412
11397.50165,577.22425,-1222.46223
11398.04444,576.73582,-1222.699
11398.58608,576.24806,-1222.93451
11399.12659,575.76098,-1223.16884
11399.66596,575.27461,-1223.40199
11400.20413,574.78899,-1223.63393
11400.74109,574.30413,-1223.86466
11401.27684,573.82002,-1224.09417
11401.81142,573.33666,-1224.3225
11402.34486,572.85402,-1224.54969
11402.87714,572.3721,-1224.77569
11403.40825,571.89091,-1225.00049
11403.93818,571.41043,-1225.22402
11404.46696,570.93064,-1225.4463
11404.9946,570.45152,-1225.66732
11405.52111,569.97307,-1225.88709
11406.04648,569.4953,-1226.1056
11406.57072,569.01822,-1226.3229
11407.09381,568.54185,-1226.539
11407.6158,568.06619,-1226.75398
11408.13661,567.59132,-1226.96787
11408.65611,567.1174,-1227.18065
11409.17432,566.6444,-1227.39235
11409.69133,566.17226,-1227.60301
11410.20732,565.70079,-1227.81269
11410.72244,565.22988,-1228.02148
11411.23662,564.7596,-1228.22937
11411.74972,564.29009,-1228.43633
11412.26172,563.82139,-1228.64238
11412.77255,563.35355,-1228.8475
11413.2823,562.88648,-1229.05169
11413.79102,562.42015,-1229.255
11414.29872,561.95456,-1229.45744
11414.80538,561.48973,-1229.65903
11415.31102,561.02564,-1229.85976
11415.81565,560.56229,-1230.05965
11416.31927,560.09967,-1230.25868
11416.82189,559.63777,-1230.45688
11417.32357,559.17656,-1230.65427
11417.82431,558.71603,-1230.85088
11418.32412,558.25618,-1231.04671
11418.82304,557.79699,-1231.2418
11419.32108,557.33844,-1231.43616
11419.81823,556.88055,-1231.62981
11420.31454,556.4233,-1231.82279
11420.81001,555.96668,-1232.01512
11421.30464,555.51069,-1232.20679
11421.79847,555.05531,-1232.39783
11422.29149,554.60054,-1232.58822
11422.78369,554.14638,-1232.77796
11423.27511,553.6928,-1232.96705
11423.76573,553.2398,-1233.15548
11424.25558,552.78736,-1233.34322
11424.74466,552.33546,-1233.53027
11425.23298,551.8841,-1233.71663
11425.72057,551.43324,-1233.90228
11426.20743,550.98288,-1234.08723
11426.69356,550.533,-1234.27145
11427.17898,550.0836,-1234.45494
11427.6637,549.63465,-1234.6377
11428.14772,549.18616,-1234.81972
11428.63104,548.73812,-1235.00098
11429.11367,548.2905,-1235.18145
11429.59561,547.8433,-1235.36111
11430.07687,547.3965,-1235.53994
11430.55745,546.9501,-1235.71795
11431.03734,546.5041,-1235.89509
11431.51652,546.05849,-1236.07127
11431.99494,545.61327,-1236.24639
11432.47266,545.16839,-1236.42045
11432.94972,544.72383,-1236.59353
11433.42617,544.27957,-1236.76568
11433.90204,543.83561,-1236.937
11434.37731,543.39198,-1237.10752
11434.85192,542.94871,-1237.27712
11435.32584,542.50582,-1237.4458
11435.79909,542.06334,-1237.61366
11436.27168,541.62128,-1237.78077
11436.74363,541.17962,-1237.9471
11437.21496,540.73831,-1238.11262
11437.6857,540.29729,-1238.27724
11438.15581,539.85659,-1238.4409
11438.62531,539.41618,-1238.6036
11439.09415,538.9761,-1238.76528
11439.56225,538.53639,-1238.92582
11440.02958,538.09702,-1239.08504
11440.49608,537.65797,-1239.24272
11440.96178,537.21915,-1239.39863
11441.42673,536.78048,-1239.55273
11441.891,536.3419,-1239.70503
11442.35467,535.90334,-1239.85555
11442.81773,535.46483,-1240.00432
11443.28016,535.02643,-1240.15145
11443.74191,534.58823,-1240.29703
11444.20298,534.15027,-1240.44117
11444.66341,533.71255,-1240.58398
11445.12328,533.27503,-1240.7256
11445.58261,532.83771,-1240.86611
11446.04143,532.40059,-1241.00553
11446.4997,531.96369,-1241.14385
11446.95743,531.52702,-1241.28108
11447.41457,531.0906,-1241.41715
11447.87114,530.65441,-1241.55204
11448.32713,530.21844,-1241.68568
11448.78256,529.78266,-1241.81801
11449.23742,529.34705,-1241.94892
11449.69172,528.91158,-1242.07837
11450.14547,528.47626,-1242.20636
11450.59868,528.04106,-1242.33288
11451.05134,527.606,-1242.45787
11451.50345,527.17108,-1242.58134
11451.95502,526.7363,-1242.70333
11452.40602,526.3017,-1242.82384
11452.85642,525.8673,-1242.94285
11453.30626,525.4331,-1243.06042
11453.75554,524.99911,-1243.17662
11454.20428,524.56531,-1243.29145
11454.65249,524.1317,-1243.40492
11455.10015,523.69829,-1243.51697
11455.54727,523.26506,-1243.62755
11455.99384,522.83202,-1243.73663
11456.43988,522.39914,-1243.84421
11456.88541,521.96642,-1243.95026
11457.33043,521.53385,-1244.05481
11457.77497,521.10143,-1244.15787
11458.21899,520.66917,-1244.2594
11458.66251,520.23708,-1244.35943
11459.10551,519.80517,-1244.45795
11459.54797,519.37347,-1244.55493
11459.9899,518.94196,-1244.65035
11460.43132,518.51064,-1244.74421
11460.87225,518.07948,-1244.83653
11461.31269,517.64849,-1244.92727
11461.75267,517.21765,-1245.01646
11462.19218,516.78697,-1245.10412
11462.63125,516.35643,-1245.19027
11463.06989,515.92603,-1245.27489
11463.50812,515.49576,-1245.35802
11463.94593,515.06562,-1245.43961
11464.38335,514.63559,-1245.51967
11464.82039,514.20566,-1245.5982
11465.25707,513.77583,-1245.67525
11465.69341,513.34609,-1245.75083
11466.12944,512.91642,-1245.82503
11466.56519,512.48682,-1245.89798
11467.00065,512.0573,-1245.96968
11467.43583,511.62786,-1246.04015
11467.87074,511.19849,-1246.10932
11468.30536,510.76919,-1246.17715
11468.73971,510.33995,-1246.24354
11469.17378,509.91076,-1246.30847
11469.6076,509.48161,-1246.37191
11470.04116,509.05249,-1246.43383
11470.47449,508.62339,-1246.49424
11470.90759,508.19431,-1246.55308
11471.34042,507.76528,-1246.61036
11471.77301,507.3363,-1246.66607
11472.20533,506.90738,-1246.72021
11472.63741,506.47851,-1246.77279
11473.06924,506.04971,-1246.82384
11473.50083,505.62098,-1246.87342
11473.93217,505.19233,-1246.92153
11474.36328,504.76375,-1246.96823
11474.79415,504.33527,-1247.01354
11475.22479,503.90688,-1247.05749
11475.6552,503.47859,-1247.10013
11476.08538,503.0504,-1247.14152
11476.51538,502.62229,-1247.1817
11476.94522,502.19421,-1247.22063
11477.37495,501.76614,-1247.25828
11477.80449,501.33813,-1247.2946
11478.23387,500.91018,-1247.32958
11478.66312,500.48226,-1247.36328
11479.09227,500.05433,-1247.39572
11479.52138,499.62636,-1247.42695
11479.95042,499.19837,-1247.45693
11480.37936,498.7704,-1247.4857
11480.8082,498.34244,-1247.51325
11481.23696,497.91449,-1247.53962
11481.66565,497.48655,-1247.56486
11482.09428,497.0586,-1247.58903
11482.52284,496.63066,-1247.61209
11482.95134,496.20272,-1247.63404
11483.37976,495.77481,-1247.65489
11483.80811,495.34692,-1247.67463
11484.23638,494.91905,-1247.69323
11484.6646,494.49119,-1247.71067
11485.09276,494.06333,-1247.72688
11485.52085,493.6355,-1247.74179
11485.94888,493.20769,-1247.75534
11486.37684,492.7799,-1247.76747
11486.80471,492.35216,-1247.77813
11487.2325,491.92447,-1247.78728
11487.66022,491.49682,-1247.79487
11488.08784,491.06924,-1247.80094
11488.51537,490.64173,-1247.80552
11488.94283,490.21429,-1247.80864
11489.3702,489.78692,-1247.81041
11489.79751,489.35961,-1247.81095
11490.22476,488.93236,-1247.81032
11490.65194,488.50518,-1247.80861
11491.07907,488.07806,-1247.80577
11491.50609,487.65106,-1247.80159
11491.93298,487.22421,-1247.79592
11492.35978,486.79747,-1247.78884
11492.7865,486.37083,-1247.78051
11493.21317,485.94427,-1247.77098
11493.63981,485.51776,-1247.76043
11494.06641,485.09131,-1247.74886
11494.49299,484.66493,-1247.7361
11494.9195,484.23865,-1247.72193
11495.34594,483.8125,-1247.70631
11495.7723,483.38647,-1247.68935
11496.19861,482.96055,-1247.67117
11496.62485,482.53475,-1247.65184
11497.05103,482.10906,-1247.6314
11497.47716,481.68348,-1247.60988
11497.90322,481.25802,-1247.58724
11498.32924,480.83266,-1247.5635
11498.75523,480.40739,-1247.53866
11499.18124,479.98217,-1247.51271
11499.60725,479.55703,-1247.48553
11500.03326,479.13198,-1247.45698
11500.45924,478.70706,-1247.42698
11500.88519,478.28228,-1247.3954
11501.31106,477.85771,-1247.36222
11501.73684,477.43334,-1247.32752
11502.1626,477.00912,-1247.29134
11502.58836,476.58503,-1247.25372
11503.01409,476.16109,-1247.21466
11503.4398,475.73731,-1247.17424
11503.86547,475.31368,-1247.13253
11504.29112,474.89021,-1247.08953
11504.71676,474.46688,-1247.04526
11505.14238,474.0437,-1246.99975
11505.568,473.62066,-1246.95299
11505.9936,473.19777,-1246.90498
11506.41923,472.775,-1246.85574
11506.84489,472.35234,-1246.8053
11507.27059,471.92979,-1246.75365
11507.69632,471.50736,-1246.70074
11508.1221,471.08504,-1246.64657
11508.54793,470.66284,-1246.59108
11508.9738,470.24077,-1246.53427
11509.39972,469.81885,-1246.47606
11509.82568,469.39708,-1246.41645
11510.2517,468.97545,-1246.35546
11510.67778,468.55396,-1246.29306
11511.10392,468.13262,-1246.22929
11511.53012,467.71143,-1246.16414
11511.95638,467.29039,-1246.09765
11512.3827,466.8695,-1246.02982
11512.80909,466.44875,-1245.96069
11513.23554,466.02815,-1245.89031
11513.66208,465.60767,-1245.81868
11514.08867,465.18734,-1245.74583
11514.51535,464.76714,-1245.67174
11514.94211,464.34709,-1245.5964
11515.36894,463.92718,-1245.51981
11515.79585,463.50743,-1245.44198
11516.22285,463.08781,-1245.36292
11516.64994,462.66834,-1245.28262
11517.07712,462.24902,-1245.20106
11517.5044,461.82985,-1245.11818
11517.93178,461.41086,-1245.03394
11518.35924,460.99206,-1244.94834
11518.7868,460.57343,-1244.86138
11519.21444,460.15501,-1244.77309
11519.64218,459.73676,-1244.68345
11520.07001,459.31872,-1244.59248
11520.49794,458.90086,-1244.5002
11520.92595,458.48321,-1244.40657
11521.35407,458.06575,-1244.31164
11521.78228,457.64849,-1244.21543
11522.21058,457.23142,-1244.11799
11522.63897,456.81455,-1244.01932
11523.06746,456.39785,-1243.91947
11523.49609,455.9813,-1243.81845
11523.92483,455.56491,-1243.71627
11524.35371,455.14867,-1243.61294
11524.78268,454.73261,-1243.50846
11525.21176,454.31674,-1243.40281
11525.64095,453.90106,-1243.29598
11526.0703,453.48552,-1243.18798
11526.49981,453.07011,-1243.07883
11526.92948,452.65484,-1242.96852
11527.35931,452.23971,-1242.85706
11527.78929,451.82476,-1242.74439
11528.21941,451.41,-1242.63046
11528.64969,450.99543,-1242.51526
11529.08011,450.58107,-1242.39876
11529.51069,450.16691,-1242.28099
11529.9414,449.75297,-1242.16198
11530.37226,449.33924,-1242.04171
11530.80327,448.92572,-1241.92018
11531.23442,448.51242,-1241.7974
11531.66571,448.09934,-1241.67338
11532.09714,447.68649,-1241.54814
11532.52869,447.27388,-1241.4217
11532.96035,446.86151,-1241.29411
11533.39213,446.44936,-1241.1654
11533.82403,446.03744,-1241.03556
11534.25605,445.62576,-1240.90456
11534.68818,445.21433,-1240.7724
11535.12043,444.80316,-1240.63907
11535.5528,444.39224,-1240.50456
11535.98527,443.98161,-1240.36886
11536.41786,443.57126,-1240.23194
11536.85059,443.16118,-1240.0938
11537.28343,442.75141,-1239.95438
11537.7164,442.34196,-1239.81362
11538.14949,441.93284,-1239.67153
11538.5827,441.52406,-1239.52809
11539.01603,441.11564,-1239.38331
11539.44947,440.70757,-1239.23717
11539.88304,440.29986,-1239.08969
11540.31672,439.89251,-1238.94087
11540.75054,439.48551,-1238.79072
11541.18447,439.07887,-1238.63926
11541.61851,438.67258,-1238.48654
11542.05268,438.26663,-1238.33258
11542.48697,437.86101,-1238.17739
11542.92139,437.45572,-1238.021
11543.35594,437.05075,-1237.86342
11543.79061,436.64611,-1237.70465
11544.22541,436.24179,-1237.54472
11544.66035,435.83778,-1237.38364
11545.09541,435.43409,-1237.22143
11545.53061,435.03072,-1237.05804
11545.96595,434.62768,-1236.89348
11546.40143,434.22499,-1236.72772
11546.83702,433.82267,-1236.56074
11547.27275,433.42072,-1236.39253
11547.7086,433.01915,-1236.22309
11548.14457,432.61798,-1236.05242
11548.58067,432.21721,-1235.88046
11549.0169,431.81685,-1235.70723
11549.4533,431.41687,-1235.53271
11549.88982,431.01731,-1235.35691
11550.32651,430.61815,-1235.17981
11550.76332,430.21942,-1235.00144
11551.20026,429.82112,-1234.82178
11551.63734,429.42327,-1234.6408
11552.07454,429.02587,-1234.45854
11552.51188,428.62889,-1234.27504
11552.94936,428.23234,-1234.09028
11553.38696,427.83623,-1233.90429
11553.82473,427.44054,-1233.71703
11554.26264,427.04529,-1233.52848
11554.70073,426.65049,-1233.33861
11555.13898,426.25616,-1233.14738
11555.57739,425.86231,-1232.9548
11556.01597,425.46894,-1232.76086
11556.45471,425.07607,-1232.56555
11556.89363,424.68369,-1232.36887
11557.33271,424.29182,-1232.17079
11557.77199,423.90044,-1231.97132
11558.21144,423.50958,-1231.77046
11558.65108,423.11924,-1231.56819
11559.09089,422.72942,-1231.36453
11559.53087,422.34014,-1231.15949
11559.97104,421.95137,-1230.95308
11560.41139,421.5631,-1230.74533
11560.85194,421.17533,-1230.53625
11561.29268,420.78803,-1230.32589
11561.73363,420.4012,-1230.11424
11562.17478,420.01483,-1229.90133
11562.6161,419.62894,-1229.68718
11563.05764,419.24349,-1229.47181
11563.49937,418.85852,-1229.25519
11563.9413,418.47403,-1229.03733
11564.38341,418.09001,-1228.81826
11564.82573,417.70646,-1228.59794
11565.26824,417.32342,-1228.37637
11565.71094,416.94091,-1228.1535
11566.15384,416.55892,-1227.92935
11566.59695,416.17747,-1227.70387
11567.04025,415.79659,-1227.47705
11567.48376,415.41627,-1227.24889
11567.92749,415.03653,-1227.01935
11568.3714,414.65741,-1226.78842
11568.81552,414.2789,-1226.5561
11569.25983,413.90102,-1226.3224
11569.70436,413.52373,-1226.08733
11570.14907,413.14706,-1225.85092
11570.59399,412.77098,-1225.61318
11571.03911,412.39551,-1225.37412
11571.48441,412.02064,-1225.13377
11571.92992,411.64637,-1224.89211
11572.37561,411.2727,-1224.64919
11572.82149,410.8996,-1224.40504
11573.2676,410.52706,-1224.15963
11573.71392,410.1551,-1223.91296
11574.16046,409.78371,-1223.66504
11574.60723,409.41289,-1223.41584
11575.05425,409.04267,-1223.16532
11575.50149,408.67308,-1222.91347
11575.94896,408.30412,-1222.6603
11576.39666,407.9358,-1222.40578
11576.8446,407.56814,-1222.1499
11577.29276,407.20118,-1221.89263
11577.74114,406.83494,-1221.63395
11578.18974,406.46946,-1221.37383
11578.63854,406.10475,-1221.11228
11579.08755,405.74082,-1220.84928
11579.53677,405.37767,-1220.58486
11579.98621,405.01527,-1220.31904
11580.43586,404.6536,-1220.05186
11580.88575,404.29264,-1219.78333
11581.33588,403.93238,-1219.51347
11581.78622,403.57283,-1219.2423
11582.23681,403.21395,-1218.96983
11582.68764,402.85575,-1218.69609
11583.1387,402.49817,-1218.42115
11583.59001,402.14115,-1218.14507
11584.04159,401.78468,-1217.86784
11584.49344,401.42876,-1217.58947
11584.94556,401.0734,-1217.30996
11585.39794,400.71861,-1217.0293
11585.85059,400.36438,-1216.74749
11586.3035,400.01073,-1216.46455
11586.75666,399.65765,-1216.18049
11587.21008,399.30513,-1215.89532
11587.66378,398.95317,-1215.60902
11588.11776,398.60178,-1215.32158
11588.572,398.25098,-1215.033
11589.02654,397.90074,-1214.74328
11589.48136,397.55107,-1214.45244
11589.93647,397.20194,-1214.16049
11590.39188,396.85333,-1213.86745
11590.84762,396.50522,-1213.57332
11591.30367,396.15761,-1213.2781
11591.76006,395.81048,-1212.98181
11592.21678,395.46383,-1212.68444
11592.67383,395.11765,-1212.38602
11593.13122,394.77195,-1212.08652
11593.58894,394.42673,-1211.78597
11594.04703,394.08197,-1211.48433
11594.50548,393.73767,-1211.18162
11594.96431,393.39382,-1210.87782
11595.42353,393.05041,-1210.57295
11595.88315,392.7074,-1210.26701
11596.3432,392.36479,-1209.95999
11596.80366,392.02259,-1209.6519
11597.26454,391.68077,-1209.34275
11597.72586,391.33933,-1209.03253
11598.18763,390.99823,-1208.72128
11598.64982,390.65746,-1208.40903
11599.11246,390.31699,-1208.09579
11599.57557,389.9768,-1207.78156
11600.03915,389.63689,-1207.46634
11600.50324,389.29722,-1207.15011
11600.96783,388.9578,-1206.83287
11601.43296,388.6186,-1206.51461
11601.89862,388.27963,-1206.19533
11602.36484,387.94088,-1205.875
11602.83163,387.60235,-1205.55361
11603.29902,387.26403,-1205.23114
11603.76701,386.92591,-1204.90758
11604.2356,386.588,-1204.58293
11604.70481,386.25027,-1204.25721
11605.17463,385.91271,-1203.93044
11605.64505,385.57529,-1203.60265
11606.11611,385.23799,-1203.27383
11606.58778,384.9008,-1202.94401
11607.06009,384.56369,-1202.61321
11607.53302,384.22662,-1202.28147
11608.00659,383.88955,-1201.94882
11608.48081,383.55245,-1201.61529
11608.95568,383.21529,-1201.28089
11609.43121,382.87805,-1200.94563
11609.90742,382.5407,-1200.60951
11610.38432,382.20323,-1200.27255
11610.86189,381.86561,-1199.93478
11611.34013,381.52784,-1199.59622
11611.81903,381.18991,-1199.25688
11612.2986,380.8518,-1198.91678
11612.77885,380.51347,-1198.57594
11613.25979,380.17493,-1198.23434
11613.7414,379.83616,-1197.89201
11614.22371,379.49714,-1197.54896
11614.70671,379.15787,-1197.20518
11615.1904,378.81834,-1196.86069
11615.67478,378.47853,-1196.5155
11616.15987,378.13844,-1196.16959
11616.64567,377.79806,-1195.82297
11617.13219,377.45738,-1195.47564
11617.61942,377.1164,-1195.12762
11618.10736,376.77511,-1194.7789
11618.596,376.43349,-1194.42951
11619.08535,376.09154,-1194.07947
11619.57541,375.74924,-1193.72877
11620.06619,375.40657,-1193.37742
11620.55769,375.06353,-1193.02544
11621.04988,374.7201,-1192.67286
11621.54279,374.37626,-1192.31969
11622.03639,374.03201,-1191.96594
11622.53069,373.68733,-1191.61164
11623.02569,373.34222,-1191.25679
11623.52139,372.99666,-1190.90139
11624.01778,372.65065,-1190.54547
11624.51486,372.30418,-1190.18903
11625.01264,371.95725,-1189.83207
11625.51107,371.60988,-1189.47462
11626.01019,371.26205,-1189.11667
11626.50996,370.91377,-1188.75823
11627.0104,370.56504,-1188.39931
11627.51151,370.21586,-1188.03989
11628.01328,369.86622,-1187.67999
11628.51575,369.5161,-1187.31958
11629.01891,369.16552,-1186.95867
11629.52275,368.81447,-1186.59725
11630.02728,368.46296,-1186.23532
11630.5325,368.11097,-1185.8729
11631.03839,367.75853,-1185.50999
11631.54496,367.40563,-1185.14657
11632.05218,367.05228,-1184.78267
11632.56007,366.69849,-1184.41828
11633.06863,366.34425,-1184.05339
11633.57785,365.98956,-1183.68801
11634.08773,365.63443,-1183.32214
11634.59829,365.27884,-1182.95577
11635.10949,364.92281,-1182.58893
11635.62134,364.56636,-1182.2216
11636.1338,364.20949,-1181.85382
11636.64692,363.85219,-1181.48555
11637.16066,363.49447,-1181.11681
11637.67508,363.1363,-1180.74757
11638.19015,362.7777,-1180.37783
11638.70589,362.41865,-1180.0076
11639.22229,362.05916,-1179.63687
11639.73936,361.69923,-1179.26565
11640.2571,361.33883,-1178.89394
11640.77551,360.97798,-1178.52174
11641.29455,360.6167,-1178.14907
11641.81425,360.25496,-1177.77593
11642.33457,359.89279,-1177.40234
11642.85552,359.53018,-1177.02831
11643.37711,359.16712,-1176.65382
11643.89932,358.80361,-1176.2789
11644.42215,358.43965,-1175.90355
11644.94562,358.07522,-1175.52777
11645.46971,357.71034,-1175.15156
11645.99438,357.34503,-1174.77497
11646.51958,356.97932,-1174.39802
11647.04526,356.61324,-1174.02076
11647.57131,356.24687,-1173.64326
11648.09761,355.8803,-1173.26562
11648.62403,355.51361,-1172.88792
11649.15057,355.1468,-1172.51017
11649.67716,354.77991,-1172.13242
11650.2038,354.41295,-1171.75468
11650.7304,354.04597,-1171.37701
11651.25694,353.67899,-1170.99943
11651.78339,353.31203,-1170.62195
11652.30969,352.94512,-1170.24463
11652.83579,352.57831,-1169.8675
11653.36166,352.21159,-1169.49059
11653.88725,351.84501,-1169.11394
11654.4125,351.47862,-1168.73759
11654.93739,351.11242,-1168.36155
11655.46193,350.7464,-1167.98581
11655.98616,350.38055,-1167.61036
11656.51005,350.01486,-1167.23521
11657.03359,349.64937,-1166.86037
11657.55675,349.28407,-1166.48586
11658.07955,348.91897,-1166.11167
11658.60197,348.55407,-1165.73781
11659.12399,348.18939,-1165.36429
11659.64561,347.82492,-1164.99113
11660.16679,347.46069,-1164.61835
11660.68743,347.09677,-1164.24602
11661.20754,346.73316,-1163.87414
11661.72709,346.36986,-1163.50272
11662.24608,346.00688,-1163.13178
11662.76449,345.64423,-1162.76134
11663.28231,345.2819,-1162.3914
11663.7995,344.91991,-1162.022
11664.3161,344.55825,-1161.65312
11664.83204,344.19695,-1161.2848
11665.34733,343.83599,-1160.91706
11665.86194,343.47539,-1160.54992
11666.37587,343.11514,-1160.18339
11666.88911,342.75524,-1159.81749
11667.40164,342.39568,-1159.45224
11667.91349,342.03644,-1159.08764
11668.42463,341.67753,-1158.7237
11668.93508,341.31892,-1158.36044
11669.44482,340.96062,-1157.99787
11669.95386,340.60261,-1157.63601
11670.46218,340.24488,-1157.27487
11670.9698,339.88742,-1156.91445
11671.47672,339.53022,-1156.55477
11671.98292,339.17327,-1156.19584
11672.48843,338.81655,-1155.83766
11672.99324,338.46006,-1155.48025
11673.49733,338.10379,-1155.12362
11674.00074,337.74772,-1154.76777
11674.50344,337.39185,-1154.41271
11675.00544,337.03618,-1154.05845
11675.50675,336.68068,-1153.70499
11676.00736,336.32537,-1153.35233
11676.50728,335.97024,-1153.00048
11677.00649,335.61528,-1152.64946
11677.50499,335.2605,-1152.29927
11678.00278,334.90587,-1151.94994
11678.49987,334.55141,-1151.60143
11678.99626,334.19711,-1151.25377
11679.49192,333.84297,-1150.90698
11679.98687,333.48897,-1150.56106
11680.48107,333.13511,-1150.21606
11680.97454,332.78138,-1149.87199
11681.46728,332.42776,-1149.52885
11681.95927,332.07426,-1149.18666
11682.45052,331.72086,-1148.84544
11682.94099,331.36755,-1148.50525
11683.43067,331.01431,-1148.16611
11683.91958,330.66114,-1147.82802
11684.40771,330.30803,-1147.491
11684.89504,329.95499,-1147.15506
11685.38159,329.60201,-1146.8202
11685.86734,329.24908,-1146.48644
11686.35229,328.8962,-1146.1538
11686.83644,328.54335,-1145.82229
11687.31978,328.19053,-1145.49194
11687.80232,327.83773,-1145.16273
11688.28405,327.48496,-1144.83467
11688.76499,327.13219,-1144.50779
11689.24509,326.77943,-1144.18212
11689.72439,326.42664,-1143.85767
11690.20288,326.07382,-1143.53446
11690.68055,325.72096,-1143.2125
11691.15742,325.36805,-1142.89178
11691.63347,325.0151,-1142.57232
11692.10874,324.66207,-1142.25413
11692.58319,324.30897,-1141.93723
11693.05684,323.9558,-1141.62161
11693.52971,323.60256,-1141.30724
11694.00179,323.24923,-1140.99416
11694.4731,322.89582,-1140.68234
11694.94363,322.54232,-1140.37179
11695.41341,322.18871,-1140.06252
11695.88242,321.835,-1139.75452
11696.35069,321.48119,-1139.44777
11696.81823,321.12725,-1139.14229
11697.28504,320.77321,-1138.83805
11697.75113,320.41902,-1138.53508
11698.2165,320.06469,-1138.23339
11698.68117,319.71017,-1137.93299
11699.14515,319.35547,-1137.63389
11699.60847,319.00054,-1137.33607
11700.07113,318.64539,-1137.03956
11700.53314,318.28998,-1136.74437
11700.99451,317.93429,-1136.45052
11701.45525,317.5783,-1136.15802
11701.91536,317.22201,-1135.86689
11702.3749,316.86539,-1135.57707
11702.83389,316.50846,-1135.2885
11703.29231,316.15124,-1135.00119
11703.75016,315.79371,-1134.71519
11704.20748,315.43587,-1134.43042
11704.66423,315.07775,-1134.14692
11705.12043,314.71933,-1133.8647
11705.57607,314.36064,-1133.58372
11706.03118,314.00168,-1133.30395
11706.48575,313.64244,-1133.02541
11706.9398,313.28292,-1132.74809
11707.39333,312.92312,-1132.47198
11707.84634,312.56304,-1132.1971
11708.29884,312.20265,-1131.92347
11708.75082,311.84194,-1131.65112
11709.20228,311.48089,-1131.38008
11709.65324,311.11949,-1131.11036
11710.10367,310.75773,-1130.84199
11710.5536,310.39561,-1130.57496
11711.00304,310.03312,-1130.30927
11711.45197,309.67028,-1130.0449
11711.90042,309.30708,-1129.78186
11712.34837,308.94352,-1129.52016
11712.79584,308.57961,-1129.25978
11713.24282,308.21538,-1129.0007
11713.68932,307.85083,-1128.74289
11714.13537,307.48598,-1128.48629
11714.58096,307.12086,-1128.23086
11715.02612,306.75548,-1127.97657
11715.47082,306.38988,-1127.72341
11715.91507,306.02404,-1127.47138
11716.35886,305.65798,-1127.22048
11716.8022,305.2917,-1126.97069
11717.24511,304.9252,-1126.72201
11717.68758,304.55848,-1126.47442
11718.12965,304.19152,-1126.22792
11718.57129,303.82433,-1125.98252
11719.01252,303.45689,-1125.73824
11719.45334,303.0892,-1125.49509
11719.89374,302.72125,-1125.25308
11720.33373,302.353,-1125.01228
11720.77333,301.98445,-1124.77267
11721.21253,301.61557,-1124.53428
11721.65135,301.24636,-1124.29712
11722.08981,300.87681,-1124.06115
11722.52791,300.50692,-1123.82639
11722.96565,300.13669,-1123.59284
11723.40305,299.7661,-1123.3605
11723.84013,299.39515,-1123.12935
11724.27687,299.02387,-1122.89936
11724.7133,298.65223,-1122.67054
11725.14944,298.28025,-1122.44285
11725.58528,297.90794,-1122.21625
11726.02085,297.53532,-1121.99071
11726.45615,297.16238,-1121.7662
11726.89116,296.78917,-1121.5427
11727.32593,296.41567,-1121.32017
11727.76045,296.04189,-1121.0986
11728.19472,295.66784,-1120.87797
11728.62878,295.29351,-1120.65822
11729.06263,294.91891,-1120.43937
11729.49625,294.54402,-1120.22145
11729.92967,294.16885,-1120.00444
11730.36287,293.79339,-1119.78834
11730.79588,293.41764,-1119.57315
11731.22869,293.04159,-1119.35889
11731.66129,292.66526,-1119.14554
11732.09368,292.28864,-1118.93311
11732.52588,291.91171,-1118.72165
11732.95787,291.53446,-1118.51118
11733.38965,291.15689,-1118.30171
11733.82123,290.77899,-1118.09327
11734.25259,290.40075,-1117.88588
11734.68375,290.02219,-1117.6795
11735.11472,289.64329,-1117.47415
11735.54549,289.26407,-1117.26982
11735.97603,288.88453,-1117.06655
11736.40639,288.50465,-1116.86432
11736.83652,288.12446,-1116.66314
11737.26646,287.74393,-1116.46304
11737.69619,287.36307,-1116.26401
11738.12571,286.98189,-1116.06605
11738.55503,286.60039,-1115.86914
11738.98415,286.21857,-1115.67329
11739.41306,285.83646,-1115.47846
11739.84178,285.45404,-1115.28467
11740.27029,285.07134,-1115.09189
11740.6986,284.68834,-1114.90015
11741.12672,284.30506,-1114.70942
11741.55463,283.9215,-1114.51971
11741.98234,283.53766,-1114.33103
11742.40985,283.15355,-1114.14335
11742.83716,282.76916,-1113.9567
11743.26427,282.38448,-1113.7711
11743.69117,281.99952,-1113.58657
11744.11786,281.61428,-1113.40312
11744.54435,281.22874,-1113.22078
11744.97063,280.8429,-1113.03955
11745.3967,280.45678,-1112.85942
11745.82257,280.07036,-1112.6804
11746.24824,279.68365,-1112.5025
11746.67371,279.29664,-1112.32574
11747.09896,278.90936,-1112.15009
11747.52401,278.52178,-1111.97559
11747.94885,278.13391,-1111.80225
11748.37347,277.74574,-1111.63012
11748.79788,277.35725,-1111.45924
11749.22207,276.96843,-1111.28966
11749.64605,276.57929,-1111.12136
11750.06981,276.18981,-1110.95439
11750.49335,275.80001,-1110.78874
11750.91668,275.40988,-1110.62439
11751.33979,275.01943,-1110.46139
11751.76268,274.62865,-1110.29976
11752.18535,274.23752,-1110.13954
11752.60779,273.84608,-1109.98071
11753.03001,273.4543,-1109.8233
11753.45201,273.06219,-1109.6673
11753.87378,272.66978,-1109.51268
11754.29535,272.27706,-1109.35941
11754.71671,271.88405,-1109.20748
11755.13787,271.49075,-1109.05685
11755.55898,271.09704,-1108.90743
11755.98013,270.70283,-1108.75921
11756.40127,270.30818,-1108.6122
11756.82229,269.9132,-1108.46644
11757.24321,269.51787,-1108.32192
11757.66415,269.12209,-1108.17856
11758.08515,268.72583,-1108.03638
11758.50613,268.32915,-1107.8954
11758.92712,267.93204,-1107.75563
11759.34812,267.53448,-1107.61712
11759.76911,267.13648,-1107.47989
11760.19008,266.73808,-1107.34392
11760.61104,266.33928,-1107.20914
11761.03202,265.94007,-1107.07552
11761.453,265.54046,-1106.94308
11761.87397,265.14046,-1106.81187
11762.29492,264.74008,-1106.6819
11762.71584,264.33932,-1106.55319
11763.13675,263.93818,-1106.42571
11763.55766,263.53665,-1106.29947
11763.97857,263.13473,-1106.17445
11764.39948,262.73244,-1106.05065
11764.82039,262.32977,-1105.9281
11765.24129,261.92672,-1105.8068
11765.66222,261.52328,-1105.68675
11766.08316,261.11944,-1105.56796
11766.50414,260.71521,-1105.45042
11766.92515,260.31058,-1105.33412
11767.34618,259.90557,-1105.21909
11767.76725,259.50016,-1105.10532
11768.18839,259.09433,-1104.9928
11768.60961,258.68807,-1104.88153
11769.0309,258.2814,-1104.7715
11769.45228,257.87432,-1104.66266
11769.87375,257.46685,-1104.55495
11770.29529,257.05901,-1104.44835
11770.71687,256.65083,-1104.34288
11771.13857,256.24226,-1104.2385
11771.5604,255.83327,-1104.13519
11771.98239,255.42385,-1104.03296
11772.40453,255.01402,-1103.93178
11772.82677,254.60381,-1103.83168
11773.24915,254.19322,-1103.73261
11773.67165,253.78225,-1103.63459
11774.09431,253.37086,-1103.5376
11774.51715,252.95906,-1103.44164
11774.94016,252.54684,-1103.34671
11775.36335,252.13419,-1103.25284
11775.78673,251.72111,-1103.16003
11776.2103,251.30759,-1103.06829
11776.63406,250.89364,-1102.97763
11777.05802,250.47926,-1102.88804
11777.48217,250.06445,-1102.79949
11777.90652,249.64923,-1102.71196
11778.33106,249.2336,-1102.62543
11778.75579,248.81757,-1102.53992
11779.18071,248.40113,-1102.45545
11779.60584,247.98426,-1102.37203
11780.03118,247.56697,-1102.28968
11780.45675,247.14923,-1102.20841
11780.88255,246.73106,-1102.12817
11781.30861,246.31243,-1102.04895
11781.73492,245.89335,-1101.97075
11782.16151,245.4738,-1101.89362
11782.58836,245.05378,-1101.81755
11783.01548,244.63329,-1101.74257
11783.44287,244.21234,-1101.66868
11783.87052,243.79093,-1101.59588
11784.29843,243.36908,-1101.52414
11784.72661,242.94677,-1101.45345
11785.15508,242.524,-1101.3838
11785.58386,242.10074,-1101.3152
11786.01295,241.67701,-1101.24763
11786.44236,241.25279,-1101.18105
11786.87215,240.82803,-1101.11551
11787.30227,240.40277,-1101.051
11787.73276,239.97698,-1100.98754
11788.16362,239.55066,-1100.92518
11788.59483,239.12383,-1100.8639
11789.02639,238.69649,-1100.80371
11789.45829,238.26865,-1100.74456
11789.89055,237.84032,-1100.68643
11790.32318,237.41148,-1100.6293
11790.75618,236.98214,-1100.57315
11791.18955,236.55229,-1100.51797
11791.62331,236.12194,-1100.46373
11792.05746,235.69108,-1100.4104
11792.49197,235.25974,-1100.35798
11792.92686,234.82791,-1100.30648
11793.36214,234.39558,-1100.25591
11793.79782,233.96273,-1100.20627
11794.23392,233.52936,-1100.15758
11794.67044,233.09546,-1100.1098
11795.1074,232.66102,-1100.06296
11795.5448,232.22603,-1100.01711
11795.98265,231.79048,-1099.97229
11796.42095,231.35437,-1099.92853
11796.85971,230.91769,-1099.88583
11797.29893,230.48045,-1099.84419
11797.73859,230.04267,-1099.80361
11798.17872,229.60432,-1099.76405
11798.61932,229.16541,-1099.72548
11799.06041,228.72593,-1099.68787
11799.50197,228.28589,-1099.65119
11799.94403,227.84529,-1099.6154
11800.38656,227.40414,-1099.58047
11800.82956,226.96245,-1099.54637
11801.27306,226.5202,-1099.51305
11801.71707,226.07739,-1099.48047
11802.16158,225.63402,-1099.44862
11802.60659,225.1901,-1099.41748
11803.05213,224.74561,-1099.38702
11803.49818,224.30056,-1099.35718
11803.94474,223.85495,-1099.32794
11804.39183,223.40878,-1099.29931
11804.83944,222.96205,-1099.27128
11805.28759,222.51474,-1099.24386
11805.73626,222.06687,-1099.21706
11806.18543,221.61846,-1099.19089
11806.63512,221.1695,-1099.16537
11807.08531,220.72,-1099.14048
11807.53605,220.26991,-1099.11625
11807.98736,219.81921,-1099.09271
11808.43927,219.36788,-1099.06989
11808.8918,218.91589,-1099.04783
11809.34495,218.46324,-1099.02657
11809.79868,218.00997,-1099.00618
11810.25299,217.55608,-1098.98665
11810.70788,217.10157,-1098.96796
11811.16334,216.64646,-1098.95012
11811.61937,216.19075,-1098.93309
11812.07599,215.73442,-1098.91686
11812.5332,215.27747,-1098.90139
11812.99103,214.81987,-1098.88668
11813.44947,214.36165,-1098.87274
11813.90851,213.9028,-1098.85956
11814.36816,213.44331,-1098.8471
11814.82845,212.98317,-1098.83533
11815.28939,212.52237,-1098.8242
11815.75097,212.06091,-1098.81369
11816.21323,211.59875,-1098.80384
11816.67623,211.13585,-1098.79464
11817.13994,210.67221,-1098.7861
11817.60437,210.20785,-1098.77821
11818.0695,209.74278,-1098.77093
11818.53531,209.27702,-1098.76423
11819.00182,208.81055,-1098.75811
11819.46904,208.34336,-1098.75259
11819.93699,207.87543,-1098.74765
11820.40568,207.40677,-1098.74329
11820.87506,206.9374,-1098.73949
11821.34513,206.46734,-1098.73624
11821.81589,205.99659,-1098.73354
11822.28735,205.52513,-1098.73137
11822.75953,205.05296,-1098.72971
11823.23242,204.58007,-1098.72853
11823.70604,204.10645,-1098.72782
11824.1804,203.63209,-1098.72756
11824.6555,203.15699,-1098.72774
11825.13133,202.68116,-1098.72834
11825.6079,202.20459,-1098.72938
11826.08514,201.72735,-1098.73081
11826.56307,201.24943,-1098.73262
11827.04165,200.77085,-1098.73479
11827.52093,200.29158,-1098.7373
11828.00086,199.81166,-1098.74013
11828.48148,199.33105,-1098.74327
11828.96282,198.84972,-1098.74673
11829.44491,198.36764,-1098.75053
11829.92774,197.88483,-1098.75465
11830.41134,197.40125,-1098.75909
11830.89569,196.91693,-1098.76386
11831.38075,196.43189,-1098.76895
11831.86653,195.94614,-1098.77435
11832.35306,195.45965,-1098.78005
11832.84032,194.97242,-1098.78604
11833.32829,194.48449,-1098.79232
11833.81698,193.99585,-1098.79887
11834.30637,193.5065,-1098.80568
11834.79645,193.01647,-1098.81273
11835.28721,192.52577,-1098.82002
11835.77867,192.03437,-1098.82751
11836.27083,191.54227,-1098.83521
11836.7637,191.04946,-1098.84311
11837.25729,190.55594,-1098.85121
11837.75159,190.06171,-1098.8595
11838.24662,189.56675,-1098.86797
11838.74237,189.07107,-1098.87663
11839.23884,188.57468,-1098.88545
11839.73603,188.07757,-1098.89445
11840.23393,187.57976,-1098.9036
11840.73254,187.08123,-1098.91291
11841.23189,186.58197,-1098.92236
11841.73194,186.08202,-1098.93195
11842.23267,185.58138,-1098.94168
11842.73409,185.08006,-1098.95153
11843.23616,184.57809,-1098.9615
11843.73891,184.07544,-1098.9716
11844.24233,183.57212,-1098.98181
11844.74644,183.06812,-1098.99213
11845.25122,182.56344,-1099.00256
11845.75668,182.05809,-1099.0131
11846.26284,181.55205,-1099.02376
11846.76966,181.04534,-1099.03452
11847.27717,180.53795,-1099.0454
11847.78537,180.02987,-1099.05639
11848.29423,179.52113,-1099.06749
11848.80378,179.0117,-1099.0787
11849.31404,178.50157,-1099.09003
11849.82503,177.99071,-1099.10148
11850.33674,177.47913,-1099.11304
11850.84918,176.96682,-1099.12473
11851.36231,176.45382,-1099.13653
11851.87614,175.94013,-1099.14846
11852.39064,175.42577,-1099.16051
11852.90582,174.91074,-1099.17268
11853.42167,174.39503,-1099.18496
11853.9382,173.87865,-1099.19735
11854.45538,173.36162,-1099.20986
11854.97323,172.84393,-1099.22246
11855.4917,172.32561,-1099.23518
11856.01079,171.80668,-1099.24801
11856.53054,171.28709,-1099.26094
11857.05095,170.76685,-1099.27397
11857.57201,170.24595,-1099.28712
11858.0937,169.72443,-1099.30038
11858.61605,169.20225,-1099.31376
11859.13882,168.67966,-1099.32726
11859.66144,168.15721,-1099.34088
11860.18403,167.63481,-1099.35464
11860.70672,167.1123,-1099.36854
11861.22929,166.58992,-1099.3826
11861.75169,166.06771,-1099.39683
11862.27424,165.54536,-1099.41124
11862.7972,165.02261,-1099.42586
11863.32065,164.49937,-1099.44071
11863.84461,163.97562,-1099.45579
11864.36908,163.45138,-1099.47112
11864.89404,162.92665,-1099.4867
11865.41957,162.40136,-1099.50255
11865.94572,161.87546,-1099.51867
11866.47247,161.34896,-1099.53506
11866.99982,160.82187,-1099.55173
11867.52778,160.29419,-1099.56869
11868.05633,159.76592,-1099.58595
11868.58548,159.23706,-1099.60351
11869.11522,158.70762,-1099.62141
11869.64554,158.17762,-1099.63965
11870.17642,157.64706,-1099.65826
11870.70791,157.11591,-1099.67726
11871.24,156.58418,-1099.69667
11871.77272,156.05183,-1099.71651
11872.30608,155.51885,-1099.73682
11872.84009,154.98525,-1099.75763
11873.37468,154.45108,-1099.77898
11873.90986,153.91635,-1099.8009
11874.4456,153.38109,-1099.82341
11874.9819,152.84528,-1099.8465
11875.51879,152.30892,-1099.87015
11876.05625,151.772,-1099.89437
11876.59429,151.23453,-1099.91918
11877.1329,150.69652,-1099.94458
11877.67207,150.15798,-1099.97054
11878.21175,149.61895,-1099.99706
11878.75194,149.07944,-1100.02412
11879.2926,148.53948,-1100.05172
11879.83374,147.99907,-1100.07983
11880.37534,147.45823,-1100.10843
11880.91738,146.91697,-1100.13754
11881.45988,146.37528,-1100.16714
11882.0028,145.8332,-1100.19726
11882.54611,145.29075,-1100.22791
11883.08981,144.74795,-1100.2591
11883.63389,144.2048,-1100.29088
11884.17837,143.66128,-1100.32331
11884.72326,143.1174,-1100.35642
11885.26857,142.57314,-1100.3903
11885.8143,142.02852,-1100.42502
11886.36031,141.48367,-1100.46064
11886.9066,140.93861,-1100.49725
11887.45314,140.39336,-1100.53485
11887.99994,139.84793,-1100.57347
11888.5469,139.30241,-1100.6131
11889.09396,138.75686,-1100.65371
11889.64114,138.21126,-1100.69529
11890.18841,137.66564,-1100.73779
11890.7358,137.11997,-1100.78118
11891.28338,136.57418,-1100.82539
11891.83105,136.02836,-1100.87035
11892.37871,135.48261,-1100.91604
11892.92635,134.93694,-1100.9624
11893.47402,134.39129,-1101.00943
11894.02167,133.84572,-1101.05713
11894.56933,133.3002,-1101.1055
11895.11697,132.75476,-1101.15454
11895.66458,132.20941,-1101.20427
11896.2122,131.66412,-1101.25472
11896.75985,131.11887,-1101.30593
11897.30757,130.57363,-1101.35795
11897.85526,130.02849,-1101.41082
11898.40285,129.48355,-1101.46458
11898.95034,128.9388,-1101.51924
11899.49775,128.39422,-1101.57484
11900.04515,127.84975,-1101.63141
11900.59256,127.30537,-1101.68894
11901.13995,126.76111,-1101.74744
11901.68733,126.21697,-1101.80687
11902.23468,125.67296,-1101.86723
11902.78201,125.12907,-1101.92853
11903.32932,124.58531,-1101.99077
11903.87661,124.04168,-1102.05397
11904.42386,123.49821,-1102.11816
11904.97108,122.95489,-1102.18334
11905.51825,122.41173,-1102.24953
11906.0654,121.86873,-1102.31676
11906.6125,121.32591,-1102.38509
11907.15956,120.78328,-1102.45455
11907.70657,120.24085,-1102.52517
11908.25353,119.69862,-1102.59695
11908.80044,119.1566,-1102.66993
11909.34726,118.61484,-1102.74415
11909.89393,118.0734,-1102.81958
11910.44046,117.53227,-1102.89624
11910.98687,116.99144,-1102.9741
11911.53314,116.45093,-1103.0532
11912.07927,115.91074,-1103.13353
11912.62524,115.3709,-1103.21515
11913.17107,114.83141,-1103.29807
11913.71673,114.2923,-1103.38236
11914.26221,113.75359,-1103.46807
11914.80751,113.21531,-1103.55529
11915.35264,112.67747,-1103.64412
11915.89759,112.14009,-1103.73462
11916.44232,111.60322,-1103.82681
11916.98675,111.06695,-1103.92073
11917.53083,110.53135,-1104.01643
11918.07457,109.99644,-1104.114
11918.61801,109.46218,-1104.21351
11919.16116,108.9286,-1104.315
11919.70399,108.39572,-1104.41848
11920.24652,107.86354,-1104.52391
11920.78873,107.33206,-1104.63126
11921.33065,106.80126,-1104.7405
11921.87228,106.27116,-1104.85163
11922.41358,105.7418,-1104.96471
11922.95458,105.21318,-1105.07977
11923.49526,104.6853,-1105.19675
11924.03565,104.15815,-1105.31563
11924.57573,103.63174,-1105.43637
11925.11551,103.10606,-1105.55894
11925.65499,102.58112,-1105.68335
11926.19417,102.05693,-1105.8096
11926.73304,101.53352,-1105.93772
11927.27159,101.01088,-1106.06769
11927.80986,100.48899,-1106.19944
11928.34783,99.96785,-1106.33295
11928.8855,99.44747,-1106.4682
11929.42286,98.92787,-1106.60524
11929.95992,98.40906,-1106.74406
11930.4967,97.89102,-1106.88462
11931.03316,97.37376,-1107.02688
11931.56934,96.85726,-1107.17082
11932.10522,96.34156,-1107.31649
11932.6408,95.82666,-1107.46389
11933.1761,95.31256,-1107.61302
11933.71108,94.79929,-1107.76387
11934.24578,94.28679,-1107.91636
11934.78019,93.77508,-1108.07045
11935.31431,93.26416,-1108.22617
11935.84815,92.75402,-1108.38347
11936.3817,92.24468,-1108.54235
11936.91495,91.73614,-1108.70281
11937.44793,91.22839,-1108.86483
11937.9806,90.72145,-1109.02841
11938.51298,90.21535,-1109.19359
11939.04507,89.71008,-1109.36039
11939.57686,89.20567,-1109.52882
11940.10835,88.70212,-1109.6989
11940.63954,88.19947,-1109.87066
11941.17043,87.69773,-1110.04415
11941.70101,87.19693,-1110.21941
11942.23127,86.69712,-1110.39651
11942.76122,86.1983,-1110.57548
11943.29086,85.70049,-1110.75632
11943.8202,85.20368,-1110.93903
11944.34922,84.7079,-1111.1236
11944.87795,84.21313,-1111.31002
11945.40637,83.71938,-1111.49827
11945.93449,83.22664,-1111.68833
11946.46231,82.73492,-1111.88017
11946.98983,82.24421,-1112.07376
11947.51705,81.7545,-1112.26907
11948.04398,81.26579,-1112.4661
11948.57062,80.77807,-1112.6648
11949.09696,80.29136,-1112.86516
11949.62302,79.80562,-1113.06715
11950.14886,79.32083,-1113.27082
11950.67459,78.83689,-1113.47623
11951.20023,78.3538,-1113.68341
11951.72569,77.87165,-1113.89232
11952.25097,77.39045,-1114.10295
11952.77619,76.91008,-1114.31532
11953.30139,76.43055,-1114.52952
11953.82652,75.9519,-1114.74552
11954.35156,75.47418,-1114.96334
11954.87652,74.99736,-1115.18295
11955.40142,74.5214,-1115.40427
11955.92628,74.04628,-1115.6273
11956.45109,73.57201,-1115.85201
11956.97585,73.09859,-1116.07839
11957.50058,72.626,-1116.30641
11958.02526,72.15421,-1116.53599
11958.54992,71.68319,-1116.76709
11959.07455,71.21293,-1116.99967
11959.59916,70.74344,-1117.23374
11960.12376,70.27469,-1117.46929
11960.64836,69.80667,-1117.70627
11961.17295,69.33937,-1117.94465
11961.69754,68.87279,-1118.18444
11962.22216,68.40692,-1118.42568
11962.74682,67.94179,-1118.6684
11963.2715,67.47744,-1118.91268
11963.79622,67.01387,-1119.15852
11964.32098,66.55111,-1119.40595
11964.84575,66.0892,-1119.655
11965.37056,65.62816,-1119.90573
11965.89539,65.16802,-1120.15816
11966.42026,64.70882,-1120.41236
11966.94513,64.25059,-1120.66833
11967.47004,63.79333,-1120.92609
11967.99496,63.33703,-1121.18558
11968.51991,62.88168,-1121.44678
11969.04488,62.42728,-1121.70968
11969.56987,61.97383,-1121.97424
11970.09487,61.52132,-1122.24045
11970.61992,61.06971,-1122.50825
11971.14497,60.619,-1122.77758
11971.67005,60.16915,-1123.0484
11972.19513,59.72015,-1123.32064
11972.72018,59.27203,-1123.59426
11973.24524,58.82475,-1123.86925
11973.77032,58.37825,-1124.14556
11974.29535,57.93261,-1124.42316
11974.82032,57.48781,-1124.70199
11975.34521,57.04385,-1124.98201
11975.87005,56.60071,-1125.26324
11976.39483,56.1584,-1125.54564
11976.91951,55.71695,-1125.82922
11977.44409,55.2764,-1126.114
11977.96855,54.83676,-1126.39996
11978.4929,54.39807,-1126.68717
11979.01714,53.96036,-1126.97568
11979.54124,53.5237,-1127.26553
11980.06523,53.0881,-1127.55676
11980.5891,52.65361,-1127.84943
11981.11284,52.22025,-1128.14354
11981.63645,51.78805,-1128.43914
11982.15994,51.35706,-1128.73627
11982.68329,50.92731,-1129.03495
11983.20651,50.4988,-1129.33518
11983.7296,50.07155,-1129.63697
11984.25255,49.64556,-1129.94031
11984.77538,49.22083,-1130.24519
11985.29809,48.79734,-1130.5516
11985.82069,48.37512,-1130.85956
11986.34318,47.95418,-1131.16908
11986.86555,47.53455,-1131.48018
11987.3878,47.11625,-1131.79286
11987.90994,46.69926,-1132.1071
11988.43196,46.28356,-1132.42286
11988.95388,45.86917,-1132.74016
11989.47569,45.45608,-1133.05897
11989.99741,45.04429,-1133.37931
11990.51903,44.6338,-1133.70117
11991.04056,44.22458,-1134.02448
11991.562,43.81663,-1134.34925
11992.08335,43.40995,-1134.67547
11992.60462,43.00446,-1135.00304
11993.1258,42.60019,-1135.33197
11993.64692,42.1971,-1135.66224
11994.16795,41.79518,-1135.99381
11994.68896,41.39443,-1136.32674
11995.20988,40.99488,-1136.66099
11995.73074,40.59644,-1136.99646
11996.25156,40.1991,-1137.33317
11996.77235,39.8029,-1137.67117
11997.29311,39.40781,-1138.01043
11997.81387,39.01383,-1138.35098
11998.33462,38.62095,-1138.69278
11998.85538,38.22913,-1139.0358
11999.37614,37.83835,-1139.38002
11999.89695,37.44863,-1139.7255
12000.41779,37.05994,-1140.07219
12000.93872,36.67225,-1140.42013
12001.45978,36.2855,-1140.76931
12001.98098,35.89967,-1141.11972
12002.50232,35.51474,-1141.47133
12003.02382,35.13067,-1141.82411
12003.5455,34.74741,-1142.17803
12004.06738,34.36488,-1142.53304
12004.58946,33.98307,-1142.88911
12005.11174,33.60191,-1143.24617
12005.63422,33.22138,-1143.6042
12006.15692,32.84143,-1143.96315
12006.67983,32.462,-1144.32297
12007.20297,32.08304,-1144.68362
12007.72636,31.7045,-1145.04507
12008.25001,31.32638,-1145.40733
12008.77392,30.94868,-1145.77041
12009.29809,30.57142,-1146.13432
12009.82252,30.19464,-1146.49909
12010.34717,29.81836,-1146.86471
12010.87204,29.4426,-1147.23116
12011.39712,29.06737,-1147.59846
12011.92239,28.69272,-1147.96663
12012.44784,28.3187,-1148.3357
12012.97348,27.94531,-1148.70567
12013.49928,27.57258,-1149.07653
12014.02523,27.2005,-1149.44825
12014.55122,26.82915,-1149.82076
12015.07723,26.45854,-1150.19404
12015.60331,26.0886,-1150.56808
12016.1294,25.71933,-1150.94279
12016.65544,25.35073,-1151.31809
12017.18144,24.98277,-1151.69396
12017.70743,24.6154,-1152.0704
12018.23342,24.24861,-1152.4474
12018.75935,23.88242,-1152.8249
12019.28517,23.51685,-1153.20286
12019.8109,23.15191,-1153.58128
12020.33654,22.78759,-1153.96019
12020.86209,22.4239,-1154.33957
12021.38745,22.06092,-1154.71937
12021.91254,21.69871,-1155.09954
12022.43737,21.33731,-1155.48011
12022.96199,20.9767,-1155.86114
12023.4864,20.61691,-1156.24267
12024.0106,20.25794,-1156.62467
12024.53457,19.89977,-1157.00711
12025.05833,19.54238,-1157.38999
12025.58188,19.18575,-1157.77328
12026.10521,18.82985,-1158.15697
12026.62835,18.47465,-1158.54103
12027.15127,18.12012,-1158.92542
12027.67398,17.76619,-1159.31007
12028.19647,17.4128,-1159.69493
12028.71876,17.0599,-1160.07996
12029.24082,16.70747,-1160.46511
12029.76265,16.35549,-1160.85035
12030.28421,16.00395,-1161.23564
12030.80547,15.65288,-1161.62095
12031.32643,15.30226,-1162.00626
12031.84706,14.95208,-1162.39152
12032.36731,14.60236,-1162.7767
12032.88719,14.25309,-1163.16178
12033.40654,13.90439,-1163.54665
12033.92501,13.5565,-1163.93108
12034.44277,13.20931,-1164.31518
12034.9598,12.86281,-1164.69893
12035.47621,12.51689,-1165.08236
12035.9921,12.17144,-1165.46551
12036.5075,11.82638,-1165.84835
12037.02242,11.48164,-1166.23084
12037.53683,11.1372,-1166.61292
12038.05068,10.79304,-1166.99449
12038.5639,10.44916,-1167.37546
12039.07652,10.10553,-1167.75585
12039.58857,9.7621,-1168.13566
12040.10013,9.41881,-1168.51493
12040.61116,9.07565,-1168.89359
12041.12161,8.73261,-1169.27159
12041.63147,8.38968,-1169.6489
12042.14078,8.04682,-1170.02552
12042.64953,7.70404,-1170.40146
12043.15773,7.36128,-1170.77667
12043.66539,7.01851,-1171.15114
12044.17249,6.67571,-1171.52482
12044.67902,6.33284,-1171.89766
12045.18496,5.98986,-1172.2696
12045.69032,5.64672,-1172.64061
12046.19513,5.30334,-1173.01063
12046.69936,4.9597,-1173.37964
12047.20307,4.61577,-1173.74765
12047.70623,4.27153,-1174.11462
12048.20882,3.92695,-1174.4805
12048.71087,3.582,-1174.84527
12049.21237,3.23666,-1175.20893
12049.71335,2.89094,-1175.5715
12050.21379,2.54483,-1175.93295
12050.71369,2.19832,-1176.29327
12051.21305,1.85141,-1176.65246
12051.71189,1.50407,-1177.0105
12052.21018,1.15632,-1177.36738
12052.70796,0.80815,-1177.72313
12053.2052,0.45955,-1178.07772
12053.70194,0.11051,-1178.43115
12054.19814,-0.23899,-1178.78338
12054.69383,-0.58899,-1179.13439
12055.18897,-0.93953,-1179.48409
12055.6836,-1.29066,-1179.83246
12056.17772,-1.6424,-1180.1795
12056.67134,-1.99474,-1180.52521
12057.16447,-2.34773,-1180.86956
12057.65711,-2.70136,-1181.21255
12058.14928,-3.05564,-1181.55418
12058.64095,-3.41057,-1181.89443
12059.13215,-3.76615,-1182.23331
12059.62289,-4.12238,-1182.57084
12060.11318,-4.47926,-1182.90702
12060.60303,-4.83676,-1183.2419
12061.09245,-5.19488,-1183.57549
12061.58144,-5.55361,-1183.9078
12062.07001,-5.91297,-1184.2388
12062.55818,-6.27295,-1184.56853
12063.04596,-6.63359,-1184.89696
12063.53337,-6.99491,-1185.2241
12064.02041,-7.3569,-1185.54993
12064.50709,-7.7196,-1185.87445
12064.99343,-8.08302,-1186.19764
12065.47943,-8.44715,-1186.51952
12065.9651,-8.81203,-1186.84004
12066.45043,-9.17766,-1187.1592
12066.93546,-9.54403,-1187.47704
12067.42017,-9.91113,-1187.79356
12067.90458,-10.27897,-1188.10875
12068.3887,-10.64755,-1188.42263
12068.87252,-11.01688,-1188.73516
12069.35606,-11.38698,-1189.04635
12069.83934,-11.75784,-1189.35622
12070.32236,-12.12945,-1189.66479
12070.80512,-12.5018,-1189.97206
12071.28764,-12.87491,-1190.27802
12071.7699,-13.24877,-1190.58266
12072.25195,-13.62343,-1190.88598
12072.73386,-13.99893,-1191.18804
12073.21563,-14.37525,-1191.48885
12073.69727,-14.75239,-1191.78842
12074.17889,-15.13043,-1192.08682
12074.66067,-15.50951,-1192.38416
12075.14261,-15.8896,-1192.68046
12075.62459,-16.27059,-1192.97567
12076.10653,-16.65239,-1193.26977
12076.58843,-17.035,-1193.56276
12077.07037,-17.41848,-1193.85467
12077.5524,-17.80285,-1194.14555
12078.0345,-18.18807,-1194.43542
12078.51661,-18.57407,-1194.72427
12078.99871,-18.96082,-1195.0121
12079.4808,-19.34831,-1195.29891
12079.9629,-19.73656,-1195.58471
12080.44503,-20.12557,-1195.86952
12080.92719,-20.51534,-1196.15336
12081.40938,-20.90585,-1196.43622
12081.89159,-21.29709,-1196.7181
12082.37383,-21.68906,-1196.99901
12082.85609,-22.08176,-1197.27894
12083.33839,-22.4752,-1197.5579
12083.82074,-22.86936,-1197.83593
12084.30314,-23.26423,-1198.11304
12084.78558,-23.65981,-1198.3892
12085.26806,-24.05609,-1198.66443
12085.75059,-24.45307,-1198.93872
12086.23317,-24.85075,-1199.2121
12086.71579,-25.2491,-1199.48457
12087.19846,-25.64812,-1199.75614
12087.68118,-26.04779,-1200.02685
12088.16395,-26.44811,-1200.29669
12088.64678,-26.84906,-1200.56569
12089.12965,-27.25063,-1200.83385
12089.61258,-27.65282,-1201.10117
12090.09556,-28.05563,-1201.36766
12090.5786,-28.45907,-1201.63329
12091.06169,-28.86314,-1201.89806
12091.54482,-29.26784,-1202.16195
12092.02801,-29.67319,-1202.42493
12092.51124,-30.07919,-1202.687
12092.99452,-30.48587,-1202.94809
12093.47783,-30.89324,-1203.20817
12093.96118,-31.30132,-1203.46719
12094.44456,-31.71013,-1203.72514
12094.92798,-32.11967,-1203.98198
12095.41142,-32.52996,-1204.23767
12095.89489,-32.94101,-1204.49219
12096.37838,-33.35282,-1204.74553
12096.86188,-33.76536,-1204.99767
12097.34531,-34.17858,-1205.24859
12097.82872,-34.5925,-1205.4983
12098.3121,-35.00712,-1205.74678
12098.79541,-35.42242,-1205.994
12099.27865,-35.83839,-1206.23995
12099.76185,-36.25504,-1206.48466
12100.24498,-36.67235,-1206.72811
12100.72805,-37.0903,-1206.97033
12101.21103,-37.50889,-1207.21128
12101.69393,-37.92812,-1207.45093
12102.17671,-38.34799,-1207.68924
12102.6594,-38.76851,-1207.9262
12103.14198,-39.18969,-1208.16177
12103.62446,-39.61152,-1208.39595
12104.10683,-40.034,-1208.62875
12104.5891,-40.45715,-1208.86012
12105.07126,-40.88095,-1209.09005
12105.55329,-41.30541,-1209.3185
12106.03519,-41.73054,-1209.54542
12106.51695,-42.15634,-1209.77078
12106.99856,-42.58278,-1209.9946
12107.48002,-43.00985,-1210.21688
12107.96129,-43.43753,-1210.43759
12108.4423,-43.86574,-1210.65671
12108.92303,-44.29446,-1210.87418
12109.40346,-44.7237,-1211.08998
12109.88365,-45.15349,-1211.30413
12110.36359,-45.58383,-1211.51661
12110.8433,-46.01473,-1211.72745
12111.32277,-46.44617,-1211.93662
12111.80198,-46.87813,-1212.14411
12112.28095,-47.31062,-1212.34993
12112.75965,-47.7436,-1212.5541
12113.2381,-48.17708,-1212.75661
12113.71631,-48.61107,-1212.95743
12114.19425,-49.04557,-1213.15654
12114.67194,-49.48057,-1213.35393
12115.14938,-49.91606,-1213.54961
12115.62654,-50.35203,-1213.74356
12116.10346,-50.78849,-1213.93578
12116.5801,-51.22542,-1214.12627
12117.05648,-51.66281,-1214.31502
12117.53261,-52.10068,-1214.50201
12118.00847,-52.53902,-1214.68721
12118.48406,-52.97781,-1214.87065
12118.95939,-53.41706,-1215.05231
12119.43445,-53.85673,-1215.23224
12119.90926,-54.29682,-1215.41046
12120.38381,-54.73732,-1215.58697
12120.85808,-55.17822,-1215.76174
12121.33209,-55.61951,-1215.93479
12121.80584,-56.0612,-1216.10609
12122.27932,-56.50327,-1216.27567
12122.75253,-56.9457,-1216.44356
12123.22547,-57.38847,-1216.60977
12123.69815,-57.83159,-1216.7743
12124.17057,-58.27506,-1216.93714
12124.64271,-58.71886,-1217.09827
12125.11458,-59.16299,-1217.25766
12125.58618,-59.60745,-1217.41534
12126.05752,-60.05222,-1217.57134
12126.52859,-60.49729,-1217.72569
12126.99948,-60.94273,-1217.87839
12127.4702,-61.38855,-1218.02947
12127.94074,-61.83473,-1218.17891
12128.4111,-62.28127,-1218.32668
12128.88126,-62.72817,-1218.47274
12129.35124,-63.17543,-1218.61709
12129.82104,-63.62306,-1218.75971
12130.29065,-64.07105,-1218.90057
12130.76012,-64.51943,-1219.0397
12131.22947,-64.96823,-1219.17706
12131.69872,-65.41747,-1219.31262
12132.16786,-65.86716,-1219.44633
12132.63691,-66.31729,-1219.57819
12133.10588,-66.76789,-1219.70817
12133.57477,-67.21895,-1219.83623
12134.04358,-67.67047,-1219.96238
12134.51233,-68.12245,-1220.08663
12134.98103,-68.5749,-1220.20897
12135.44966,-69.0278,-1220.3294
12135.91825,-69.48114,-1220.44795
12136.38679,-69.93493,-1220.56459
12136.85536,-70.38923,-1220.67934
12137.32393,-70.844,-1220.79225
12137.79254,-71.29925,-1220.90335
12138.26121,-71.75499,-1221.01267
12138.72996,-72.21122,-1221.12026
12139.19878,-72.66793,-1221.22616
12139.66771,-73.12514,-1221.33034
12140.13675,-73.58283,-1221.43286
12140.60588,-74.04099,-1221.53373
12141.07511,-74.4996,-1221.63299
12141.54445,-74.95866,-1221.73068
12142.01389,-75.41816,-1221.82681
12142.48346,-75.87811,-1221.92137
12142.95317,-76.33853,-1222.01433
12143.42302,-76.79941,-1222.10568
12143.89302,-77.26076,-1222.19543
12144.36319,-77.72259,-1222.28361
12144.83352,-78.18487,-1222.37023
12145.30405,-78.64765,-1222.45528
12145.77475,-79.1109,-1222.53873
12146.24565,-79.57463,-1222.62059
12146.71677,-80.03885,-1222.7009
12147.18808,-80.50353,-1222.77969
12147.65961,-80.96867,-1222.85702
12148.13133,-81.43425,-1222.93292
12148.60329,-81.90029,-1223.00741
12149.07545,-82.36676,-1223.08051
12149.54784,-82.83367,-1223.15223
12150.02044,-83.301,-1223.22261
12150.49326,-83.76875,-1223.29167
12150.9663,-84.23691,-1223.35943
12151.43956,-84.70549,-1223.42589
12151.91305,-85.17447,-1223.49107
12152.38677,-85.64386,-1223.55499
12152.86074,-86.11367,-1223.6176
12153.33492,-86.58387,-1223.67891
12153.80934,-87.05448,-1223.73889
12154.28399,-87.5255,-1223.79753
12154.75887,-87.99691,-1223.85481
12155.23397,-88.46871,-1223.91072
12155.70929,-88.94089,-1223.9653
12156.18483,-89.41344,-1224.01853
12156.66061,-89.88638,-1224.0704
12157.13659,-90.35968,-1224.12088
12157.6128,-90.83335,-1224.17001
12158.08923,-91.30737,-1224.21778
12158.56585,-91.78173,-1224.26423
12159.0427,-92.25643,-1224.30939
12159.51975,-92.73146,-1224.35328
12159.99703,-93.20683,-1224.3959
12160.47452,-93.68253,-1224.43727
12160.95225,-94.15857,-1224.4774
12161.43018,-94.63491,-1224.5163
12161.90832,-95.11157,-1224.55399
12162.38668,-95.58853,-1224.59047
12162.86525,-96.0658,-1224.62577
12163.34405,-96.54338,-1224.65987
12163.82305,-97.02125,-1224.69277
12164.30228,-97.49943,-1224.72448
12164.78173,-97.97791,-1224.75499
12165.2614,-98.45668,-1224.78427
12165.74129,-98.93575,-1224.81232
12166.22138,-99.41509,-1224.83914
12166.70168,-99.89472,-1224.86467
12167.1822,-100.37463,-1224.88889
12167.66291,-100.85479,-1224.91179
12168.14383,-101.33523,-1224.93332
12168.62495,-101.81592,-1224.95349
12169.10626,-102.29687,-1224.9723
12169.58778,-102.77807,-1224.98976
12170.06951,-103.25953,-1225.00585
12170.55143,-103.74123,-1225.02056
12171.03358,-104.22319,-1225.03388
12171.51591,-104.70538,-1225.04579
12171.99847,-105.18782,-1225.05632
12172.48121,-105.67047,-1225.06549
12172.96415,-106.15335,-1225.07334
12173.44728,-106.63644,-1225.07984
12173.93063,-107.11976,-1225.08499
12174.41419,-107.6033,-1225.0888
12174.89794,-108.08705,-1225.09128
12175.3819,-108.57101,-1225.09239
12175.86606,-109.05517,-1225.09216
12176.35043,-109.53953,-1225.09058
12176.83498,-110.02407,-1225.08765
12177.31973,-110.50881,-1225.08338
12177.8047,-110.99374,-1225.07776
12178.28986,-111.47885,-1225.07081
12178.77522,-111.96414,-1225.0625
12179.26077,-112.4496,-1225.05284
12179.74653,-112.93523,-1225.0418
12180.23248,-113.42102,-1225.02938
12180.71863,-113.90698,-1225.01559
12181.20497,-114.39308,-1225.0004
12181.6915,-114.87933,-1224.98382
12182.17824,-115.36573,-1224.96582
12182.66517,-115.85228,-1224.9464
12183.1523,-116.33896,-1224.92553
12183.63962,-116.82577,-1224.90322
12184.12715,-117.31272,-1224.87944
12184.61488,-117.79979,-1224.8542
12185.1028,-118.28698,-1224.82749
12185.5909,-118.77427,-1224.79931
12186.07921,-119.26168,-1224.76966
12186.5677,-119.74918,-1224.73856
12187.05639,-120.23678,-1224.706
12187.54527,-120.72448,-1224.672
12188.03434,-121.21226,-1224.63656
12188.52359,-121.70012,-1224.59968
12189.013,-122.18803,-1224.56135
12189.50256,-122.67597,-1224.52159
12189.99225,-123.16392,-1224.48038
12190.48205,-123.65186,-1224.43767
12190.97196,-124.13977,-1224.39346
12191.46196,-124.62763,-1224.34771
12191.95208,-125.11546,-1224.30044
12192.44229,-125.60323,-1224.25161
12192.93258,-126.09093,-1224.20123
12193.42296,-126.57855,-1224.14926
12193.91345,-127.0661,-1224.0957
12194.40401,-127.55355,-1224.04051
12194.89467,-128.04091,-1223.98373
12195.38541,-128.52817,-1223.92535
12195.87625,-129.01533,-1223.86538
12196.36717,-129.50237,-1223.80382
12196.85816,-129.98929,-1223.74069
12197.34925,-130.4761,-1223.67598
12197.84043,-130.96279,-1223.60972
12198.3317,-131.44936,-1223.54192
12198.82307,-131.93582,-1223.47263
12199.31454,-132.42216,-1223.40185
12199.80611,-132.9084,-1223.32962
12200.29779,-133.39453,-1223.25594
12200.78957,-133.88053,-1223.18079
12201.28145,-134.36641,-1223.10418
12201.77342,-134.85215,-1223.02613
12202.2655,-135.33776,-1222.94664
12202.75766,-135.82323,-1222.86576
12203.24991,-136.30855,-1222.78342
12203.74226,-136.79371,-1222.69961
12204.2347,-137.27871,-1222.61432
12204.72725,-137.76355,-1222.52754
12205.21988,-138.24821,-1222.43927
12205.7126,-138.73268,-1222.3495
12206.20541,-139.21697,-1222.25824
12206.69833,-139.70107,-1222.16541
12207.19133,-140.18495,-1222.071
12207.68444,-140.66863,-1221.97504
12208.17763,-141.15208,-1221.8775
12208.67091,-141.63529,-1221.77834
12209.16426,-142.11824,-1221.67758
12209.6577,-142.60093,-1221.57515
12210.15121,-143.08334,-1221.47105
12210.6448,-143.56546,-1221.36528
12211.13847,-144.0473,-1221.25785
12211.63222,-144.52885,-1221.14877
12212.12607,-145.01012,-1221.038
12212.62004,-145.49111,-1220.92552
12213.11409,-145.97178,-1220.81131
12213.60823,-146.45213,-1220.69538
12214.10246,-146.93215,-1220.57774
12214.59676,-147.41184,-1220.45843
12215.09116,-147.89121,-1220.33747
12215.58563,-148.37025,-1220.21492
12216.0802,-148.84897,-1220.09069
12216.57485,-149.32734,-1219.96482
12217.0696,-149.80536,-1219.83726
12217.56442,-150.283,-1219.70802
12218.05931,-150.76027,-1219.57713
12218.55428,-151.23716,-1219.44459
12219.04934,-151.71369,-1219.31041
12219.5445,-152.18985,-1219.17455
12220.03976,-152.66562,-1219.03697
12220.53513,-153.14098,-1218.89762
12221.03058,-153.61592,-1218.75652
12221.52612,-154.0904,-1218.61362
12222.02174,-154.56443,-1218.46892
12222.51746,-155.03801,-1218.32241
12223.01329,-155.51113,-1218.17407
12223.50924,-155.98378,-1218.02386
12224.0053,-156.45595,-1217.87178
12224.50148,-156.92763,-1217.71778
12224.99777,-157.39879,-1217.56185
12225.49419,-157.86945,-1217.40402
12225.99072,-158.3396,-1217.24432
12226.48738,-158.80924,-1217.08273
12226.98418,-159.27837,-1216.91927
12227.48111,-159.74698,-1216.75391
12227.97818,-160.21508,-1216.58669
12228.47537,-160.68267,-1216.41768
12228.97272,-161.14979,-1216.24695
12229.4702,-161.61643,-1216.07452
12229.96782,-162.0826,-1215.90041
12230.46559,-162.54831,-1215.72466
12230.9635,-163.01356,-1215.54728
12231.46155,-163.47835,-1215.36833
12231.95975,-163.94269,-1215.18782
12232.45805,-164.40656,-1215.0058
12232.9565,-164.86998,-1214.82223
12233.45508,-165.33294,-1214.63716
12233.9538,-165.79544,-1214.45058
12234.45265,-166.25746,-1214.26246
12234.95162,-166.71898,-1214.0728
12235.45071,-167.17999,-1213.88159
12235.94994,-167.64049,-1213.6888
12236.44931,-168.10047,-1213.49441
12236.9488,-168.55991,-1213.29843
12237.44842,-169.01877,-1213.10077
12237.94817,-169.47704,-1212.90143
12238.44805,-169.9347,-1212.70037
12238.94803,-170.39173,-1212.49762
12239.44815,-170.84815,-1212.29318
12239.94836,-171.30393,-1212.08707
12240.44869,-171.75905,-1211.87924
12240.94912,-172.21349,-1211.66968
12241.44963,-172.66723,-1211.45842
12241.95021,-173.12028,-1211.24552
12242.45087,-173.57265,-1211.03101
12242.95159,-174.02435,-1210.81493
12243.45238,-174.47537,-1210.59728
12243.95321,-174.92567,-1210.37805
12244.45409,-175.37525,-1210.15723
12244.95499,-175.82408,-1209.93485
12245.45592,-176.27214,-1209.71087
12245.95683,-176.71939,-1209.48531
12246.45774,-177.16584,-1209.25816
12246.95863,-177.61144,-1209.02941
12247.45945,-178.05616,-1208.79908
12247.96025,-178.50002,-1208.56716
12248.46101,-178.943,-1208.33364
12248.96172,-179.38505,-1208.09849
12249.46232,-179.82611,-1207.8617
12249.96284,-180.26617,-1207.62324
12250.46324,-180.70523,-1207.38317
12250.96357,-181.14331,-1207.14149
12251.46381,-181.58043,-1206.89824
12251.96396,-182.01655,-1206.6534
12252.46403,-182.45166,-1206.40692
12252.96401,-182.88572,-1206.15879
12253.46389,-183.31874,-1205.90903
12253.96369,-183.75071,-1205.65763
12254.46342,-184.18164,-1205.4046
12254.96307,-184.61151,-1205.14992
12255.46266,-185.04029,-1204.89353
12255.96217,-185.46797,-1204.63545
12256.46165,-185.89458,-1204.37568
12256.96108,-186.32012,-1204.11424
12257.46048,-186.74459,-1203.85114
12257.95987,-187.16802,-1203.58638
12258.45927,-187.59038,-1203.3199
12258.95867,-188.01166,-1203.05172
12259.45809,-188.43187,-1202.78182
12259.95754,-188.85104,-1202.51026
12260.45701,-189.26914,-1202.23701
12260.95651,-189.68616,-1201.96207
12261.45605,-190.10208,-1201.68539
12261.95563,-190.51692,-1201.40702
12262.45528,-190.9307,-1201.12696
12262.95497,-191.3434,-1200.84522
12263.45472,-191.75503,-1200.56183
12263.95453,-192.16558,-1200.27678
12264.4544,-192.57507,-1199.99009
12264.95434,-192.98351,-1199.7018
12265.45435,-193.39094,-1199.41195
12265.95441,-193.79736,-1199.1206
12266.45455,-194.2028,-1198.82776
12266.95477,-194.60728,-1198.53345
12267.45508,-195.01082,-1198.23771
12267.95548,-195.41344,-1197.94055
12268.45599,-195.81517,-1197.64202
12268.9566,-196.21602,-1197.34213
12269.45734,-196.61602,-1197.0409
12269.95821,-197.01519,-1196.73836
12270.4592,-197.41354,-1196.43453
12270.96033,-197.81105,-1196.12939
12271.46157,-198.20774,-1195.82299
12271.96294,-198.60359,-1195.51529
12272.46445,-198.99859,-1195.20629
12272.96608,-199.39273,-1194.89598
12273.46787,-199.78604,-1194.58438
12273.9698,-200.17851,-1194.27149
12274.47189,-200.57014,-1193.95728
12274.97415,-200.9609,-1193.64174
12275.47656,-201.35076,-1193.32484
12275.97914,-201.73972,-1193.00657
12276.48186,-202.12776,-1192.68695
12276.98473,-202.51489,-1192.366
12277.48774,-202.90109,-1192.04372
12277.9909,-203.28635,-1191.72008
12278.4942,-203.67067,-1191.3951
12278.99765,-204.05402,-1191.06875
12279.50125,-204.4364,-1190.74103
12280.00501,-204.81781,-1190.41194
12280.50892,-205.19828,-1190.08153
12281.013,-205.57778,-1189.74976
12281.51721,-205.95629,-1189.41666
12282.02157,-206.33382,-1189.08221
12282.52608,-206.71037,-1188.74644
12283.03075,-207.08598,-1188.40938
12283.53558,-207.46068,-1188.07108
12284.04056,-207.83442,-1187.73149
12284.54569,-208.20718,-1187.3906
12285.05096,-208.57897,-1187.04844
12285.55638,-208.94983,-1186.70505
12286.06197,-209.3198,-1186.36047
12286.56769,-209.68884,-1186.01468
12287.07357,-210.05695,-1185.66768
12287.57961,-210.42407,-1185.31941
12288.08581,-210.79021,-1184.96987
12288.59215,-211.15534,-1184.61906
12289.09865,-211.51949,-1184.26702
12289.6053,-211.88266,-1183.91374
12290.11212,-212.24485,-1183.55923
12290.6191,-212.60603,-1183.20345
12291.12624,-212.96618,-1182.8464
12291.63353,-213.3253,-1182.4881
12292.141,-213.68345,-1182.12858
12292.64862,-214.04063,-1181.76789
12293.15639,-214.39691,-1181.40609
12293.66433,-214.75231,-1181.0432
12294.17243,-215.10684,-1180.67923
12294.68069,-215.46056,-1180.31425
12295.18912,-215.8135,-1179.94828
12295.6977,-216.16567,-1179.58136
12296.20642,-216.5171,-1179.21353
12296.71529,-216.8678,-1178.84481
12297.22427,-217.21776,-1178.47523
12297.73334,-217.56696,-1178.10481
12298.24244,-217.91538,-1177.73362
12298.75158,-218.26302,-1177.36163
12299.26074,-218.60985,-1176.98887
12299.7699,-218.95585,-1176.61534
12300.27909,-219.30106,-1176.24103
12300.78827,-219.64543,-1175.86597
12301.29741,-219.98898,-1175.49021
12301.80648,-220.33165,-1175.11373
12302.31542,-220.67337,-1174.73658
12302.82423,-221.01417,-1174.35876
12303.33292,-221.35407,-1173.9803
12303.84148,-221.69308,-1173.60122
12304.34986,-222.03122,-1173.2216
12304.85795,-222.36839,-1172.8415
12305.36571,-222.70456,-1172.46096
12305.87318,-223.03976,-1172.07996
12306.38037,-223.37403,-1171.6985
12306.88734,-223.70742,-1171.31658
12307.39406,-224.03995,-1170.93423
12307.90053,-224.37162,-1170.55146
12308.40674,-224.70242,-1170.16829
12308.91268,-225.03232,-1169.78471
12309.41836,-225.36138,-1169.40074
12309.92377,-225.68959,-1169.01639
12310.42895,-226.01697,-1168.63165
12310.93388,-226.34355,-1168.24655
12311.43857,-226.66936,-1167.86112
12311.943,-226.99442,-1167.47539
12312.44719,-227.31876,-1167.08937
12312.95113,-227.64239,-1166.70308
12313.45481,-227.96532,-1166.31655
12313.95824,-228.28757,-1165.92977
12314.46141,-228.60919,-1165.5428
12314.96434,-228.93021,-1165.15566
12315.46701,-229.25067,-1164.76838
12315.96943,-229.57061,-1164.381
12316.4716,-229.89006,-1163.99354
12316.9735,-230.20907,-1163.60606
12317.47514,-230.52767,-1163.21859
12317.97653,-230.84593,-1162.83116
12318.47766,-231.16389,-1162.44382
12318.97853,-231.48158,-1162.05659
12319.47913,-231.79902,-1161.66951
12319.97946,-232.11624,-1161.2826
12320.4795,-232.43327,-1160.8959
12320.97928,-232.75014,-1160.50942
12321.47877,-233.06689,-1160.12321
12321.97797,-233.38353,-1159.73727
12322.47689,-233.70009,-1159.35164
12322.97553,-234.0166,-1158.96634
12323.47386,-234.33307,-1158.58139
12323.97189,-234.64953,-1158.19683
12324.46963,-234.96601,-1157.81266
12324.96706,-235.28253,-1157.42893
12325.46418,-235.59912,-1157.04566
12325.961,-235.91581,-1156.66285
12326.45753,-236.23262,-1156.28053
12326.95376,-236.54958,-1155.89872
12327.44967,-236.8667,-1155.51745
12327.94528,-237.18403,-1155.13675
12328.44058,-237.50158,-1154.75665
12328.93555,-237.81937,-1154.37716
12329.43022,-238.13742,-1153.9983
12329.92457,-238.45574,-1153.62007
12330.41863,-238.77436,-1153.24248
12330.91235,-239.09328,-1152.86558
12331.40577,-239.41253,-1152.48936
12331.89885,-239.73211,-1152.11386
12332.3916,-240.05202,-1151.73908
12332.88406,-240.37231,-1151.36501
12333.3762,-240.69296,-1150.99167
12333.86803,-241.01401,-1150.61908
12334.35955,-241.33546,-1150.24724
12334.85075,-241.65732,-1149.87618
12335.34165,-241.97962,-1149.50591
12335.83223,-242.30238,-1149.13646
12336.32248,-242.6256,-1148.76784
12336.81243,-242.94934,-1148.40009
12337.30205,-243.27361,-1148.03324
12337.79136,-243.59843,-1147.6673
12338.28034,-243.92382,-1147.3023
12338.76901,-244.2498,-1146.93825
12339.25734,-244.5764,-1146.5752
12339.74536,-244.90366,-1146.21318
12340.23305,-245.23158,-1145.85219
12340.72041,-245.56018,-1145.49227
12341.20746,-245.88947,-1145.13341
12341.69417,-246.21947,-1144.77566
12342.18057,-246.5502,-1144.419
12342.66664,-246.88166,-1144.06348
12343.1524,-247.21382,-1143.70903
12343.63783,-247.54669,-1143.3557
12344.12293,-247.8803,-1143.00352
12344.60771,-248.21469,-1142.65253
12345.09216,-248.54985,-1142.30274
12345.57628,-248.88578,-1141.95413
12346.06009,-249.22247,-1141.6067
12346.54358,-249.55994,-1141.26047
12347.02674,-249.89824,-1140.9155
12347.50958,-250.23738,-1140.57183
12347.99211,-250.57739,-1140.22944
12348.47432,-250.91825,-1139.88835
12348.95624,-251.25998,-1139.54854
12349.43785,-251.60257,-1139.21004
12349.91917,-251.94607,-1138.87289
12350.40017,-252.29051,-1138.53715
12350.88087,-252.63592,-1138.20283
12351.36126,-252.98229,-1137.86997
12351.84134,-253.32965,-1137.53858
12352.3211,-253.67798,-1137.20867
12352.80057,-254.02729,-1136.88023
12353.27972,-254.37759,-1136.55331
12353.75857,-254.72888,-1136.22791
12354.23708,-255.08115,-1135.90406
12354.71529,-255.43438,-1135.5817
12355.19319,-255.78852,-1135.2608
12355.6708,-256.14356,-1134.94134
12356.1481,-256.49949,-1134.62333
12356.6251,-256.85631,-1134.30678
12357.10179,-257.21396,-1133.99163
12357.57819,-257.57243,-1133.67785
12358.05429,-257.93171,-1133.36546
12358.53008,-258.29177,-1133.05443
12359.00559,-258.65262,-1132.74476
12359.4808,-259.01425,-1132.43647
12359.9557,-259.37664,-1132.12953
12360.4303,-259.7398,-1131.82399
12360.9046,-260.10372,-1131.51982
12361.37858,-260.46846,-1131.21713
12361.85224,-260.83401,-1130.91592
12362.32557,-261.20038,-1130.61622
12362.79858,-261.56758,-1130.31805
12363.27128,-261.93562,-1130.02143
12363.74365,-262.30448,-1129.72634
12364.2157,-262.67416,-1129.43279
12364.68743,-263.04469,-1129.14084
12365.15884,-263.41603,-1128.85044
12365.62993,-263.78818,-1128.56159
12366.1007,-264.1611,-1128.27427
12366.57115,-264.53485,-1127.98856
12367.04127,-264.90941,-1127.70444
12367.51106,-265.28475,-1127.42191
12367.98054,-265.66088,-1127.14096
12368.44968,-266.03779,-1126.86162
12368.91849,-266.41545,-1126.58384
12369.38698,-266.7939,-1126.3077
12369.85513,-267.17312,-1126.03318
12370.32296,-267.55313,-1125.76031
12370.79044,-267.93391,-1125.48912
12371.25758,-268.31547,-1125.21962
12371.7244,-268.69778,-1124.95175
12372.19088,-269.08086,-1124.68557
12372.657,-269.4648,-1124.42126
12373.12275,-269.84961,-1124.15888
12373.58813,-270.23527,-1123.8984
12374.05316,-270.62178,-1123.63983
12374.51785,-271.00908,-1123.38305
12374.98219,-271.39712,-1123.12803
12375.44619,-271.78597,-1122.87486
12375.9098,-272.17565,-1122.62369
12376.37304,-272.56619,-1122.37455
12376.8359,-272.95759,-1122.12748
12377.29841,-273.3498,-1121.88236
12377.76058,-273.74273,-1121.63903
12378.22244,-274.13639,-1121.39749
12378.68397,-274.53071,-1121.15765
12379.14519,-274.92563,-1120.91939
12379.60613,-275.32111,-1120.68262
12380.06676,-275.71712,-1120.44735
12380.52711,-276.11365,-1120.2135
12380.98716,-276.51066,-1119.98106
12381.4469,-276.90818,-1119.75011
12381.90632,-277.3062,-1119.52065
12382.36543,-277.70468,-1119.29262
12382.82424,-278.10366,-1119.06609
12383.28271,-278.50314,-1118.84111
12383.74085,-278.90318,-1118.61782
12384.19865,-279.3038,-1118.39627
12384.6561,-279.705,-1118.1765
12385.11323,-280.10677,-1117.95845
12385.57001,-280.50911,-1117.74217
12386.02649,-280.91202,-1117.52762
12386.48263,-281.31546,-1117.31478
12386.93845,-281.71943,-1117.10364
12387.39395,-282.12392,-1116.89419
12387.84914,-282.52891,-1116.6864
12388.304,-282.93439,-1116.48027
12388.75853,-283.34037,-1116.27588
12389.21274,-283.74685,-1116.0732
12389.66662,-284.15381,-1115.87222
12390.12018,-284.56123,-1115.67291
12390.57343,-284.96912,-1115.47528
12391.02635,-285.37746,-1115.27932
12391.47895,-285.78627,-1115.08511
12391.93122,-286.19556,-1114.89268
12392.38316,-286.60531,-1114.70201
12392.83475,-287.01553,-1114.51318
12393.28601,-287.42624,-1114.32622
12393.73694,-287.83743,-1114.14114
12394.18752,-288.24909,-1113.95795
12394.63776,-288.66121,-1113.77662
12395.08768,-289.0738,-1113.59719
12395.53732,-289.48692,-1113.41968
12395.98683,-289.90073,-1113.24412
12396.43624,-290.31524,-1113.07049
12396.88545,-290.73036,-1112.89885
12397.33443,-291.14606,-1112.72919
12397.78327,-291.56238,-1112.56146
12398.232,-291.97934,-1112.39563
12398.68063,-292.39695,-1112.23169
12399.12921,-292.81521,-1112.06959
12399.5777,-293.23407,-1111.90927
12400.02613,-293.65353,-1111.75071
12400.47448,-294.07355,-1111.59385
12400.92278,-294.49411,-1111.43861
12401.37105,-294.9152,-1111.2849
12401.81929,-295.3368,-1111.13268
12402.26752,-295.7589,-1110.98187
12402.71574,-296.18148,-1110.83244
12403.16396,-296.60454,-1110.68438
12403.61218,-297.02808,-1110.5377
12404.0604,-297.45211,-1110.39245
12404.50861,-297.87662,-1110.24863
12404.95684,-298.30163,-1110.10623
12405.4051,-298.72716,-1109.9653
12405.8534,-299.15323,-1109.8259
12406.30174,-299.57987,-1109.68809
12406.75015,-300.00709,-1109.55189
12407.19864,-300.43492,-1109.41731
12407.64722,-300.86334,-1109.28437
12408.09588,-301.29235,-1109.15304
12408.54465,-301.72199,-1109.0234
12408.99352,-302.15224,-1108.89544
12409.44251,-302.58309,-1108.76912
12409.89161,-303.01452,-1108.64439
12410.34082,-303.44651,-1108.52122
12410.79013,-303.87904,-1108.39957
12411.23957,-304.31211,-1108.27936
12411.68914,-304.74571,-1108.1606
12412.13886,-305.17984,-1108.04323
12412.58873,-305.61451,-1107.92727
12413.03876,-306.0497,-1107.81266
12413.48894,-306.48539,-1107.69934
12413.9393,-306.92159,-1107.58731
12414.38982,-307.35828,-1107.47653
12414.84053,-307.79548,-1107.36702
12415.29143,-308.2332,-1107.25881
12415.74251,-308.67144,-1107.15192
12416.19379,-309.11019,-1107.04633
12416.64525,-309.54945,-1106.94207
12417.09691,-309.98922,-1106.83914
12417.54876,-310.4295,-1106.73756
12418.0008,-310.8703,-1106.63734
12418.45306,-311.31163,-1106.53852
12418.90552,-311.75347,-1106.44109
12419.35818,-312.19584,-1106.3451
12419.81105,-312.63874,-1106.2506
12420.26412,-313.08216,-1106.15758
12420.71739,-313.5261,-1106.06608
12421.17087,-313.97055,-1105.97604
12421.62458,-314.41552,-1105.88744
12422.0785,-314.86099,-1105.80026
12422.53265,-315.30696,-1105.71445
12422.98704,-315.75343,-1105.63
12423.44167,-316.2004,-1105.5469
12423.89653,-316.64785,-1105.46513
12424.35162,-317.09577,-1105.38464
12424.80693,-317.54414,-1105.30542
12425.26249,-317.99297,-1105.22746
12425.71825,-318.44223,-1105.15076
12426.17424,-318.89194,-1105.07531
12426.63048,-319.34211,-1105.00112
12427.08696,-319.79272,-1104.92818
12427.54369,-320.24379,-1104.85649
12428.0007,-320.69534,-1104.78608
12428.45796,-321.14736,-1104.717
12428.91552,-321.59987,-1104.64927
12429.37335,-322.05287,-1104.58294
12429.83144,-322.50634,-1104.518
12430.2898,-322.96027,-1104.45444
12430.74843,-323.41466,-1104.39221
12431.20734,-323.86951,-1104.33133
12431.66652,-324.32482,-1104.27179
12432.12602,-324.7806,-1104.21351
12432.58579,-325.23683,-1104.15653
12433.04586,-325.69351,-1104.10082
12433.50623,-326.15065,-1104.04637
12433.96691,-326.60825,-1103.99317
12434.42791,-327.06632,-1103.94125
12434.88922,-327.52484,-1103.89058
12435.35087,-327.98384,-1103.84117
12435.81287,-328.44333,-1103.79311
12436.27521,-328.90331,-1103.74642
12436.7379,-329.36378,-1103.70115
12437.20093,-329.82472,-1103.6573
12437.66428,-330.28613,-1103.61488
12438.12796,-330.74799,-1103.57386
12438.59197,-331.21031,-1103.53425
12439.05633,-331.67309,-1103.496
12439.52103,-332.13632,-1103.45911
12439.98608,-332.60001,-1103.42356
12440.45148,-333.06415,-1103.38927
12440.91722,-333.52871,-1103.35626
12441.38327,-333.99368,-1103.32449
12441.84964,-334.45905,-1103.29391
12442.31633,-334.92481,-1103.26445
12442.78335,-335.39096,-1103.23607
12443.25069,-335.8575,-1103.20872
12443.71837,-336.32444,-1103.18236
12444.18639,-336.79177,-1103.157
12444.65475,-337.2595,-1103.13265
12445.12345,-337.72762,-1103.10932
12445.59245,-338.19609,-1103.087
12446.06179,-338.66494,-1103.06574
12446.53142,-339.13414,-1103.04553
12447.00138,-339.60371,-1103.02634
12447.47166,-340.07364,-1103.0082
12447.94229,-340.54396,-1102.99113
12448.41325,-341.01465,-1102.97515
12448.88454,-341.4857,-1102.96028
12449.35615,-341.95711,-1102.94657
12449.82807,-342.42886,-1102.934
12450.30029,-342.90095,-1102.92255
12450.77284,-343.37338,-1102.91221
12451.2457,-343.84615,-1102.90298
12451.7189,-344.31928,-1102.89484
12452.19247,-344.7928,-1102.88777
12452.66642,-345.26671,-1102.88175
12453.14077,-345.74103,-1102.87673
12453.61552,-346.21577,-1102.8727
12454.09067,-346.69091,-1102.8697
12454.56622,-347.16645,-1102.86776
12455.04218,-347.64241,-1102.86691
12455.51854,-348.11877,-1102.86711
12455.99532,-348.59555,-1102.86834
12456.47252,-349.07275,-1102.87056
12456.95019,-349.55041,-1102.87382
12457.42835,-350.02855,-1102.87816
12457.90702,-350.50718,-1102.88366
12458.3862,-350.98632,-1102.89036
12458.86588,-351.46593,-1102.89829
12459.34605,-351.94601,-1102.90744
12459.8267,-352.42655,-1102.91784
12460.30785,-352.90756,-1102.92953
12460.78954,-353.38908,-1102.9425
12461.27179,-353.87112,-1102.95669
12461.75461,-354.35369,-1102.9721
12462.23799,-354.83678,-1102.98879
12462.72194,-355.3204,-1103.00672
12463.20647,-355.80455,-1103.02586
12463.69157,-356.28923,-1103.04617
12464.17723,-356.77442,-1103.06752
12464.66347,-357.26014,-1103.08989
12465.15031,-357.74642,-1103.11324
12465.63778,-358.23328,-1103.13756
12466.12586,-358.72071,-1103.1628
12466.61461,-359.20876,-1103.18896
12467.10399,-359.69739,-1103.21598
12467.59401,-360.18662,-1103.24387
12468.0847,-360.67647,-1103.2726
12468.57606,-361.16694,-1103.30217
12469.0681,-361.65804,-1103.33259
12469.56085,-362.14979,-1103.36384
12470.05431,-362.64221,-1103.39596
12470.54847,-363.13527,-1103.42896
12471.04333,-363.62896,-1103.46283
12471.53888,-364.1233,-1103.49756
12472.03512,-364.61826,-1103.53317
12472.532,-365.1138,-1103.56965
12473.02955,-365.60994,-1103.60698
12473.52778,-366.10671,-1103.64515
12474.0267,-366.6041,-1103.68416
12474.52631,-367.10212,-1103.72402
12475.02662,-367.60077,-1103.76469
12475.52763,-368.10006,-1103.8062
12476.02932,-368.59996,-1103.84853
12476.53168,-369.10047,-1103.89166
12477.03472,-369.60159,-1103.93553
12477.53843,-370.10332,-1103.9801
12478.04279,-370.60565,-1104.02537
12478.54783,-371.1086,-1104.07131
12479.05354,-371.61215,-1104.1179
12479.5599,-372.11631,-1104.16515
12480.06695,-372.62109,-1104.21303
12480.57466,-373.12648,-1104.26153
12481.08306,-373.6325,-1104.31065
12481.59213,-374.13913,-1104.36041
12482.10189,-374.6464,-1104.41075
12482.61235,-375.15431,-1104.46169
12483.12348,-375.66284,-1104.51321
12483.63528,-376.17198,-1104.56526
12484.14773,-376.68173,-1104.61784
12484.66082,-377.19207,-1104.67091
12485.17456,-377.70301,-1104.72443
12485.68893,-378.21455,-1104.77838
12486.20396,-378.7267,-1104.83273
12486.71963,-379.23946,-1104.88744
12487.23594,-379.75283,-1104.9425
12487.75292,-380.26683,-1104.99789
12488.27056,-380.78146,-1105.05359
12488.78883,-381.2967,-1105.10957
12489.30776,-381.81257,-1105.16584
12489.8273,-382.32903,-1105.22236
12490.34725,-382.84587,-1105.27911
12490.86705,-383.36255,-1105.33603
12491.38675,-383.8791,-1105.3931
12491.90653,-384.39572,-1105.45034
12492.42626,-384.91227,-1105.50774
12492.94579,-385.42861,-1105.56529
12493.46541,-385.94501,-1105.62302
12493.98537,-386.46173,-1105.68095
12494.50575,-386.97885,-1105.73908
12495.02662,-387.49644,-1105.79744
12495.54799,-388.01451,-1105.85603
12496.06987,-388.53307,-1105.91486
12496.59232,-389.05216,-1105.97394
12497.11537,-389.57184,-1106.03327
12497.639,-390.09207,-1106.09285
12498.1632,-390.61284,-1106.15269
12498.68796,-391.13415,-1106.21277
12499.21329,-391.656,-1106.2731
12499.73918,-392.1784,-1106.33367
12500.2655,-392.70119,-1106.39447
12500.79218,-393.22433,-1106.45547
12501.31938,-393.74796,-1106.5167
12501.8472,-394.27219,-1106.57816
12502.37567,-394.79705,-1106.63985
12502.90476,-395.3225,-1106.70179
12503.4344,-395.84848,-1106.76396
12503.9646,-396.37499,-1106.82635
12504.49536,-396.90204,-1106.88898
12505.02665,-397.42961,-1106.95181
12505.5585,-397.9577,-1107.01487
12506.09092,-398.48635,-1107.07815
12506.62391,-399.01554,-1107.14165
12507.15747,-399.54529,-1107.20538
12507.69161,-400.07558,-1107.26933
12508.22628,-400.60639,-1107.3335
12508.76152,-401.13774,-1107.39789
12509.2973,-401.66961,-1107.46248
12509.83367,-402.20205,-1107.52729
12510.37062,-402.73505,-1107.59231
12510.90817,-403.26863,-1107.65753
12511.44627,-403.80274,-1107.72297
12511.98493,-404.33739,-1107.78859
12512.52413,-404.87256,-1107.85439
12513.0639,-405.40828,-1107.92037
12513.60424,-405.94455,-1107.98652
12514.14514,-406.48137,-1108.05283
12514.68658,-407.01872,-1108.11931
12515.22857,-407.5566,-1108.18592
12515.77112,-408.09502,-1108.25269
12516.31421,-408.63398,-1108.3196
12516.85786,-409.17348,-1108.38664
12517.40207,-409.71352,-1108.45382
12517.94682,-410.2541,-1108.52112
12518.49213,-410.79523,-1108.58853
12519.038,-411.3369,-1108.65607
12519.58443,-411.87913,-1108.72372
12520.13141,-412.4219,-1108.79148
12520.67894,-412.96521,-1108.85934
12521.227,-413.50904,-1108.9273
12521.77559,-414.05339,-1108.99536
12522.32472,-414.59827,-1109.0635
12522.87439,-415.14369,-1109.13173
12523.42459,-415.68963,-1109.20005
12523.97531,-416.23609,-1109.26846
12524.52655,-416.78306,-1109.33695
12525.07834,-417.33057,-1109.40552
12525.63064,-417.87859,-1109.47417
12526.1835,-418.42716,-1109.54289
12526.73691,-418.97627,-1109.6117
12527.29088,-419.52594,-1109.68059
12527.84538,-420.07614,-1109.74956
12528.40046,-420.62691,-1109.81862
12528.95612,-421.17825,-1109.88775
12529.51234,-421.73014,-1109.95697
12530.0691,-422.28258,-1110.02626
12530.62642,-422.83556,-1110.09564
12531.18426,-423.38906,-1110.16508
12531.74262,-423.94308,-1110.2346
12532.30153,-424.49764,-1110.3042
12532.86096,-425.05271,-1110.37387
12533.42092,-425.60831,-1110.4436
12533.9814,-426.16443,-1110.51341
12534.54241,-426.72107,-1110.58329
12535.10395,-427.27824,-1110.65324
12535.66604,-427.83595,-1110.72326
12536.22865,-428.39417,-1110.79336
12536.79177,-428.9529,-1110.86353
12537.35542,-429.51216,-1110.93377
12537.91961,-430.07195,-1111.00408
12538.48436,-430.6323,-1111.07447
12539.04969,-431.19322,-1111.14494
12539.61558,-431.7547,-1111.21547
12540.18201,-432.31671,-1111.28609
12540.74895,-432.87922,-1111.35677
12541.31638,-433.44223,-1111.42752
12541.88434,-434.00575,-1111.49835
12542.45282,-434.56979,-1111.56926
12543.02182,-435.13435,-1111.64024
12543.59135,-435.69943,-1111.71129
12544.1614,-436.26503,-1111.7824
12544.73201,-436.83118,-1111.85359
12545.30316,-437.39787,-1111.92484
12545.87487,-437.96511,-1111.99616
12546.44711,-438.53288,-1112.06755
12547.01986,-439.10116,-1112.13899
12547.59312,-439.66994,-1112.21048
12548.1669,-440.23924,-1112.28203
12548.74121,-440.80907,-1112.35361
12549.31603,-441.37942,-1112.42523
12549.89139,-441.9503,-1112.49688
12550.46729,-442.52172,-1112.56854
12551.04368,-443.09364,-1112.64019
12551.62058,-443.66607,-1112.71183
12552.19798,-444.23902,-1112.78345
12552.77591,-444.8125,-1112.85502
12553.35436,-445.38651,-1112.92654
12553.93335,-445.96107,-1112.998
12554.51285,-446.53616,-1113.06938
12555.09289,-447.1118,-1113.14068
12555.67346,-447.68799,-1113.21188
12556.25457,-448.26473,-1113.28298
12556.83618,-448.84199,-1113.35396
12557.41829,-449.41978,-1113.42481
12558.00091,-449.99809,-1113.49553
12558.58402,-450.57691,-1113.5661
12559.16763,-451.15626,-1113.63651
12559.75176,-451.73615,-1113.70675
12560.33639,-452.31657,-1113.77681
12560.92154,-452.89753,-1113.84667
12561.50723,-453.47906,-1113.91633
12562.09345,-454.06116,-1113.98576
12562.68021,-454.64383,-1114.05492
12563.2675,-455.22707,-1114.12379
12563.8553,-455.81085,-1114.19238
12564.44359,-456.39517,-1114.26065
12565.03241,-456.98005,-1114.32859
12565.62177,-457.56552,-1114.39621
12566.21167,-458.15157,-1114.46349
12566.80208,-458.73818,-1114.53043
12567.39303,-459.32536,-1114.59703
12567.98447,-459.91308,-1114.6633
12568.57643,-460.50135,-1114.72923
12569.16888,-461.09016,-1114.79482
12569.76184,-461.67952,-1114.8601
12570.35531,-462.26942,-1114.92506
12570.94926,-462.85984,-1114.98969
12571.54371,-463.45081,-1115.054
12572.13869,-464.04234,-1115.11798
12572.7342,-464.63443,-1115.18162
12573.33021,-465.22708,-1115.24488
12573.92673,-465.82028,-1115.30775
12574.52376,-466.41403,-1115.37022
12575.12128,-467.00832,-1115.43228
12575.71935,-467.6032,-1115.49391
12576.31797,-468.19869,-1115.55511
12576.91712,-468.79475,-1115.61584
12577.51678,-469.39137,-1115.67611
12578.11693,-469.98854,-1115.7359
12578.71755,-470.58622,-1115.7952
12579.31865,-471.18444,-1115.85403
12579.92024,-471.78319,-1115.91239
12580.52236,-472.38252,-1115.97029
12581.12497,-472.98239,-1116.0277
12581.72809,-473.58281,-1116.08465
12582.33171,-474.18379,-1116.14112
12582.93583,-474.78531,-1116.19712
12583.54043,-475.38736,-1116.2526
12584.14552,-475.98994,-1116.30756
12584.75104,-476.59301,-1116.362
12585.35704,-477.19661,-1116.41591
12585.96354,-477.80076,-1116.46929
12586.57058,-478.40549,-1116.52212
12587.17815,-479.01081,-1116.57436
12587.78622,-479.61669,-1116.62598
12588.39476,-480.22309,-1116.67695
12589.00375,-480.83,-1116.72725
12589.61319,-481.43742,-1116.77686
12590.22311,-482.04537,-1116.82576
12590.83353,-482.65389,-1116.87391
12591.44446,-483.26298,-1116.92128
12592.05589,-483.87264,-1116.96784
12592.6678,-484.48284,-1117.01355
12593.2802,-485.09359,-1117.05837
12593.89307,-485.70489,-1117.10229
12594.50644,-486.31675,-1117.1453
12595.1203,-486.92916,-1117.18739
12595.73464,-487.54212,-1117.22853
12596.34944,-488.15561,-1117.26875
12596.96472,-488.76963,-1117.30802
12597.58047,-489.38419,-1117.34632
12598.19669,-489.99928,-1117.38367
12598.81339,-490.6149,-1117.42006
12599.43053,-491.23102,-1117.45554
12600.04813,-491.84766,-1117.49009
12600.6662,-492.46481,-1117.52375
12601.28475,-493.08249,-1117.55652
12601.90377,-493.70069,-1117.58841
12602.52325,-494.31939,-1117.61944
12603.14317,-494.93857,-1117.64965
12603.7635,-495.55821,-1117.67907
12604.38428,-496.17832,-1117.70772
12605.0055,-496.79892,-1117.7356
12605.62719,-497.42002,-1117.76269
12606.24935,-498.04162,-1117.789
12606.87196,-498.66371,-1117.81448
12607.495,-499.28626,-1117.83912
12608.11849,-499.9093,-1117.86289
12608.74242,-500.53281,-1117.88575
12609.36682,-501.15682,-1117.90769
12609.99166,-501.78131,-1117.92869
12610.61694,-502.40627,-1117.94873
12611.24266,-503.0317,-1117.96781
12611.8688,-503.65758,-1117.98589
12612.49539,-504.28393,-1118.00298
12613.12241,-504.91075,-1118.01909
12613.74966,-505.53782,-1118.03422
12614.37664,-506.16464,-1118.04836
12615.00338,-506.79124,-1118.06151
12615.63007,-507.41781,-1118.07367
12616.2566,-508.04424,-1118.08487
12616.88301,-508.67057,-1118.09513
12617.50952,-509.29701,-1118.10446
12618.13627,-509.9237,-1118.11286
12618.76332,-510.55071,-1118.12034
12619.39071,-511.17806,-1118.12688
12620.0184,-511.80573,-1118.13249
12620.64648,-512.43379,-1118.13717
12621.27496,-513.06226,-1118.14094
12621.90386,-513.69115,-1118.14377
12622.53317,-514.32046,-1118.14563
12623.16289,-514.95018,-1118.14656
12623.79302,-515.58031,-1118.14654
12624.42358,-516.21087,-1118.14555
12625.05457,-516.84185,-1118.14358
12625.68594,-517.47322,-1118.1406
12626.31775,-518.10501,-1118.13659
12626.94997,-518.73721,-1118.13155
12627.58262,-519.36983,-1118.1254
12628.21569,-520.00286,-1118.11814
12628.8492,-520.63632,-1118.10974
12629.48313,-521.27017,-1118.10018
12630.11746,-521.90441,-1118.08945
12630.75218,-522.53902,-1118.07754
12631.38729,-523.174,-1118.0645
12632.02279,-523.80934,-1118.05034
12632.65866,-524.44503,-1118.0351
12633.29491,-525.08107,-1118.0188
12633.93153,-525.71745,-1118.00148
12634.56851,-526.35417,-1117.98317
12635.20586,-526.99123,-1117.96385
12635.84359,-527.62863,-1117.94354
12636.48169,-528.26638,-1117.9222
12637.12016,-528.90446,-1117.89985
12637.75901,-529.54288,-1117.87644
12638.39824,-530.18164,-1117.85194
12639.03785,-530.82073,-1117.82632
12639.67784,-531.46016,-1117.79953
12640.3182,-532.09991,-1117.77154
12640.95896,-532.74,-1117.74229
12641.6001,-533.38042,-1117.71179
12642.24162,-534.02115,-1117.68004
12642.8835,-534.66218,-1117.64707
12643.52575,-535.30352,-1117.61286
12644.16837,-535.94516,-1117.57744
12644.81134,-536.58709,-1117.54082
12645.45469,-537.22933,-1117.50309
12646.0984,-537.87187,-1117.46426
12646.74249,-538.51472,-1117.42436
12647.38696,-539.15789,-1117.38339
12648.03181,-539.80137,-1117.34138
12648.67703,-540.44515,-1117.29836
12649.32261,-541.08923,-1117.25434
12649.96857,-541.73362,-1117.20931
12650.61492,-542.37833,-1117.16329
12651.26165,-543.02335,-1117.11629
12651.90876,-543.66868,-1117.06828
12652.55626,-544.31432,-1117.01925
12653.20414,-544.96026,-1116.96917
12653.8524,-545.6065,-1116.91802
12654.50106,-546.25305,-1116.86581
12655.15009,-546.89989,-1116.8125
12655.7995,-547.54702,-1116.75808
12656.4493,-548.19444,-1116.70253
12657.09946,-548.84213,-1116.64588
12657.75,-549.4901,-1116.58812
12658.40091,-550.13834,-1116.52927
12659.05219,-550.78685,-1116.4693
12659.70383,-551.43563,-1116.40825
12660.35586,-552.08469,-1116.34614
12661.00824,-552.73401,-1116.28298
12661.66102,-553.38362,-1116.21876
12662.31416,-554.03349,-1116.1535
12662.96769,-554.68365,-1116.08721
12663.62158,-555.33407,-1116.01992
12664.27584,-555.98476,-1115.95163
12664.93049,-556.63573,-1115.88235
12665.58548,-557.28694,-1115.81209
12666.24078,-557.93836,-1115.74088
12666.89636,-558.58996,-1115.66872
12667.55221,-559.24172,-1115.59564
12668.20822,-559.89355,-1115.52167
12668.86431,-560.54536,-1115.44684
12669.52044,-561.19711,-1115.37117
12670.17655,-561.84875,-1115.29472
12670.83269,-562.50033,-1115.21751
12671.48886,-563.15186,-1115.13958
12672.14494,-563.80321,-1115.06099
12672.80083,-564.45431,-1114.9818
12673.45658,-565.10519,-1114.90204
12674.1122,-565.75587,-1114.82176
12674.76758,-566.40626,-1114.74099
12675.42267,-567.0563,-1114.65979
12676.0775,-567.70602,-1114.57815
12676.73205,-568.3554,-1114.49611
12677.38624,-569.00438,-1114.41367
12678.04003,-569.6529,-1114.33085
12678.69341,-570.30096,-1114.24762
12679.34638,-570.94855,-1114.16397
12679.99891,-571.59564,-1114.07991
12680.65094,-572.24217,-1113.99541
12681.30243,-572.8881,-1113.91047
12681.95332,-573.53337,-1113.82508
12682.60363,-574.17799,-1113.73923
12683.25335,-574.82195,-1113.65291
12683.9025,-575.46527,-1113.56615
12684.55104,-576.10792,-1113.47896
12685.19893,-576.74987,-1113.39138
12685.84618,-577.39112,-1113.30344
12686.49275,-578.03163,-1113.21519
12687.13857,-578.67136,-1113.12666
12687.78362,-579.31027,-1113.0379
12688.42784,-579.94832,-1112.94893
12689.07122,-580.58549,-1112.85979
12689.71368,-581.22172,-1112.77052
12690.35522,-581.857,-1112.68114
12690.99577,-582.49128,-1112.59167
12691.63534,-583.12455,-1112.50214
12692.27389,-583.75678,-1112.41257
12692.91141,-584.38798,-1112.32297
12693.54787,-585.0181,-1112.23336
12694.18327,-585.64715,-1112.14375
12694.8176,-586.27512,-1112.05417
12695.45063,-586.90179,-1111.96467
12696.08227,-587.52707,-1111.87527
12696.71275,-588.1512,-1111.78598
12697.34239,-588.77448,-1111.69676
12697.97114,-589.39689,-1111.60764
12698.5988,-590.01821,-1111.51867
12699.22525,-590.63834,-1111.42989
12699.85055,-591.25733,-1111.3413
12700.47481,-591.8753,-1111.25289
12701.09809,-592.4923,-1111.16466
12701.72035,-593.1083,-1111.07664
12702.34156,-593.72327,-1110.98882
12702.96168,-594.33718,-1110.90122
12703.58076,-594.95006,-1110.81385
12704.19882,-595.56194,-1110.7267
12704.81585,-596.17282,-1110.63978
12705.43184,-596.78268,-1110.5531
12706.04677,-597.39151,-1110.46669
12706.66064,-597.99931,-1110.38057
12707.27344,-598.60607,-1110.29474
12707.88518,-599.2118,-1110.20924
12708.49584,-599.8165,-1110.12409
12709.10543,-600.42017,-1110.03932
12709.71397,-601.02283,-1109.95496
12710.32144,-601.62447,-1109.87103
12710.92786,-602.22512,-1109.78756
12711.53324,-602.82479,-1109.70458
12712.1376,-603.4235,-1109.62212
12712.74094,-604.02125,-1109.5402
12713.34328,-604.61807,-1109.45882
12713.94464,-605.21397,-1109.37801
12714.54502,-605.80897,-1109.29779
12715.14443,-606.40307,-1109.21817
12715.74289,-606.99629,-1109.13919
12716.34038,-607.58863,-1109.06088
12716.93696,-608.18014,-1108.98327
12717.53261,-608.77081,-1108.90641
12718.12734,-609.36066,-1108.83038
12718.72116,-609.94971,-1108.75524
12719.31409,-610.53798,-1108.68106
12719.90615,-611.1255,-1108.6079
12720.49735,-611.71229,-1108.53586
12721.08769,-612.29837,-1108.46503
12721.6772,-612.88376,-1108.39547
12722.26591,-613.4685,-1108.32724
12722.85384,-614.05261,-1108.26032
12723.441,-614.6361,-1108.19473
12724.02743,-615.219,-1108.13047
12724.61314,-615.80131,-1108.06752
12725.19812,-616.38304,-1108.00587
12725.7824,-616.96419,-1107.94548
12726.36601,-617.5448,-1107.88636
12726.94896,-618.12486,-1107.82847
12727.53126,-618.7044,-1107.77182
12728.11294,-619.28344,-1107.7164
12728.69403,-619.86199,-1107.66219
12729.2745,-620.44004,-1107.60922
12729.85439,-621.01762,-1107.55749
12730.4337,-621.59473,-1107.50703
12731.01243,-622.17136,-1107.45785
12731.59058,-622.74753,-1107.40999
12732.16816,-623.32323,-1107.36348
12732.74517,-623.89848,-1107.31837
12733.32165,-624.4733,-1107.27467
12733.8976,-625.04769,-1107.23239
12734.47301,-625.62166,-1107.19161
12735.04789,-626.1952,-1107.15241
12735.62226,-626.76834,-1107.11483
12736.19613,-627.34108,-1107.07884
12736.76953,-627.91345,-1107.04445
12737.34249,-628.48547,-1107.01167
12737.91501,-629.05714,-1106.98049
12738.48711,-629.62847,-1106.95095
12739.05879,-630.19947,-1106.92305
12739.63006,-630.77014,-1106.89681
12740.20094,-631.34049,-1106.87219
12740.77147,-631.91055,-1106.84914
12741.34163,-632.48031,-1106.82759
12741.91146,-633.04978,-1106.80755
12742.48093,-633.61895,-1106.78903
12743.05005,-634.18782,-1106.77202
12743.61885,-634.75641,-1106.75648
12744.18735,-635.32473,-1106.74233
12744.75557,-635.89281,-1106.72957
12745.32351,-636.46063,-1106.71814
12745.89121,-637.02824,-1106.70804
12746.45879,-637.59575,-1106.69932
12747.02624,-638.16316,-1106.6921
12747.59345,-638.73034,-1106.68643
12748.16042,-639.29729,-1106.6822
12748.72729,-639.86416,-1106.67933
12749.29415,-640.43102,-1106.67781
12749.86095,-640.99782,-1106.67765
12750.42763,-641.56449,-1106.67888
12750.99416,-642.13102,-1106.68146
12751.56061,-642.69746,-1106.68525
12752.12699,-643.26381,-1106.69023
12752.69329,-643.83008,-1106.69634
12753.25953,-644.39628,-1106.70351
12753.82572,-644.9624,-1106.71183
12754.39184,-645.52844,-1106.72132
12754.95791,-646.09441,-1106.73202
12755.52396,-646.66034,-1106.74398
12756.09003,-647.22625,-1106.75724
12756.65613,-647.79216,-1106.77183
12757.22224,-648.35805,-1106.78777
12757.78836,-648.92391,-1106.80504
12758.35451,-649.48975,-1106.82365
12758.9207,-650.05559,-1106.84358
12759.48695,-650.62144,-1106.86484
12760.05325,-651.18729,-1106.88742
12760.6196,-651.75314,-1106.9113
12761.18603,-652.31901,-1106.93648
12761.75252,-652.88488,-1106.96291
12762.31909,-653.45077,-1106.9906
12762.88573,-654.01667,-1107.01956
12763.45245,-654.58259,-1107.04975
12764.01928,-655.14854,-1107.08117
12764.5862,-655.71452,-1107.11382
12765.15324,-656.28055,-1107.14772
12765.7204,-656.84662,-1107.1829
12766.28769,-657.41274,-1107.21935
12766.85511,-657.9789,-1107.25706
12767.42266,-658.54511,-1107.29602
12767.99032,-659.11135,-1107.33622
12768.55814,-659.67765,-1107.37764
12769.12609,-660.244,-1107.42026
12769.6942,-660.81042,-1107.46406
12770.26245,-661.37689,-1107.50905
12770.83086,-661.94342,-1107.55519
12771.39942,-662.51001,-1107.60247
12771.96813,-663.07666,-1107.65085
12772.53701,-663.64339,-1107.70031
12773.10606,-664.21019,-1107.75087
12773.6753,-664.77708,-1107.80253
12774.24471,-665.34404,-1107.85532
12774.81431,-665.91108,-1107.90924
12775.38408,-666.47818,-1107.96434
12775.95404,-667.04535,-1108.02059
12776.52418,-667.61259,-1108.07803
12777.09452,-668.17991,-1108.13667
12777.66507,-668.74731,-1108.19657
12778.23582,-669.31477,-1108.25774
12778.80677,-669.88229,-1108.32022
12779.37792,-670.44987,-1108.38401
12779.94927,-671.0175,-1108.44907
12780.52084,-671.58521,-1108.51536
12781.09264,-672.15301,-1108.58288
12781.66468,-672.72091,-1108.65162
12782.23696,-673.28889,-1108.7216
12782.80947,-673.85696,-1108.79281
12783.38221,-674.42511,-1108.86518
12783.95518,-674.99334,-1108.93871
12784.52839,-675.56166,-1109.01339
12785.10184,-676.13009,-1109.08916
12785.67558,-676.69865,-1109.16603
12786.24959,-677.26735,-1109.24398
12786.82389,-677.83618,-1109.32302
12787.39847,-678.40515,-1109.40315
12787.97335,-678.97426,-1109.48435
12788.5485,-679.5435,-1109.56659
12789.12393,-680.11288,-1109.64981
12789.69967,-680.68243,-1109.73401
12790.27572,-681.25215,-1109.81918
12790.85209,-681.82205,-1109.90532
12791.42881,-682.39215,-1109.99242
12792.00586,-682.96244,-1110.08048
12792.58325,-683.53293,-1110.16948
12793.16098,-684.10362,-1110.25943
12793.73908,-684.67453,-1110.3503
12794.31754,-685.24566,-1110.44209
12794.89637,-685.81702,-1110.53482
12795.47559,-686.38862,-1110.62847
12796.05521,-686.96047,-1110.72303
12796.63524,-687.53259,-1110.81851
12797.2157,-688.10499,-1110.91487
12797.79658,-688.67767,-1111.01215
12798.3779,-689.25064,-1111.11031
12798.95964,-689.82389,-1111.20935
12799.5418,-690.39741,-1111.30927
12800.12439,-690.97122,-1111.41002
12800.70743,-691.54535,-1111.5116
12801.29093,-692.1198,-1111.61398
12801.87492,-692.6946,-1111.71716
12802.45941,-693.26976,-1111.82114
12803.04435,-693.84525,-1111.9259
12803.62977,-694.42108,-1112.03143
12804.21566,-694.99725,-1112.13771
12804.80202,-695.57376,-1112.24473
12805.38886,-696.15062,-1112.35246
12805.97617,-696.72784,-1112.46086
12806.56396,-697.30542,-1112.56997
12807.15224,-697.88336,-1112.67976
12807.74099,-698.46165,-1112.79025
12808.33021,-699.04029,-1112.90143
12808.9199,-699.61927,-1113.01328
12809.51006,-700.19861,-1113.12581
12810.10073,-700.77832,-1113.23904
12810.69191,-701.35842,-1113.35297
12811.28359,-701.93889,-1113.46761
12811.87577,-702.51973,-1113.58293
12812.46843,-703.10093,-1113.69892
12813.06159,-703.68251,-1113.81555
12813.65524,-704.26447,-1113.93277
12814.24936,-704.8468,-1114.05056
12814.84396,-705.42951,-1114.16886
12815.43903,-706.01261,-1114.28763
12816.03459,-706.59611,-1114.40684
12816.63059,-707.17999,-1114.52646
12817.22706,-707.76426,-1114.64648
12817.82398,-708.34891,-1114.76686
12818.42134,-708.93394,-1114.8876
12819.01914,-709.51935,-1115.00869
12819.61744,-710.10519,-1115.13014
12820.21623,-710.69146,-1115.25196
12820.8155,-711.27815,-1115.37413
12821.41531,-711.8653,-1115.49668
12822.01561,-712.45288,-1115.61963
12822.61643,-713.0409,-1115.74299
12823.21776,-713.62935,-1115.86676
12823.81958,-714.21822,-1115.99095
12824.42187,-714.80748,-1116.11556
12825.02464,-715.39714,-1116.24059
12825.62791,-715.98722,-1116.36603
12826.23165,-716.5777,-1116.49188
12826.83589,-717.16861,-1116.61812
12827.44062,-717.75993,-1116.74474
12828.04581,-718.35165,-1116.87172
12828.6515,-718.9438,-1116.99905
12829.25765,-719.53636,-1117.12672
12829.8643,-720.12935,-1117.2547
12830.47142,-720.72277,-1117.38298
12831.07902,-721.31661,-1117.51155
12831.6871,-721.91088,-1117.64039
12832.29566,-722.50559,-1117.7695
12832.90471,-723.10074,-1117.89886
12833.51425,-723.69634,-1118.02847
12834.12428,-724.29239,-1118.15833
12834.73478,-724.88887,-1118.28843
12835.34577,-725.48579,-1118.41876
12835.95723,-726.08315,-1118.54933
12836.56919,-726.68097,-1118.68012
12837.18164,-727.27924,-1118.81113
12837.79456,-727.87795,-1118.94237
12838.40797,-728.47711,-1119.07381
12839.02184,-729.0767,-1119.20547
12839.63619,-729.67673,-1119.33733
12840.25101,-730.2772,-1119.4694
12840.86631,-730.87811,-1119.60166
12841.48207,-731.47946,-1119.73412
12842.09829,-732.08123,-1119.86678
12842.71498,-732.68344,-1119.99962
12843.33214,-733.28609,-1120.13265
12843.94975,-733.88916,-1120.26587
12844.56783,-734.49267,-1120.39928
12845.18633,-735.09658,-1120.53287
12845.8053,-735.70092,-1120.66665
12846.42472,-736.30567,-1120.80062
12847.04459,-736.91085,-1120.93478
12847.66492,-737.51646,-1121.06913
12848.28572,-738.1225,-1121.20368
12848.90696,-738.72895,-1121.33843
12849.52866,-739.33583,-1121.47338
12850.15082,-739.94313,-1121.60853
12850.77343,-740.55085,-1121.74389
12851.39651,-741.159,-1121.87946
12852.02005,-741.76758,-1122.01524
12852.64404,-742.37657,-1122.15122
12853.26846,-742.98596,-1122.28742
12853.89335,-743.59577,-1122.42384
12854.51867,-744.20599,-1122.56047
12855.14445,-744.81662,-1122.69733
12855.77068,-745.42766,-1122.83441
12856.39734,-746.03909,-1122.97172
12857.02444,-746.65092,-1123.10927
12857.65199,-747.26315,-1123.24707
12858.27998,-747.87578,-1123.38512
12858.90845,-748.48884,-1123.52344
12859.53737,-749.1023,-1123.66203
12860.16673,-749.71615,-1123.8009
12860.79654,-750.33039,-1123.94006
12861.42677,-750.94501,-1124.07949
12862.05747,-751.56003,-1124.21922
12862.6886,-752.17544,-1124.35923
12863.32017,-752.79123,-1124.49951
12863.95215,-753.40738,-1124.64009
12864.58453,-754.02387,-1124.78095
12865.2173,-754.6407,-1124.92208
12865.85048,-755.25789,-1125.06349
12866.48407,-755.87543,-1125.20517
12867.11811,-756.49337,-1125.34714
12867.75258,-757.11169,-1125.48939
12868.38749,-757.7304,-1125.63192
12869.02285,-758.3495,-1125.77473
12869.65863,-758.96897,-1125.9178
12870.29484,-759.58883,-1126.06112
12870.93147,-760.20906,-1126.20468
12871.56852,-760.82968,-1126.34846
12872.20601,-761.45069,-1126.49245
12872.84392,-762.0721,-1126.63662
12873.48226,-762.6939,-1126.78096
12874.12079,-763.31588,-1126.92541
12874.75905,-763.93758,-1127.06985
12875.39708,-764.55905,-1127.21426
12876.03507,-765.18048,-1127.3587
12876.6729,-765.80174,-1127.50311
12877.31054,-766.42283,-1127.64748
12877.94828,-767.044,-1127.79188
12878.58622,-767.66538,-1127.93631
12879.22444,-768.28702,-1128.08082
12879.86292,-768.90892,-1128.22539
12880.50167,-769.53108,-1128.37003
12881.14078,-770.15358,-1128.51477
12881.7803,-770.77649,-1128.65961
12882.42026,-771.39981,-1128.80457
12883.0606,-772.0235,-1128.94963
12883.70134,-772.64758,-1129.0948
12884.34248,-773.27205,-1129.24007
12884.98405,-773.89693,-1129.38546
12885.62604,-774.52221,-1129.53096
12886.26844,-775.14789,-1129.67658
12886.91125,-775.77396,-1129.82231
12887.55449,-776.40045,-1129.96816
12888.19815,-777.02734,-1130.11412
12888.84225,-777.65465,-1130.26021
12889.48676,-778.28236,-1130.40641
12890.13165,-778.91044,-1130.55272
12890.77695,-779.53891,-1130.69914
12891.42266,-780.16777,-1130.84567
12892.06878,-780.79704,-1130.99229
12892.71534,-781.42673,-1131.13901
12893.3623,-782.05681,-1131.28583
12894.00967,-782.68729,-1131.43274
12894.65744,-783.31816,-1131.57974
12895.30562,-783.94943,-1131.72682
12895.95419,-784.58108,-1131.874
12896.60315,-785.21311,-1132.02125
12897.25249,-785.84552,-1132.16858
12897.9022,-786.47829,-1132.31598
12898.5523,-787.11144,-1132.46344
12899.20277,-787.74496,-1132.61098
12899.85363,-788.37887,-1132.75857
12900.50489,-789.01317,-1132.90622
12901.15652,-789.64784,-1133.05393
12901.80855,-790.2829,-1133.20169
12902.46095,-790.91834,-1133.34949
12903.11374,-791.55417,-1133.49734
12903.76691,-792.19037,-1133.64524
12904.42046,-792.82695,-1133.7932
12905.07437,-793.46389,-1133.9412
12905.72865,-794.1012,-1134.08926
12906.38331,-794.73888,-1134.23738
12907.03832,-795.37692,-1134.38555
12907.69371,-796.01532,-1134.53378
12908.34945,-796.65408,-1134.68207
12909.00559,-797.29322,-1134.83042
12909.66208,-797.93272,-1134.97883
12910.31895,-798.57259,-1135.12729
12910.97618,-799.21282,-1135.27582
12911.63381,-799.85344,-1135.4244
12912.29179,-800.49442,-1135.57303
12912.95018,-801.1358,-1135.72172
12913.60895,-801.77756,-1135.87045
12914.2681,-802.4197,-1136.01923
12914.92761,-803.0622,-1136.16805
12915.5875,-803.70508,-1136.3169
12916.24774,-804.34832,-1136.46578
12916.90835,-804.99193,-1136.61469
12917.56934,-805.63592,-1136.76362
12918.23068,-806.28027,-1136.91255
12918.89239,-806.925,-1137.06149
12919.55445,-807.57009,-1137.21043
12920.21688,-808.21556,-1137.35936
12920.87967,-808.86141,-1137.50827
12921.54285,-809.50765,-1137.65718
12922.20638,-810.15427,-1137.80606
12922.8703,-810.80128,-1137.95492
12923.53458,-811.44867,-1138.10375
12924.19923,-812.09645,-1138.25256
12924.86426,-812.74463,-1138.40133
12925.52966,-813.39319,-1138.55007
12926.19543,-814.04214,-1138.69877
12926.86156,-814.69147,-1138.84745
12927.52808,-815.3412,-1138.99609
12928.19496,-815.99132,-1139.14469
12928.86221,-816.64182,-1139.29325
12929.52982,-817.2927,-1139.44178
12930.19779,-817.94395,-1139.59028
12930.86611,-818.59557,-1139.73876
12931.5348,-819.24757,-1139.88723
12932.20386,-819.89994,-1140.0357
12932.87328,-820.55269,-1140.18416
12933.54305,-821.2058,-1140.33264
12934.21319,-821.85928,-1140.48112
12934.88368,-822.51312,-1140.62962
12935.55455,-823.16734,-1140.77815
12936.22578,-823.82193,-1140.9267
12936.89739,-824.4769,-1141.07528
12937.56937,-825.13224,-1141.22389
12938.24173,-825.78796,-1141.37253
12938.91446,-826.44406,-1141.5212
12939.58756,-827.10053,-1141.6699
12940.26103,-827.75737,-1141.81865
12940.93488,-828.41458,-1141.96744
12941.60908,-829.07215,-1142.11627
12942.28364,-829.73007,-1142.26516
12942.95856,-830.38835,-1142.41411
12943.63382,-831.04697,-1142.56312
12944.30945,-831.70594,-1142.7122
12944.98543,-832.36526,-1142.86136
12945.66175,-833.02491,-1143.0106
12946.33844,-833.68492,-1143.15992
12947.01549,-834.34528,-1143.30932
12947.69291,-835.006,-1143.45882
12948.37069,-835.66707,-1143.6084
12949.04883,-836.32848,-1143.75808
12949.72733,-836.99025,-1143.90784
12950.40619,-837.65237,-1144.05768
12951.08542,-838.31484,-1144.20762
12951.765,-838.97765,-1144.35764
12952.44494,-839.64082,-1144.50773
12953.12523,-840.30434,-1144.65787
12953.80587,-840.9682,-1144.80805
12954.48687,-841.63243,-1144.95825
12955.16821,-842.29701,-1145.10846
12955.84991,-842.96195,-1145.25866
12956.53197,-843.62727,-1145.40884
12957.21437,-844.29295,-1145.55899
12957.89713,-844.95901,-1145.7091
12958.58025,-845.62544,-1145.85915
12959.26373,-846.29226,-1146.00915
12959.94755,-846.95944,-1146.15907
12960.63171,-847.62699,-1146.30893
12961.31622,-848.29491,-1146.45873
12962.00107,-848.96319,-1146.60847
12962.68627,-849.63184,-1146.75815
12963.37181,-850.30085,-1146.90777
12964.0577,-850.97023,-1147.05734
12964.74393,-851.63997,-1147.20688
12965.43051,-852.31007,-1147.3564
12966.11743,-852.98053,-1147.50591
12966.80471,-853.65135,-1147.65541
12967.49234,-854.32253,-1147.80491
12968.18033,-854.99408,-1147.95443
12968.86866,-855.66597,-1148.10397
12969.55734,-856.33821,-1148.25355
12970.24639,-857.01081,-1148.40317
12970.93577,-857.68375,-1148.55283
12971.62551,-858.35705,-1148.70255
12972.3156,-859.03069,-1148.85231
12973.00603,-859.70467,-1149.00213
12973.69678,-860.37897,-1149.152
12974.38789,-861.05361,-1149.30194
12975.0793,-861.72856,-1149.45192
12975.77106,-862.40385,-1149.60197
12976.46317,-863.07949,-1149.75206
12977.15565,-863.75549,-1149.90223
12977.84849,-864.43184,-1150.05249
12978.54171,-865.10856,-1150.20285
12979.2353,-865.78563,-1150.35332
12979.92926,-866.46306,-1150.5039
12980.62357,-867.14082,-1150.65459
12981.31823,-867.81891,-1150.80539
12982.01323,-868.49732,-1150.95633
12982.70856,-869.17604,-1151.1074
12983.40422,-869.85507,-1151.25862
12984.10021,-870.5344,-1151.41
12984.79652,-871.21402,-1151.56154
12985.49319,-871.89397,-1151.71326
12986.1902,-872.57423,-1151.86515
12986.88756,-873.2548,-1152.01722
12987.58526,-873.93569,-1152.16948
12988.28332,-874.6169,-1152.32193
12988.98173,-875.29842,-1152.47458
12989.68048,-875.98024,-1152.62745
12990.37957,-876.66237,-1152.78052
12991.07898,-877.34478,-1152.93379
12991.77873,-878.02749,-1153.08727
12992.47881,-878.71049,-1153.24096
12993.17924,-879.3938,-1153.39486
12993.88,-880.07741,-1153.54898
12994.58112,-880.76132,-1153.70333
12995.28254,-881.44551,-1153.85788
12995.98428,-882.12997,-1154.01264
12996.68635,-882.81472,-1154.1676
12997.38876,-883.49978,-1154.32277
12998.09154,-884.18517,-1154.47816
12998.7947,-884.87089,-1154.63377
12999.4982,-885.55691,-1154.78961
13000.20202,-886.24322,-1154.94564
13000.90616,-886.92982,-1155.10184
13001.61063,-887.61672,-1155.25817
13002.31543,-888.30393,-1155.41464
13003.02056,-888.99146,-1155.57122
13003.72603,-889.67931,-1155.72791
13004.43183,-890.36748,-1155.88468
13005.13796,-891.05597,-1156.04152
13005.8444,-891.74476,-1156.19842
13006.55114,-892.43386,-1156.35536
13007.25818,-893.12325,-1156.51235
13007.96548,-893.8129,-1156.66939
13008.67304,-894.5028,-1156.82647
13009.38084,-895.19294,-1156.98359
13010.08893,-895.88336,-1157.14077
13010.79727,-896.57404,-1157.29798
13011.506,-897.2651,-1157.45526
13012.21515,-897.95657,-1157.61259
13012.92474,-898.64849,-1157.76997
13013.63475,-899.34083,-1157.92739
13014.34512,-900.03354,-1158.08481
13015.05583,-900.7266,-1158.24221
13015.76686,-901.42,-1158.39958
13016.47822,-902.11374,-1158.55692
13017.18991,-902.80783,-1158.71421
13017.9019,-903.50224,-1158.87145
13018.6142,-904.19698,-1159.02864
13019.3268,-904.89204,-1159.18577
13020.03972,-905.58744,-1159.34284
13020.75297,-906.28319,-1159.49988
13021.46656,-906.97929,-1159.65687
13022.18047,-907.67574,-1159.81382
13022.89471,-908.37253,-1159.97075
13023.60928,-909.06965,-1160.12768
13024.32416,-909.76709,-1160.28461
13025.03935,-910.46485,-1160.44157
13025.75484,-911.1629,-1160.59857
13026.47064,-911.86126,-1160.75561
13027.18673,-912.5599,-1160.91271
13027.90309,-913.25881,-1161.06986
13028.61975,-913.95802,-1161.22708
13029.33673,-914.65753,-1161.38437
13030.05403,-915.35736,-1161.54174
13030.77169,-916.05753,-1161.69918
13031.48968,-916.75803,-1161.8567
13032.20798,-917.45883,-1162.0143
13032.92659,-918.15993,-1162.17197
13033.64552,-918.86134,-1162.32971
13034.36477,-919.56306,-1162.48752
13035.08432,-920.26508,-1162.6454
13035.80419,-920.96741,-1162.80335
13036.52435,-921.67002,-1162.96136
13037.24482,-922.37293,-1163.11943
13037.96556,-923.07611,-1163.27756
13038.68661,-923.7796,-1163.43575
13039.40796,-924.48337,-1163.59401
13040.12959,-925.18742,-1163.75233
13040.85153,-925.89177,-1163.91073
13041.57377,-926.59641,-1164.06921
13042.29631,-927.30134,-1164.22774
13043.01916,-928.00658,-1164.38635
13043.74233,-928.71212,-1164.54503
13044.46581,-929.41797,-1164.70378
13045.18959,-930.12411,-1164.8626
13045.91368,-930.83055,-1165.02149
13046.63804,-931.53726,-1165.18043
13047.36272,-932.24428,-1165.33943
13048.08769,-932.95159,-1165.49848
13048.81298,-933.65921,-1165.65759
13049.53858,-934.36714,-1165.81675
13050.26446,-935.07535,-1165.97595
13050.99064,-935.78385,-1166.13519
13051.71711,-936.49264,-1166.29449
13052.44387,-937.20172,-1166.45384
13053.17092,-937.91108,-1166.61324
13053.89827,-938.62073,-1166.7727
13054.62588,-939.33065,-1166.93221
13055.35377,-940.04083,-1167.09177
13056.08194,-940.75129,-1167.25138
13056.8104,-941.46204,-1167.41104
13057.53915,-942.17307,-1167.57076
13058.2682,-942.8844,-1167.73053
13058.99753,-943.59601,-1167.89033
13059.72716,-944.30792,-1168.05016
13060.45709,-945.02013,-1168.21002
13061.18732,-945.73264,-1168.3699
13061.91785,-946.44546,-1168.52979
13062.64867,-947.15857,-1168.6897
13063.37976,-947.87196,-1168.84961
13064.11115,-948.58565,-1169.00952
13064.84282,-949.29963,-1169.16944
13065.57478,-950.01391,-1169.32934
13066.30704,-950.7285,-1169.48924
13067.03956,-951.44336,-1169.64912
13067.77236,-952.15851,-1169.80899
13068.50544,-952.87394,-1169.96886
13069.23878,-953.58965,-1170.12872
13069.97241,-954.30565,-1170.28858
13070.70631,-955.02193,-1170.44844
13071.4405,-955.7385,-1170.60832
13072.17496,-956.45534,-1170.76821
13072.90968,-957.17245,-1170.92813
13073.64469,-957.88984,-1171.08807
13074.37999,-958.60753,-1171.24804
13075.11556,-959.32549,-1171.40806
13075.8512,-960.04351,-1171.56806
13076.58641,-960.76113,-1171.72796
13077.32136,-961.47849,-1171.88778
13078.05614,-962.19569,-1172.04756
13078.79062,-962.91259,-1172.20726
13079.52493,-963.62933,-1172.36693
13080.2593,-964.34613,-1172.52661
13080.99378,-965.06304,-1172.68631
13081.7284,-965.78009,-1172.84604
13082.46313,-966.49724,-1173.00579
13083.19804,-967.21457,-1173.16557
13083.93317,-967.93212,-1173.32539
13084.66854,-968.6499,-1173.48525
13085.40415,-969.36792,-1173.64516
13086.14002,-970.08619,-1173.80511
13086.87614,-970.80472,-1173.96511
13087.61253,-971.52351,-1174.12514
13088.34919,-972.24257,-1174.28521
13089.08611,-972.96188,-1174.44531
13089.82329,-973.68146,-1174.60544
13090.56073,-974.4013,-1174.76558
13091.29846,-975.12143,-1174.92576
13092.03646,-975.84184,-1175.08595
13092.77475,-976.56253,-1175.24618
13093.5133,-977.28349,-1175.40643
13094.25213,-978.00472,-1175.56671
13094.99122,-978.72622,-1175.72701
13095.73044,-979.44785,-1175.88733
13096.46974,-980.16956,-1176.04764
13097.20927,-980.89149,-1176.20799
13097.94898,-981.61361,-1176.36837
13098.68881,-982.33583,-1176.52879
13099.42863,-983.05805,-1176.68922
13100.16835,-983.78017,-1176.84963
13100.90785,-984.50207,-1177.01001
13101.64714,-985.22376,-1177.17036
13102.38623,-985.94525,-1177.33069
13103.12507,-986.66649,-1177.49098
13103.86346,-987.38729,-1177.65118
13104.60113,-988.10739,-1177.81123
13105.33795,-988.82666,-1177.97109
13106.07377,-989.54496,-1178.13071
13106.80847,-990.26217,-1178.29008
13107.54201,-990.97825,-1178.44918
13108.27437,-991.69318,-1178.60799
13109.00553,-992.40695,-1178.76651
13109.73546,-993.11952,-1178.92474
13110.46409,-993.83083,-1179.08267
13111.19142,-994.54087,-1179.24032
13111.91741,-995.2496,-1179.39768
13112.64202,-995.95698,-1179.55476
13113.3652,-996.66296,-1179.71156
13114.08692,-997.3675,-1179.86809
13114.80715,-998.07057,-1180.02436
13115.52582,-998.7721,-1180.18036
13116.24291,-999.47208,-1180.3361
13116.95842,-1000.17049,-1180.4916
13117.67232,-1000.8673,-1180.64687
13118.38457,-1001.56247,-1180.8019
13119.09515,-1002.25598,-1180.9567
13119.80403,-1002.94781,-1181.11127
13120.51122,-1003.63795,-1181.26562
13121.21669,-1004.32638,-1181.41973
13121.92043,-1005.01309,-1181.57361
13122.62246,-1005.6981,-1181.72727
13123.32278,-1006.3814,-1181.88072
13124.02138,-1007.06298,-1182.03397
13124.71827,-1007.74286,-1182.18701
13125.41346,-1008.42104,-1182.33986
13126.10696,-1009.09753,-1182.49251
13126.79876,-1009.77232,-1182.64495
13127.48885,-1010.44542,-1182.79716
13128.17724,-1011.11682,-1182.94916
13128.86393,-1011.78653,-1183.10092
13129.54894,-1012.45457,-1183.25244
13130.23221,-1013.12089,-1183.4037
13130.9137,-1013.78544,-1183.55468
13131.59322,-1014.44805,-1183.70533
13132.27089,-1015.10884,-1183.85567
13132.94681,-1015.76789,-1184.00574
13133.62109,-1016.42531,-1184.15556
13134.29372,-1017.0811,-1184.30513
13134.96451,-1017.73507,-1184.45441
13135.63338,-1018.38714,-1184.60336
13136.30032,-1019.0373,-1184.75202
13136.96542,-1019.68564,-1184.9004
13137.62867,-1020.33215,-1185.0485
13138.29009,-1020.97683,-1185.19634
13138.94968,-1021.6197,-1185.3439
13139.6075,-1022.26082,-1185.49119
13140.26352,-1022.90015,-1185.63822
13140.91775,-1023.53771,-1185.78497
13141.57016,-1024.17347,-1185.93144
13142.22076,-1024.80743,-1186.07764
13142.86956,-1025.4396,-1186.22358
13143.51656,-1026.06998,-1186.36928
13144.16172,-1026.69853,-1186.51473
13144.80508,-1027.32528,-1186.65997
13145.44659,-1027.95018,-1186.80502
13146.08627,-1028.57324,-1186.9499
13146.72412,-1029.19445,-1187.09463
13147.36016,-1029.81383,-1187.23925
13147.9944,-1030.43139,-1187.38377
13148.62687,-1031.04714,-1187.52823
13149.25754,-1031.66105,-1187.67264
13149.88642,-1032.27313,-1187.81702
13150.51352,-1032.88339,-1187.96139
13151.13885,-1033.49182,-1188.10578
13151.76239,-1034.09841,-1188.2502
13152.38415,-1034.70315,-1188.39468
13153.00401,-1035.30593,-1188.53919
13153.6219,-1035.90667,-1188.68372
13154.23787,-1036.50543,-1188.82834
13154.85207,-1037.10231,-1188.97315
13155.46454,-1037.69736,-1189.11819
13156.07533,-1038.29061,-1189.2635
13156.68441,-1038.88204,-1189.4091
13157.29181,-1039.47164,-1189.55503
13157.89748,-1040.05939,-1189.70127
13158.50141,-1040.64528,-1189.8478
13159.10362,-1041.22932,-1189.99461
13159.70412,-1041.81152,-1190.14172
13160.30289,-1042.39186,-1190.28912
13160.89992,-1042.97033,-1190.43683
13161.49521,-1043.54693,-1190.58486
13162.08878,-1044.12165,-1190.73324
13162.68065,-1044.69452,-1190.882
13163.27081,-1045.26551,-1191.03118
13163.85926,-1045.83462,-1191.18082
13164.44601,-1046.40184,-1191.33095
13165.03108,-1046.96718,-1191.4816
13165.6145,-1047.53066,-1191.63281
13166.19627,-1048.09228,-1191.78461
13166.77643,-1048.65207,-1191.937
13167.35495,-1049.20999,-1192.09
13167.93183,-1049.76604,-1192.24363
13168.50708,-1050.32021,-1192.39791
13169.0807,-1050.87251,-1192.55287
13169.65275,-1051.42297,-1192.70852
13170.2232,-1051.97157,-1192.8649
13170.79208,-1052.51832,-1193.02202
13171.35941,-1053.06323,-1193.17993
13171.92522,-1053.60634,-1193.33861
13172.48955,-1054.14766,-1193.49809
13173.05241,-1054.68723,-1193.65834
13173.61384,-1055.22507,-1193.81937
13174.17384,-1055.76119,-1193.98115
13174.73243,-1056.29562,-1194.14366
13175.28961,-1056.82837,-1194.30685
13175.84537,-1057.35941,-1194.47076
13176.3997,-1057.88873,-1194.63536
13176.95262,-1058.41636,-1194.80067
13177.50415,-1058.94231,-1194.96669
13178.05426,-1059.46654,-1195.13346
13178.60301,-1059.98908,-1195.30101
13179.15035,-1060.50989,-1195.46935
13179.69632,-1061.029,-1195.6385
13180.24095,-1061.54644,-1195.80844
13180.78424,-1062.0622,-1195.97916
13181.32619,-1062.5763,-1196.15066
13181.86678,-1063.08871,-1196.32292
13182.406,-1063.59943,-1196.49593
13182.94386,-1064.10845,-1196.66966
13183.48033,-1064.61577,-1196.84412
13184.01546,-1065.12141,-1197.01929
13184.54918,-1065.62534,-1197.1951
13185.08138,-1066.12747,-1197.37147
13185.61207,-1066.6278,-1197.54839
13186.14128,-1067.12634,-1197.72593
13186.66917,-1067.62322,-1197.90419
13187.19578,-1068.11847,-1198.08322
13187.72107,-1068.61203,-1198.26302
13188.24497,-1069.10383,-1198.44358
13188.76741,-1069.59379,-1198.62491
13189.28839,-1070.08189,-1198.80708
13189.80797,-1070.56814,-1198.99016
13190.32613,-1071.05251,-1199.17423
13190.84291,-1071.535,-1199.35932
13191.3583,-1072.01559,-1199.54549
13191.87233,-1072.49429,-1199.73277
13192.38504,-1072.97112,-1199.92119
13192.89644,-1073.4461,-1200.11075
13193.40659,-1073.91926,-1200.30145
13193.91545,-1074.39058,-1200.49328
13194.42303,-1074.86007,-1200.68618
13194.92939,-1075.32782,-1200.88012
13195.43453,-1075.79385,-1201.07503
13195.93851,-1076.25823,-1201.27085
13196.44135,-1076.721,-1201.46754
13196.94304,-1077.18216,-1201.66508
13197.44361,-1077.64176,-1201.86344
13197.94307,-1078.09979,-1202.06259
13198.44138,-1078.55622,-1202.26256
13198.93854,-1079.01103,-1202.46334
13199.43458,-1079.46425,-1202.66497
13199.92958,-1079.91593,-1202.86747
13200.42357,-1080.36611,-1203.07084
13200.91656,-1080.81478,-1203.27514
13201.40856,-1081.26191,-1203.48043
13201.89959,-1081.70749,-1203.68674
13202.38963,-1082.15148,-1203.89414
13202.87873,-1082.59391,-1204.10263
13203.3669,-1083.03479,-1204.31225
13203.85419,-1083.47414,-1204.52301
13204.34064,-1083.91202,-1204.73489
13204.82627,-1084.34847,-1204.94784
13205.31106,-1084.78347,-1205.16184
13205.79503,-1085.21704,-1205.37689
13206.27821,-1085.64922,-1205.59296
13206.76062,-1086.08002,-1205.81006
13207.24224,-1086.50942,-1206.02816
13207.72311,-1086.93751,-1206.24719
13208.20317,-1087.36419,-1206.46721
13208.68247,-1087.78948,-1206.68823
13209.16098,-1088.21339,-1206.91022
13209.63874,-1088.63593,-1207.13318
13210.11569,-1089.05702,-1207.35715
13210.59184,-1089.47665,-1207.58216
13211.06715,-1089.89473,-1207.80828
13211.54164,-1090.31124,-1208.03556
13212.01526,-1090.72612,-1208.26403
13212.48804,-1091.13937,-1208.49369
13212.95997,-1091.55096,-1208.72457
13213.43102,-1091.96085,-1208.95669
13213.90122,-1092.36906,-1209.19004
13214.37056,-1092.77559,-1209.42459
13214.83905,-1093.18047,-1209.66029
13215.30669,-1093.58371,-1209.89712
13215.77346,-1093.9853,-1210.13502
13216.23937,-1094.38529,-1210.37394
13216.70444,-1094.78373,-1210.6138
13217.16862,-1095.1806,-1210.85455
13217.63194,-1095.57595,-1211.09613
13218.09437,-1095.96978,-1211.3385
13218.55595,-1096.36216,-1211.58159
13219.01666,-1096.75306,-1211.82541
13219.47646,-1097.14245,-1212.06994
13219.93538,-1097.53036,-1212.31515
13220.39337,-1097.91673,-1212.56108
13220.85044,-1098.30152,-1212.80774
13221.30655,-1098.68472,-1213.05512
13221.76172,-1099.06634,-1213.30321
13222.2159,-1099.4463,-1213.55203
13222.66909,-1099.82458,-1213.80159
13223.12124,-1100.20111,-1214.05193
13223.57236,-1100.57584,-1214.30309
13224.02246,-1100.9488,-1214.55507
13224.47153,-1101.31996,-1214.80787
13224.91957,-1101.68931,-1215.06148
13225.36659,-1102.05687,-1215.31589
13225.81263,-1102.42272,-1215.57105
13226.25771,-1102.78691,-1215.8269
13226.70182,-1103.14946,-1216.0834
13227.145,-1103.51048,-1216.34045
13227.58727,-1103.86999,-1216.59804
13228.0286,-1104.228,-1216.85611
13228.46899,-1104.58454,-1217.11462
13228.90844,-1104.93963,-1217.37352
13229.34694,-1105.29326,-1217.6328
13229.7845,-1105.64546,-1217.89244
13230.22112,-1105.99623,-1218.15243
13230.65679,-1106.34558,-1218.41275
13231.09156,-1106.69356,-1218.67339
13231.52543,-1107.04017,-1218.93436
13231.95838,-1107.38537,-1219.19567
13232.39042,-1107.72917,-1219.45732
13232.82152,-1108.07153,-1219.71931
13233.25166,-1108.41243,-1219.98161
13233.68083,-1108.75189,-1220.2442
13234.10903,-1109.08992,-1220.50705
13234.53623,-1109.42653,-1220.7701
13234.9624,-1109.76175,-1221.03326
13235.38754,-1110.09558,-1221.2965
13235.81163,-1110.42806,-1221.55978
13236.23474,-1110.75922,-1221.82313
13236.65692,-1111.08914,-1222.08654
13237.07818,-1111.41783,-1222.35003
13237.49853,-1111.7453,-1222.61357
13237.91794,-1112.07155,-1222.87713
13238.3364,-1112.39654,-1223.14074
13238.75395,-1112.72037,-1223.40435
13239.17062,-1113.04312,-1223.66787
13239.58642,-1113.36494,-1223.93116
13240.00137,-1113.68599,-1224.19405
13240.41547,-1114.00636,-1224.45643
13240.82877,-1114.32616,-1224.71823
13241.24127,-1114.64546,-1224.9794
13241.65302,-1114.9643,-1225.23993
13242.06397,-1115.28268,-1225.49977
13242.47411,-1115.60064,-1225.75884
13242.88347,-1115.91822,-1226.01713
13243.29201,-1116.23544,-1226.27458
13243.69976,-1116.55233,-1226.53117
13244.10672,-1116.86893,-1226.78687
13244.51291,-1117.18524,-1227.04169
13244.91831,-1117.50129,-1227.29559
13245.32297,-1117.8171,-1227.54859
13245.72693,-1118.13274,-1227.8007
13246.13016,-1118.44816,-1228.0519
13246.53252,-1118.76328,-1228.30209
13246.93402,-1119.07814,-1228.55122
13247.33474,-1119.39282,-1228.79932
13247.73472,-1119.70734,-1229.04642
13248.13393,-1120.0217,-1229.29249
13248.53242,-1120.3359,-1229.53758
13248.93028,-1120.64993,-1229.78187
13249.32746,-1120.96373,-1230.02535
13249.72381,-1121.27723,-1230.26787
13250.11941,-1121.59046,-1230.5095
13250.51427,-1121.90336,-1230.75035
13250.90833,-1122.21585,-1230.99042
13251.30166,-1122.52798,-1231.22976
13251.69428,-1122.83974,-1231.4684
13252.08619,-1123.15113,-1231.70638
13252.47739,-1123.4621,-1231.94372
13252.86791,-1123.77268,-1232.18046
13253.25776,-1124.08288,-1232.4166
13253.64695,-1124.3927,-1232.65214
13254.03547,-1124.70213,-1232.8871
13254.42338,-1125.01121,-1233.12149
13254.81061,-1125.31989,-1233.35529
13255.19709,-1125.62816,-1233.58839
13255.58287,-1125.93609,-1233.82079
13255.968,-1126.24371,-1234.05251
13256.3525,-1126.55105,-1234.28356
13256.73638,-1126.85811,-1234.51394
13257.11966,-1127.16491,-1234.74367
13257.50235,-1127.47145,-1234.97277
13257.88446,-1127.77772,-1235.20126
13258.26593,-1128.08368,-1235.4291
13258.64683,-1128.38937,-1235.65634
13259.02709,-1128.69472,-1235.88296
13259.40668,-1128.99973,-1236.10892
13259.78563,-1129.30442,-1236.33423
13260.16397,-1129.60882,-1236.55892
13260.54173,-1129.91295,-1236.78298
13260.91887,-1130.21681,-1237.00638
13261.29547,-1130.52044,-1237.22917
13261.67158,-1130.82387,-1237.4514
13262.04716,-1131.12705,-1237.67308
13262.42219,-1131.42998,-1237.89417
13262.79668,-1131.73267,-1238.11468
13263.17061,-1132.0351,-1238.33459
13263.54389,-1132.33726,-1238.55377
13263.91648,-1132.63923,-1238.77202
13264.28853,-1132.9412,-1238.98935
13264.65994,-1133.24312,-1239.20567
13265.03042,-1133.54473,-1239.42082
13265.40003,-1133.84607,-1239.63483
13265.76905,-1134.14742,-1239.84783
13266.13771,-1134.44891,-1240.05999
13266.50591,-1134.7505,-1240.27121
13266.87363,-1135.05224,-1240.48137
13267.24089,-1135.35419,-1240.69044
13267.60777,-1135.65638,-1240.89848
13267.97428,-1135.95878,-1241.10556
13268.3404,-1136.26139,-1241.31165
13268.70615,-1136.56417,-1241.51682
13269.07151,-1136.86699,-1241.72125
13269.4363,-1137.1696,-1241.92496
13269.8004,-1137.47195,-1242.12783
13270.16389,-1137.77413,-1242.32985
13270.52683,-1138.07624,-1242.53098
13270.88933,-1138.37842,-1242.73122
13271.25143,-1138.68081,-1242.9304
13271.61308,-1138.98347,-1243.12837
13271.97437,-1139.28642,-1243.32521
13272.33528,-1139.58959,-1243.52103
13272.69574,-1139.89292,-1243.71577
13273.05583,-1140.19647,-1243.90948
13273.41555,-1140.50019,-1244.10223
13273.77474,-1140.80398,-1244.29387
13274.13341,-1141.10793,-1244.48429
13274.49151,-1141.41205,-1244.67335
13274.84905,-1141.71638,-1244.86103
13275.20618,-1142.02094,-1245.04754
13275.56305,-1142.32573,-1245.23317
13275.91975,-1142.63067,-1245.41822
13276.27629,-1142.93563,-1245.60294
13276.63267,-1143.2405,-1245.78749
13276.98869,-1143.54516,-1245.9717
13277.34444,-1143.84973,-1246.15553
13277.69998,-1144.15424,-1246.33907
13278.05534,-1144.45878,-1246.5222
13278.41054,-1144.76339,-1246.7049
13278.7654,-1145.06797,-1246.88699
13279.11956,-1145.37234,-1247.06806
13279.47312,-1145.67675,-1247.24789
13279.82625,-1145.98136,-1247.42654
13280.17913,-1146.28629,-1247.60414
13280.53177,-1146.59149,-1247.7808
13280.88421,-1146.8969,-1247.95668
13281.23644,-1147.20248,-1248.13186
13281.58849,-1147.50817,-1248.30649
13281.94037,-1147.81392,-1248.48066
13282.29179,-1148.11947,-1248.65426
13282.64238,-1148.42458,-1248.82695
13282.99178,-1148.72918,-1248.99811
13283.33998,-1149.0335,-1249.16732
13283.68699,-1149.33768,-1249.33432
13284.03313,-1149.64223,-1249.49883
13284.37887,-1149.94764,-1249.66088
13284.72428,-1150.25389,-1249.82064
13285.06923,-1150.56078,-1249.97815
13285.4138,-1150.86824,-1250.1337
13285.75803,-1151.17616,-1250.28758
13286.1019,-1151.4844,-1250.44001
13286.44535,-1151.79284,-1250.59107
13286.78841,-1152.10142,-1250.74096
13287.13112,-1152.41006,-1250.88994
13287.47355,-1152.71871,-1251.03824
13287.81574,-1153.02732,-1251.18607
13288.15767,-1153.33582,-1251.33352
13288.49931,-1153.64416,-1251.48064
13288.84065,-1153.95233,-1251.62742
13289.18163,-1154.26027,-1251.77386
13289.5221,-1154.5679,-1251.91974
13289.86214,-1154.87537,-1252.06497
13290.20179,-1155.18274,-1252.20948
13290.54102,-1155.49001,-1252.35323
13290.87986,-1155.79719,-1252.49625
13291.21833,-1156.10428,-1252.63857
13291.55643,-1156.41127,-1252.78023
13291.89402,-1156.71804,-1252.92117
13292.23114,-1157.02462,-1253.06136
13292.56775,-1157.33103,-1253.20073
13292.90393,-1157.63735,-1253.33922
13293.23967,-1157.94363,-1253.47676
13293.57501,-1158.24992,-1253.61329
13293.90997,-1158.55626,-1253.74876
13294.24454,-1158.86264,-1253.88317
13294.5787,-1159.16906,-1254.01648
13294.91246,-1159.4755,-1254.14873
13295.24584,-1159.78196,-1254.27997
13295.57885,-1160.08843,-1254.41025
13295.9115,-1160.39491,-1254.53958
13296.24379,-1160.70138,-1254.66801
13296.57572,-1161.00782,-1254.79557
13296.90728,-1161.31421,-1254.92228
13297.23849,-1161.62056,-1255.04818
13297.56932,-1161.92685,-1255.17322
13297.89978,-1162.2331,-1255.29738
13298.22987,-1162.53931,-1255.42065
13298.55957,-1162.84549,-1255.54294
13298.88887,-1163.15167,-1255.66415
13299.21778,-1163.45787,-1255.78424
13299.54628,-1163.76411,-1255.90312
13299.87437,-1164.0704,-1256.02071
13300.20203,-1164.37675,-1256.13696
13300.52928,-1164.68318,-1256.25181
13300.85611,-1164.9897,-1256.36522
13301.18252,-1165.29632,-1256.47716
13301.50853,-1165.60305,-1256.58761
13301.83412,-1165.90988,-1256.69652
13302.15929,-1166.21681,-1256.80391
13302.48406,-1166.52383,-1256.90981
13302.80842,-1166.83092,-1257.01423
13303.13239,-1167.13809,-1257.11721
13303.45595,-1167.4453,-1257.21876
13303.77914,-1167.75257,-1257.31893
13304.10193,-1168.05987,-1257.41773
13304.42433,-1168.3672,-1257.51516
13304.74634,-1168.67455,-1257.6112
13305.06796,-1168.98193,-1257.70585
13305.3892,-1169.28933,-1257.79913
13305.71006,-1169.59675,-1257.89102
13306.03055,-1169.9042,-1257.9815
13306.35067,-1170.21168,-1258.07055
13306.67043,-1170.51921,-1258.15816
13306.98984,-1170.82679,-1258.24429
13307.3089,-1171.13441,-1258.32893
13307.62759,-1171.44207,-1258.41206
13307.94595,-1171.7498,-1258.49366
13308.26401,-1172.05761,-1258.57374
13308.58177,-1172.36551,-1258.6523
13308.89927,-1172.67351,-1258.72936
13309.2165,-1172.98161,-1258.80493
13309.53348,-1173.28981,-1258.87902
13309.85022,-1173.59811,-1258.95165
13310.16674,-1173.90652,-1259.02286
13310.48305,-1174.21502,-1259.09269
13310.79914,-1174.52361,-1259.16116
13311.11507,-1174.83232,-1259.22829
13311.43093,-1175.14125,-1259.29412
13311.74684,-1175.45049,-1259.35867
13312.06276,-1175.76002,-1259.42189
13312.37872,-1176.06985,-1259.48382
13312.69476,-1176.38002,-1259.54445
13313.01092,-1176.69056,-1259.60382
13313.32718,-1177.00143,-1259.66197
13313.64352,-1177.31259,-1259.71894
13313.95993,-1177.62404,-1259.77476
13314.27644,-1177.93579,-1259.82945
13314.59305,-1178.24783,-1259.88306
13314.90972,-1178.56011,-1259.93559
13315.22646,-1178.87264,-1259.98706
13315.54328,-1179.18542,-1260.03751
13315.86019,-1179.49844,-1260.08697
13316.17717,-1179.81169,-1260.13548
13316.49421,-1180.12514,-1260.18306
13316.81134,-1180.43881,-1260.22976
13317.12852,-1180.75267,-1260.27558
13317.4458,-1181.06674,-1260.32057
13317.76316,-1181.38101,-1260.36475
13318.08062,-1181.69549,-1260.40813
13318.39816,-1182.01016,-1260.45073
13318.71579,-1182.32502,-1260.49257
13319.0335,-1182.64007,-1260.53365
13319.35132,-1182.95532,-1260.57399
13319.66922,-1183.27074,-1260.61362
13319.98723,-1183.58635,-1260.65255
13320.30531,-1183.90212,-1260.69083
13320.62343,-1184.218,-1260.72849
13320.94153,-1184.53394,-1260.76555
13321.25958,-1184.84989,-1260.80203
13321.57758,-1185.16585,-1260.83795
13321.89551,-1185.48181,-1260.87334
13322.21332,-1185.7977,-1260.90818
13322.53096,-1186.11348,-1260.9425
13322.84838,-1186.4291,-1260.97631
13323.16561,-1186.74457,-1261.00963
13323.48266,-1187.05991,-1261.04251
13323.79955,-1187.37514,-1261.07496
13324.1163,-1187.69026,-1261.10699
13324.4329,-1188.00528,-1261.13863
13324.74933,-1188.32016,-1261.1699
13325.06558,-1188.6349,-1261.20082
13325.38163,-1188.94946,-1261.23141
13325.69748,-1189.26386,-1261.26168
13326.01311,-1189.57806,-1261.29167
13326.32852,-1189.89207,-1261.32139
13326.6437,-1190.20586,-1261.35087
13326.95861,-1190.51941,-1261.38011
13327.27325,-1190.83271,-1261.40913
13327.58759,-1191.14573,-1261.43796
13327.90161,-1191.45844,-1261.4666
13328.2153,-1191.77083,-1261.49508
13328.52861,-1192.08286,-1261.52343
13328.84149,-1192.39446,-1261.55166
13329.15394,-1192.70564,-1261.57981
13329.46594,-1193.01638,-1261.60788
13329.7775,-1193.32667,-1261.6359
13330.08856,-1193.63647,-1261.66388
13330.39911,-1193.94576,-1261.69184
13330.70912,-1194.25451,-1261.7198
13331.01859,-1194.56271,-1261.74777
13331.32748,-1194.87033,-1261.77579
13331.63581,-1195.17738,-1261.80388
13331.94357,-1195.48384,-1261.83205
13332.25074,-1195.78971,-1261.86034
13332.55732,-1196.09497,-1261.88877
13332.86331,-1196.39962,-1261.91737
13333.16869,-1196.70364,-1261.94616
13333.47348,-1197.00705,-1261.97516
13333.77765,-1197.30981,-1262.00441
13334.08122,-1197.61194,-1262.03392
13334.38418,-1197.91343,-1262.06371
13334.68653,-1198.21428,-1262.09381
13334.98829,-1198.5145,-1262.12423
13335.28945,-1198.81409,-1262.15499
13335.59004,-1199.11306,-1262.1861
13335.89003,-1199.41139,-1262.21759
13336.18942,-1199.70908,-1262.24947
13336.48824,-1200.00615,-1262.28175
13336.78646,-1200.30257,-1262.31446
13337.08411,-1200.59837,-1262.3476
13337.38118,-1200.89354,-1262.38121
13337.67768,-1201.18807,-1262.41529
13337.97361,-1201.48197,-1262.44987
13338.26898,-1201.77525,-1262.48497
13338.56378,-1202.06789,-1262.5206
13338.85802,-1202.3599,-1262.55678
13339.15172,-1202.65129,-1262.59353
13339.44489,-1202.94207,-1262.63087
13339.73752,-1203.23223,-1262.66882
13340.02963,-1203.52179,-1262.70736
13340.32123,-1203.81074,-1262.74653
13340.61232,-1204.09909,-1262.78636
13340.90288,-1204.38682,-1262.82686
13341.19296,-1204.67396,-1262.86806
13341.48255,-1204.96049,-1262.91001
13341.77166,-1205.24643,-1262.95272
13342.06028,-1205.53176,-1262.99621
13342.34844,-1205.81649,-1263.0405
13342.63613,-1206.10063,-1263.08559
13342.92339,-1206.3842,-1263.13147
13343.2102,-1206.66718,-1263.17815
13343.49657,-1206.94959,-1263.22566
13343.78252,-1207.23142,-1263.27401
13344.06803,-1207.51265,-1263.32327
13344.35312,-1207.79328,-1263.37346
13344.63778,-1208.07331,-1263.4246
13344.92202,-1208.35273,-1263.47672
13345.20584,-1208.63154,-1263.52985
13345.48927,-1208.90975,-1263.584
13345.7723,-1209.18734,-1263.6392
13346.05495,-1209.46433,-1263.69546
13346.3372,-1209.7407,-1263.7528
13346.61907,-1210.01645,-1263.81123
13346.90057,-1210.29158,-1263.87076
13347.18169,-1210.56608,-1263.93141
13347.46244,-1210.83995,-1263.99317
13347.74283,-1211.1132,-1264.05605
13348.02285,-1211.38581,-1264.12004
13348.30252,-1211.6578,-1264.18515
13348.58185,-1211.92916,-1264.25139
13348.86083,-1212.19988,-1264.31875
13349.13946,-1212.46996,-1264.38726
13349.41773,-1212.73937,-1264.45693
13349.69566,-1213.00812,-1264.52777
13349.97323,-1213.27618,-1264.59981
13350.25046,-1213.54355,-1264.67306
13350.52732,-1213.81021,-1264.74752
13350.80382,-1214.07615,-1264.8232
13351.07996,-1214.34138,-1264.90008
13351.35577,-1214.60591,-1264.97815
13351.63125,-1214.86975,-1265.05737
13351.90637,-1215.13286,-1265.13776
13352.18115,-1215.39527,-1265.2193
13352.45559,-1215.65696,-1265.30198
13352.72968,-1215.91791,-1265.38583
13353.00344,-1216.17813,-1265.47083
13353.27684,-1216.43761,-1265.55698
13353.54989,-1216.69632,-1265.64429
13353.82259,-1216.95425,-1265.73281
13354.09494,-1217.21141,-1265.82251
13354.36693,-1217.46778,-1265.91336
13354.63858,-1217.72337,-1266.00538
13354.90987,-1217.97815,-1266.09858
13355.18082,-1218.23214,-1266.19293
13355.45143,-1218.48534,-1266.28841
13355.72168,-1218.73773,-1266.38504
13355.99159,-1218.9893,-1266.48282
13356.26114,-1219.24004,-1266.58176
13356.53034,-1219.48994,-1266.68185
13356.7992,-1219.73901,-1266.78309
13357.06772,-1219.98723,-1266.8855
13357.33589,-1220.23459,-1266.98909
13357.60373,-1220.48108,-1267.09388
13357.8712,-1220.72664,-1267.1999
13358.13832,-1220.97128,-1267.30717
13358.4051,-1221.21497,-1267.41572
13358.6715,-1221.45768,-1267.52555
13358.93756,-1221.69941,-1267.63669
13359.20323,-1221.9401,-1267.74917
13359.46854,-1222.17976,-1267.86298
13359.73349,-1222.41839,-1267.9781
13359.99809,-1222.656,-1268.09452
13360.26232,-1222.8926,-1268.21217
13360.52624,-1223.12826,-1268.33099
13360.78986,-1223.36303,-1268.4509
13361.05319,-1223.59693,-1268.57185
13361.31616,-1223.82986,-1268.69392
13361.57879,-1224.06179,-1268.81714
13361.84108,-1224.2927,-1268.94153
13362.10299,-1224.52253,-1269.06713
13362.36453,-1224.75125,-1269.19398
13362.6257,-1224.97886,-1269.32206
13362.88648,-1225.20529,-1269.45143
13363.14685,-1225.43048,-1269.58213
13363.40684,-1225.6545,-1269.71407
13363.66644,-1225.87736,-1269.8472
13363.92565,-1226.09905,-1269.98154
13364.18448,-1226.31956,-1270.11706
13364.44293,-1226.53891,-1270.25375
13364.70102,-1226.75709,-1270.39161
13364.95874,-1226.9741,-1270.53063
13365.21609,-1227.18992,-1270.67082
13365.47306,-1227.40453,-1270.81216
13365.72967,-1227.61794,-1270.95464
13365.98587,-1227.8301,-1271.09827
13366.24171,-1228.04106,-1271.24301
13366.49717,-1228.25087,-1271.38875
13366.75226,-1228.4595,-1271.53552
13367.00698,-1228.66694,-1271.68334
13367.26135,-1228.87322,-1271.83218
13367.51537,-1229.07834,-1271.98202
13367.76905,-1229.28233,-1272.13282
13368.02237,-1229.48513,-1272.28463
13368.27533,-1229.68668,-1272.43749
13368.5279,-1229.88693,-1272.59141
13368.7801,-1230.08588,-1272.74641
13369.03191,-1230.28353,-1272.90243
13369.28336,-1230.47992,-1273.05946
13369.53447,-1230.67513,-1273.2174
13369.78521,-1230.86915,-1273.37624
13370.03558,-1231.06196,-1273.53596
13370.2856,-1231.25364,-1273.69648
13370.53528,-1231.44428,-1273.85771
13370.78463,-1231.63389,-1274.01965
13371.03363,-1231.82243,-1274.18229
13371.28228,-1232.00989,-1274.34565
13371.53056,-1232.19618,-1274.50979
13371.77848,-1232.38124,-1274.67476
13372.02601,-1232.56498,-1274.84062
13372.27314,-1232.74735,-1275.0074
13372.51986,-1232.92824,-1275.17518
13372.76617,-1233.10759,-1275.34401
13373.01208,-1233.28535,-1275.51392
13373.25757,-1233.46147,-1275.68495
13373.50267,-1233.63595,-1275.85708
13373.74738,-1233.8088,-1276.0303
13373.99171,-1233.98007,-1276.20455
13374.23565,-1234.14976,-1276.3798
13374.47921,-1234.31786,-1276.55605
13374.72238,-1234.48437,-1276.73327
13374.96517,-1234.64933,-1276.91142
13375.2076,-1234.81279,-1277.09045
13375.44968,-1234.97483,-1277.2703
13375.69141,-1235.13543,-1277.45097
13375.93282,-1235.29464,-1277.63243
13376.17388,-1235.45249,-1277.81463
13376.41462,-1235.60898,-1277.99756
13376.65503,-1235.76414,-1278.1812
13376.89512,-1235.91797,-1278.36553
13377.13487,-1236.07045,-1278.55055
13377.37431,-1236.22157,-1278.73627
13377.6134,-1236.37128,-1278.92269
13377.85217,-1236.5196,-1279.1098
13378.0906,-1236.66651,-1279.2976
13378.32872,-1236.81201,-1279.48609
13378.56651,-1236.95613,-1279.67524
13378.80399,-1237.09885,-1279.86505
13379.04118,-1237.2402,-1280.05552
13379.27808,-1237.38022,-1280.24661
13379.5147,-1237.51896,-1280.43828
13379.75106,-1237.6565,-1280.6305
13379.98715,-1237.79293,-1280.82319
13380.22301,-1237.92831,-1281.01632
13380.45861,-1238.06266,-1281.20986
13380.69396,-1238.19602,-1281.40378
13380.92905,-1238.32841,-1281.59805
13381.16389,-1238.45981,-1281.79269
13381.39847,-1238.59023,-1281.98767
13381.63281,-1238.71974,-1282.18297
13381.86691,-1238.8484,-1282.37854
13382.10079,-1238.9763,-1282.57435
13382.33444,-1239.10353,-1282.77033
13382.5679,-1239.23023,-1282.96641
13382.80114,-1239.35656,-1283.16248
13383.03418,-1239.48265,-1283.35846
13383.26702,-1239.60864,-1283.55427
13383.49966,-1239.73463,-1283.74984
13383.73209,-1239.86073,-1283.94509
13383.96432,-1239.98703,-1284.13997
13384.19635,-1240.11361,-1284.33443
13384.42815,-1240.24055,-1284.52839
13384.65976,-1240.36793,-1284.72182
13384.89116,-1240.49582,-1284.91467
13385.12235,-1240.62428,-1285.10689
13385.35332,-1240.75335,-1285.29843
13385.58407,-1240.88309,-1285.48925
13385.81459,-1241.01357,-1285.67929
13386.04488,-1241.14485,-1285.86849
13386.27492,-1241.27696,-1286.05682
13386.50473,-1241.40993,-1286.24425
13386.73429,-1241.54379,-1286.43074
13386.9636,-1241.67854,-1286.61629
13387.19268,-1241.81419,-1286.80089
13387.42152,-1241.95075,-1286.98451
13387.65011,-1242.08825,-1287.16712
13387.87844,-1242.2267,-1287.34869
13388.10651,-1242.36608,-1287.52922
13388.33434,-1242.5064,-1287.70871
13388.56192,-1242.64767,-1287.88713
13388.78925,-1242.78988,-1288.06448
13389.01633,-1242.93305,-1288.24075
13389.24296,-1243.07703,-1288.41576
13389.46881,-1243.22156,-1288.58931
13389.69385,-1243.36658,-1288.7614
13389.91838,-1243.51238,-1288.93214
13390.14276,-1243.65924,-1289.10179
13390.36704,-1243.80719,-1289.27035
13390.59116,-1243.95618,-1289.43778
13390.81516,-1244.10626,-1289.60406
13391.03903,-1244.25742,-1289.76919
13391.26278,-1244.40968,-1289.93315
13391.48642,-1244.56305,-1290.09591
13391.70994,-1244.7175,-1290.25749
13391.93329,-1244.87297,-1290.41785
13392.15644,-1245.02945,-1290.57693
13392.37932,-1245.18689,-1290.73469
13392.60193,-1245.34527,-1290.89113
13392.82434,-1245.50463,-1291.04627
13393.04663,-1245.66505,-1291.20015
13393.26885,-1245.82656,-1291.35278
13393.49104,-1245.98919,-1291.50417
13393.71322,-1246.15296,-1291.65432
13393.93538,-1246.31784,-1291.80321
13394.15748,-1246.4838,-1291.95082
13394.37952,-1246.6508,-1292.09714
13394.60149,-1246.81883,-1292.24218
13394.82337,-1246.98783,-1292.38596
13395.0452,-1247.15781,-1292.52849
13395.26699,-1247.32872,-1292.66984
13395.48876,-1247.50053,-1292.81007
13395.71052,-1247.67325,-1292.94916
13395.93228,-1247.84703,-1293.08692
13396.15398,-1248.02183,-1293.22328
13396.37564,-1248.19762,-1293.3583
13396.59728,-1248.37434,-1293.49208
13396.81892,-1248.55202,-1293.62456
13397.04051,-1248.73067,-1293.75567
13397.26209,-1248.91024,-1293.88547
13397.48363,-1249.09061,-1294.01412
13397.70519,-1249.27182,-1294.14159
13397.92676,-1249.45394,-1294.26779
13398.14832,-1249.63684,-1294.39283
13398.36986,-1249.82039,-1294.51689
13398.59143,-1250.00465,-1294.63994
13398.813,-1250.18968,-1294.76184
13399.03456,-1250.37546,-1294.88256
13399.25614,-1250.562,-1295.00215
13399.47777,-1250.74937,-1295.12052
13399.69944,-1250.93749,-1295.23777
13399.9212,-1251.12637,-1295.35397
13400.14303,-1251.31604,-1295.469
13400.36488,-1251.50637,-1295.58299
13400.58671,-1251.69722,-1295.69606
13400.80866,-1251.88877,-1295.80817
13401.03065,-1252.08101,-1295.91919
13401.25267,-1252.27385,-1296.02921
13401.47477,-1252.46731,-1296.13831
13401.69704,-1252.66158,-1296.24631
13401.91935,-1252.85663,-1296.35297
13402.1417,-1253.05242,-1296.45835
13402.36412,-1253.24895,-1296.5625
13402.58666,-1253.44628,-1296.66537
13402.80922,-1253.64432,-1296.76694
13403.03187,-1253.84308,-1296.86726
13403.25459,-1254.04256,-1296.96632
13403.47734,-1254.24264,-1297.06424
13403.70016,-1254.4433,-1297.16111
13403.9231,-1254.64462,-1297.25688
13404.14613,-1254.84654,-1297.35159
13404.36931,-1255.04911,-1297.44526
13404.59267,-1255.25236,-1297.53789
13404.81619,-1255.45632,-1297.62932
13405.03984,-1255.66103,-1297.71939
13405.26362,-1255.86647,-1297.80812
13405.4875,-1256.07257,-1297.89555
13405.71147,-1256.27931,-1297.98171
13405.93553,-1256.48665,-1298.06665
13406.15971,-1256.69459,-1298.1504
13406.384,-1256.90312,-1298.23299
13406.60843,-1257.11225,-1298.31445
13406.833,-1257.32193,-1298.39485
13407.05772,-1257.53217,-1298.47423
13407.28263,-1257.74298,-1298.55259
13407.50772,-1257.95437,-1298.62992
13407.73296,-1258.16629,-1298.70623
13407.95836,-1258.37875,-1298.7815
13408.1839,-1258.59174,-1298.8557
13408.40963,-1258.80528,-1298.92887
13408.63552,-1259.01935,-1299.00099
13408.8616,-1259.23396,-1299.07209
13409.08788,-1259.44912,-1299.14215
13409.31435,-1259.66481,-1299.21117
13409.54101,-1259.88104,-1299.27915
13409.7679,-1260.09783,-1299.34608
13409.99499,-1260.31516,-1299.41194
13410.22231,-1260.53306,-1299.47672
13410.44985,-1260.75153,-1299.54033
13410.67758,-1260.97052,-1299.6028
13410.90547,-1261.19001,-1299.66412
13411.13356,-1261.41001,-1299.72431
13411.36187,-1261.63054,-1299.78341
13411.59039,-1261.85156,-1299.84147
13411.81915,-1262.07308,-1299.89858
13412.04816,-1262.29508,-1299.95481
13412.27745,-1262.51757,-1300.01023
13412.50704,-1262.74057,-1300.06483
13412.73694,-1262.96409,-1300.11863
13412.96717,-1263.18813,-1300.17163
13413.19774,-1263.41272,-1300.22381
13413.42869,-1263.63789,-1300.27514
13413.66003,-1263.86367,-1300.32558
13413.89177,-1264.09005,-1300.37511
13414.12391,-1264.31705,-1300.42371
13414.35643,-1264.54464,-1300.47136
13414.5893,-1264.77278,-1300.51805
13414.82252,-1265.00147,-1300.56376
13415.05607,-1265.23069,-1300.60854
13415.28994,-1265.46041,-1300.6524
13415.52415,-1265.69064,-1300.69537
13415.75871,-1265.9214,-1300.73747
13415.99366,-1266.1527,-1300.7787
13416.229,-1266.38455,-1300.81909
13416.46475,-1266.61695,-1300.85866
13416.70092,-1266.84992,-1300.89743
13416.93754,-1267.08347,-1300.9354
13417.1746,-1267.31761,-1300.9725
13417.41211,-1267.55235,-1301.00868
13417.65006,-1267.78768,-1301.04391
13417.88848,-1268.02362,-1301.07817
13418.12732,-1268.26013,-1301.11147
13418.3666,-1268.49721,-1301.14381
13418.6063,-1268.73485,-1301.17519
13418.84644,-1268.97305,-1301.20563
13419.08696,-1269.21176,-1301.23514
13419.32787,-1269.45096,-1301.26375
13419.56918,-1269.69067,-1301.29151
13419.81095,-1269.93093,-1301.31846
13420.05322,-1270.17178,-1301.34466
13420.29607,-1270.41329,-1301.37015
13420.53952,-1270.65548,-1301.39495
13420.78365,-1270.89841,-1301.41907
13421.02842,-1271.14206,-1301.4425
13421.27385,-1271.38643,-1301.46527
13421.51996,-1271.63154,-1301.48736
13421.76672,-1271.87737,-1301.50878
13422.01413,-1272.12391,-1301.52951
13422.26222,-1272.37119,-1301.54956
13422.51098,-1272.6192,-1301.56894
13422.76045,-1272.86796,-1301.58765
13423.01061,-1273.11747,-1301.60569
13423.26145,-1273.36771,-1301.62307
13423.51295,-1273.61865,-1301.63979
13423.76508,-1273.87027,-1301.65587
13424.01786,-1274.12258,-1301.6713
13424.27128,-1274.37557,-1301.68609
13424.52537,-1274.62926,-1301.70027
13424.7801,-1274.88363,-1301.71387
13425.0355,-1275.13869,-1301.7269
13425.29159,-1275.39448,-1301.73939
13425.5484,-1275.65101,-1301.75134
13425.80593,-1275.90829,-1301.76274
13426.0642,-1276.16633,-1301.77359
13426.3232,-1276.42513,-1301.78387
13426.58298,-1276.68472,-1301.79359
13426.84352,-1276.9451,-1301.80273
13427.10482,-1277.20626,-1301.81129
13427.36686,-1277.46818,-1301.81928
13427.62963,-1277.73085,-1301.82669
13427.89315,-1277.99428,-1301.83352
13428.1574,-1278.25846,-1301.83978
13428.42243,-1278.52342,-1301.84548
13428.68822,-1278.78916,-1301.85061
13428.95478,-1279.05568,-1301.85521
13429.22215,-1279.32302,-1301.85927
13429.4903,-1279.59115,-1301.8628
13429.75924,-1279.86007,-1301.86579
13430.02894,-1280.12976,-1301.86824
13430.29942,-1280.40024,-1301.87015
13430.5707,-1280.67151,-1301.87149
13430.84276,-1280.94357,-1301.87225
13431.11561,-1281.21642,-1301.87243
13431.38927,-1281.49008,-1301.87203
13431.66374,-1281.76455,-1301.87104
13431.939,-1282.03981,-1301.86947
13432.21507,-1282.31587,-1301.86732
13432.49194,-1282.59272,-1301.86459
13432.76961,-1282.87037,-1301.86127
13433.04807,-1283.14881,-1301.85736
13433.32736,-1283.42806,-1301.85286
13433.60747,-1283.70812,-1301.84777
13433.8884,-1283.989,-1301.84211
13434.17016,-1284.27069,-1301.83589
13434.45274,-1284.55319,-1301.82911
13434.73613,-1284.83648,-1301.82179
13435.02034,-1285.12058,-1301.81391
13435.30536,-1285.40548,-1301.8055
13435.59121,-1285.69119,-1301.79655
13435.87787,-1285.97769,-1301.78704
13436.16538,-1286.26502,-1301.77699
13436.45373,-1286.55318,-1301.76639
13436.74293,-1286.84217,-1301.75528
13437.03302,-1287.13202,-1301.74367
13437.32396,-1287.42271,-1301.73159
13437.61577,-1287.71425,-1301.71905
13437.90842,-1288.00662,-1301.70606
13438.20194,-1288.29983,-1301.69263
13438.49632,-1288.59388,-1301.67877
13438.79156,-1288.88878,-1301.6645
13439.08771,-1289.18456,-1301.6498
13439.38474,-1289.48121,-1301.63466
13439.68266,-1289.77872,-1301.61911
13439.98145,-1290.07708,-1301.60314
13440.2811,-1290.37629,-1301.58679
13440.58161,-1290.67633,-1301.57004
13440.88299,-1290.97722,-1301.55291
13441.18525,-1291.27897,-1301.53538
13441.48838,-1291.58157,-1301.51747
13441.79242,-1291.88506,-1301.4992
13442.09736,-1292.18943,-1301.48056
13442.40323,-1292.49471,-1301.46156
13442.71004,-1292.80091,-1301.4422
13443.01778,-1293.10802,-1301.42249
13443.32647,-1293.41606,-1301.40242
13443.63611,-1293.72502,-1301.38202
13443.94668,-1294.0349,-1301.36127
13444.25817,-1294.34568,-1301.3402
13444.57061,-1294.65738,-1301.31882
13444.88396,-1294.96998,-1301.29713
13445.19824,-1295.28349,-1301.27515
13445.51342,-1295.59788,-1301.25287
13445.82947,-1295.91313,-1301.23034
13446.14634,-1296.22918,-1301.20754
13446.46359,-1296.54559,-1301.1845
13446.78074,-1296.86189,-1301.16126
13447.09797,-1297.17825,-1301.13783
13447.41564,-1297.49504,-1301.11418
13447.73368,-1297.81218,-1301.09033
13448.05184,-1298.12944,-1301.06633
13448.37011,-1298.44679,-1301.04219
13448.68863,-1298.76438,-1301.0179
13449.00763,-1299.08245,-1300.99345
13449.32731,-1299.40118,-1300.96884
13449.64776,-1299.72067,-1300.94407
13449.96904,-1300.04098,-1300.91914
13450.29109,-1300.36205,-1300.89405
13450.61393,-1300.6839,-1300.86882
13450.93753,-1301.00651,-1300.84344
13451.26194,-1301.32991,-1300.81793
13451.58716,-1301.65412,-1300.79229
13451.91319,-1301.97913,-1300.76654
13452.24007,-1302.30498,-1300.74066
13452.56782,-1302.6317,-1300.71466
13452.8965,-1302.95934,-1300.68855
13453.22609,-1303.28789,-1300.66232
13453.55659,-1303.61734,-1300.63599
13453.88802,-1303.94771,-1300.60954
13454.22038,-1304.27901,-1300.58299
13454.55374,-1304.6113,-1300.55632
13454.8881,-1304.94459,-1300.52954
13455.22349,-1305.2789,-1300.50266
13455.55989,-1305.61421,-1300.47567
13455.89725,-1305.95048,-1300.44858
13456.23559,-1306.28773,-1300.42139
13456.57495,-1306.62599,-1300.39409
13456.91531,-1306.96524,-1300.36669
13457.25666,-1307.30548,-1300.33918
13457.59898,-1307.64669,-1300.31158
13457.94227,-1307.98886,-1300.2839
13458.28649,-1308.33196,-1300.25612
13458.63167,-1308.67601,-1300.22826
13458.97784,-1309.02105,-1300.2003
13459.325,-1309.36708,-1300.17226
13459.67318,-1309.71412,-1300.14411
13460.02242,-1310.06221,-1300.11588
13460.3727,-1310.41135,-1300.08755
13460.72403,-1310.76153,-1300.05914
13461.07641,-1311.11275,-1300.03063
13461.42979,-1311.46497,-1300.00203
13461.78417,-1311.81819,-1299.97334
13462.13954,-1312.17239,-1299.94458
13462.4959,-1312.52758,-1299.91573
13462.85327,-1312.88378,-1299.8868
13463.21164,-1313.24097,-1299.85779
13463.571,-1313.59915,-1299.8287
13463.93133,-1313.9583,-1299.79954
13464.29261,-1314.3184,-1299.7703
13464.65486,-1314.67946,-1299.74098
13465.01806,-1315.04147,-1299.71159
13465.38229,-1315.4045,-1299.68211
13465.74752,-1315.76854,-1299.65256
13466.11384,-1316.13365,-1299.62291
13466.48121,-1316.49982,-1299.59318
13466.84964,-1316.86704,-1299.56336
13467.21911,-1317.2353,-1299.53345
13467.58959,-1317.60456,-1299.50345
13467.96106,-1317.97481,-1299.47337
13468.3335,-1318.34603,-1299.4432
13468.70694,-1318.71824,-1299.41295
13469.08138,-1319.09145,-1299.38261
13469.45682,-1319.46565,-1299.35219
13469.83324,-1319.84084,-1299.32168
13470.21066,-1320.21701,-1299.29109
13470.58905,-1320.59416,-1299.26041
13470.96843,-1320.97229,-1299.22965
13471.34879,-1321.3514,-1299.1988
13471.73016,-1321.73151,-1299.16786
13472.11252,-1322.11261,-1299.13683
13472.49587,-1322.49469,-1299.10572
13472.88019,-1322.87774,-1299.07452
13473.26551,-1323.26179,-1299.04323
13473.65182,-1323.64683,-1299.01185
13474.03914,-1324.03286,-1298.98038
13474.42747,-1324.41991,-1298.94882
13474.81679,-1324.80794,-1298.91717
13475.2071,-1325.19696,-1298.88544
13475.59842,-1325.58698,-1298.85361
13475.99071,-1325.97797,-1298.8217
13476.384,-1326.36996,-1298.78969
13476.77825,-1326.7629,-1298.75759
13477.17348,-1327.15682,-1298.72541
13477.56966,-1327.55168,-1298.69315
13477.9668,-1327.9475,-1298.66079
13478.36489,-1328.34427,-1298.62836
13478.76392,-1328.74197,-1298.59584
13479.1639,-1329.14062,-1298.56324
13479.56485,-1329.54023,-1298.53055
13479.96676,-1329.94081,-1298.49779
13480.36966,-1330.34237,-1298.46494
13480.77355,-1330.74491,-1298.432
13481.17841,-1331.14842,-1298.39898
13481.58422,-1331.55288,-1298.36587
13481.99096,-1331.95826,-1298.33267
13482.39862,-1332.36456,-1298.29938
13482.80719,-1332.77177,-1298.26601
13483.21669,-1333.1799,-1298.23255
13483.62711,-1333.58894,-1298.19901
13484.03843,-1333.99889,-1298.16538
13484.45065,-1334.40972,-1298.13166
13484.86358,-1334.82127,-1298.09788
13485.27663,-1335.23293,-1298.06407
13485.68954,-1335.64446,-1298.03025
13486.10267,-1336.0562,-1297.99639
13486.51598,-1336.46811,-1297.96249
13486.92918,-1336.87992,-1297.92859
13487.34237,-1337.29172,-1297.89467
13487.75586,-1337.70381,-1297.86071
13488.16987,-1338.11642,-1297.82669
13488.58457,-1338.52972,-1297.7926
13488.99997,-1338.94371,-1297.75842
13489.41599,-1339.35832,-1297.72418
13489.83263,-1339.77354,-1297.68987
13490.24991,-1340.1894,-1297.65549
13490.66789,-1340.60596,-1297.62104
13491.0866,-1341.02324,-1297.58652
13491.50603,-1341.44125,-1297.55193
13491.92624,-1341.86002,-1297.51726
13492.34721,-1342.27956,-1297.48253
13492.76898,-1342.69989,-1297.44772
13493.19156,-1343.12103,-1297.41283
13493.61493,-1343.54295,-1297.37787
13494.03909,-1343.96566,-1297.34283
13494.46404,-1344.38916,-1297.30772
13494.8898,-1344.81346,-1297.27252
13495.31636,-1345.23856,-1297.23725
13495.74369,-1345.66443,-1297.2019
13496.1718,-1346.09107,-1297.16647
13496.60068,-1346.51847,-1297.13097
13497.03031,-1346.94663,-1297.09539
13497.4607,-1347.37554,-1297.05973
13497.89187,-1347.80523,-1297.024
13498.32381,-1348.23568,-1296.98818
13498.75652,-1348.6669,-1296.95229
13499.19004,-1349.09892,-1296.91632
13499.62432,-1349.5317,-1296.88028
13500.0594,-1349.96528,-1296.84416
13500.49528,-1350.39966,-1296.80796
13500.93194,-1350.83481,-1296.77169
13501.36939,-1351.27075,-1296.73535
13501.80764,-1351.70748,-1296.69894
13502.24666,-1352.14498,-1296.66246
13502.68647,-1352.58327,-1296.62591
13503.12704,-1353.02232,-1296.5893
13503.5684,-1353.46215,-1296.55262
13504.01052,-1353.90274,-1296.51588
13504.4534,-1354.34409,-1296.47909
13504.89704,-1354.7862,-1296.44224
13505.34146,-1355.22908,-1296.40534
13505.78662,-1355.67271,-1296.36839
13506.23256,-1356.11711,-1296.33138
13506.67928,-1356.56229,-1296.29432
13507.12678,-1357.00825,-1296.25721
13507.57508,-1357.455,-1296.22004
13508.02414,-1357.90252,-1296.18282
13508.47398,-1358.35081,-1296.14556
13508.92457,-1358.79985,-1296.10824
13509.37591,-1359.24964,-1296.07086
13509.82801,-1359.70019,-1296.03343
13510.28088,-1360.15151,-1295.99594
13510.73454,-1360.60361,-1295.9584
13511.18898,-1361.05649,-1295.92081
13511.64416,-1361.51012,-1295.88317
13512.10012,-1361.96452,-1295.84549
13512.55685,-1362.41968,-1295.80776
13513.01435,-1362.87562,-1295.76998
13513.47262,-1363.33233,-1295.73216
13513.93168,-1363.78982,-1295.6943
13514.39148,-1364.24806,-1295.6564
13514.85205,-1364.70706,-1295.61846
13515.31339,-1365.16684,-1295.58047
13515.77548,-1365.62736,-1295.54245
13516.23832,-1366.08863,-1295.50439
13516.70189,-1366.55064,-1295.46629
13517.16619,-1367.01337,-1295.42815
13517.63121,-1367.47682,-1295.38997
13518.09697,-1367.941,-1295.35174
13518.56347,-1368.40593,-1295.31346
13519.0307,-1368.87159,-1295.27513
13519.49867,-1369.33798,-1295.23675
13519.96737,-1369.8051,-1295.19831
13520.4368,-1370.27295,-1295.15981
13520.90698,-1370.74155,-1295.12126
13521.37791,-1371.21089,-1295.08264
13521.84961,-1371.681,-1295.04397
13522.32206,-1372.15186,-1295.00523
13522.79528,-1372.62349,-1294.96643
13523.26925,-1373.09586,-1294.92757
13523.74397,-1373.56898,-1294.88865
13524.21942,-1374.04283,-1294.84968
13524.6956,-1374.51741,-1294.81064
13525.17249,-1374.9927,-1294.77154
13525.65011,-1375.46871,-1294.73238
13526.12845,-1375.94544,-1294.69315
13526.60754,-1376.42291,-1294.65386
13527.08736,-1376.90112,-1294.61451
13527.56791,-1377.38005,-1294.57508
13528.04921,-1377.85972,-1294.53559
13528.5312,-1378.34009,-1294.49603
13529.01392,-1378.82118,-1294.4564
13529.49735,-1379.30298,-1294.41671
13529.98152,-1379.78551,-1294.37694
13530.46642,-1380.26877,-1294.33709
13530.95205,-1380.75276,-1294.29718
13531.43842,-1381.23748,-1294.2572
13531.92552,-1381.72293,-1294.21715
13532.41333,-1382.20909,-1294.17703
13532.90186,-1382.69596,-1294.13685
13533.39112,-1383.18356,-1294.09659
13533.88111,-1383.67189,-1294.05628
13534.37184,-1384.16096,-1294.0159
13534.8633,-1384.65075,-1293.97546
13535.35547,-1385.14125,-1293.93496
13535.84835,-1385.63246,-1293.8944
13536.34193,-1386.12437,-1293.85379
13536.83623,-1386.61699,-1293.81313
13537.33123,-1387.11032,-1293.77241
13537.82696,-1387.60437,-1293.73164
13538.32341,-1388.09913,-1293.69082
13538.82057,-1388.59461,-1293.64993
13539.31845,-1389.0908,-1293.60898
13539.81705,-1389.58771,-1293.56798
13540.31637,-1390.08534,-1293.52692
13540.81639,-1390.58367,-1293.4858
13541.31714,-1391.08272,-1293.44462
13541.81858,-1391.58247,-1293.40338
13542.32076,-1392.08294,-1293.36208
13542.82362,-1392.5841,-1293.32072
13543.32719,-1393.08596,-1293.27931
13543.83144,-1393.58851,-1293.23783
13544.33638,-1394.09174,-1293.19631
13544.842,-1394.59564,-1293.15472
13545.3483,-1395.10023,-1293.11308
13545.85529,-1395.6055,-1293.07138
13546.36296,-1396.11145,-1293.02963
13546.87133,-1396.6181,-1292.98782
13547.38041,-1397.12545,-1292.94596
13547.8902,-1397.63352,-1292.90404
13548.40071,-1398.1423,-1292.86206
13548.91192,-1398.65178,-1292.82002
13549.42386,-1399.16198,-1292.77791
13549.9365,-1399.67289,-1292.73575
13550.44986,-1400.18451,-1292.69352
13550.96394,-1400.69684,-1292.65125
13551.47868,-1401.20984,-1292.60892
13551.9941,-1401.72352,-1292.56654
13552.51018,-1402.23785,-1292.52412
13553.02691,-1402.75283,-1292.48165
13553.54428,-1403.26845,-1292.43915
13554.0623,-1403.78472,-1292.3966
13554.58096,-1404.30163,-1292.35401
13555.10025,-1404.81917,-1292.31137
13555.62022,-1405.33738,-1292.26869
13556.14084,-1405.85625,-1292.22597
13556.66213,-1406.37578,-1292.18322
13557.18409,-1406.89598,-1292.14043
13557.70669,-1407.41683,-1292.0976
13558.22996,-1407.93834,-1292.05474
13558.75389,-1408.46051,-1292.01184
13559.27847,-1408.98333,-1291.9689
13559.80369,-1409.50679,-1291.92594
13560.32954,-1410.03088,-1291.88295
13560.85598,-1410.55556,-1291.83995
13561.38301,-1411.08083,-1291.79693
13561.91066,-1411.60672,-1291.75389
13562.43891,-1412.13321,-1291.71084
13562.96776,-1412.66031,-1291.66778
13563.49722,-1413.18801,-1291.6247
13564.02727,-1413.71631,-1291.58162
13564.55791,-1414.2452,-1291.53853
13565.08912,-1414.77466,-1291.49543
13565.62093,-1415.30472,-1291.45233
13566.15332,-1415.83536,-1291.40922
13566.68629,-1416.36658,-1291.36611
13567.21985,-1416.8984,-1291.323
13567.75401,-1417.43081,-1291.27987
13568.28875,-1417.96381,-1291.23674
13568.82408,-1418.4974,-1291.1936
13569.36002,-1419.0316,-1291.15045
13569.89656,-1419.5664,-1291.1073
13570.43367,-1420.10178,-1291.06414
13570.97134,-1420.63771,-1291.02098
13571.50955,-1421.17419,-1290.97784
13572.04827,-1421.71118,-1290.93471
13572.58753,-1422.24871,-1290.89162
13573.1273,-1422.78676,-1290.84856
13573.6676,-1423.32535,-1290.80554
13574.20827,-1423.86431,-1290.76258
13574.74879,-1424.40313,-1290.71973
13575.28918,-1424.94182,-1290.67697
13575.82971,-1425.48067,-1290.63431
13576.37019,-1426.01947,-1290.59175
13576.91043,-1426.55804,-1290.5493
13577.45066,-1427.09661,-1290.50694
