lap_distance,x_position,y_position
0.0,191.473443663405,-151.30942713245028
0.5,190.99058661012288,-151.43923019614996
1.0,190.5077332818277,-151.5690471456779
1.5,190.02488441708536,-151.69888073422473
2.0,189.54204648204257,-151.82875496473545
2.5,189.05921499110312,-151.95865324588158
3.0,188.5763928807672,-152.08858656339748
3.5,188.09358389771677,-152.2185688076195
4.0,187.610782631495,-152.34857980267796
4.5,187.12799426911872,-152.4786388631412
5.0,186.64521952717405,-152.60874855497144
5.5,186.1624533594035,-152.73889009220147
6.0,185.67970297876667,-152.86909018578532
6.5,185.19696522829423,-152.9993369859436
7.0,184.714236663207,-153.12961774698425
7.5,184.23152774354133,-153.2599710768649
8.0,183.74883022776135,-153.39036642063945
8.5,183.26614284591676,-153.52079909959068
9.0,182.78347630307564,-153.6513084167178
9.5,182.30081921113953,-153.78185249812196
10.0,181.81817407627256,-153.91244056293112
10.5,181.3355477636211,-154.04309796946245
11.0,180.8529310141219,-154.1737906267365
11.5,180.37032851918897,-154.30453583859216
12.0,179.8877426341037,-154.43534242627067
12.5,179.40516659297478,-154.5661854171016
13.0,178.92260799345877,-154.6970929539327
13.5,178.44006395281158,-154.82805437046682
14.0,177.95752947873635,-154.95905119336038
14.5,177.47501327282018,-155.0901156394372
15.0,176.99250947372113,-155.22122592779812
15.5,176.51001540230726,-155.35237215795325
16.0,176.02754200825967,-155.48359470852344
16.5,175.54507790346227,-155.61485145444433
17.0,175.06262461573795,-155.74614801989838
17.5,174.5801913615919,-155.87751824970178
18.0,174.09776797659543,-156.0089247300948
18.5,173.61535893457295,-156.14038387938552
19.0,173.13296780312837,-156.27190873129936
19.5,172.65058729749225,-156.403472534729
20.0,172.16822580563183,-156.5351060008415
20.5,171.68588231860238,-156.6668053055876
21.0,171.20355078411126,-156.79854827890338
21.5,170.72124417073468,-156.9303821261044
22.0,170.2389554379729,-157.06228088949405
22.5,169.75668056010912,-157.19422994640723
23.0,169.27443982587377,-157.32630255803673
23.5,168.7922157488686,-157.4584350520624
24.0,168.3100112248347,-157.59063783861296
24.5,167.82784166394345,-157.72296618719668
25.0,167.34569001550918,-157.85535887315194
25.5,166.86356528647775,-157.98784825092653
26.0,166.38147323434808,-158.12045525600143
26.5,165.89939988056005,-158.25312973192555
27.0,165.4173598820589,-158.38592483044084
27.5,164.93534862560915,-158.51882458895983
28.0,164.45335636787445,-158.65179362762234
28.5,163.971402824348,-158.78490445730293
29.0,163.4894732125981,-158.91810311432664
29.5,163.00756334274274,-159.05137422222478
30.0,162.5256971966151,-159.18480575673073
30.5,162.04385059450064,-159.3183088080565
31.0,161.56202949132984,-159.45190515967474
31.5,161.08024755022328,-159.5856438065178
32.0,160.59848595063812,-159.71945596347763
32.5,160.11675697428765,-159.85338574094285
33.0,159.6350655097189,-159.98744981127564
33.5,159.15339676355822,-160.12159502375258
34.0,158.67177218334007,-160.25589748584844
34.5,158.19018165874115,-160.39032071014213
35.0,157.7086154383257,-160.52483007639285
35.5,157.22710500811857,-160.65953655645075
36.0,156.74562554155847,-160.7943527183907
36.5,156.26417820052447,-160.92928267791274
37.0,155.78279258185407,-161.064431354593
37.5,155.30143636104535,-161.19968432801383
38.0,154.82012328231076,-161.33509039545072
38.5,154.33886345945297,-161.47068532424387
39.0,153.8576326116017,-161.6063830505694
39.5,153.3764528302354,-161.74226201747618
40.0,152.89531687105188,-161.87829660962572
40.5,152.4142091170816,-162.01443137776738
41.0,151.93315763369185,-162.1507660781994
41.5,151.4521378354683,-162.2872132821741
42.0,150.97114563573064,-162.4237584792415
42.5,150.49020691658131,-162.56049265400407
43.0,150.0092893475253,-162.69730139401588
43.5,149.5284007588538,-162.83421228370068
44.0,149.04754990643463,-162.97125614234383
44.5,148.5667177403249,-163.1083657911365
45.0,148.08591641101185,-163.2455839488731
45.5,147.6051413594296,-163.38289428937586
46.0,147.1243822042453,-163.52026032780552
46.5,146.64365342091494,-163.65773245524295
47.0,146.1629439699823,-163.7952721004288
47.5,145.68224977899303,-163.93286504045324
48.0,145.20158741538117,-164.07056922719653
48.5,144.72093797136992,-164.20831840588428
49.0,144.2403059362077,-164.34612820402916
49.5,143.75969680809138,-164.4840175703872
50.0,143.27909901713596,-164.6219463612668
50.5,142.79852006319268,-164.75994069861477
51.0,142.31795745450142,-164.89799209793387
51.5,141.83740465051088,-165.03607768614162
52.0,141.35687119933343,-165.1742305827281
52.5,140.8763495349734,-165.31242450520037
53.0,140.39583699093012,-165.45065017238028
53.5,139.91534356186668,-165.58894255841076
54.0,139.43485825796026,-165.72726334240292
54.5,138.95438400345265,-165.86562274584347
55.0,138.47392552253638,-166.00403741345718
55.5,137.9934744208169,-166.14247799632003
56.0,137.51303535446772,-166.2809609108542
56.5,137.03260719294082,-166.41948209954654
57.0,136.55218572147066,-166.55802677265189
57.5,136.07177822864037,-166.69662053253901
58.0,135.59137991283615,-166.83524642374357
58.5,135.1109891279865,-166.97389868291194
59.0,134.6306159134068,-167.11261218935857
59.5,134.1502504710063,-167.25135272177127
60.0,133.6698959847742,-167.39013134581353
60.5,133.18955733168772,-167.52896489294588
61.0,132.70922733315848,-167.66782841723492
61.5,132.228913026339,-167.80674624362268
62.0,131.74861396227428,-167.94571676643153
62.5,131.26832440182287,-168.08472013779007
63.0,130.78805426526273,-168.22379060453557
63.5,130.3077963860416,-168.36290338718825
64.0,129.82754910122094,-168.5020527447995
64.5,129.34732342250373,-168.64127665444497
65.0,128.86710692555002,-168.78053222472775
65.5,128.3869034763774,-168.91983278356102
66.0,127.90671634616486,-169.05918955466532
66.5,127.42653761332141,-169.19857523856606
67.0,126.94637358543866,-169.33801153568484
67.5,126.46622149879803,-169.47748883758624
68.0,125.98607685694475,-169.6169916996768
68.5,125.50594698750761,-169.7565452483958
69.0,125.02582562356487,-169.89612798759958
69.5,124.54571201956075,-170.0357373585734
70.0,124.06561156044218,-170.17539188241165
70.5,123.58551665449232,-170.3150655253792
71.0,123.10542987089978,-170.45476714251367
71.5,122.62535448663512,-170.59450810155818
72.0,122.14528543182799,-170.7342708772419
72.5,121.665228452415,-170.8740752301321
73.0,121.18518056147046,-171.01391083231354
73.5,120.7051384022906,-171.15376614201173
74.0,120.22510623331212,-171.29365579780873
74.5,119.74507959896927,-171.43356439936704
75.0,119.26505869914378,-171.5734926309072
75.5,118.78504693929989,-171.71345211673946
76.0,118.30503915499494,-171.85342519585313
76.5,117.82503752578722,-171.99341932017347
77.0,117.34504203259081,-172.13343437246087
77.5,116.86504971003467,-172.2734602476295
78.0,116.38506291974883,-172.41350503211842
78.5,115.90507971898606,-172.55356216193587
79.0,115.42509899523097,-172.69362781156207
79.5,114.94512230990958,-172.8337073834254
80.0,114.46514623874722,-172.97378911911142
80.5,113.98517094332743,-173.11387358791572
81.0,113.5051953693239,-173.2539571224703
81.5,113.0252196705128,-173.3940402500559
82.0,112.54524376742376,-173.53412272206256
82.5,112.06526730060743,-173.67420332513646
83.0,111.5852906342538,-173.81428327474225
83.5,111.1053142597822,-173.95436425062627
84.0,110.62533850963302,-174.0944473615364
84.5,110.14536329171891,-174.234532292557
85.0,109.66538929507362,-174.3746213908861
85.5,109.1854160616272,-174.51471308031427
86.0,108.70544400406465,-174.65480876041394
86.5,108.22547413920792,-174.7949118408986
87.0,107.74550585057892,-174.93502023262872
87.5,107.26554131475143,-175.075141258346
88.0,106.78557981883367,-175.21527251385925
88.5,106.30562038036351,-175.35541068996807
89.0,105.82566645306599,-175.49556734830765
89.5,105.34571590358404,-175.6357354180107
90.0,104.86576928583828,-175.77591677040203
90.5,104.38582762224706,-175.9161149454582
91.0,103.9058883179816,-176.05632116973976
91.5,103.42595303167323,-176.19654112835826
92.0,102.94602030633163,-176.33677007070466
92.5,102.46608909566949,-176.47700433419456
93.0,101.98616116293749,-176.61725015106245
93.5,101.50623450650096,-176.757500637687
94.0,101.02630894328114,-176.89775512421303
94.5,100.54638704206005,-177.03802249708946
95.0,100.06646711654572,-177.17829668332223
95.5,99.58655029115437,-177.31858153847398
96.0,99.10663665963165,-177.458877262031
96.5,98.62672465321668,-177.5991784899056
97.0,98.14681567319948,-177.73948990872017
97.5,97.66690902491897,-177.87980918689604
98.0,97.18700398202895,-178.0201338789563
98.5,96.70710369383968,-178.16047474410354
99.0,96.22720524203487,-178.3008219101331
99.5,95.7473092197789,-178.44117741227186
100.0,95.26741501219219,-178.5815391749722
100.5,94.7875219797877,-178.72190498889313
101.0,94.30763140505522,-178.8622792725164
101.5,93.82774235756912,-179.00265888670785
102.0,93.34785412333503,-179.14304134782466
102.5,92.86796641523114,-179.2834257484619
103.0,92.38807857985245,-179.42380972021152
103.5,91.90819060979369,-179.56419323811946
104.0,91.42829974706956,-179.70456670951293
104.5,90.94840673680737,-179.8449327437396
105.0,90.4685096107673,-179.98528453218728
105.5,89.98860857406609,-180.1256226443977
106.0,89.50870516782318,-180.26595246442145
106.5,89.02879603445453,-180.40626221685193
107.0,88.54888191463883,-180.5465546502111
107.5,88.06896341948702,-180.68683188702713
108.0,87.58903465963895,-180.8270738809044
108.5,87.10910084966918,-180.9672986069464
109.0,86.62915881451343,-181.10749522568497
109.5,86.14920631793741,-181.24765617837642
110.0,85.66924816870123,-181.38779789452366
110.5,85.18927834129431,-181.5278999756689
111.0,84.70930125804797,-181.66797747616036
111.5,84.22931870632792,-181.80803645106818
112.0,83.74932395663475,-181.94805402035684
112.5,83.26932417690992,-182.0880544490422
113.0,82.7893167560459,-182.2280288331833
113.5,82.30929962745174,-182.3679700489064
114.0,81.82927796659439,-182.50789574795664
114.5,81.34924828981714,-182.64779392900803
115.0,80.86921301936424,-182.7876728649839
115.5,80.38917397544441,-182.92753881809242
116.0,79.90912717713216,-183.06737803180056
116.5,79.42907747714881,-183.20720724283115
117.0,78.9490235711673,-183.3470219548915
117.5,78.46896510443419,-183.48682108683892
118.0,77.98890462789306,-183.62661335392627
118.5,77.50884068272113,-183.76639377499794
119.0,77.02877469429377,-183.9061672198434
119.5,76.54870745074216,-184.04593638125678
120.0,76.06864019325091,-184.18570557717536
120.5,75.58857374402125,-184.32547750644125
121.0,75.10850838656188,-184.4652531278133
121.5,74.62844560778413,-184.60503736367642
122.0,74.14838452370856,-184.744827243495
122.5,73.66832732048705,-184.88463002940398
123.0,73.18827495310488,-185.02444885022697
123.5,72.70822575017027,-185.1642781596746
124.0,72.22818663182423,-185.3041407845429
124.5,71.74815341391084,-185.4440230179158
125.0,71.26812789302464,-185.58393083029324
125.5,70.78811567111546,-185.72388319834795
126.0,70.30811055116988,-185.86385943378372
126.5,69.8281199763083,-186.00388463944597
127.0,69.34814188184916,-186.1439521252117
127.5,68.86817171112747,-186.28404648261895
128.0,68.38822242502191,-186.42421237968392
128.5,67.90828259444295,-186.56441116194148
129.0,67.42835510177936,-186.70465285399544
129.5,66.948446841987,-186.84496177718708
130.0,66.46854744713082,-186.9853017360674
130.5,65.98866467220112,-187.1256999485871
131.0,65.50879398245843,-187.2661404101175
131.5,65.02893080452957,-187.40660713482396
132.0,64.54908185407605,-187.54712368149276
132.5,64.06923761959673,-187.6876564467255
133.0,63.58939975993663,-187.8282111354056
133.5,63.109566326916564,-187.9687803581689
134.0,62.629734235772425,-188.1093537029046
134.5,62.14990351972682,-188.24993055324393
135.0,61.670072717815266,-188.3905060162371
135.5,61.19024181019772,-188.5310804219457
136.0,60.71040677047952,-188.6716395535366
136.5,60.23056849924505,-188.8121873658246
137.0,59.750725548258465,-188.95271878595244
137.5,59.27087445698326,-189.09322246849663
138.0,58.79101918003929,-189.23371201117678
138.5,58.311155062115205,-189.37417192063117
139.0,57.83128376849214,-189.51460802009848
139.5,57.351407579781906,-189.65502787697213
140.0,56.8715173190453,-189.7954010231981
140.5,56.39162132302817,-189.9357550083875
141.0,55.911716354299564,-190.0760790112415
141.5,55.43180052431968,-190.2163665166081
142.0,54.951879116910014,-190.35663520648873
142.5,54.471945751457966,-190.49686335756743
143.0,53.99200378030682,-190.63706210740463
143.5,53.51205516757119,-190.77723816636842
144.0,53.032091352047935,-190.9173619431935
144.5,52.55212100382514,-191.0574631693326
145.0,52.07213977934244,-191.1975268346138
145.5,51.592146923137015,-191.33755025021637
146.0,51.11214810639006,-191.4775530055256
146.5,50.63213689220613,-191.61751263687668
147.0,50.152118928698194,-191.7574488476207
147.5,49.67209487741832,-191.89736393338768
148.0,49.192060769737964,-192.03724397932632
148.5,48.71202326673921,-192.17711220868557
149.0,48.2319801784012,-192.31696100796196
149.5,47.751932165756585,-192.4567925542059
150.0,47.27188130577915,-192.59661421015463
150.5,46.79182303307932,-192.73641077461488
151.0,46.31176176094502,-192.87619724304233
151.5,45.83169722244511,-193.0159727169524
152.0,45.35163055651241,-193.15574156568502
152.5,44.87156314414356,-193.29550815719168
153.0,44.39149451019906,-193.4352711385546
153.5,43.91142544658644,-193.57503313725934
154.0,43.43135614600212,-193.71479461173394
154.5,42.95128679152715,-193.85455645183333
155.0,42.471218306709005,-193.99432133593984
155.5,41.99115100700588,-194.1340903682328
156.0,41.51108631805651,-194.27386810003225
156.5,41.03102291805014,-194.41365009402392
157.0,40.550962263989966,-194.55344110577363
157.5,40.0709050617665,-194.69324346860924
158.0,39.590850298122675,-194.83305385051682
158.5,39.11080221699728,-194.97288634911263
159.0,38.630756047837075,-195.11272531757743
159.5,38.15071295309576,-195.25257471409228
160.0,37.67067332276905,-195.39243619646032
160.5,37.190635395456496,-195.53230367590163
161.0,36.710600909217426,-195.67218352836122
161.5,36.230567954749006,-195.81206905547378
162.0,35.75053642828717,-195.95195987283128
162.5,35.27050675434551,-196.09185766214387
163.0,34.79047722962088,-196.2317561297594
163.5,34.31044758098887,-196.37165441979153
164.0,33.83041711012188,-196.511549800238
164.5,33.35038619353222,-196.6514435632923
165.0,32.87035452458932,-196.79133399913897
165.5,32.390322203703064,-196.93122162384748
166.0,31.910289056343036,-197.0711056848537
166.5,31.430254174386135,-197.21098236414443
167.0,30.950218733578264,-197.35085637170118
167.5,30.470182569197508,-197.49072618272675
168.0,29.990147192630594,-197.63059755043756
168.5,29.510112361134134,-197.77046999518336
169.0,29.030080376443767,-197.91035132160485
169.5,28.55005017013655,-198.05023863930558
170.0,28.070023040796137,-198.1901363577211
170.5,27.589999904491158,-198.33004815495264
171.0,27.109978950579244,-198.46996777174996
171.5,26.629963622418888,-198.6099081410463
172.0,26.149953374348776,-198.74986730832998
172.5,25.669948183190876,-198.88984518783474
173.0,25.189955237556056,-199.02986713445028
173.5,24.7099678648645,-199.1699088617407
174.0,24.22999153127815,-199.30998954571066
174.5,23.75002470841258,-199.45010303285528
175.0,23.27006355004594,-199.59023600990568
175.5,22.790118697302074,-199.73042325488342
176.0,22.310181116379347,-199.87063449699102
176.5,21.83025429435237,-200.01088124363238
177.0,21.350341914897683,-200.15117633603677
177.5,20.87043607733831,-200.2914933801366
178.0,20.390543347914832,-200.43185457725735
178.5,19.91065879908559,-200.57224412166073
179.0,19.430781190541968,-200.71265771544637
179.5,18.95091656046135,-200.85311682704693
180.0,18.471056669933592,-200.99359260133178
180.5,17.991205275310776,-201.13409826705671
181.0,17.51136035315095,-201.2746269673996
181.5,17.03151908038162,-201.41516863859403
182.0,16.55168745002304,-201.55574432856392
182.5,16.07185971419012,-201.6963334342046
183.0,15.592037121227468,-201.83694025575227
183.5,15.112220089627712,-201.97756571927647
184.0,14.632405772527502,-202.11820018539456
184.5,14.15259760446005,-202.25885483708927
185.0,13.672793580276073,-202.39952292514852
185.5,13.192992798278757,-202.540201525859
186.0,12.713196758796409,-202.6808953545517
186.5,12.233402775632557,-202.82159594980317
187.0,11.75361261022352,-202.96230916354187
187.5,11.27382581452851,-203.1030339767393
188.0,10.794040663609493,-203.2437644938053
188.5,10.314257262087684,-203.38450165576157
189.0,9.834474522211499,-203.5252416422711
189.5,9.354692631002361,-203.66598525172492
190.0,8.874913559200207,-203.8067394394543
190.5,8.395135583572065,-203.94749772658304
191.0,7.915359549468358,-204.08826323989322
191.5,7.4355834874287074,-204.2290286309327
192.0,6.9558074034946,-204.36979392614398
192.5,6.476033649173559,-204.5105661618574
193.0,5.996261012089395,-204.65134159698735
193.5,5.5164905214345294,-204.79212313612763
194.0,5.036722984676833,-204.93291326277196
194.5,4.556957205654519,-205.07370860530304
195.0,4.077198023517081,-205.21452500780444
195.5,3.597442192840605,-205.35535263094883
196.0,3.1176908840841735,-205.49619539341637
196.5,2.637945564999218,-205.63705865057315
197.0,2.1582032963476117,-205.77793245816056
197.5,1.6784685300763398,-205.91883248901073
198.0,1.198739639624391,-206.05975330558883
198.5,0.7190157323619432,-206.2006917502143
199.0,0.2393020647958577,-206.34166667331164
199.5,-0.24040759304694578,-206.48265584144255
200.0,-0.7201095934527048,-206.6236721890595
200.5,-1.1998045701036935,-206.76471305757534
201.0,-1.6794955601033836,-206.90576782893137
201.5,-2.1591757117392048,-207.04685982540175
202.0,-2.6388514175539335,-207.18796683033523
202.5,-3.1185202854552454,-207.32909691909705
203.0,-3.5981813686908097,-207.470252807698
203.5,-4.077838821326412,-207.61142069251616
204.0,-4.557488312041281,-207.75261472817974
204.5,-5.037133704496733,-207.89382224131208
205.0,-5.516775031735216,-208.03504312325035
205.5,-5.996411303829746,-208.17628062758808
206.0,-6.4760458264777165,-208.31752393939485
206.5,-6.955677170626417,-208.45877787750618
207.0,-7.4353067750704644,-208.6000381052459
207.5,-7.914935254191847,-208.74130240141258
208.0,-8.394563535082506,-208.88256833618698
208.5,-8.87419187018202,-209.0238343800341
209.0,-9.353820319110822,-209.16510055262427
209.5,-9.833450270103388,-209.30636218389594
210.0,-10.313080995554808,-209.44762145130125
210.5,-10.792713650178742,-209.58887461617667
211.0,-11.272347447128592,-209.73012399267716
211.5,-11.751982679402776,-209.87136860911167
212.0,-12.231619657237355,-210.0126072782198
212.5,-12.711257374647337,-210.15384341405002
213.0,-13.19089663651344,-210.2950742245022
213.5,-13.670537136053404,-210.43630081150482
214.0,-14.150178684811904,-210.5775238181445
214.5,-14.629821830583495,-210.7187414316771
215.0,-15.109465389267942,-210.85995766729326
215.5,-15.589109613745972,-211.0011716987176
216.0,-16.068754568673313,-211.14238327863592
216.5,-16.548399939611084,-211.28359346239137
217.0,-17.028044330813323,-211.42480696729243
217.5,-17.50768809201063,-211.56602258292466
218.0,-17.987330758556194,-211.7072418660132
218.5,-18.466973025716825,-211.84846240285313
219.0,-18.94661516647894,-211.9896833172549
219.5,-19.426257521334907,-212.13090337164695
220.0,-19.90589980804665,-212.27212363477966
220.5,-20.38554201350248,-212.41334414681697
221.0,-20.865184059246474,-212.55456529876489
221.5,-21.344826004239003,-212.6957868391312
222.0,-21.824467654503113,-212.83700949169344
222.5,-22.304109073446018,-212.97823300079187
223.0,-22.783750298619207,-213.11945722738085
223.5,-23.263391159651302,-213.26068271306332
224.0,-23.74303162634409,-213.40190948236562
224.5,-24.222671119192587,-213.54313940080976
225.0,-24.702308605881615,-213.6843759368084
225.5,-25.181944912249914,-213.8256163662347
226.0,-25.661578309904655,-213.96686620312295
226.5,-26.141210076028802,-214.10812128020635
227.0,-26.620838884846744,-214.2493858545325
227.5,-27.100461584504497,-214.39067088374478
228.0,-27.580081050471644,-214.53196679529745
228.5,-28.059690740279276,-214.67329614298328
229.0,-28.539295689520973,-214.81464184193425
229.5,-29.0188944278683,-214.95600896363976
230.0,-29.498484752096513,-215.09740499422418
230.5,-29.978071031410213,-215.2388149217544
231.0,-30.457647037704973,-215.3802601426519
231.5,-30.937216857982918,-215.52172649710306
232.0,-31.41678076876067,-215.66321304043223
232.5,-31.896332949357337,-215.8047393622097
233.0,-32.3758800957778,-215.94628270570212
233.5,-32.855416175750655,-216.08786340925295
234.0,-33.33494436624413,-216.2294707015153
234.5,-33.814467013726464,-216.37109667454445
235.0,-34.293978454025435,-216.5127604436641
235.5,-34.77348556166553,-216.6544388397219
236.0,-35.252984196422894,-216.79614584518907
236.5,-35.73247689783555,-216.93787299097164
237.0,-36.21196644853284,-217.07961083495155
237.5,-36.6914503606332,-217.2213680035806
238.0,-37.1709330404861,-217.36312940847657
238.5,-37.650413661989724,-217.5048978896435
239.0,-38.12989280030783,-217.64667145467166
239.5,-38.6093713820929,-217.78844692708347
240.0,-39.08884985083605,-217.93022278461814
240.5,-39.56832881834057,-218.07199688509476
241.0,-40.04780841222589,-218.21376877893007
241.5,-40.5272903434186,-218.35553255152138
242.0,-41.006773349064325,-218.49729258336868
242.5,-41.48625901826673,-218.63904331968197
243.0,-41.965746252902186,-218.78078860282835
243.5,-42.445234994084096,-218.92252863793857
244.0,-42.92472669738982,-219.06425827096007
244.5,-43.40421926476169,-219.20598481256386
245.0,-43.88371325685147,-219.3477061474944
245.5,-44.36320710892145,-219.4894277994233
246.0,-44.84270085680252,-219.6311496872311
246.5,-45.32219248774373,-219.772878820899
247.0,-45.801682921208155,-219.91461201745634
247.5,-46.28117071649474,-220.05635415234087
248.0,-46.760656236545515,-220.19810398338075
248.5,-47.240140446475976,-220.3398582460006
249.0,-47.71962037513461,-220.48162740447273
249.5,-48.19909842364405,-220.62340313092193
250.0,-48.67857293567882,-220.76519121287424
250.5,-49.15804344626122,-220.90699315888548
251.0,-49.637511902558124,-221.04880221715237
251.5,-50.11697441531443,-221.19063175641503
252.0,-50.596434694491414,-221.33246893818185
252.5,-51.07589158955267,-221.47431769917398
253.0,-51.55534487503384,-221.61617868124515
253.5,-52.034796585693016,-221.75804497059423
254.0,-52.51424501900314,-221.89992213627633
254.5,-52.99369162494794,-222.0418052924481
255.0,-53.473136015182895,-222.18369571218497
255.5,-53.95257923186177,-222.32558961534468
256.0,-54.43202245572856,-222.46748328054352
256.5,-54.91146730867435,-222.60937091533555
257.0,-55.390913722651916,-222.7512531937024
257.5,-55.870361674119856,-222.89313019642265
258.0,-56.34981189289734,-223.03499946177578
258.5,-56.82926345682149,-223.17686416185015
259.0,-57.3087187639052,-223.31871618641995
259.5,-57.78817831956562,-223.4605541128273
260.0,-58.26764130808859,-223.60238064787774
260.5,-58.74711274252379,-223.74417915871305
261.0,-59.226587830565435,-223.88596546519594
261.5,-59.70607108332941,-224.02772443785116
262.0,-60.185562405808035,-224.16945635938097
262.5,-60.66505911199332,-224.31117023376407
263.0,-61.14456867262862,-224.45284088314156
263.5,-61.62408312251335,-224.59449499349057
264.0,-62.103607516728815,-224.7361154313055
264.5,-62.58314064789927,-224.8777061672334
265.0,-63.06267860663656,-225.0192804915116
265.5,-63.54222946691844,-225.160810677091
266.0,-64.0217841830413,-225.3023275671383
266.5,-64.50134620853984,-225.44381924762092
267.0,-64.98091387371548,-225.58529143245266
267.5,-65.46048431609739,-225.72675402393946
268.0,-65.94006053096268,-225.86819687151274
268.5,-66.4196383970451,-226.00963421599317
269.0,-66.89921896822254,-226.15106254506998
269.5,-67.3788011565445,-226.29248568084313
270.0,-67.85838382970474,-226.43390732773304
270.5,-68.33796483119524,-226.57533523312836
271.0,-68.81754348053833,-226.7167713647964
271.5,-69.29711883781847,-226.85821900994677
272.0,-69.77668763858907,-226.99968896862433
272.5,-70.25625318994803,-227.14116992548728
273.0,-70.73580872521191,-227.2826844666422
273.5,-71.21535835697019,-227.4242186940385
274.0,-71.6949008325768,-227.56577678483703
274.5,-72.17443013184858,-227.70737877537871
275.0,-72.65395337787297,-227.8490009650831
275.5,-73.13346022561947,-227.99067798115783
276.0,-73.61295659604782,-228.13239034934156
276.5,-74.0924418344133,-228.27414027884538
277.0,-74.57190821405966,-228.4159541514258
277.5,-75.05136683997786,-228.55779432455958
278.0,-75.53080691915807,-228.6996974333974
278.5,-76.01023518575282,-228.84164075571
279.0,-76.48965233039151,-228.98362194039404
279.5,-76.96904998480026,-229.12566941514038
280.0,-77.44844048103077,-229.26774122900304
280.5,-77.9278153058908,-229.4098663153758
281.0,-78.40718063190752,-229.5520236021049
281.5,-78.8865379581207,-229.6942080075594
282.0,-79.3658826500638,-229.8364352013003
282.5,-79.84522328252358,-229.97867614026399
283.0,-80.32455567347856,-230.12094498048558
283.5,-80.80388261534003,-230.26323221630088
284.0,-81.2832054168418,-230.40553342955567
284.5,-81.76251933941148,-230.54786457598775
285.0,-82.2418302255875,-230.69020595434188
285.5,-82.72113467059233,-230.8325690339487
286.0,-83.20043536089696,-230.97494475475634
286.5,-83.67973345559875,-231.11732921435404
287.0,-84.1590268269472,-231.25972956426767
287.5,-84.63831857761477,-231.4021353667177
288.0,-85.1176069155307,-231.54455265099222
288.5,-85.59689165240214,-231.68698203349476
289.0,-86.07617410476067,-231.82941909114763
289.5,-86.55545085326182,-231.97187529629772
290.0,-87.03472550837532,-232.11433852233367
290.5,-87.51399576898207,-232.25681648464337
291.0,-87.99326200420971,-232.39930795793708
291.5,-88.4725258753734,-232.54180736609337
292.0,-88.95178289255014,-232.68432978811074
292.5,-89.43103777311993,-232.82685939785958
293.0,-89.91028833641714,-232.96940353444418
293.5,-90.38953545086854,-233.11195925487505
294.0,-90.8687806728486,-233.25452133166345
294.5,-91.34802106618706,-233.39709971881595
295.0,-91.82726052319003,-233.53968127331993
295.5,-92.30649817262352,-233.68226894312997
296.0,-92.78573633369058,-233.8248549455553
296.5,-93.26497475954129,-233.96744008506576
297.0,-93.74421610037989,-234.11001545848
297.5,-94.22345923629479,-234.25258477842547
298.0,-94.70270594251022,-234.39514205789186
298.5,-95.18195738279869,-234.53768326555888
299.0,-95.66121120347006,-234.68021639091052
299.5,-96.14047246737397,-234.82272407458282
300.0,-96.61973600475024,-234.96522390726074
300.5,-97.09900390521953,-235.10770867284594
301.0,-97.57827575047415,-235.25017950197068
301.5,-98.05754951560075,-235.39264354332377
302.0,-98.53682680363671,-235.53509478515912
302.5,-99.01610521222324,-235.67754205466983
303.0,-99.49538570526417,-235.81998193484017
303.5,-99.9746680198569,-235.96241548339825
304.0,-100.45395122746433,-236.10484592389597
304.5,-100.93323715018559,-236.24726672823914
305.0,-101.41252334737942,-236.38968659476194
305.5,-101.891810044641,-236.53210475264876
306.0,-102.37109671340713,-236.6745234937791
306.5,-102.85038332970616,-236.81694263938226
307.0,-103.32966826006182,-236.95936778672072
307.5,-103.80895250244293,-237.10179531444163
308.0,-104.28823550487161,-237.24422713238081
308.5,-104.76751754534719,-237.3866626811286
309.0,-105.24679912919943,-237.52910000275898
309.5,-105.72607967278768,-237.67154143780564
310.0,-106.20536012521981,-237.81398329222014
310.5,-106.68464041345433,-237.95642590203323
311.0,-107.16392000852782,-238.09887113193486
311.5,-107.64319925613474,-238.24131767136362
312.0,-108.1224769432449,-238.38376994085206
312.5,-108.60175359390355,-238.52622580262417
313.0,-109.081028359599,-238.66868819757457
313.5,-109.56030105370314,-238.81115769215148
314.0,-110.0395727361525,-238.9536306526176
314.5,-110.51884089018058,-239.09611564303097
315.0,-110.99810667497196,-239.23860863674423
315.5,-111.47736806522825,-239.38111647523078
316.0,-111.95662359038388,-239.5236440687889
316.5,-112.4358762685977,-239.6661812511203
317.0,-112.91512058913524,-239.80874655196965
317.5,-113.39436249126246,-239.9513199897852
318.0,-113.87359977070939,-240.09390898103774
318.5,-114.35283184949233,-240.23651545902246
319.0,-114.83206137979373,-240.37913050598357
319.5,-115.31128325395134,-240.52177128506565
320.0,-115.79050316879712,-240.66441864325677
320.5,-116.2697191832974,-240.80707909829016
321.0,-116.74893256426813,-240.9497483949819
321.5,-117.2281446136794,-241.09242216217362
322.0,-117.70735390767929,-241.2351051445201
322.5,-118.18656240870042,-241.37779076957796
323.0,-118.6657692843823,-241.52048181087636
323.5,-119.14497483567855,-241.6631771653424
324.0,-119.62417968036966,-241.80587482103132
324.5,-120.1033826222005,-241.94857864548965
325.0,-120.58258553417758,-242.09128250767745
325.5,-121.06178846228298,-242.23398618579037
326.0,-121.5409912285535,-242.37669030349238
326.5,-122.02019390289028,-242.51939467091222
327.0,-122.4993942971,-242.66210659306685
327.5,-122.9785936558751,-242.80482198955795
328.0,-123.45779071756269,-242.94754510197816
328.5,-123.9369850395242,-243.09027755526807
329.0,-124.41617769038328,-243.2330157060437
329.5,-124.89536561106867,-243.37576998703992
330.0,-125.37455213527463,-243.51852901650756
330.5,-125.85373566311775,-243.6612982279611
331.0,-126.33291653155106,-243.80407643800365
331.5,-126.81209564400099,-243.94686058973033
332.0,-127.29127136959411,-244.0896562597174
332.5,-127.77044610627857,-244.23245527463857
333.0,-128.2496187134206,-244.37526147868164
333.5,-128.72879066085056,-244.51806989671766
334.0,-129.20796213288986,-244.66087991016414
334.5,-129.68713428207002,-244.80368765220769
335.0,-130.16630671717505,-244.9464944340073
335.5,-130.64547986679278,-245.08929881529113
336.0,-131.12465278681958,-245.23210395817762
336.5,-131.60382552485046,-245.37490970478365
337.0,-132.08299965166967,-245.51771078716908
337.5,-132.5621745032985,-245.66050943386233
338.0,-133.04135141774753,-245.80330114714647
338.5,-133.5205297056894,-245.9460882214905
339.0,-133.99970920112588,-246.08887121754964
339.5,-134.47889092157115,-246.23164659002188
340.0,-134.95807349045722,-246.37441902440364
340.5,-135.43725821842315,-246.5171839200442
341.0,-135.9164444143939,-246.65994364578788
341.5,-136.39563205350038,-246.8026982892168
342.0,-136.87482319870327,-246.9454406748114
342.5,-137.35401581752322,-247.08817783937823
343.0,-137.8332126180694,-247.23089999611108
343.5,-138.31241248342857,-247.37361118404462
344.0,-138.79161574791084,-247.51631020670123
344.5,-139.27082443590277,-247.65899004676626
345.0,-139.75003531704243,-247.80166210460322
345.5,-140.22925217712495,-247.94431282947568
346.0,-140.7084716379816,-248.08695439461783
346.5,-141.18769438569498,-248.2295843836984
347.0,-141.666921153065,-248.37220052403836
347.5,-142.146149544739,-248.51481113410924
348.0,-142.62538200902267,-248.6574084171361
348.5,-143.10461658442802,-248.7999988535488
349.0,-143.58385423486044,-248.9425793172894
349.5,-144.0630954842881,-249.08514869600302
350.0,-144.54233823698866,-249.2277134764664
350.5,-145.0215840891355,-249.37026932494513
351.0,-145.50083023899086,-249.51282466035815
351.5,-145.98007689556957,-249.65537912249303
352.0,-146.45932430471785,-249.7979317711731
352.5,-146.9385720870051,-249.94048349543414
353.0,-147.41782313790407,-250.0830250475585
353.5,-147.8970753384803,-250.22556292684118
354.0,-148.3763298633152,-250.36809338088037
354.5,-148.85558660400807,-250.5106165494533
355.0,-149.33484453381843,-250.65313580835527
355.5,-149.81410782755094,-250.79563718663616
356.0,-150.29337380057564,-250.93812959504027
356.5,-150.77264594114672,-251.08060134963597
357.0,-151.2519244157534,-251.22305182389508
357.5,-151.73120696055375,-251.36548862360343
358.0,-152.21049974173388,-251.5078909213322
358.5,-152.6897958544648,-251.6502819658625
359.0,-153.16909971993195,-251.79264680577646
359.5,-153.6484098963367,-251.93499029061
360.0,-154.1277249381185,-252.07731731188056
360.5,-154.60705049637298,-252.2196086566453
361.0,-155.0863796881876,-252.36188766521812
361.5,-155.56571779021604,-252.50413640836933
362.0,-156.0450602281535,-252.64637041194345
362.5,-156.5244066944466,-252.78859072144363
363.0,-157.00375889674456,-252.93079155574662
363.5,-157.4831129520551,-253.0729860925765
364.0,-157.96247102756436,-253.21516694646274
364.5,-158.44183036106705,-253.35734361732278
365.0,-158.9211911133438,-253.49951557053558
365.5,-159.40055141702246,-253.6416892953063
366.0,-159.879911453435,-253.78386401905954
366.5,-160.35927022414293,-253.92604325036083
367.0,-160.83862772122873,-254.06822691204653
367.5,-161.31798345549265,-254.21041670583253
368.0,-161.7973355753618,-254.35261887848105
368.5,-162.27668608960667,-254.49482654184652
369.0,-162.75603094817401,-254.63705342068153
369.5,-163.23537351060486,-254.77928806505227
370.0,-163.71471210981932,-254.9215361130247
370.5,-164.19404552662414,-255.06380160020223
371.0,-164.67337652879587,-255.206075212805
371.5,-165.15270190914612,-255.3483677308375
372.0,-165.63202563042526,-255.49066580974974
372.5,-166.11134572907392,-255.6329760306273
373.0,-166.5906620669537,-255.77529882109783
373.5,-167.06997616467785,-255.9176290988258
374.0,-167.54928625516303,-256.0599728515042
374.5,-168.0285958954697,-256.2023181080933
375.0,-168.50790495437704,-256.34466529088303
375.5,-168.9872144799351,-256.48701087142086
376.0,-169.46652435880296,-256.6293552388642
376.5,-169.94583692454574,-256.7716905763415
377.0,-170.4251504482827,-256.9140227133529
377.5,-170.90446643458515,-257.05634665260726
378.0,-171.3837835519235,-257.1986668228462
378.5,-171.86310175828547,-257.3409833640696
379.0,-172.3424222005133,-257.4832924524026
379.5,-172.821743750239,-257.62559783875395
380.0,-173.30106929628,-257.7678898380405
380.5,-173.7803968911424,-257.91017494759575
381.0,-174.25972701311747,-258.0524515590327
381.5,-174.73905992787388,-258.19471874701077
382.0,-175.21839397157152,-258.3369821254472
382.5,-175.69773119570905,-258.4792347692223
383.0,-176.17707049356966,-258.6214804290639
383.5,-176.65641311816296,-258.7637148850565
384.0,-177.1357607288094,-258.90593253710944
384.5,-177.61511056707823,-259.04814268156633
385.0,-178.09446688336294,-259.19033098144274
385.5,-178.57382497830972,-259.33251329306285
386.0,-179.0531868837499,-259.4746827758204
386.5,-179.5325526528675,-259.61683923290605
387.0,-180.01192069887216,-259.75898801388934
387.5,-180.49129538187162,-259.90111440428916
388.0,-180.9706720254481,-260.0432341784529
388.5,-181.45005326757047,-260.1853384328795
389.0,-181.92943751564678,-260.3274325290384
389.5,-182.40882411860986,-260.46951866713454
390.0,-182.8882145035986,-260.61159200489203
390.5,-183.36760620861057,-260.753660869786
391.0,-183.84700135595025,-260.8957180603786
391.5,-184.32639860068105,-261.0377681635064
392.0,-184.80579802644348,-261.17981089653296
392.5,-185.28520029798645,-261.32184397676184
393.0,-185.76460353903053,-261.4638737697944
393.5,-186.24400888045233,-261.60589644923857
394.0,-186.72341507078215,-261.74791626353914
394.5,-187.2028224447098,-261.88993208308693
395.0,-187.68223149016765,-262.03194227107093
395.5,-188.1616412641937,-262.17395000401706
396.0,-188.64105377560745,-262.31594850295835
396.5,-189.12046711424983,-262.4579442218345
397.0,-189.59988203639892,-262.59993461902377
397.5,-190.0792984419562,-262.7419200052551
398.0,-190.5587156420724,-262.8839027074637
398.5,-191.03813640450716,-263.0258734496423
399.0,-191.51755882118408,-263.16783861461965
399.5,-191.99698536883326,-263.3097898463209
400.0,-192.47641497189778,-263.4517307564685
400.5,-192.95584684202137,-263.59366400822324
401.0,-193.43528223359868,-263.7355853563971
401.5,-193.9147187135179,-263.8775030276701
402.0,-194.39415784070997,-264.01941175909025
402.5,-194.87359929345618,-264.1613126255046
403.0,-195.35304311886867,-264.3032054675805
403.5,-195.83249148126953,-264.4450829550652
404.0,-196.31194160807894,-264.58695447218906
404.5,-196.7913970377872,-264.7288080505079
405.0,-197.2708541337115,-264.8706560267335
405.5,-197.7503135889141,-265.0124960706762
406.0,-198.22977422661882,-265.1543321661576
406.5,-198.70923535160014,-265.2961666334372
407.0,-199.18869750761678,-265.4379976140022
407.5,-199.6681601557611,-265.57982693889056
408.0,-200.14762379909843,-265.7216529156275
408.5,-200.6270883924356,-265.86347569566703
409.0,-201.10655352926622,-266.00529664688105
409.5,-201.58601886929853,-266.1471169118635
410.0,-202.06548385286072,-266.28893838196177
410.5,-202.5449477039182,-266.43076368056927
411.0,-203.02441077026924,-266.57259162442506
411.5,-203.50387319565618,-266.71442172897326
412.0,-203.98333405671943,-266.85625707083847
412.5,-204.4627941437711,-266.9980950000087
413.0,-204.94225154088159,-267.13994191351134
413.5,-205.421707707312,-267.2817928253385
414.0,-205.90116244544396,-267.4236483775275
414.5,-206.3806174757847,-267.56550250477244
415.0,-206.86007275519208,-267.70735559772345
415.5,-207.3395301591588,-267.8492007228301
416.0,-207.8189882975432,-267.9910429204273
416.5,-208.298447668463,-268.1328802049357
417.0,-208.77790906419978,-268.2747098159873
417.5,-209.25737142825477,-268.41653575739946
418.0,-209.7368376593081,-268.55834688661855
418.5,-210.21630537895885,-268.70015236186146
419.0,-210.69577667878866,-268.841944245562
419.5,-211.17525217305183,-268.98372097493774
420.0,-211.65473064584972,-269.1254869429832
420.5,-212.13421764211702,-269.26722309448365
421.0,-212.61370773282567,-269.40894849788145
421.5,-213.09320642516582,-269.5506441398152
422.0,-213.57271103722238,-269.6923198137561
422.5,-214.05222176954942,-269.83397484320886
423.0,-214.53174141665778,-269.97559968536933
423.5,-215.01126431360507,-270.11721349387017
424.0,-215.4907959635188,-270.25879739173735
424.5,-215.97033126968986,-270.400368991357
425.0,-216.44987205681647,-270.54192215514433
425.5,-216.9294177281838,-270.6834583708815
426.0,-217.4089654822382,-270.82498733981686
426.5,-217.8885167594631,-270.9665018251775
427.0,-218.3680689957369,-271.10801201804065
427.5,-218.8476233255687,-271.2495128405868
428.0,-219.32717830176182,-271.391008331671
428.5,-219.80673367325855,-271.53250056212363
429.0,-220.28628895916594,-271.67398649593605
429.5,-220.76584383935878,-271.8154710796519
430.0,-221.24539742956563,-271.9569528824143
430.5,-221.72494928801808,-272.09843434181596
431.0,-222.2044997075686,-272.23991551592167
431.5,-222.68404791009482,-272.3813942796879
432.0,-223.1635951727079,-272.5228725531247
432.5,-223.64313966363795,-272.6643503879056
433.0,-224.1226815066591,-272.80583058572415
433.5,-224.602220555348,-272.94731327725106
434.0,-225.08175538531282,-273.0887988663619
434.5,-225.56128861768602,-273.2302854906284
435.0,-226.0408178331911,-273.3717744365395
435.5,-226.52034532374893,-273.51326437508635
436.0,-226.999870682786,-273.6547555402352
436.5,-227.47939209889438,-273.796250975233
437.0,-227.9589118275635,-273.93774840027385
437.5,-228.43842688528184,-274.07925231796594
438.0,-228.91794038538438,-274.2207574781973
438.5,-229.39745185419468,-274.3622642588285
439.0,-229.87695986815822,-274.5037763772208
439.5,-230.35646616731242,-274.6452917009412
440.0,-230.83596688962496,-274.78682019784713
440.5,-231.31546525396607,-274.9283541736891
441.0,-231.79496075694354,-275.0698947981394
441.5,-232.274454681889,-275.2114360541826
442.0,-232.75394782922191,-275.35297777335205
442.5,-233.233438817812,-275.4945212192304
443.0,-233.71292896836746,-275.6360640520773
443.5,-234.1924182963913,-275.7776062832333
444.0,-234.6719063913975,-275.9191453187018
444.5,-235.15139465969915,-276.0606804060923
445.0,-235.63088418241773,-276.2022037536748
445.5,-236.11037568531967,-276.3437136534052
446.0,-236.5898685403062,-276.4852143708377
446.5,-237.06936703934343,-276.62668447904707
447.0,-237.54886765085686,-276.7681424373789
447.5,-238.0283719446137,-276.9095790918774
448.0,-238.50788076447074,-277.0509899568269
448.5,-238.98739210288196,-277.1923868379454
449.0,-239.4669099436939,-277.3337497349005
449.5,-239.94643229782457,-277.4750917430015
450.0,-240.4259592395443,-277.6164125185047
450.5,-240.90549564812346,-277.75769126541996
451.0,-241.38503594851522,-277.8989519298534
451.5,-241.8645829816825,-278.04018070864373
452.0,-242.34413546292154,-278.18138177012173
452.5,-242.82369103216885,-278.32256706561816
453.0,-243.30325257128527,-278.46372146760393
453.5,-243.78281742191646,-278.60485796481805
454.0,-244.26238548770507,-278.7459770782478
454.5,-244.74195817426804,-278.887067895461
455.0,-245.22153158302217,-279.02814997656895
455.5,-245.70110563586496,-279.16921983631846
456.0,-246.1806791248886,-279.31027828090185
456.5,-246.66025244602352,-279.4513296941922
457.0,-247.13982578204366,-279.5923664436563
457.5,-247.61939922966536,-279.7333916548895
458.0,-248.09897287169179,-279.87440871164966
458.5,-248.5785483407609,-280.0154068828022
459.0,-249.05812453789574,-280.1563946948979
459.5,-249.53770144169286,-280.2973724524692
460.0,-250.0172814328906,-280.4383258391846
460.5,-250.49686245727014,-280.5792695564065
461.0,-250.97644478310136,-280.7202007697471
461.5,-251.4560290526987,-280.86111581111294
462.0,-251.93561464998842,-281.0020214185505
462.5,-252.4152024054403,-281.1429125176049
463.0,-252.89479268114428,-281.283786174127
463.5,-253.37438427421336,-281.42465045578473
464.0,-253.8539777118059,-281.56550120129316
464.5,-254.3335709643449,-281.7063430618769
465.0,-254.8131634243596,-281.84718084169197
465.5,-255.2927529874136,-281.9880159152731
466.0,-255.7723381401006,-282.1288525607346
466.5,-256.25191957790685,-282.26969168756625
467.0,-256.73149271008276,-282.4105396332608
467.5,-257.2110581085658,-282.55139549943755
468.0,-257.69061753013074,-282.69225734676525
468.5,-258.1701660124109,-282.833129583358
469.0,-258.6497052079942,-282.9740105025782
469.5,-259.12923705714314,-283.11489821390296
470.0,-259.608755873933,-283.2557976590269
470.5,-260.0882631274949,-283.3967112694057
471.0,-260.56776131082205,-283.5376351304219
471.5,-261.04724447036057,-283.6785728599554
472.0,-261.52671631828684,-283.81951905613556
472.5,-262.006179783366,-283.960471386423
473.0,-262.48563097652914,-284.1014323039387
473.5,-262.9650726789537,-284.2423981247635
474.0,-263.44450704511416,-284.3833680646322
474.5,-263.92393018866534,-284.5243448602425
475.0,-264.40334091304567,-284.66533100806214
475.5,-264.8827438697285,-284.80632374147524
476.0,-265.3621375388436,-284.94732518215704
476.5,-265.8415205439792,-285.0883376914493
477.0,-266.32089807030945,-285.2293552169886
477.5,-266.80027002537304,-285.3703774340412
478.0,-267.2796321886873,-285.5114109140471
478.5,-267.7589882733322,-285.6524553519793
479.0,-268.2383380844275,-285.793511767005
479.5,-268.71767379384295,-285.934597170241
480.0,-269.1970018559265,-286.07569747911106
480.5,-269.6763231093895,-286.21681067014566
481.0,-270.15563600982597,-286.35793798523883
481.5,-270.6349419329267,-286.4990780838125
482.0,-271.1142424731033,-286.6402271599581
482.5,-271.5935364773168,-286.7813860312421
483.0,-272.0728223857104,-286.92255372152925
483.5,-272.5521033989673,-287.06372662725835
484.0,-273.03137967347385,-287.2049045585658
484.5,-273.51064903866535,-287.3460905449835
485.0,-273.98991457253686,-287.48727912621337
485.5,-274.46917605654596,-287.6284712818977
486.0,-274.94843113943057,-287.7696711330259
486.5,-275.4276798864835,-287.91088092754023
487.0,-275.90692386373246,-288.05209869701383
487.5,-276.3861629840053,-288.1933248533646
488.0,-276.8653940613552,-288.33456325587
488.5,-277.34461993205673,-288.4758091876595
489.0,-277.82383998249725,-288.617064148815
489.5,-278.3030510338754,-288.75833446571903
490.0,-278.78225454533015,-288.8996153024695
490.5,-279.26145110934215,-289.04090573734766
491.0,-279.7406401382502,-289.18220635496743
491.5,-280.2198174870552,-289.3235200817842
492.0,-280.69898536838986,-289.4648463548927
492.5,-281.17814475883324,-289.60618385891854
493.0,-281.65729513099535,-289.74753326824083
493.5,-282.1364331522001,-289.8888975742409
494.0,-282.6155611832022,-290.0302751432201
494.5,-283.0946784731542,-290.1716669490579
495.0,-283.5737816677605,-290.313077205872
495.5,-284.0528680228005,-290.4545113559232
496.0,-284.53194172493744,-290.59596218170344
496.5,-285.01100235307854,-290.73743046593324
497.0,-285.49004540628925,-290.87892402605996
497.5,-285.9690718942287,-291.02043755928344
498.0,-286.44808474673033,-291.16196707121554
498.5,-286.92708364152816,-291.3035129315287
499.0,-287.4060644864712,-291.44508053029415
499.5,-287.8850279340105,-291.5866691654808
500.0,-288.36397650216844,-291.7282770231979
500.5,-288.8429105660802,-291.86990416350056
501.0,-289.32182939210304,-292.0115521150684
501.5,-289.80073454090484,-292.1532187446898
502.0,-290.27962832366853,-292.2949015043033
502.5,-290.7585110707433,-292.43659915938684
503.0,-291.2373824815172,-292.57830975685056
503.5,-291.71624028590577,-292.72003881539626
504.0,-292.19508866843444,-292.86178385798263
504.5,-292.67392721644666,-293.00354413670516
505.0,-293.1527551995477,-293.1453182542078
505.5,-293.6315663259567,-293.28711231844363
506.0,-294.1103653004503,-293.42892196741195
506.5,-294.5891525749135,-293.57074811111625
507.0,-295.06792799976745,-293.7125919216591
507.5,-295.5466867991209,-293.8544596921668
508.0,-296.02542943544603,-293.996347594086
508.5,-296.50415960750263,-294.1382539532442
509.0,-296.9828780240337,-294.2801802394646
509.5,-297.4615852026813,-294.42212819136046
510.0,-297.9402743977061,-294.56411166159995
510.5,-298.4189493387594,-294.7061195192894
511.0,-298.8976101745511,-294.84815223711774
511.5,-299.37625703411396,-294.9902109704481
512.0,-299.85488999349343,-295.1322980286635
512.5,-300.3335044672876,-295.274418420146
513.0,-300.8121044775005,-295.41656288255734
513.5,-301.2906907449878,-295.5587287830486
514.0,-301.76926337090293,-295.70091374551936
514.5,-302.24782114404206,-295.8431162646121
515.0,-302.72635529422814,-295.9853450855295
515.5,-303.20486966190157,-296.1276001583925
516.0,-303.6833641337011,-296.26988632049677
516.5,-304.16183782206264,-296.4122103012861
517.0,-304.6402890490672,-296.5545805080302
517.5,-305.11871009254173,-296.69701853511503
518.0,-305.5971054907252,-296.839515690992
518.5,-306.0754749531469,-296.9820815990068
519.0,-306.55381718193553,-297.1247276354322
519.5,-307.0321301736642,-297.2674646644102
520.0,-307.5104081643169,-297.41030815850684
520.5,-307.9886444765569,-297.5532797297248
521.0,-308.4668478979153,-297.69634961446843
521.5,-308.9450172685775,-297.8395168062302
522.0,-309.4231526991666,-297.9827791768794
522.5,-309.90125495287816,-298.12613305863107
523.0,-310.37932284644273,-298.26957572250416
523.5,-310.8573529925512,-298.4131134920326
524.0,-311.33535593743295,-298.5567205378195
524.5,-311.81333363614453,-298.7003873755439
525.0,-312.2912862223917,-298.8441118556048
525.5,-312.76921154729416,-298.98789841758014
526.0,-313.24710567566575,-299.1317553265985
526.5,-313.7249648886363,-299.2756938252514
527.0,-314.2027882354095,-299.4197243033837
527.5,-314.68057495823257,-299.5638477771609
528.0,-315.15832416272326,-299.70806672994183
528.5,-315.6360358463976,-299.8523798892914
529.0,-316.1137091455622,-299.9967864920271
529.5,-316.5913423147322,-300.1412883137771
530.0,-317.0689375404063,-300.2858840868186
530.5,-317.54649039051975,-300.43057618808365
531.0,-318.0240078788001,-300.5753503230727
531.5,-318.5014912289199,-300.72020717227224
532.0,-318.97894091473074,-300.8651436141154
532.5,-319.4563565321749,-301.0101576860271
533.0,-319.93373889724296,-301.15524859574106
533.5,-320.41109123100335,-301.3004141092394
534.0,-320.888415170491,-301.4456514916664
534.5,-321.36571063916773,-301.59096786994473
535.0,-321.84298166328733,-301.7363628211484
535.5,-322.32022929442184,-301.8818321109796
536.0,-322.7974555595099,-302.02737382813126
536.5,-323.27466228706027,-302.17298656774267
537.0,-323.7518498902873,-302.31866982949197
537.5,-324.2290197448985,-302.46442170357466
538.0,-324.7061746684784,-302.6102384093258
538.5,-325.1833160352385,-302.7561166159074
539.0,-325.66044500012634,-302.9020524363704
539.5,-326.1375674228897,-303.04803999783104
540.0,-326.6146829919174,-303.1940705109869
540.5,-327.0917908088641,-303.340138999295
541.0,-327.56889790725,-303.486235110131
541.5,-328.0460063796966,-303.63234874875684
542.0,-328.52311740060856,-303.7784780957099
542.5,-329.00023411979276,-303.92461985600636
543.0,-329.4773599709699,-304.07076605988243
543.5,-329.9544981539716,-304.2169088147119
544.0,-330.4316499158791,-304.3630456525255
544.5,-330.90881587261345,-304.50917579499543
545.0,-331.3859993354147,-304.6552934222328
545.5,-331.8632037877088,-304.80139281480274
546.0,-332.3404309111281,-304.9474751416595
546.5,-332.8176833936509,-305.09353935428976
547.0,-333.2949601406446,-305.23958396111806
547.5,-333.7722572816638,-305.3856074257021
548.0,-334.24957639350583,-305.531609098547
548.5,-334.72691540410733,-305.67759634384475
549.0,-335.2042711247062,-305.8235741387029
549.5,-335.6816486357023,-305.96953931220827
550.0,-336.1590461408455,-306.1154880619204
550.5,-336.6364534709981,-306.2614341898539
551.0,-337.11386863514537,-306.40738485636575
551.5,-337.591289213742,-306.5533457903285
552.0,-338.0687109750328,-306.69932249347073
552.5,-338.54613554429875,-306.8453175272771
553.0,-339.02356154434403,-306.99134133128
553.5,-339.5009898229384,-307.13739867492006
554.0,-339.9784091800161,-307.283506163116
554.5,-340.45581679469126,-307.4296748063363
555.0,-340.9332142751246,-307.57589900881936
555.5,-341.41060224658986,-307.7221811960791
556.0,-341.8879771685351,-307.8685401506428
556.5,-342.36534282411156,-308.01498367253834
557.0,-342.84269904724005,-308.16150642018056
557.5,-343.32004360977993,-308.30811041063606
558.0,-343.79738097317403,-308.45479271024647
558.5,-344.27471141476127,-308.6015470197589
559.0,-344.7520363970717,-308.74836742456307
559.5,-345.22935914065056,-308.89525065345265
560.0,-345.70668425835436,-309.04218665249266
560.5,-346.18401414775303,-309.18916699185905
561.0,-346.6613522486423,-309.33618276184365
561.5,-347.13870176959745,-309.4832226340775
562.0,-347.61606591051714,-309.6302725319326
562.5,-348.0934495000634,-309.77731808011373
563.0,-348.5708556233154,-309.9243481707768
563.5,-349.04828478838215,-310.0713556264008
564.0,-349.5257398320307,-310.218335974423
564.5,-350.00322236678517,-310.36528391328864
565.0,-350.48073616993906,-310.5121880913013
565.5,-350.9582804129028,-310.6590467517652
566.0,-351.4358566845209,-310.80585555451256
566.5,-351.9134663143171,-310.9526121552875
567.0,-352.3911107642949,-311.0993162464227
567.5,-352.86879175159436,-311.2459641379847
568.0,-353.3465091164516,-311.392556295999
568.5,-353.8242596792597,-311.5390957596367
569.0,-354.30204555050676,-311.6855778863546
569.5,-354.7798700753363,-311.8319959476842
570.0,-355.2577293762255,-311.9783590776419
570.5,-355.73561918857524,-312.12467745520627
571.0,-356.2135386236915,-312.2709480852245
571.5,-356.69148518528084,-312.41717297178513
572.0,-357.1694560803316,-312.5633559121938
572.5,-357.6474515601637,-312.7094946884584
573.0,-358.1254719310027,-312.8555880999864
573.5,-358.6035144931259,-313.0016409857658
574.0,-359.08157846532544,-313.1476539495928
574.5,-359.5596654603883,-313.2936197791351
575.0,-360.0377748801845,-313.43954001339415
575.5,-360.5159040057134,-313.5854230306868
576.0,-360.9940568677248,-313.7312565308631
576.5,-361.472235372986,-313.87703185573145
577.0,-361.9504370050648,-314.02275646654374
577.5,-362.428661489602,-314.16843179354794
578.0,-362.9069095389784,-314.3140547949676
578.5,-363.3851818286988,-314.4596245319042
579.0,-363.8634762933159,-314.60514623085953
579.5,-364.34179180338487,-314.75062183030633
580.0,-364.8201256401968,-314.8960559290399
580.5,-365.2984784767275,-315.04144626771944
581.0,-365.77685613963166,-315.18677477242204
581.5,-366.2552539389372,-315.33205152702146
582.0,-366.73366795777434,-315.47728700457327
582.5,-367.2120972389277,-315.6224828795882
583.0,-367.69054504600837,-315.76762846898794
583.5,-368.16901164467896,-315.9127223953703
584.0,-368.64749776816484,-316.05776255171975
584.5,-369.12600225003473,-316.20275141075166
585.0,-369.6045282442581,-316.3476799161649
585.5,-370.08307299735526,-316.4925536845978
586.0,-370.56163257581187,-316.6373835892456
586.5,-371.040206905005,-316.7821698924899
587.0,-371.5187949370055,-316.92691459635375
587.5,-371.9973906439056,-317.0716355915768
588.0,-372.4759934082265,-317.216335122962
588.5,-372.95460742674544,-317.3609997308554
589.0,-373.433229039567,-317.50564058635655
589.5,-373.91185737694406,-317.6502599761208
590.0,-374.3904935939371,-317.79485341267906
590.5,-374.86913563022347,-317.93942748744666
591.0,-375.347781314023,-318.0839892515363
591.5,-375.82642939750536,-318.22854297955513
592.0,-376.30507985589384,-318.3730889541011
592.5,-376.7837355394835,-318.51761806091736
593.0,-377.2623991957226,-318.66212099366936
593.5,-377.74106814006313,-318.8066060400829
594.0,-378.21974611725875,-318.95105940861583
594.5,-378.69843827825173,-319.0954629822501
595.0,-379.17714570359334,-319.2398133831224
595.5,-379.6558691501223,-319.38410501766884
596.0,-380.13460637449185,-319.52834431403556
596.5,-380.61336207096787,-319.67251182772225
597.0,-381.09213360401196,-319.81661461388865
597.5,-381.57092162322294,-319.9606492596169
598.0,-382.0497283527302,-320.10460811181304
598.5,-382.52855159747344,-320.24850091187926
599.0,-383.0073932679286,-320.3923195021679
599.5,-383.4862494029739,-320.5360787951049
600.0,-383.965121821937,-320.6797676108853
600.5,-384.4440067040906,-320.8234039580704
601.0,-384.9229050999936,-320.96697917179813
601.5,-385.4018141628398,-321.1105043129734
602.0,-385.88073378886537,-321.25397334679525
602.5,-386.35966044611087,-321.39739489333647
603.0,-386.8385915593414,-321.54077426409106
603.5,-387.31752699227235,-321.6841094275036
604.0,-387.79646669526954,-321.8273948849267
604.5,-388.2754112100139,-321.97063189973517
605.0,-388.7543593672745,-322.1138174936035
605.5,-389.2333139675861,-322.25694412655906
606.0,-389.7122811443831,-322.4000019778707
606.5,-390.19126219543864,-322.542989695791
607.0,-390.6702593720697,-322.68589145590863
607.5,-391.14927035662913,-322.82871904074085
608.0,-391.62829714632846,-322.971457339826
608.5,-392.10733810787383,-323.1141145932179
609.0,-392.5863986240272,-323.2566768026109
609.5,-393.0654778243431,-323.3991515409622
610.0,-393.54457255295466,-323.5415383470864
610.5,-394.0236791852175,-323.68384507829114
611.0,-394.5027940519826,-323.8260813237858
611.5,-394.98191684691903,-323.9682405780264
612.0,-395.4610467835621,-324.1103341792253
612.5,-395.9401837190513,-324.2523653358262
613.0,-396.4193228890053,-324.3943396850281
613.5,-396.89846412346486,-324.53626670055826
614.0,-397.37760639503057,-324.6781423434701
614.5,-397.8567549066097,-324.81995832125233
615.0,-398.3359101916418,-324.9617110003633
615.5,-398.8150737574416,-325.1034022635718
616.0,-399.29424598069704,-325.2450280285117
616.5,-399.7734297558806,-325.3865816740176
617.0,-400.25262272606165,-325.5280589184188
617.5,-400.73182670940463,-325.6694547946481
618.0,-401.2110451071545,-325.81075876592496
618.5,-401.6902765671107,-325.951957285614
619.0,-402.16951855700785,-326.09304780183453
619.5,-402.6487705370557,-326.23405352036895
620.0,-403.12803193002674,-326.37497833782203
620.5,-403.6073071596806,-326.51580743578677
621.0,-404.086605586896,-326.6565349962338
621.5,-404.5659231188488,-326.797159572617
622.0,-405.04525695503105,-326.93768514222234
622.5,-405.52460789283265,-327.0781177201596
623.0,-406.0039802105138,-327.2184598835923
623.5,-406.4833778699424,-327.3587052111114
624.0,-406.96280310432076,-327.498853753964
624.5,-407.44225602523755,-327.63890476060266
625.0,-407.9217366878431,-327.7788508039671
625.5,-408.40124315765183,-327.9187060762643
626.0,-408.88077887242923,-328.05846522378255
626.5,-409.3603475146159,-328.19811707507193
627.0,-409.83994967538257,-328.3376614052656
627.5,-410.31958483629046,-328.4770947850781
628.0,-410.79925449823446,-328.61640051885325
628.5,-411.2789605563233,-328.7555798557389
629.0,-411.75870765534,-328.894625493216
629.5,-412.23850590554724,-329.0335053974474
630.0,-412.718358986743,-329.17220098273094
630.5,-413.198269952975,-329.31069833535975
631.0,-413.6782392981357,-329.4489752439858
631.5,-414.1582727090994,-329.5870146760142
632.0,-414.6383739564127,-329.72480150070396
632.5,-415.11855372306405,-329.8623225641042
633.0,-415.5988191537326,-329.99955682366567
633.5,-416.079170595654,-330.1364852317975
634.0,-416.5596104770032,-330.2730771179316
634.5,-417.04014360873396,-330.4093063275127
635.0,-417.5207660033445,-330.5451737784329
635.5,-418.0014846411626,-330.680684505745
636.0,-418.4823018341667,-330.8158443961034
636.5,-418.96321819828,-330.9506475161796
637.0,-419.44423039770544,-331.0850952926167
637.5,-419.9253360770198,-331.21918620984326
638.0,-420.40653951632305,-331.3529329527521
638.5,-420.88785018778196,-331.486332458421
639.0,-421.36927136730725,-331.6193778913946
639.5,-421.8508131437599,-331.75203893557017
640.0,-422.33248618267027,-331.8842641274528
640.5,-422.81430721318884,-332.0159851948401
641.0,-423.29629787626703,-332.1471179240221
641.5,-423.7784823176088,-332.2775911269764
642.0,-424.26088547118997,-332.4073216163168
642.5,-424.7435389795752,-332.5361782994382
643.0,-425.2264731075244,-332.6640090666235
643.5,-425.70971703787484,-332.7907056224987
644.0,-426.19329972076395,-332.9161326368796
644.5,-426.6772536729002,-333.0401575161262
645.0,-427.1616138962241,-333.16263012979937
645.5,-427.6464168120398,-333.28335969899496
646.0,-428.1316941273459,-333.40216323078016
646.5,-428.6174612229461,-333.518946625585
647.0,-429.1037312777808,-333.63363784466895
647.5,-429.5905282172218,-333.7460774708139
648.0,-430.07786508620626,-333.85616468019185
648.5,-430.56573419586715,-333.96391030299634
649.0,-431.0541521054188,-334.0692011023442
649.5,-431.5431359584615,-334.17187828957907
650.0,-432.0327249315467,-334.271657366463
650.5,-432.52295713108435,-334.3681914139173
651.0,-433.0138454244607,-334.46124486321725
651.5,-433.50533347389495,-334.55106672601295
652.0,-433.99738864766266,-334.63782463688494
652.5,-434.49001015342765,-334.7214453741022
653.0,-434.9832257473505,-334.801620046535
653.5,-435.47705548070655,-334.87800710518866
654.0,-435.97151403064277,-334.95022875927305
654.5,-436.4665722691025,-335.01820455866726
655.0,-436.96219319693273,-335.0819692808831
655.5,-437.4583530050941,-335.1414111139746
656.0,-437.95503096426745,-335.19639442148974
656.5,-438.452201232763,-335.24680364588227
657.0,-438.94983922218915,-335.29242776545954
657.5,-439.4479086894682,-335.3331446816813
658.0,-439.94636736061324,-335.36886386197483
658.5,-440.44516839134656,-335.39950436849006
659.0,-440.94426344058525,-335.42498036742876
659.5,-441.4436018770872,-335.44510048397643
660.0,-441.9431267410493,-335.4596907918228
660.5,-442.44277639018895,-335.4686432270105
661.0,-442.94249070127324,-335.4720363092738
661.5,-443.44221515987937,-335.47008667567604
662.0,-443.94190172449316,-335.46294462519955
662.5,-444.4414860271322,-335.4503671539341
663.0,-444.94089378422035,-335.4320821940547
663.5,-445.44004778481695,-335.40790047259867
664.0,-445.9388665665608,-335.3777329295541
664.5,-446.4372744916175,-335.3415705887853
665.0,-446.9352124355388,-335.29949235816565
665.5,-447.4326146387975,-335.25153206566785
666.0,-447.92940067704603,-335.1976227684806
666.5,-448.4255212212661,-335.1379349854078
667.0,-448.9208967407823,-335.0723824700659
667.5,-449.4154547157828,-335.00096649767346
668.0,-449.9091570646545,-334.9238711645305
668.5,-450.40194908571453,-334.84115854204936
669.0,-450.893719374702,-334.75261167756867
669.5,-451.38439439708105,-334.65822574666976
670.0,-451.8739671378428,-334.5582875322707
670.5,-452.36239437172276,-334.45288534872344
671.0,-452.849636304595,-334.34211821289773
671.5,-453.3356616410077,-334.2260957868132
672.0,-453.8204177154085,-334.104839470805
672.5,-454.3037923170825,-333.97816846996545
673.0,-454.7857537413213,-333.8461977813347
673.5,-455.266228081826,-333.70888428530924
674.0,-455.7450877958119,-333.56603544457914
674.5,-456.2222698026354,-333.41767030876224
675.0,-456.697690283748,-333.26373466968755
675.5,-457.17124368817065,-333.10413058033845
676.0,-457.6429409223514,-332.93908717921613
676.5,-458.1127079618206,-332.7685879467947
677.0,-458.58039277413286,-332.59243423251354
677.5,-459.0458029590396,-332.410355858512
678.0,-459.5088002275018,-332.2222288482713
678.5,-459.96924378702795,-332.02795427366357
679.0,-460.42708072260785,-331.8276317858468
679.5,-460.8822244414593,-331.6212656001876
680.0,-461.33474022677075,-331.40919181912585
680.5,-461.7845274537127,-331.19138606925543
681.0,-462.23153735815544,-330.9679230004981
681.5,-462.6756673321205,-330.73877667152146
682.0,-463.116867952018,-330.50402553717794
682.5,-463.5550281165259,-330.2636381543659
683.0,-463.99005079678585,-330.0176131259017
683.5,-464.42180513701135,-329.76590025781667
684.0,-464.8501222730252,-329.5083979907145
684.5,-465.27494010676776,-329.2451799484073
685.0,-465.6964029125166,-328.97662466729656
685.5,-466.1146488300515,-328.70307698713776
686.0,-466.52975191279575,-328.42476183614315
686.5,-466.94166352619067,-328.1417227124388
687.0,-467.3503262696233,-327.85399630665165
687.5,-467.75551816517645,-327.5613940749035
688.0,-468.15725636741445,-327.26406364764716
688.5,-468.5555808729242,-326.9621676392392
689.0,-468.9505339014171,-326.65586195384947
689.5,-469.34202590418215,-326.3451401873435
690.0,-469.73002579477776,-326.0300630398942
690.5,-470.11452282493315,-325.7107166779966
691.0,-470.4955092376081,-325.38718963860356
691.5,-470.87306342425074,-325.05966330842546
692.0,-471.2472941111371,-324.7283406714069
692.5,-471.61825301182813,-324.3933602033431
693.0,-471.9860694963307,-324.0549368124895
693.5,-472.3509125361895,-323.71331622833327
694.0,-472.71299545782165,-323.368774749013
694.5,-473.0725374917478,-323.02158364283684
695.0,-473.42976447114813,-322.6720065708277
695.5,-473.78476045862124,-322.320161739416
696.0,-474.13758727782306,-321.9661416694779
696.5,-474.48835624888244,-321.61008401462436
697.0,-474.8371688249283,-321.2521089722812
697.5,-475.18407713830237,-320.8922883284553
698.0,-475.52911952115556,-320.53068050071334
698.5,-475.8723928431308,-320.167391483475
699.0,-476.21395676248557,-319.8024914797237
699.5,-476.55387916271064,-319.4360544265755
700.0,-476.8921940252086,-319.06812545408127
700.5,-477.2289315187139,-318.69874736991704
701.0,-477.5640340478707,-318.32788719560966
701.5,-477.8974666939943,-317.95553381047273
702.0,-478.2293578737063,-317.58180971071886
702.5,-478.5598449363721,-317.2068396170628
703.0,-478.8889886523006,-316.8306851398264
703.5,-479.21686174256223,-316.45341503102946
704.0,-479.54348335979313,-316.0750534801503
704.5,-479.86883594320796,-315.6956021026702
705.0,-480.19305237977636,-315.3151826231206
705.5,-480.5162654025747,-314.9339116039583
706.0,-480.8386193629347,-314.5519187819538
706.5,-481.16025997431035,-314.1693275909815
707.0,-481.48129454003936,-313.78622912714815
707.5,-481.80178962577446,-313.4026814606149
708.0,-482.1218168513321,-313.01874032876333
708.5,-482.4414251100687,-312.6344432326729
709.0,-482.7606440310416,-312.2498155155902
709.5,-483.07950556814797,-311.86488620049573
710.0,-483.3980244662864,-311.4796719106132
710.5,-483.7162151689557,-311.09418628844594
711.0,-484.0340883463069,-310.70843961206344
711.5,-484.3516643686742,-310.3224496176215
712.0,-484.6689651116948,-309.93623639670614
712.5,-484.9860013229608,-309.54981057843565
713.0,-485.30277320037806,-309.1631679055206
713.5,-485.6192938569827,-308.7763153733786
714.0,-485.9355812535117,-308.38926697560606
714.5,-486.2516297329768,-308.00201704751964
715.0,-486.5674048824201,-307.6145378326204
715.5,-486.88290522864145,-307.22683192106405
716.0,-487.19813080477473,-306.83889765097416
716.5,-487.513057140079,-306.4507145158411
717.0,-487.82766806433375,-306.0622705578062
717.5,-488.1419573131561,-305.67356252491254
718.0,-488.45588827405095,-305.28455943051847
718.5,-488.76944750707554,-304.8952499701448
719.0,-489.08261456286016,-304.5056216805943
719.5,-489.39532710827456,-304.1156244696065
720.0,-489.7075923778625,-303.7252639883575
720.5,-490.019403649038,-303.3345380595805
721.0,-490.3306751047218,-302.9433799333073
721.5,-490.6414953569519,-302.55185745308364
722.0,-490.9518102516519,-302.159929263746
722.5,-491.2615577540102,-301.7675513597014
723.0,-491.57078547151553,-301.3747610433452
723.5,-491.87937611039916,-300.9814662678584
724.0,-492.18733800357745,-300.58767842417853
724.5,-492.4946380240755,-300.1933697190038
725.0,-492.80130998371766,-299.7985675730573
725.5,-493.10732010864666,-299.4032493762957
726.0,-493.4126371300154,-299.0073926685355
726.5,-493.7173703696991,-298.61108183048924
727.0,-494.02146766695404,-298.21428013904
727.5,-494.3250500526104,-297.8170824973909
728.0,-494.62802040375243,-297.4194158414785
728.5,-494.9304672371198,-297.0213495733622
729.0,-495.2323239264453,-296.6228346324128
729.5,-495.5336855427883,-296.2239441922835
730.0,-495.8344765678534,-295.82462363898384
730.5,-496.1347824782142,-295.4249397063664
731.0,-496.434584696903,-295.02487925544204
731.5,-496.7339713861528,-294.6245085344775
732.0,-497.03289568270554,-294.22379270101914
732.5,-497.3314516430782,-293.8228032959626
733.0,-497.6295921715471,-293.4215065084638
733.5,-497.9274207473943,-293.0199780551178
734.0,-498.224903169206,-292.618193278381
734.5,-498.5221305336716,-292.21621894730373
735.0,-498.8190985055865,-291.8140513523362
735.5,-499.1158464269711,-291.41172021606985
736.0,-499.41239628298933,-291.0092420025818
736.5,-499.7087685734505,-290.6066297942392
737.0,-500.00499605757335,-290.20390790199747
737.5,-500.3010664967303,-289.80106681351526
738.0,-500.5970153273031,-289.39813433260724
738.5,-500.89283079361627,-288.9951028574518
739.0,-501.1885365875845,-288.5919905059562
739.5,-501.4841465302036,-288.18880847341086
740.0,-501.77966170904017,-287.7855566870554
740.5,-502.0751072145704,-287.382253813566
741.0,-502.37047775781207,-286.97889552911255
741.5,-502.6657790663013,-286.5754857392473
742.0,-502.9610180908236,-286.1720308736493
742.5,-503.2561863788464,-285.76852561233676
743.0,-503.55130149611927,-285.3649817540641
743.5,-503.84636122042735,-284.96139773970197
744.0,-504.14136248776526,-284.55777089410884
744.5,-504.4363187301491,-284.15411015146077
745.0,-504.7312285046972,-283.75041388544054
745.5,-505.0260928329179,-283.3466835622136
746.0,-505.32092546063075,-282.9429289899191
746.5,-505.6157303205406,-282.539152677809
747.0,-505.9105069114255,-282.1353546217168
747.5,-506.2052625835527,-281.73154080759855
748.0,-506.50000598548786,-281.3277165295368
748.5,-506.79473608621754,-280.9238814962492
749.0,-507.0894582536271,-280.5200405639022
749.5,-507.3841750084397,-280.1161959875216
750.0,-507.6788838105896,-279.7123472021516
750.5,-507.97358692213504,-279.3084957259518
751.0,-508.26829080151776,-278.9046462695145
751.5,-508.5630015961806,-278.50080264389493
752.0,-508.8577201972611,-278.096965223017
752.5,-509.15244459758446,-277.6931324361086
753.0,-509.4471788333338,-277.2893064273501
753.5,-509.74192579415035,-276.88549039525907
754.0,-510.03668576178444,-276.4816845129744
754.5,-510.33146135664157,-276.0778904327428
755.0,-510.6262597539132,-275.67411186774115
755.5,-510.92108366630674,-275.2703519817277
756.0,-511.2159306151251,-274.8666089196921
756.5,-511.51080243666013,-274.46288501503085
757.0,-511.80570136456873,-274.05918198559846
757.5,-512.1006261264813,-273.6554991624594
758.0,-512.3955750988904,-273.25183439834984
758.5,-512.6905461192545,-272.84818601897
759.0,-512.9855365119142,-272.4445534421408
759.5,-513.280547217709,-272.040936263109
760.0,-513.5755732900906,-271.6373307023861
760.5,-513.8706076964112,-271.23373129374204
761.0,-514.1656420037416,-270.830131474032
761.5,-514.4606758793878,-270.4265310256066
762.0,-514.7557128429527,-270.0229317785066
762.5,-515.050751878587,-269.6193334200946
763.0,-515.3457936226764,-269.21573655397367
763.5,-515.6408437663216,-268.81214513092766
764.0,-515.9359024287935,-268.40855967551033
764.5,-516.2309676079473,-268.0049797302386
765.0,-516.5260438717147,-267.60140851687987
765.5,-516.8211360697303,-267.1978507240844
766.0,-517.1162481295961,-266.79430919053647
766.5,-517.4113769823804,-266.39078110254854
767.0,-517.7065211089714,-265.9872644981579
767.5,-518.0016793697899,-265.58375834192054
768.0,-518.2968486457228,-265.1802613618882
768.5,-518.5920301674141,-264.77677581343465
769.0,-518.8872350508141,-264.37330946295276
769.5,-519.182460875402,-263.96986069447917
770.0,-519.4777025271156,-263.5664253968536
770.5,-519.772960052008,-263.1630026329189
771.0,-520.0682359453949,-262.7595944829388
771.5,-520.3635315406871,-262.3562040869091
772.0,-520.6588492902033,-261.95283422452803
772.5,-520.9541912713632,-261.5494871353493
773.0,-521.249551220636,-261.14615769072816
773.5,-521.5449284335888,-260.74284409493305
774.0,-521.8403242013633,-260.3395452555971
774.5,-522.1357419029149,-259.9362652440374
775.0,-522.431178882367,-259.5329993776169
775.5,-522.7266262164165,-259.12974032972767
776.0,-523.0220748105921,-258.72647996589376
776.5,-523.317509979172,-258.32320765395104
777.0,-523.6129222489678,-257.9199157866953
777.5,-523.9082982289393,-257.516593564352
778.0,-524.2036117593343,-257.11322078270416
778.5,-524.4988507745069,-256.7097888959542
779.0,-524.7940020400381,-256.3062885124197
779.5,-525.0890408320555,-255.90270215809176
780.0,-525.3839299742544,-255.4990040959004
780.5,-525.6786746290835,-255.09519754531664
781.0,-525.9732623042042,-254.6912733009957
781.5,-526.2676537683856,-254.28720291965462
782.0,-526.5618439353351,-253.88298354042337
782.5,-526.8558287474348,-253.47861200754116
783.0,-527.1495807152912,-253.07406887991087
783.5,-527.4430613798236,-252.66932698458757
784.0,-527.7362848201487,-252.2643967918802
784.5,-528.0292355813159,-251.85926810272943
785.0,-528.3218516063566,-251.45389625674193
785.5,-528.614152389985,-251.04829543736366
786.0,-528.9061317307538,-250.64246150401593
786.5,-529.1977426218128,-250.2363613670397
787.0,-529.4889546957746,-249.82997462002479
787.5,-529.7797938060056,-249.4233203587338
788.0,-530.0702450244968,-249.01638804046559
788.5,-530.3602462811323,-248.60913378134225
789.0,-530.6498558336768,-248.2015992854145
789.5,-530.9390688675419,-247.79378137885308
790.0,-531.2278122666129,-247.3856290353494
790.5,-531.5161330575719,-246.97717569336461
791.0,-531.8040349914584,-246.56842382021742
791.5,-532.0914649132039,-246.15933658253047
792.0,-532.3784119583777,-245.749906962656
792.5,-532.6648970688005,-245.34015060571525
793.0,-532.9508645372829,-244.9300305827841
793.5,-533.236251432658,-244.5195037275269
794.0,-533.521116349158,-244.10861192198644
794.5,-533.8054383753915,-243.6973418243472
795.0,-534.0890912526557,-243.28560757592612
795.5,-534.372150166658,-242.87346335005614
796.0,-534.6545855399659,-242.46089073023677
796.5,-534.9362714977104,-242.04780534327838
797.0,-535.2172736372047,-241.63425378790149
797.5,-535.4976052238865,-241.22024646148515
798.0,-535.7771654571775,-240.80571595663292
798.5,-536.0559738735108,-240.3906779992909
799.0,-536.3340258478705,-239.97513174225233
799.5,-536.6111807918298,-239.5589856457983
800.0,-536.8874153602114,-239.14222733555616
800.5,-537.16277040579,-238.72488662565183
801.0,-537.4371272985913,-238.306887979151
801.5,-537.7104307994175,-237.88819897614934
802.0,-537.9827258414778,-237.46885271342927
802.5,-538.253891840937,-237.0487747643656
803.0,-538.5238344720308,-236.62790898890782
803.5,-538.7926104313707,-236.2062968225341
804.0,-539.0600855442202,-235.78385775411047
804.5,-539.3261482586299,-235.36052733416736
805.0,-539.5908935090587,-234.93637148288008
805.5,-539.8541666039566,-234.51130010973864
806.0,-540.1158247338842,-234.08523248594742
806.5,-540.3759335403939,-233.6582173703585
807.0,-540.634293468298,-233.23014205314377
807.5,-540.890782016763,-232.80094291438783
808.0,-541.1455846847198,-232.37074086038717
808.5,-541.3985201923936,-231.93943829628304
809.0,-541.6495122213621,-231.50700166215276
809.5,-541.8987129256694,-231.07353020575886
810.0,-542.1458299566664,-230.63886768539362
810.5,-542.39072496087,-230.20294976380407
811.0,-542.6335200378254,-229.7658592222441
811.5,-542.8739389061496,-229.32745779081972
812.0,-543.1120506543393,-228.8877993567212
812.5,-543.348044873612,-228.44700076440446
813.0,-543.581512290941,-228.00485897513903
813.5,-543.8125457493732,-227.5614409367629
814.0,-544.0411872746681,-227.1167850902923
814.5,-544.2669405048579,-226.67065677346142
815.0,-544.4901412276231,-226.22324688123922
815.5,-544.7108413115682,-225.77459864660037
816.0,-544.9285946421005,-225.3245133921923
816.5,-545.1438916875713,-224.87324861066625
817.0,-545.3565104473197,-224.42071642361827
817.5,-545.5661577453,-223.96680063531764
818.0,-545.7731636374518,-223.51167497549497
818.5,-545.9772117662696,-223.0552165130466
819.0,-546.1783332508946,-222.5974612156771
819.5,-546.3767736195407,-222.1385373122877
820.0,-546.5719233815239,-221.67820572490908
820.5,-546.7640607693214,-221.21660972301046
821.0,-546.9532131625333,-220.75378337718928
821.5,-547.1388607841709,-220.2895412673346
822.0,-547.3215865257724,-219.82414239459467
822.5,-547.5010812294897,-219.35748878718718
823.0,-547.6771520945521,-218.88953404267357
823.5,-547.8501191250042,-218.42042464040804
824.0,-548.0194349778383,-217.94998714748297
824.5,-548.1854803543121,-217.47838708750984
825.0,-548.3483802379502,-217.00569204808872
825.5,-548.5077349887665,-216.5317896606645
826.0,-548.6640470010746,-216.05687525040733
826.5,-548.8168200481733,-215.5808117173506
827.0,-548.9660615864451,-215.1036305039434
827.5,-549.111995286765,-214.6254284704505
828.0,-549.253943683603,-214.14603005278124
828.5,-549.3926868151159,-213.66569467590242
829.0,-549.5278297278002,-213.1843351544097
829.5,-549.659222037063,-212.70193975482863
830.0,-549.7871534449926,-212.2186171005286
830.5,-549.9108575013,-211.7341980103062
831.0,-550.0311032000249,-211.24891074178564
831.5,-550.1476281973715,-210.76271782276956
832.0,-550.260391383334,-210.27563928969047
832.5,-550.3697382586374,-209.7877832138359
833.0,-550.4748389029022,-209.2989965350796
833.5,-550.5764377552365,-208.80947206451367
834.0,-550.6740868417154,-208.31914565494594
834.5,-550.7680456308617,-207.828099026612
835.0,-550.8583187055431,-207.33636243001257
835.5,-550.9444829681197,-206.84389032496645
836.0,-551.0271046590012,-206.35081205492742
836.5,-551.1054248894961,-205.85703484623468
837.0,-551.1800033072312,-205.36268035267523
837.5,-551.2505901499238,-204.86774207927107
838.0,-551.3172237901412,-204.3722568377352
838.5,-551.380152604087,-203.87628826651107
839.0,-551.439015673304,-203.3798201299371
839.5,-551.4944291674202,-202.88295461403467
840.0,-551.5456818908932,-202.3856416041864
840.5,-551.5935730526066,-201.88799177673815
841.0,-551.6376854461965,-201.3899908156209
841.5,-551.6781565696863,-200.8916789874975
842.0,-551.7149706479868,-200.3930823874343
842.5,-551.7480394225096,-199.8942203061775
843.0,-551.7776794833535,-199.3951402756443
843.5,-551.8032489161872,-198.89583305461622
844.0,-551.8252958934,-198.39635769174825
844.5,-551.8426532956079,-197.89669971739588
845.0,-551.8561443782312,-197.39692531627009
845.5,-551.865170309545,-196.89705267266396
846.0,-551.8703905015709,-196.39712669635122
846.5,-551.8714827923632,-195.89717616363222
847.0,-551.8686914383535,-195.39723238866185
847.5,-551.8619437948144,-194.8973271787967
848.0,-551.8511703683008,-194.39749222319128
848.5,-551.8367771356541,-193.89774805131506
849.0,-551.8185464072571,-193.39812698743737
849.5,-551.7970463887514,-192.8986339994154
850.0,-551.7717375302905,-192.39931734799768
850.5,-551.7433078674658,-191.9001663417635
851.0,-551.7110538474868,-191.40124620334635
851.5,-551.6755164492846,-190.90254858594625
852.0,-551.6361908927247,-190.4041351401492
852.5,-551.5935273852965,-189.90599586096187
853.0,-551.5472386541934,-189.40818173853847
853.5,-551.4974719282131,-188.9107043547317
854.0,-551.4444438651059,-188.41356529974487
854.5,-551.3880357755196,-187.91679913061628
855.0,-551.3286004927658,-187.42038800993924
855.5,-551.2658435043536,-186.9243863584275
856.0,-551.2004362081512,-186.42872811437547
856.5,-551.1318772218086,-185.93349738815257
857.0,-551.0607942754485,-185.43862458303684
857.5,-550.9868725321929,-184.944171866151
858.0,-550.9103988569539,-184.45011290491095
858.5,-550.8315031756578,-183.9564414257334
859.0,-550.7503409963674,-183.46314326667925
859.5,-550.6673207727334,-182.97015775079151
860.0,-550.582294250354,-182.4775172945511
860.5,-550.4957024597949,-181.98515214548533
861.0,-550.4073800061767,-181.4930977342716
861.5,-550.3176837370752,-181.00129480523677
862.0,-550.2267559371484,-180.509719061782
862.5,-550.1347862324596,-180.01833394653613
863.0,-550.0419690495098,-179.527103484071
863.5,-549.9482486404038,-179.03603805783112
864.0,-549.8538048681486,-178.54510495078915
864.5,-549.7585486141778,-178.05432150460393
865.0,-549.6625829469839,-177.56366910901068
865.5,-549.5659455106487,-177.07314085769775
866.0,-549.4685339797344,-176.58275859605374
866.5,-549.3703975012775,-176.0925170335689
867.0,-549.2713230339081,-175.6024618051236
867.5,-549.1713407275604,-175.1125908828862
868.0,-549.0703965844361,-174.622918438858
868.5,-548.9683500220606,-174.13347996283116
869.0,-548.8654019225258,-173.6442366740738
869.5,-548.7615376944676,-173.1551927886339
870.0,-548.6569206254642,-172.66631300331008
870.5,-548.5516469544002,-172.17757823843425
871.0,-548.4456664452449,-171.68900111265484
871.5,-548.3391488364018,-171.2005457778799
872.0,-548.232112663033,-170.71220785071972
872.5,-548.1246351452426,-170.22396558701607
873.0,-548.0168023083964,-169.73579724726173
873.5,-547.9085682023175,-169.24771381660494
874.0,-547.7999736070782,-168.75970782561382
874.5,-547.6910694819353,-168.27176757483227
875.0,-547.5818223897434,-167.78389828018786
875.5,-547.4723025196622,-167.29608523671752
876.0,-547.362505117161,-166.8083302042706
876.5,-547.2523799339377,-166.3206455492979
877.0,-547.1419790046328,-165.83302135187205
877.5,-547.0313109748643,-165.34545670060928
878.0,-546.920371320773,-164.8579533773066
878.5,-546.8092235357882,-164.37049751073351
879.0,-546.6978799365908,-163.88308611627434
879.5,-546.5863347395931,-163.3957207354935
880.0,-546.474624740305,-162.9083935972447
880.5,-546.3627568686911,-162.42110395594815
881.0,-546.2507204892913,-161.93385442270974
881.5,-546.1385516359682,-161.44663674058464
882.0,-546.0262636289536,-160.95944713092013
882.5,-545.9138443059533,-160.47228847374785
883.0,-545.801318961775,-159.98515539455138
883.5,-545.6886976363215,-159.49804612551443
884.0,-545.5759812268587,-159.01095991525438
884.5,-545.4631792735191,-158.52389498007653
885.0,-545.3503095917814,-158.03684683300366
885.5,-545.2373814789264,-157.54981303836402
886.0,-545.1243973743016,-157.06279282138996
886.5,-545.0113679155994,-156.57578320986758
887.0,-544.8982965658013,-156.08878275241221
887.5,-544.7851872706276,-155.60179057509322
888.0,-544.6720469373756,-155.11480600681702
888.5,-544.5588825608522,-154.62782706221466
889.0,-544.44569774243,-154.14085284010883
889.5,-544.3324958397102,-153.65388300126205
890.0,-544.2192824307938,-153.16691533269878
890.5,-544.1060684046508,-152.67994704204904
891.0,-543.9928639477758,-152.19297729436818
891.5,-543.8796691779202,-151.70600632068198
892.0,-543.7664848597683,-151.2190331718756
892.5,-543.6533135536623,-150.7320573445193
893.0,-543.5401580664566,-150.2450778166903
893.5,-543.4270243206768,-149.75809196922808
894.0,-543.3139156058953,-149.27110005630928
894.5,-543.2008265922167,-148.78410388578095
895.0,-543.0877619802303,-148.2971018214093
895.5,-542.9747258800894,-147.81009160642486
896.0,-542.8617214385862,-147.32307361026315
896.5,-542.7487442682575,-146.83604935755037
897.0,-542.6357899702128,-146.34901919442277
897.5,-542.5228578538955,-145.86198388649717
898.0,-542.4099484140597,-145.374943121654
898.5,-542.2970619371666,-144.8878945839217
899.0,-542.1841961908139,-144.40083922884466
899.5,-542.071350506869,-143.9137790055332
900.0,-541.9585257026354,-143.42671431059983
900.5,-541.8457249915949,-142.93964395608742
901.0,-541.7329508069118,-142.45256762521882
901.5,-541.6201962684527,-141.9654863205367
902.0,-541.5074584191309,-141.47840046424756
902.5,-541.3947404307328,-140.991309777213
903.0,-541.2820429163759,-140.50421513808246
903.5,-541.1693617359305,-140.01711733909414
904.0,-541.0566895684142,-139.53001876589133
904.5,-540.9440225954838,-139.04291974669638
905.0,-540.8313589472104,-138.55582058990876
905.5,-540.7186938351277,-138.06872287649966
906.0,-540.6060215774227,-137.58162791296076
906.5,-540.4933341811371,-137.09453754709602
907.0,-540.3806240744343,-136.6074535478548
907.5,-540.267884103536,-136.12037710082961
908.0,-540.1551047554244,-135.633310036304
908.5,-540.0422805545071,-135.1462531120132
909.0,-539.9294075831652,-134.6592069473965
909.5,-539.8164788767075,-134.1721726666969
910.0,-539.7034852552623,-133.68515234753417
910.5,-539.5904312127163,-133.19814492481092
911.0,-539.477315357718,-132.71115065693002
911.5,-539.3641390108282,-132.2241687339974
912.0,-539.2509005275755,-131.73719942763208
912.5,-539.1375965468347,-131.25024365623557
913.0,-539.0242233044588,-130.7633026156034
913.5,-538.9107888751776,-130.27637436116956
914.0,-538.7972953986535,-129.78945839313255
914.5,-538.6837469775112,-129.3025540196643
915.0,-538.5701472967872,-128.81566052144703
915.5,-538.4564921823962,-128.32877924637697
916.0,-538.3427871692486,-127.8419091454627
916.5,-538.2290316783582,-127.35505055752213
917.0,-538.1152285774709,-126.86820284992163
917.5,-538.001377463053,-126.38136669416296
918.0,-537.8874758244489,-125.89454297843663
918.5,-537.77353104543,-125.40773022183053
919.0,-537.6595438468147,-124.92092813600867
919.5,-537.5455157913837,-124.43413690211132
920.0,-537.4314425360412,-123.94735727207117
920.5,-537.3173265702927,-123.46058845877783
921.0,-537.2031698175596,-122.97382994518281
921.5,-537.088973970758,-122.48708189740528
922.0,-536.974738294834,-122.00034428709976
922.5,-536.8604588825966,-121.51361869366731
923.0,-536.74614426695,-121.02690183446552
923.5,-536.6317994016443,-120.5401923443457
924.0,-536.5174163324069,-120.05349179484926
924.5,-536.4029907641935,-119.5668017323649
925.0,-536.2885287152556,-119.08012093150181
925.5,-536.1740338088422,-118.59344844050791
926.0,-536.0594978547479,-118.1067852448391
926.5,-535.9449280086274,-117.62012980967239
927.0,-535.8303240009585,-117.13348238520908
927.5,-535.7156800841849,-116.64684490087204
928.0,-535.6009940374761,-116.16021804503521
928.5,-535.4862680236951,-115.6736007252857
929.0,-535.3714997963739,-115.18699396412596
929.5,-535.2566921281403,-114.70039708423349
930.0,-535.1418491344085,-114.21380877560733
930.5,-535.0269622628721,-113.72723209806479
931.0,-534.912029919617,-113.24066893204791
931.5,-534.7970574934812,-112.75411687864774
932.0,-534.6820401079985,-112.26757817591076
932.5,-534.5669804224243,-111.78105092083108
933.0,-534.4518848947517,-111.29453274485498
933.5,-534.336745268617,-110.80802499635051
934.0,-534.221567897222,-110.32152617176072
934.5,-534.106353145516,-109.8350358411581
935.0,-533.99109298583,-109.3485569141562
935.5,-533.8757943592666,-108.86208734642966
936.0,-533.7604516365344,-108.37562806592422
936.5,-533.645072000552,-107.88917660683093
937.0,-533.5296533340852,-107.40273205161982
937.5,-533.4141985026372,-106.91629394544384
938.0,-533.2987075413079,-106.42986298261215
938.5,-533.1831762145708,-105.9434406793109
939.0,-533.0676051230065,-105.45702696431283
939.5,-532.9519925403883,-104.9706212140138
940.0,-532.8363516431266,-104.48421995266173
940.5,-532.7206778812305,-103.99782396488253
941.0,-532.6049734252193,-103.5114322476558
941.5,-532.4892387739475,-103.02504490691071
942.0,-532.3734830939734,-102.53866045322536
942.5,-532.2576980153264,-102.05228134729505
943.0,-532.1418819172297,-101.56590856110104
943.5,-532.0260410313281,-101.07954099876935
944.0,-531.9101787299452,-100.59317849341049
944.5,-531.7942977600318,-100.10682100240645
945.0,-531.6783923085649,-99.6204707163556
945.5,-531.5624596104694,-99.13412923010756
946.0,-531.4464931059448,-98.64780047963859
946.5,-531.3304895308108,-98.16148445527182
947.0,-531.2144466456293,-97.67517987337091
947.5,-531.0983527146059,-97.18888933585824
948.0,-530.9822097483813,-96.70261142043279
948.5,-530.8660161546325,-96.21634540280762
949.0,-530.7497637833094,-95.73009464188301
949.5,-530.6334379138636,-95.24386239531428
950.0,-530.5170366580144,-94.75764661310268
950.5,-530.4005566274724,-94.27144662822823
951.0,-530.2839837081976,-93.78526653169716
951.5,-530.1673174367835,-93.29910665226434
952.0,-530.0505561251615,-92.81296796932958
952.5,-529.9336869130403,-92.32685585120431
953.0,-529.8167011185885,-91.84077207688267
953.5,-529.6995944910533,-91.35471761304669
954.0,-529.5823598647123,-90.86869568691692
954.5,-529.4649910556786,-90.38270960561432
955.0,-529.3474926342191,-89.89675770920589
955.5,-529.2298789733493,-89.4108346910048
956.0,-529.1121568017433,-88.92493722179111
956.5,-528.9943180721374,-88.43906586472643
957.0,-528.8763642462021,-87.9532187285409
957.5,-528.7582565825614,-87.46740877584179
958.0,-528.6399456611177,-86.98165121751605
958.5,-528.5214251766101,-86.49594614299859
959.0,-528.4026896432964,-86.01029300288486
959.5,-528.2837503380807,-85.52468883322965
960.0,-528.1646166070474,-85.03912858768038
960.5,-528.0452825668805,-84.55361522118855
961.0,-527.9257108030455,-84.0681608275846
961.5,-527.8058908016994,-83.58276867696902
962.0,-527.6858202795496,-83.09743866723205
962.5,-527.5654889978389,-82.61217261694634
963.0,-527.4448706246212,-82.12697532463855
963.5,-527.3239097650998,-81.64186131254395
964.0,-527.202537054729,-81.1568501980816
964.5,-527.0806634152439,-80.67196644905725
965.0,-526.9581857692759,-80.18723481790114
965.5,-526.8350306300109,-79.70267256225758
966.0,-526.7111120247107,-79.21830036726621
966.5,-526.5862388052259,-78.7341683641898
967.0,-526.4602099468509,-78.25033357739498
967.5,-526.3328109444981,-77.76685868052101
968.0,-526.2037244793768,-77.28383389000669
968.5,-526.0728650752626,-76.8012885845541
969.0,-525.9399574437706,-76.31930426865108
969.5,-525.8049601849382,-75.83789810383308
970.0,-525.6675917548905,-75.35715905733527
970.5,-525.5276293214421,-74.87716525696968
971.0,-525.384607322793,-74.39807289561652
971.5,-525.2382396296923,-73.91999313746122
972.0,-525.0880842448138,-73.44309201289741
972.5,-524.9341573636406,-72.96739649196792
973.0,-524.7759921620657,-72.49309450943201
973.5,-524.6137271281729,-72.0201774025092
974.0,-524.4469820613455,-71.54881769464295
974.5,-524.2752884386288,-71.07923676766491
975.0,-524.0984422673273,-70.61157119543053
975.5,-523.9158809914766,-70.14610698195673
976.0,-523.7275322292828,-69.68295583806493
976.5,-523.5332361612859,-69.22226762381644
977.0,-523.3328151480478,-68.76420903342877
977.5,-523.1264850173146,-68.30877968801397
978.0,-522.9139963937542,-67.85618791876823
978.5,-522.6946548652852,-67.40687754095192
979.0,-522.4682579808713,-66.96108274329508
979.5,-522.2345909999289,-66.51905522567004
980.0,-521.9934601302676,-66.08105454803997
980.5,-521.7453318040458,-65.64697943829651
981.0,-521.4898570470192,-65.2171853693607
981.5,-521.2264819911744,-64.79218617993217
982.0,-520.955029385251,-64.37230303580088
982.5,-520.6754608717895,-63.95778020519671
983.0,-520.3877140907468,-63.5488909620296
983.5,-520.0917868653233,-63.14588270734739
984.0,-519.7878624482606,-62.748873116167424
984.5,-519.4757167781655,-62.358295057156894
985.0,-519.1552094597141,-61.97454730185522
985.5,-518.8264092910324,-61.597880397368634
986.0,-518.4897309622528,-61.22823933836748
986.5,-518.1453343094097,-60.865777729416656
987.0,-517.7930037357985,-60.51102243922884
987.5,-517.4322360460358,-60.16485193670254
988.0,-517.0628494616236,-59.82789739872602
988.5,-516.6852195812141,-59.50021006858187
989.0,-516.2998895371974,-59.181610836511574
989.5,-515.9073728097644,-58.87190476739498
990.0,-515.5078869190893,-58.5712399177206
990.5,-515.101231361207,-58.28034794756339
991.0,-514.6873070543173,-57.99990048268243
991.5,-514.266204410708,-57.730355556791466
992.0,-513.8381092817859,-57.47206122814858
992.5,-513.4033412739952,-57.22516317330435
993.0,-512.9625231521588,-56.98922970594929
993.5,-512.5162763192417,-56.7637335314078
994.0,-512.0646047327665,-56.54931110451681
994.5,-511.60773690386554,-56.34619587780158
995.0,-511.14588073418986,-56.15470046268977
995.5,-510.67924711395466,-55.97516492776857
996.0,-510.20814170063784,-55.80771308230085
996.5,-509.73292101740026,-55.65232261042194
997.0,-509.253938420264,-55.50894264877386
997.5,-508.7715839235226,-55.37734443670381
998.0,-508.28628286519773,-55.25706457903422
998.5,-507.79829146685756,-55.14822245889694
999.0,-507.3077966210701,-55.05130332544811
999.5,-506.8150013022036,-54.96686731372428
1000.0,-506.32018469789483,-54.895210392151725
1000.5,-505.8237047443762,-54.83614790567975
1001.0,-505.3259368693242,-54.7891414309137
1001.5,-504.827209126633,-54.753748718776
1002.0,-504.3277959991069,-54.72994709120242
1002.5,-503.82795871210317,-54.718174610463706
1003.0,-503.3279877958917,-54.71861659079627
1003.5,-502.82819169036594,-54.7317706194896
1004.0,-502.32890560825683,-54.75795017761436
1004.5,-501.8304266725353,-54.796599107549895
1005.0,-501.3330069520874,-54.84707584237869
1005.5,-500.83691724492235,-54.9092641385925
1006.0,-500.3424960407926,-54.98353259951887
1006.5,-499.85009543451736,-55.07016836565194
1007.0,-499.36005503361264,-55.169290227245135
1007.5,-498.87258840784824,-55.28037839018371
1008.0,-498.38792448502113,-55.4031032875843
1008.5,-497.90636760996415,-55.5374973710285
1009.0,-497.4282629339841,-55.68369502892915
1009.5,-496.95401742454305,-55.84196513799626
1010.0,-496.48383951535425,-56.01193635661281
1010.5,-496.017890617108,-56.193173873696445
1011.0,-495.5564510938527,-56.38559824960442
1011.5,-495.09981309852753,-56.58915744249936
1012.0,-494.64810689963093,-56.8034378220245
1012.5,-494.20155272515973,-57.028243571206424
1013.0,-493.76026110382986,-57.2631930567737
1013.5,-493.3245882945834,-57.50839177767445
1014.0,-492.8950976242158,-57.76426923457084
1014.5,-492.47216051928206,-58.03085916522693
1015.0,-492.05570244936445,-58.30747206933898
1015.5,-491.6453543111318,-58.59305956774123
1016.0,-491.24091163473486,-58.88693004286284
1016.5,-490.84250724996497,-59.18891382314145
1017.0,-490.4507015348034,-59.49940746291758
1017.5,-490.0658589059787,-59.8185081387167
1018.0,-489.6877845806875,-60.14561558087044
1018.5,-489.3159299576983,-60.47978672354369
1019.0,-488.94981352813454,-60.820238970912605
1019.5,-488.5888381382411,-61.166127871228426
1020.0,-488.23302274562064,-61.517305319782125
1020.5,-487.8822353808103,-61.87349459039733
1021.0,-487.53638341762115,-62.234476757952635
1021.5,-487.19539708772436,-62.60006769891113
1022.0,-486.8590189418046,-62.969912528428154
1022.5,-486.52679958045263,-63.3435043900676
1023.0,-486.19854080069376,-63.7205870872691
1023.5,-485.87408851084416,-64.10094763965365
1024.0,-485.5530600256244,-64.48419323786125
1024.5,-485.2353154000403,-64.87015366970232
1025.0,-484.92088236591263,-65.25879626177979
1025.5,-484.6098774194278,-65.6501809340494
1026.0,-484.3026474839548,-66.0445476304501
1026.5,-483.9989981167265,-66.44169536820162
1027.0,-483.69862681960745,-66.84134181316756
1027.5,-483.4011565504492,-67.24315405941452
1028.0,-483.1061962313091,-67.64680047387891
1028.5,-482.81371472438326,-68.05222543999216
1029.0,-482.5238982327707,-68.45954395213441
1029.5,-482.2368666998557,-68.8688219106919
1030.0,-481.9528412875692,-69.28018830713566
1030.5,-481.6717931562872,-69.69360114316383
1031.0,-481.3936942145223,-70.10901132750706
1031.5,-481.1181621272948,-70.52612349357119
1032.0,-480.8450110520043,-70.94478842141503
1032.5,-480.5742388254748,-71.36498206899829
1033.0,-480.30571666782487,-71.78659684463385
1033.5,-480.03955567546467,-72.20969336886276
1034.0,-479.7759288571651,-72.63437360964953
1034.5,-479.5148869541066,-73.060654262451
1035.0,-479.2561151952742,-73.48831477352124
1035.5,-478.9994294695577,-73.91722082573351
1036.0,-478.74468159174177,-74.34726476805578
1036.5,-478.491790373431,-74.7783838573529
1037.0,-478.24087316082176,-75.21064155770293
1037.5,-477.9922210612976,-75.6442095594404
1038.0,-477.7456909923479,-76.07899498047402
1038.5,-477.50107509564907,-76.51486215604085
1039.0,-477.25824786989585,-76.95172632368092
1039.5,-477.0170891107342,-77.389508140895
1040.0,-476.7775291758512,-77.82816266573602
1040.5,-476.53946990566243,-78.26762755848343
1041.0,-476.3028801257207,-78.70788595844536
1041.5,-476.0676629142276,-79.14888233138345
1042.0,-475.83366105148696,-79.5905266450073
1042.5,-475.60071042483906,-80.03272116770411
1043.0,-475.3687159176056,-80.47541530216981
1043.5,-475.13758356330266,-80.91856099749494
1044.0,-474.9072277044213,-81.36211599043492
1044.5,-474.6775836594032,-81.80604996816699
1045.0,-474.44853261041254,-82.25029325283734
1045.5,-474.21994508465474,-82.69476961371981
1046.0,-473.9917347034075,-83.13943355947
1046.5,-473.7638853793137,-83.58428387345394
1047.0,-473.5363569008294,-84.02930498737608
1047.5,-473.30914064723794,-84.47450032854847
1048.0,-473.0821929455175,-84.919846295015
1048.5,-472.8554791233891,-85.36532111743163
1049.0,-472.6289798565027,-85.81091515998133
1049.5,-472.4026699525633,-86.2566131048487
1050.0,-472.1765029723804,-86.70239076371183
1050.5,-471.95046359733055,-87.1482426427135
1051.0,-471.72453198856044,-87.59415887625121
1051.5,-471.4986758161122,-88.0401254798469
1052.0,-471.27286795411294,-88.48612753855384
1052.5,-471.047087737902,-88.93215287149074
1053.0,-470.8213308033505,-89.378198357856
1053.5,-470.59558886523513,-89.8242604437283
1054.0,-470.3698479085428,-90.27032889840855
1054.5,-470.14409204240815,-90.716393210201
1055.0,-469.91830215225065,-91.16244376312982
1055.5,-469.6924472384684,-91.6084659386189
1056.0,-469.46651535664137,-92.05445397219347
1056.5,-469.2404844501918,-92.50039756979326
1057.0,-469.0143183592479,-92.94627851864716
1057.5,-468.7880136550849,-93.3920939394154
1058.0,-468.5615499003034,-93.83783320719331
1058.5,-468.33488485899915,-94.28347530035309
1059.0,-468.1080254563052,-94.72902317007284
1059.5,-467.8809518731766,-95.17446631052793
1060.0,-467.65363575847414,-95.61978895757633
1060.5,-467.42609278389983,-96.06499845753333
1061.0,-467.19829347729666,-96.5100795142243
1061.5,-466.97022342649393,-96.95502461341935
1062.0,-466.7418867922409,-97.39983571058453
1062.5,-466.5132355616171,-97.84448817348279
1063.0,-466.2842818819825,-98.28898685146538
1063.5,-466.05501937475526,-98.73332736421676
1064.0,-465.825409694675,-99.17748866636165
1064.5,-465.5954967651081,-99.62149250947822
1065.0,-465.36524082652215,-100.0653176184285
1065.5,-465.13465489699405,-100.50896969689107
1066.0,-464.9037156014541,-100.95243528675219
1066.5,-464.6724132835708,-101.39570812043291
1067.0,-464.44078541890224,-101.83880793157432
1067.5,-464.20876911820403,-102.2816999506641
1068.0,-463.97641859882805,-102.72441180524508
1068.5,-463.7436634504362,-103.16690347571951
1069.0,-463.5105598925817,-103.60920370970295
1069.5,-463.2770619717427,-104.05128563818802
1070.0,-463.0432271809779,-104.49318216054345
1070.5,-462.80900564771935,-104.93486510323237
1071.0,-462.57440317263746,-105.3763358638812
1071.5,-462.3393817904811,-105.81757267984882
1072.0,-462.1039543646012,-106.25858265281437
1072.5,-461.8680582636029,-106.69932805883039
1073.0,-461.63171122182825,-107.1398167992865
1073.5,-461.3948371544757,-107.58000366380067
1074.0,-461.1575073724819,-108.01993099321659
1074.5,-460.91962829518064,-108.45954702579829
1075.0,-460.68128516375117,-108.89890221531437
1075.5,-460.4423602453938,-109.33792877769649
1076.0,-460.20291557594163,-109.77666058508204
1076.5,-459.9628289583258,-110.21502452576502
1077.0,-459.7221039893159,-110.65302333803305
1077.5,-459.4807176002905,-111.09064223081998
1078.0,-459.2386048733554,-111.52784328808946
1078.5,-458.99583981593014,-111.96466647205264
1079.0,-458.75224011556804,-112.40100347711261
1079.5,-458.50794559469415,-112.83693065724788
1080.0,-458.26283601118837,-113.27237631404029
1080.5,-458.0169434843144,-113.7073537260655
1081.0,-457.7702920154856,-114.14187644621337
1081.5,-457.52279747115267,-114.57588936194456
1082.0,-457.2745903732013,-115.00947166725803
1082.5,-457.0255360449623,-115.44253718994567
1083.0,-456.7757361473568,-115.8751470391092
1083.5,-456.5251673442621,-116.30728372775555
1084.0,-456.2737976309,-116.73892779523992
1084.5,-456.0217250622206,-117.17014038720203
1085.0,-455.7688037251275,-117.60083221211801
1085.5,-455.51515827278365,-118.03108216778806
1086.0,-455.2607012038751,-118.4608348127789
1086.5,-455.0053950852734,-118.89006414572958
1087.0,-454.7493194383149,-119.31881734411688
1087.5,-454.49230848962577,-119.74699560256117
1088.0,-454.23451426129634,-120.17469399618385
1088.5,-453.9757893350176,-120.601820296061
1089.0,-453.7161257476244,-121.02836610472283
1089.5,-453.4555450429815,-121.4543390307671
1090.0,-453.1938700743965,-121.87962659183421
1090.5,-452.9312771014867,-122.30433966106195
1091.0,-452.6675745350524,-122.7283562003429
1091.5,-452.4028419239598,-123.15172061974006
1092.0,-452.1370451000581,-123.57441364151062
1092.5,-451.8700524120345,-123.99633765155728
1093.0,-451.6019791921634,-124.41755981133107
1093.5,-451.3325994737214,-124.83793014288761
1094.0,-451.06211499213236,-125.25757913379829
1094.5,-450.7902985295036,-125.67633517707435
1095.0,-450.51720326489647,-126.09422555298652
1095.5,-450.2428388085702,-126.51124735343822
1096.0,-449.9670992416133,-126.92731972551526
1096.5,-449.6901782783499,-127.34257515179644
1097.0,-449.41178847830105,-127.75680628994812
1097.5,-449.1321733267091,-128.17017649392832
1098.0,-448.85109693245636,-128.58250542369476
1098.5,-448.56863160728915,-128.99383646319785
1099.0,-448.2847280646994,-129.40412484157886
1099.5,-447.99932677030694,-129.81332917716085
1100.0,-447.71255461934686,-130.22154175894693
1100.5,-447.4241782242145,-130.62859064686273
1101.0,-447.1344250856542,-131.03463943789998
1101.5,-446.842903153356,-131.43938717063182
1102.0,-446.5498040458255,-131.84296221019662
1102.5,-446.25487819405305,-132.2451585436754
1103.0,-445.9582574555373,-132.64607664002313
1103.5,-445.6598395797092,-133.04562866943746
1104.0,-445.3595032498023,-133.4437080761539
1104.5,-445.057286405616,-133.84032482356017
1105.0,-444.7529864131629,-134.23531133671997
1105.5,-444.44680801978143,-134.6288149762307
1106.0,-444.1382909662768,-135.02044523717075
1106.5,-443.8277874359508,-135.4104590091698
1107.0,-443.5147903188394,-135.79841894983738
1107.5,-443.1997630658742,-136.18468636919286
1108.0,-442.88229903732326,-136.5688980460239
1108.5,-442.5626395017062,-136.95122160516294
1109.0,-442.2404762521862,-137.3313579393218
1109.5,-441.91596673043443,-137.70940238892382
1110.0,-441.5889977801867,-138.0852193277839
1110.5,-441.25974213932585,-138.45894157611463
1111.0,-440.92816863311225,-138.83052092583648
1111.5,-440.59421269143513,-139.19985653493194
1112.0,-440.25790904719224,-139.56694574024465
1112.5,-439.919252555853,-139.93175707807228
1113.0,-439.5784934583029,-140.294516412701
1113.5,-439.2356027376606,-140.65518892174663
1114.0,-438.8907855210249,-141.0139662945733
1114.5,-438.54398412132963,-141.37078865178623
1115.0,-438.19537172197386,-141.72581616599933
1115.5,-437.8448800670125,-142.07898225657044
1116.0,-437.4926527224222,-142.43042108988473
1116.5,-437.13858585254917,-142.78001567841017
1117.0,-436.78283029658263,-143.1279142084375
1117.5,-436.4253272928118,-143.4740536404057
1118.0,-436.06614197455616,-143.8185008283707
1118.5,-435.70518664946434,-144.1611613728061
1119.0,-435.34249067403493,-144.50203355454656
1119.5,-434.97791115588416,-144.84094290218962
1120.0,-434.6113479832918,-145.17773954147785
1120.5,-434.2426872259805,-145.51224840730364
1121.0,-433.8719289411877,-145.84443090004504
1121.5,-433.4992396005632,-146.17445680205634
1122.0,-433.12453333092475,-146.50221936041567
1122.5,-432.7479370233537,-146.82782320377856
1123.0,-432.3692783860293,-147.15104137745774
1123.5,-431.9887944244304,-147.47213244741232
1124.0,-431.6062451892228,-147.79078956871663
1124.5,-431.2219705874929,-148.10738744543784
1125.0,-430.8356807973043,-148.42156818827678
1125.5,-430.44777207367264,-148.7337862324216
1126.0,-430.05789482160213,-149.04358803445209
1126.5,-429.66635642217705,-149.35132721141596
1127.0,-429.27302555297763,-149.6568386903982
1127.5,-428.87796435219144,-149.9601687813578
1128.0,-428.4811409162667,-150.26123766936786
1128.5,-428.08242270243085,-150.5598305704263
1129.0,-427.6818451545241,-150.85592778771797
1129.5,-427.2792255924317,-151.14924114469753
1130.0,-426.87490815275726,-151.4402170388448
1130.5,-426.46863183388524,-151.72846822960219
1131.0,-426.0607488387706,-152.0144682563324
1131.5,-425.65112847550745,-152.29801754019644
1132.0,-425.239842673468,-152.57918522968228
1132.5,-424.82690977414177,-152.85796462773834
1133.0,-424.4122705521163,-153.13424758934138
1133.5,-423.99613863928124,-153.40832350045721
1134.0,-423.5782519320796,-153.67977630312035
1134.5,-423.1588466942977,-153.9489079175165
1135.0,-422.73777187741877,-154.21545434422933
1135.5,-422.3151222705273,-154.47954130213918
1136.0,-421.8909218879452,-154.7411606089023
1136.5,-421.4651215875664,-155.0002166612438
1137.0,-421.03789813778053,-155.25695152611468
1137.5,-420.60899531465907,-155.51090182000038
1138.0,-420.1786480569341,-155.76241476950406
1138.5,-419.746752069967,-156.01129194750428
1139.0,-419.3134263142239,-156.2577240416039
1139.5,-418.8787985286575,-156.50192787591584
1140.0,-418.4426293484551,-156.7434468201663
1140.5,-418.00513510175506,-156.9825990843457
1141.0,-417.56613236699894,-157.21902542136897
1141.5,-417.1258388781258,-157.45309417870033
1142.0,-416.68421794505286,-157.68471410189176
1142.5,-416.24128547200917,-157.91388122409586
1143.0,-415.7970980355308,-158.14066095477364
1143.5,-415.3514591848691,-158.36461069180356
1144.0,-414.9046367638445,-158.58623921194666
1144.5,-414.45652391277775,-158.80531877070882
1145.0,-414.0071329651961,-159.02182874579424
1145.5,-413.55644967398115,-159.23567375916625
1146.0,-413.1044071100137,-159.4466760614454
1146.5,-412.6511653402611,-159.65513423808176
1147.0,-412.1965782219314,-159.86069894147698
1147.5,-411.740847502425,-160.06377652540854
1148.0,-411.2838688840205,-160.26408501716108
1148.5,-410.8256562183935,-160.46158946718606
1149.0,-410.36630446748086,-160.65647149228346
1149.5,-409.9056948960501,-160.84841744599353
1150.0,-409.4439845991068,-161.0377447384407
1150.5,-408.98098320129185,-161.22392778907482
1151.0,-408.5168166869631,-161.40720437278975
1151.5,-408.05146723681565,-161.58749047178216
1152.0,-407.5849158657457,-161.76467696110214
1152.5,-407.11726728258327,-161.93897667602457
1153.0,-406.6483705634174,-162.1099235308472
1153.5,-406.1784133633863,-162.2779617416055
1154.0,-405.70729814845487,-162.44275522949468
1154.5,-405.2351068957487,-162.60446171921666
1155.0,-404.76190077306035,-162.7632163908488
1155.5,-404.28764466977844,-162.91886124044134
1156.0,-403.81248503377947,-163.07178125941508
1156.5,-403.3362777688383,-163.22147600070102
1157.0,-402.85916587610797,-163.36831080708987
1157.5,-402.3810996235751,-163.5120814413383
1158.0,-401.90210307427543,-163.65279594440804
1158.5,-401.42223789766297,-163.79059477673502
1159.0,-400.9414121939442,-163.92508588434637
1159.5,-400.4597507998655,-164.0566158368012
1160.0,-399.9771316840692,-164.18465059226696
1160.5,-399.4936412073009,-164.30939726406305
1161.0,-399.00926780095676,-164.43071725051635
1161.5,-398.52399321127376,-164.54842798099727
1162.0,-398.03791299232097,-164.66279237877217
1162.5,-397.5509042671394,-164.77316324949757
1163.0,-397.0631420421617,-164.8801896156205
1163.5,-396.5745783153915,-164.98355149496783
1164.0,-396.0852668546598,-165.08336898000903
1164.5,-395.59526177503994,-165.17980529408285
1165.0,-395.1045275050822,-165.27256085777387
1165.5,-394.6131666708734,-165.36202756306508
1166.0,-394.12109586166923,-165.44759875090514
1166.5,-393.628404632715,-165.529575946088
1167.0,-393.13507514345855,-165.60770072444987
1167.5,-392.6411288682947,-165.68187770405743
1168.0,-392.14664005650457,-165.75241279865807
1168.5,-391.65155526598244,-165.81871852475754
1169.0,-391.1559952061918,-165.8814411691888
1169.5,-390.6599540420303,-165.94036049303722
1170.0,-390.1634761700755,-165.99564923447858
1170.5,-389.66660502567476,-166.04746732578928
1171.0,-389.16933571328167,-166.0955020428382
1171.5,-388.6717377102949,-166.1402049551651
1172.0,-388.17379129114073,-166.18110401866605
1172.5,-387.67554829860484,-166.21842064946276
1173.0,-387.1770212129411,-166.25194883367578
1173.5,-386.67822407211344,-166.2813727544313
1174.0,-386.17921650133513,-166.30718252491332
1174.5,-385.67999326182183,-166.32871542362614
1175.0,-385.18061103454284,-166.3464731307124
1175.5,-384.6810909850637,-166.36024672679113
1176.0,-384.18146427928497,-166.36970854010292
1176.5,-383.6817738952728,-166.37504253273804
1177.0,-383.1820521496261,-166.3758218848736
1177.5,-382.68233668256335,-166.37259395123976
1178.0,-382.18266075213006,-166.36508134487303
1178.5,-381.68306129444056,-166.35334244476977
1179.0,-381.1835621407755,-166.33772980568378
1179.5,-380.6842164440171,-166.3175997329734
1180.0,-380.18503046246946,-166.29368886414736
1180.5,-379.68604390249783,-166.26574821014472
1181.0,-379.1873003304403,-166.23361166197003
1181.5,-378.68881654524694,-166.1975771489088
1182.0,-378.19067137820934,-166.15705711118613
1182.5,-377.6928570301587,-166.11258755362635
1183.0,-377.1954238455365,-166.06396925479356
1183.5,-376.6984384372705,-166.01094425190044
1184.0,-376.20190299789175,-165.9538404078405
1184.5,-375.7059201434829,-165.8921051201555
1185.0,-375.2104689953588,-165.82623008654366
1185.5,-374.7155797876723,-165.75622593289216
1186.0,-374.2213067927387,-165.68195358789163
1186.5,-373.72760047116464,-165.6039538697305
1187.0,-373.23454556351317,-165.52188393669672
1187.5,-372.74213108197927,-165.43601387001488
1188.0,-372.2503653279801,-165.34645752765246
1188.5,-371.75930778110614,-165.25304606445968
1189.0,-371.2688681496285,-165.1563896366464
1189.5,-370.77911111464556,-165.05627199843875
1190.0,-370.29002682346203,-164.95286937361232
1190.5,-369.80161951422195,-164.8462736789031
1191.0,-369.31404019188665,-164.73592342445338
1191.5,-368.8272061942061,-164.62231362558208
1192.0,-368.3412301502415,-164.50507054323552
1192.5,-367.85609444287405,-164.3843869146828
1193.0,-367.3717964825429,-164.26036644913825
1193.5,-366.8884202883019,-164.13279012573574
1194.0,-366.40584893698195,-164.00219351757315
1194.5,-365.9242005176012,-163.8682216920467
1195.0,-365.4433491059589,-163.73140843564616
1195.5,-364.96332875814187,-163.59169547236112
1196.0,-364.48413074031043,-163.44918019643785
1196.5,-364.0057032406749,-163.30409374360576
1197.0,-363.5281137693297,-163.15627070681424
1197.5,-363.0512279226909,-163.00619101557797
1198.0,-362.5751434328952,-162.85358344072006
1198.5,-362.0996977531799,-162.69899098509532
1199.0,-361.624939404636,-162.54229350088983
1199.5,-361.1507328632707,-162.38392754257947
1200.0,-360.67705296453187,-162.22398648966788
1200.5,-360.20380206544206,-162.06277520942885
1201.0,-359.7309185120122,-161.90048177681072
1201.5,-359.25835143055224,-161.73726232083868
1202.0,-358.78605661002433,-161.57325114257034
1202.5,-358.3139964847143,-161.40855788300155
1203.0,-357.8421349093794,-161.24328922388887
1203.5,-357.3704651617821,-161.07747048972087
1204.0,-356.89895792002864,-160.91118860916825
1204.5,-356.42760113155094,-160.74448107750584
1205.0,-355.9563690725982,-160.57742397164
1205.5,-355.4852369648103,-160.41008718271527
1206.0,-355.0141848301811,-160.24252709805327
1206.5,-354.54319684346046,-160.0747880429767
1207.0,-354.07226421690905,-159.90689321240143
1207.5,-353.601374845874,-159.7388785761221
1208.0,-353.13052593150513,-159.57075069851558
1208.5,-352.65970769570265,-159.40253569300603
1209.0,-352.1889226027396,-159.23422637986923
1209.5,-351.7181615345943,-159.06584849433636
1210.0,-351.2474248111568,-158.8973989323185
1210.5,-350.7767084322175,-158.72889125389588
1211.0,-350.30600932912614,-158.56033508827173
1211.5,-349.83532788635574,-158.3917280329723
1212.0,-349.36466117490266,-158.22307832287512
1212.5,-348.89401265961317,-158.05437843406904
1213.0,-348.4233777799516,-157.88564126597868
1213.5,-347.9527561082832,-157.71686715820596
1214.0,-347.4821477876735,-157.54805516080495
1214.5,-347.01155187541247,-157.3792056272914
1215.0,-346.5409709416135,-157.2103081535236
1215.5,-346.070403046488,-157.04136902783216
1216.0,-345.59984553526795,-156.87239558959288
1216.5,-345.12929618468223,-156.7033906266845
1217.0,-344.6587522260708,-156.53436278430863
1217.5,-344.1882129312447,-156.36531486730925
1218.0,-343.7176728131173,-156.19626268463753
1218.5,-343.24712880340314,-156.02721749893522
1219.0,-342.7765796685627,-155.8581854920996
1219.5,-342.306023452677,-155.68917259841393
1220.0,-341.8354601703762,-155.52017963916987
1220.5,-341.36488744800675,-155.35121472863557
1221.0,-340.89430027686865,-155.1822930204251
1221.5,-340.4236956254165,-155.01342398898632
1222.0,-339.9530696428163,-154.84462179117102
1222.5,-339.4824197517811,-154.67589664631842
1223.0,-339.01174894906325,-154.50723998374485
1223.5,-338.54105498772145,-154.33865782732667
1224.0,-338.0703347420542,-154.1701601425979
1224.5,-337.59959325085504,-154.00172953660723
1225.0,-337.1288297571931,-153.83336748425825
1225.5,-336.65803935559694,-153.6650870401702
1226.0,-336.1872201493923,-153.49689258007484
1226.5,-335.7163756871711,-153.32877189644034
1227.0,-335.24550479411306,-153.16072712033483
1227.5,-334.77460396383304,-152.99276821978611
1228.0,-334.3036752279662,-152.82488911112225
1228.5,-333.83271866093435,-152.65708916001233
1229.0,-333.36173348483004,-152.48936933802963
1229.5,-332.89071408539013,-152.32174194753696
1230.0,-332.41966255772576,-152.1541982494096
1230.5,-331.9485777712612,-151.98674092911958
1231.0,-331.47746159274044,-151.8193675130113
1231.5,-331.00630740632533,-151.65209533490508
1232.0,-330.5351177170958,-151.48491559419602
1232.5,-330.0638938877281,-151.31782285708536
1233.0,-329.5926344301279,-151.150819608628
1233.5,-329.1213296505105,-150.98393333249052
1234.0,-328.6499838723723,-150.81715763541803
1234.5,-328.1785954301975,-150.65049908546575
1235.0,-327.7071619942393,-150.48396454028253
1235.5,-327.2356714510717,-150.31758924289375
1236.0,-326.7641278069663,-150.15136438885386
1236.5,-326.2925282800097,-149.98530011096167
1237.0,-325.8208731348309,-149.81939931591722
1237.5,-325.34915687332034,-149.65368097208605
1238.0,-324.87738727953536,-149.488122914551
1238.5,-324.4055683251586,-149.3227134215635
1239.0,-323.93370295491684,-149.15744258551376
1239.5,-323.46179156838417,-148.99230726739464
1240.0,-322.9898336610828,-148.8273064063129
1240.5,-322.51783417941516,-148.66242440784708
1241.0,-322.0457932771703,-148.49765996706745
1241.5,-321.57371024486173,-148.33301509779807
1242.0,-321.10157898130717,-148.1685044368421
1242.5,-320.62940436412526,-148.00411216946938
1243.0,-320.1571851377858,-147.83984189381914
1243.5,-319.6849174872328,-147.67570654970544
1244.0,-319.21259745991614,-147.51172029332068
1244.5,-318.74021386748575,-147.34791707132624
1245.0,-318.26776820435964,-147.18429452980604
1245.5,-317.79525902456265,-147.02085764820677
1246.0,-317.32268493040925,-146.8576112306865
1246.5,-316.8500446839368,-146.6945610881312
1247.0,-316.37733378121527,-146.53172187696447
1247.5,-315.9045542663799,-146.3690885907507
1248.0,-315.43171228965053,-146.20664327801111
1248.5,-314.95880782526086,-146.04438453263145
1249.0,-314.4858411272502,-145.88231169019988
1249.5,-314.0128123786855,-145.72042404851013
1250.0,-313.5397170971833,-145.55873247414024
1250.5,-313.0665575318723,-145.39722694498724
1251.0,-312.5933349770938,-145.2359030615479
1251.5,-312.12004876098473,-145.07476221330754
1252.0,-311.6466946202817,-144.91381700654009
1252.5,-311.1732694059343,-144.75307752500555
1253.0,-310.6997660438727,-144.59256534658448
1253.5,-310.22618188818257,-144.4322880436006
1254.0,-309.75251733306254,-144.27224379032523
1254.5,-309.2787702519961,-144.11244124302027
1255.0,-308.80494035607796,-143.95288108503607
1255.5,-308.3310216931,-143.7935808233653
1256.0,-307.8570111685053,-143.63455202142572
1256.5,-307.3829016013005,-143.47581751780376
1257.0,-306.9086922243439,-143.3173798734477
1257.5,-306.43438698391276,-143.15922834987745
1258.0,-305.95998889727707,-143.00135457574942
1258.5,-305.4854967832127,-142.84376011885195
1259.0,-305.010910265263,-142.68644706442188
1259.5,-304.536229915465,-142.52941523179587
1260.0,-304.0614579669757,-142.37265775100894
1260.5,-303.58658549110834,-142.21620222276692
1261.0,-303.1116134763785,-142.0600494298785
1261.5,-302.6365448866084,-141.9041913679922
1262.0,-302.1613801243823,-141.7486284087627
1262.5,-301.6861233166641,-141.5933500273794
1263.0,-301.21077869105113,-141.43834361718106
1263.5,-300.7353510803002,-141.28359488784236
1264.0,-300.2598446445653,-141.12909344625953
1264.5,-299.7842648932653,-140.97482363908577
1265.0,-299.30861861759837,-140.82076462167413
1265.5,-298.832914094131,-140.66689076768694
1266.0,-298.35716034287327,-140.5131725849168
1266.5,-297.8813642880324,-140.35958864076798
1267.0,-297.4055318945754,-140.20611958017633
1267.5,-296.9296677214477,-140.05274943637465
1268.0,-296.45377631946866,-139.89946371482722
1268.5,-295.9778611372057,-139.7462506615378
1269.0,-295.5019248094839,-139.59310097207432
1269.5,-295.025968505395,-139.44000987245545
1270.0,-294.54999282627585,-139.28697555123296
1270.5,-294.07399797410426,-139.13399769054064
1271.0,-293.59798418954813,-138.98107582638298
1271.5,-293.12195615393733,-138.82819827423984
1272.0,-292.6459141131005,-138.67536417742554
1272.5,-292.1698581969454,-138.52257316361508
1273.0,-291.69378944684473,-138.36982256754376
1273.5,-291.21770874254355,-138.21711033965101
1274.0,-290.7416175835458,-138.06443342892038
1274.5,-290.26551869214916,-137.91178488657422
1275.0,-289.7894124599486,-137.75916191492686
1275.5,-289.31329792438174,-137.60656617940617
1276.0,-288.837174391057,-137.45399933373454
1276.5,-288.36104131256394,-137.3014614638244
1277.0,-287.8848978524244,-137.1489547864864
1277.5,-287.4087435566306,-136.99648290824922
1278.0,-286.9325743919127,-136.84405432651795
1278.5,-286.45638547009,-136.69168196954942
1279.0,-285.98017371897606,-136.5393759654609
1279.5,-285.503936412718,-136.3871464871303
1280.0,-285.0276699217929,-136.23500411328507
1280.5,-284.55137082072304,-136.0829606341106
1281.0,-284.0750334202221,-135.93103426481557
1281.5,-283.5986525270344,-135.7792415837623
1282.0,-283.1222257995726,-135.62759194232495
1282.5,-282.64574993618925,-135.4760974301411
1283.0,-282.16922229035964,-135.324767259041
1283.5,-281.6926406320511,-135.17360937519172
1284.0,-281.21600252898946,-135.02263225905196
1284.5,-280.73930663579165,-134.87184233354648
1285.0,-280.26255277682054,-134.72124250616724
1285.5,-279.78574197971886,-134.57082954761682
1286.0,-279.3088738786705,-134.4206042551902
1286.5,-278.8319485571287,-134.27056764736727
1287.0,-278.35496727405723,-134.12071656551996
1287.5,-277.87793070709927,-133.97105016220027
1288.0,-277.40084184641853,-133.82156195155306
1288.5,-276.9237035233556,-133.67224351610744
1289.0,-276.4465168672011,-133.52309014789122
1289.5,-275.96928450794957,-133.3740951885622
1290.0,-275.4920104847651,-133.22524496440099
1290.5,-275.0146978470793,-133.07652680059465
1291.0,-274.53735042112964,-132.9279280509068
1291.5,-274.0599716588167,-132.77943425141785
1292.0,-273.58256669580584,-132.63102682952862
1292.5,-273.1051393268314,-132.482691085469
1293.0,-272.6276918488033,-132.33441526617935
1293.5,-272.1502264879947,-132.18618662460656
1294.0,-271.6727442585872,-132.03799579876346
1294.5,-271.19524529877424,-131.88983857167565
1295.0,-270.7177288111496,-131.74171686149515
1295.5,-270.2401949511596,-131.59363146791313
1296.0,-269.7626420577614,-131.44558810427068
1296.5,-269.2850678395162,-131.29759697326355
1297.0,-268.807469664825,-131.14966912426664
1297.5,-268.32984567609805,-131.0018136189073
1298.0,-267.85219553036336,-130.8540348031587
1298.5,-267.37451801913755,-130.70633978456956
1299.0,-266.89681183502967,-130.55873535681476
1299.5,-266.4190755602159,-130.4112287359988
1300.0,-265.94130861924776,-130.26382442734513
1300.5,-265.4635105159831,-130.1165262072016
1301.0,-264.98568303699614,-129.9693306335217
1301.5,-264.5078280142989,-129.82223401245062
1302.0,-264.02994957031547,-129.67522565035932
1302.5,-263.5520510394563,-129.52829505982393
1303.0,-263.074134788115,-129.38143440972038
1303.5,-262.59620234386165,-129.23463658821433
1304.0,-262.11825531734723,-129.0878954377894
1304.5,-261.6402958096638,-128.94120306483356
1305.0,-261.16232633385135,-128.79454941617465
1305.5,-260.68434824731645,-128.64792656435037
1306.0,-260.2063626825768,-128.50132772721997
1306.5,-259.72837071635945,-128.35474716604506
1307.0,-259.25037310675594,-128.20818148447356
1307.5,-258.7723698670783,-128.06163026277972
1308.0,-258.29436072155727,-127.91509367110609
1308.5,-257.8163463292655,-127.76856963304989
1309.0,-257.33832785046604,-127.6220552278136
1309.5,-256.8603059196555,-127.47554981815452
1310.0,-256.3822811434358,-127.32905289894268
1310.5,-255.9042550066768,-127.18256158979656
1311.0,-255.42622877522936,-127.0360725450945
1311.5,-254.94820290660985,-126.88958459798366
1312.0,-254.47017754622465,-126.7430983193029
1312.5,-253.992153688872,-126.5966116817055
1313.0,-253.51413222833915,-126.45012256929057
1313.5,-253.03611381144975,-126.30363036700744
1314.0,-252.5580990902141,-126.15713348701925
1314.5,-252.08008808890162,-126.01062996654738
1315.0,-251.6020800062904,-125.86412001207826
1315.5,-251.12407276836228,-125.71760791905429
1316.0,-250.64606439246734,-125.57109896215131
1316.5,-250.16805379103235,-125.42459586983595
1317.0,-249.69004125384495,-125.27809630525913
1317.5,-249.2120270182628,-125.13159892990639
1318.0,-248.73401023863252,-124.98510568741197
1318.5,-248.25598991305827,-124.83861902451414
1319.0,-247.7779653130296,-124.69214135097819
1319.5,-247.29993640992421,-124.5456735670981
1320.0,-246.82190393634266,-124.39921368829148
1320.5,-246.3438690422977,-124.2527590429629
1321.0,-245.86583281067757,-124.10630726815133
1321.5,-245.38779583628875,-123.95985791268433
1322.0,-244.90975805483313,-123.81341227159105
1322.5,-244.43171896397135,-123.66697260671012
1323.0,-243.95367944326674,-123.52053772709115
1323.5,-243.47563980501997,-123.37410571158456
1324.0,-242.99760017589327,-123.22767503992955
1324.5,-242.51956109782074,-123.08124369075144
1325.0,-242.04152258729715,-122.93481169441594
1325.5,-241.5634843884879,-122.78837930877457
1326.0,-241.08544620775177,-122.64194625102465
1326.5,-240.60740746873842,-122.49551358429085
1327.0,-240.12936854066763,-122.34907931789995
1327.5,-239.65132964534192,-122.20264185155587
1328.0,-239.17329040078002,-122.0562031923773
1328.5,-238.69524928142184,-121.90976775285829
1329.0,-238.21720505778222,-121.76333867557551
1329.5,-237.7391576053945,-121.61691595287687
1330.0,-237.26110798584338,-121.47049790669247
1330.5,-236.78305709835607,-121.32408226961867
1331.0,-236.3050061812543,-121.17766576256095
1331.5,-235.8269566436752,-121.03124541093459
1332.0,-235.3489089242991,-120.88482029186929
1332.5,-234.87086290096298,-120.7383910588751
1333.0,-234.39281878655444,-120.59195829463879
1333.5,-233.91477753514255,-120.44552010318938
1334.0,-233.43673996643045,-120.29907370429962
1334.5,-232.9587061150524,-120.15261849627757
1335.0,-232.48067685181218,-120.00615155797026
1335.5,-232.0026531323881,-119.8596682854171
1336.0,-231.5246347173182,-119.71316834199428
1336.5,-231.0466230456206,-119.56664827851154
1337.0,-230.56861687206404,-119.42011034350773
1337.5,-230.0906145628247,-119.27355706623796
1338.0,-229.61261490555097,-119.12699039663279
1338.5,-229.13461581007851,-118.98041495497947
1339.0,-228.65661593184007,-118.83383415059092
1339.5,-228.17861447965356,-118.6872507400283
1340.0,-227.70061038372796,-118.54066825338653
1340.5,-227.22260235394072,-118.39409079453341
1341.0,-226.74458945753116,-118.24752234399725
1341.5,-226.26657104942876,-118.10096587818589
1342.0,-225.78854738185444,-117.9544211257135
1342.5,-225.310518753129,-117.80788884267045
1343.0,-224.83248649759557,-117.66136751045366
1343.5,-224.35445039024484,-117.5148585199171
1344.0,-223.87641036240433,-117.36836357333911
1344.5,-223.39836711036068,-117.22188219007289
1345.0,-222.92032137548867,-117.07541342893224
1345.5,-222.44227409700946,-116.92895596855669
1346.0,-221.96422645609965,-116.78250810960836
1346.5,-221.48617931137855,-116.63606845033912
1347.0,-221.008133317259,-116.48963450217255
1347.5,-220.53008934468707,-116.34320348730358
1348.0,-220.05204794395672,-116.19677367472934
1348.5,-219.5740089854854,-116.05034279973927
1349.0,-219.09597204815935,-115.90391109573793
1349.5,-218.61793606921884,-115.75748158357456
1350.0,-218.13989955804288,-115.6110576298567
1350.5,-217.66186163981834,-115.46464063716456
1351.0,-217.18382206913668,-115.31823053112487
1351.5,-216.7057801092022,-115.17182831348826
1352.0,-216.22773407106922,-115.02543709343568
1352.5,-215.7496836737111,-114.87905973963908
1353.0,-215.2716287739951,-114.73269666229719
1353.5,-214.79356886742033,-114.5863501092677
1354.0,-214.31550282280025,-114.44002511016963
1354.5,-213.83742979360548,-114.29372439502
1355.0,-213.35934885030807,-114.14745086329602
1355.5,-212.88125998091505,-114.00120536433714
1356.0,-212.40316418191642,-113.85498602080331
1356.5,-211.92506065860556,-113.70879569065436
1357.0,-211.44694930452462,-113.56263519450297
1357.5,-210.96883086257614,-113.41650143235474
1358.0,-210.49070581491023,-113.2703916253401
1358.5,-210.01257456705468,-113.12430311652702
1359.0,-209.53443716813956,-112.97823456514787
1359.5,-209.05629414818898,-112.83218342762366
1360.0,-208.5781461778921,-112.68614689672512
1360.5,-208.0999931833689,-112.54012426649125
1361.0,-207.62183498374574,-112.39411395750831
1361.5,-207.14367192875383,-112.24811381934683
1362.0,-206.66550407218986,-112.10212339702905
1362.5,-206.1873308333523,-111.95614404739216
1363.0,-205.70915136740226,-111.8101780000783
1363.5,-205.2309655034857,-111.66422559933709
1364.0,-204.75277343707006,-111.51828642925776
1364.5,-204.2745750476491,-111.37236156935728
1365.0,-203.79636969187644,-111.22645429536598
1365.5,-203.31815578572534,-111.08056985117706
1366.0,-202.83993211028658,-110.93471199601291
1366.5,-202.36169837366913,-110.78888302994294
1367.0,-201.88345416458972,-110.64308571239053
1367.5,-201.4051986964314,-110.49732361165856
1368.0,-200.92693113595266,-110.35160007309364
1368.5,-200.44865110577115,-110.20591693575984
1369.0,-199.97035848521332,-110.06027576417576
1369.5,-199.49204888237614,-109.9146904693863
1370.0,-199.01372349074407,-109.76915915380539
1370.5,-198.53538221576335,-109.62368186054722
1371.0,-198.05702548089826,-109.47825706091719
1371.5,-197.57865309327383,-109.33288547437809
1372.0,-197.1002641966213,-109.18756991112497
1372.5,-196.6218581915039,-109.04231173534909
1373.0,-196.1434328043094,-108.89711680239094
1373.5,-195.6649890074714,-108.75198187558638
1374.0,-195.18652759938522,-108.60690331369693
1374.5,-194.7080477767076,-108.46188298977181
1375.0,-194.22954942741308,-108.31692121354482
1375.5,-193.7510329748632,-108.1720168677559
1376.0,-193.27249865526147,-108.02716911633713
1376.5,-192.79394404512712,-107.8823846404799
1377.0,-192.31536997094375,-107.73766029578418
1377.5,-191.83677784790834,-107.59299200062058
1378.0,-191.35816727188842,-107.44838094472767
1378.5,-190.87953862095793,-107.30382634808493
1379.0,-190.40089252152643,-107.15932669180918
1379.5,-189.9222291671763,-107.01488123564532
1380.0,-189.4435474661765,-106.87049283337498
1380.5,-188.9648480449459,-106.7261598001308
1381.0,-188.48613209612586,-106.58187818140978
1381.5,-188.00739989235015,-106.43764745228336
1382.0,-187.52865113866517,-106.29346861628869
1382.5,-187.04988514568583,-106.1493438516947
1383.0,-186.57110139430262,-106.00527527256536
1383.5,-186.09229535811198,-105.86127841254213
1384.0,-185.61346927547507,-105.7173466665998
1384.5,-185.1346228541315,-105.57348174724085
1385.0,-184.65575490047274,-105.42968826374627
1385.5,-184.17686427660882,-105.28597062763907
1386.0,-183.69795022155304,-105.14233199184889
1386.5,-183.21901077420415,-104.99877966870338
1387.0,-182.74004392585036,-104.85532060699816
1387.5,-182.26105275838214,-104.71194386713358
1388.0,-181.78203634221364,-104.56865315246598
1388.5,-181.30299465183904,-104.42544937569508
1389.0,-180.82392826386337,-104.2823310422274
1389.5,-180.34483768447012,-104.13929582267185
1390.0,-179.8657174392079,-103.99636152843684
1390.5,-179.38657239136404,-103.85350995032293
1391.0,-178.9074020193427,-103.71074242126832
1391.5,-178.42820699398126,-103.56805694852481
1392.0,-177.94898797088857,-103.42545152492333
1392.5,-177.4697447578791,-103.28292646651273
1393.0,-176.990473234254,-103.14049551644041
1393.5,-176.51117612059787,-102.99814960831205
1394.0,-176.03185503111442,-102.85588344857915
1394.5,-175.55251053454174,-102.71369557283334
1395.0,-175.07314307422035,-102.5715847772188
1395.5,-174.59375284078433,-102.42955047145034
1396.0,-174.11433702684928,-102.28760362612907
1396.5,-173.63489821219662,-102.14573615817272
1397.0,-173.15543779406738,-102.0039437119226
1397.5,-172.6759562333557,-101.86222572012588
1398.0,-172.19645443171237,-101.72057998158107
1398.5,-171.7169335784981,-101.57900299129406
1399.0,-171.23739204803036,-101.43750243558637
1399.5,-170.75783210191815,-101.29607285733873
1400.0,-170.27825686378796,-101.15470374404565
1400.5,-169.79866839447462,-101.01338877737265
1401.0,-169.3190684315284,-100.87212306041525
1401.5,-168.83945804960825,-100.7309043315242
1402.0,-168.3598362757593,-100.58973906172584
1402.5,-167.88020695513976,-100.4486136964313
1403.0,-167.40057163758684,-100.30752253892366
1403.5,-166.92093126292835,-100.16646207866403
1404.0,-166.44128696101168,-100.02542788670861
1404.5,-165.96164047605947,-99.88441354269364
1405.0,-165.4819912921566,-99.74342212458536
1405.5,-165.0023392282095,-99.60244957018594
1406.0,-164.52268393865472,-99.46149442996916
1406.5,-164.04302500515956,-99.32055577158413
1407.0,-163.56336172917526,-99.17963367749725
1407.5,-163.08369163340993,-99.03873310596269
1408.0,-162.60401445496376,-98.8978518342422
1408.5,-162.12432931971534,-98.7569916945375
1409.0,-161.6446344631077,-98.61615696010364
1409.5,-161.16492842338582,-98.4753511806317
1410.0,-160.6852102092466,-98.33457676676586
1410.5,-160.20547649855735,-98.19384194161313
1411.0,-159.72572817367438,-98.05314555561354
1411.5,-159.24596481076463,-97.9124900894707
1412.0,-158.76618596016098,-97.77187808043433
1412.5,-158.2863912744694,-97.63131196883438
1413.0,-157.80657914046122,-97.49079824613978
1413.5,-157.32674605132308,-97.35035056837289
1414.0,-156.84689477554025,-97.2099608647493
1414.5,-156.36702545274312,-97.06963037126948
1415.0,-155.8871387172416,-96.9293586368945
1415.5,-155.40723523422932,-96.78914473266032
1416.0,-154.9273101086291,-96.64900501559819
1416.5,-154.44736627443297,-96.50893218757409
1417.0,-153.9674056580222,-96.36891888218108
1417.5,-153.48742966205867,-96.22896128809099
1418.0,-153.00743997834232,-96.08905456048592
1418.5,-152.5274375066832,-95.94919572784688
1419.0,-152.04742125943446,-95.80938621861122
1419.5,-151.56739557051387,-95.66961118349211
1420.0,-151.08736151062803,-95.52986648479798
1420.5,-150.6073201289732,-95.39014776382109
1421.0,-150.12727250835795,-95.2504504374867
1421.5,-149.64721970309404,-95.11077145513084
1422.0,-149.16716337101641,-94.9711044369685
1422.5,-148.68710432273153,-94.83144660072487
1423.0,-148.20704338775255,-94.69179483963364
1423.5,-147.72698159834866,-94.55214525880568
1424.0,-147.24692058474128,-94.41249183749005
1424.5,-146.76686241996882,-94.27282912963878
1425.0,-146.2868073884492,-94.13315524070943
1425.5,-145.80675618987462,-93.99346744401016
1426.0,-145.32670920220173,-93.85376405083034
1426.5,-144.84666636082878,-93.7140443507412
1427.0,-144.36662860706198,-93.5743032440582
1427.5,-143.8865951922143,-93.43454322049176
1428.0,-143.40656622054993,-93.29476325277034
1428.5,-142.9265413787352,-93.15496370388726
1429.0,-142.4465198602248,-93.0151464692376
1429.5,-141.96650049944955,-92.87531251788013
1430.0,-141.48647994832618,-92.73547377716166
1430.5,-141.00645772414384,-92.59563225825882
1431.0,-140.52643344806222,-92.45579001824343
1431.5,-140.0464067819793,-92.31594922739322
1432.0,-139.56637528133155,-92.17611396081318
1432.5,-139.0863386229358,-92.03628894944406
1433.0,-138.60629566965784,-91.8964783555375
1433.5,-138.12624568516807,-91.7566851195268
1434.0,-137.64618833072706,-91.61691112638614
1434.5,-137.1661213674446,-91.47716447722583
1435.0,-136.68604472056163,-91.33744683596959
1435.5,-136.2059581703499,-91.19776003122112
1436.0,-135.72586130938487,-91.05810585773966
1436.5,-135.2457538420746,-90.91848546293797
1437.0,-134.76563114067253,-90.77891473784166
1437.5,-134.28549525459633,-90.63938832243186
1438.0,-133.80534589310582,-90.4999075098357
1438.5,-133.32518240806095,-90.3604748429817
1439.0,-132.84500435314936,-90.22109222568938
1439.5,-132.36480673376576,-90.0817771559238
1440.0,-131.884592228876,-89.94252068810535
1440.5,-131.4043614229645,-89.80332127421899
1441.0,-130.92411381133445,-89.66418081868416
1441.5,-130.44384856282358,-89.52510211407872
1442.0,-129.96356002602366,-89.38610536568105
1442.5,-129.48325423262833,-89.24716905635294
1443.0,-129.00293144021566,-89.10829201524727
1443.5,-128.52259186810656,-88.96947329758751
1444.0,-128.04223524971582,-88.83071372862558
1444.5,-127.56185699800263,-88.69202815475516
1445.0,-127.08146338353649,-88.5533948316062
1445.5,-126.60105499500946,-88.41481164516266
1446.0,-126.12063218684945,-88.27627725634947
1446.5,-125.64019340989422,-88.13779667661878
1447.0,-125.15973771683592,-87.9993731735764
1447.5,-124.67926881789117,-87.86099434312959
1448.0,-124.19878678944892,-87.72266003613409
1448.5,-123.71829175365679,-87.58436998030461
1449.0,-123.23778168341535,-87.44613141829613
1449.5,-122.7572566542155,-87.30794444418946
1450.0,-122.27671911724795,-87.16980082492728
1450.5,-121.79616857940944,-87.03170244025648
1451.0,-121.31560423678494,-86.89365224255057
1451.5,-120.83502046771034,-86.75567012426531
1452.0,-120.35442079934678,-86.61774389602321
1452.5,-119.87380677471411,-86.47986821975195
1453.0,-119.39317867548219,-86.34204218912946
1453.5,-118.912535839457,-86.20426824381404
1454.0,-118.43187259001442,-86.0665665945391
1454.5,-117.95119330453785,-85.92892172682632
1455.0,-117.47049811658141,-85.79133311968434
1455.5,-116.98978720135942,-85.65380007858576
1456.0,-116.50905771661054,-85.51633244594527
1456.5,-116.0283110963937,-85.37892506169656
1457.0,-115.54755040093704,-85.24156734656594
1457.5,-115.06677576246432,-85.10425890004255
1458.0,-114.58598730123795,-84.96699932351783
1458.5,-114.10518261579838,-84.82979698928115
1459.0,-113.62436625886023,-84.69263575013422
1459.5,-113.1435389924019,-84.55551284427212
1460.0,-112.66270139987822,-84.41842623243998
1460.5,-112.18185321926006,-84.28137703005417
1461.0,-111.70099511252944,-84.14436343424043
1461.5,-111.22012989985693,-84.00737520197526
1462.0,-110.7392582255863,-83.87041023955437
1462.5,-110.25838071320779,-83.73346661053058
1463.0,-109.77749603417995,-83.5965496208969
1463.5,-109.29660728160293,-83.4596483446494
1464.0,-108.81571546008274,-83.32275924832432
1464.5,-108.33482119132894,-83.18588029190104
1465.0,-107.8539248600618,-83.04901070134527
1465.5,-107.37302762905652,-82.91214733784119
1466.0,-106.89213085728021,-82.77528460375703
1466.5,-106.41123538561598,-82.63841958533743
1467.0,-105.93034199745995,-82.50154963360372
1467.5,-105.44945092640707,-82.36467521262455
1468.0,-104.9685623476713,-82.22779563492253
1468.5,-104.48767687415506,-82.09090853088735
1469.0,-104.00679511808676,-81.95401159624069
1469.5,-103.52591875430731,-81.8170992041691
1470.0,-103.0450483793889,-81.68016854195619
1470.5,-102.56418305764691,-81.54322236556219
1471.0,-102.08332336856442,-81.40625885953018
1471.5,-101.60247062043818,-81.26927398658239
1472.0,-101.12162709130449,-81.1322605179832
1472.5,-100.64079063942286,-80.99522491073462
1473.0,-100.15996183450137,-80.85816505811736
1473.5,-99.67914118401303,-80.7210790541635
1474.0,-99.19833146964203,-80.58395758987298
1474.5,-98.71753125798487,-80.44680589524626
1475.0,-98.23674053374276,-80.30962407426578
1475.5,-97.75595988356835,-80.17241035120354
1476.0,-97.27519203225233,-80.03515633330663
1476.5,-96.79443839710613,-79.8978561998482
1477.0,-96.31369675733494,-79.76051679990921
1477.5,-95.83296775831143,-79.62313565499683
1478.0,-95.35225331626945,-79.48570594017721
1478.5,-94.8715584274402,-79.34821130955416
1479.0,-94.39087829430673,-79.21066798214018
1479.5,-93.91021312484816,-79.0730744207651
1480.0,-93.42956312682637,-78.93542901703417
1480.5,-92.94893509389598,-78.79770856366241
1481.0,-92.46832443284816,-78.6599290185156
1481.5,-91.98773090231445,-78.5220909340311
1482.0,-91.5071549439934,-78.38419273468183
1482.5,-91.02660254726736,-78.24621470026888
1483.0,-90.54607086466875,-78.10816727744198
1483.5,-90.06555738968254,-77.97005934374553
1484.0,-89.58506224881774,-77.83189103850177
1484.5,-89.10458920312398,-77.69365124969721
1485.0,-88.62413962442339,-77.55533525373772
1485.5,-88.14370864989908,-77.41695948435725
1486.0,-87.66329664977076,-77.27852330548654
1486.5,-87.18290667047619,-77.14001782697137
1487.0,-86.70254527444895,-77.0014218634524
1487.5,-86.22220397753674,-76.86276242525484
1488.0,-85.74188276551453,-76.72404024359709
1488.5,-85.26158265944333,-76.58525306416931
1489.0,-84.78131268634223,-76.44637209473538
1489.5,-84.3010645020677,-76.30742376835897
1490.0,-83.82083780153974,-76.16840740471625
1490.5,-83.34063220424152,-76.02932245891023
1491.0,-82.86045466683406,-75.89014403870941
1491.5,-82.38029703848116,-75.75090064336422
1492.0,-81.90015803597004,-75.61159495685214
1492.5,-81.42003680252702,-75.47222845283065
1493.0,-80.93993751580877,-75.33278469130265
1493.5,-80.45985273856581,-75.19328668817417
1494.0,-79.97977976217882,-75.05374380052037
1494.5,-79.49971719040107,-74.91416078563137
1495.0,-79.0196660703163,-74.7745337964491
1495.5,-78.5396206633805,-74.63488199592005
1496.0,-78.05957911496012,-74.49521333698733
1496.5,-77.57954042837066,-74.35553213354866
1497.0,-77.09950343042651,-74.21584376355783
1497.5,-76.61946523160867,-74.07615918938586
1498.0,-76.1394246508493,-73.93648363906804
1498.5,-75.65938065263292,-73.79682125552114
1499.0,-75.17932989758222,-73.6571840716508
1499.5,-74.69927220874813,-73.51757560075977
1500.0,-74.21920807921315,-73.37799493438625
1500.5,-73.73913713689869,-73.23844393815877
1501.0,-73.25905654217426,-73.0989336558749
1501.5,-72.77896560300869,-72.95946504253219
1502.0,-72.29886614502202,-72.8200308819883
1502.5,-71.8187584106949,-72.68063075872558
1503.0,-71.33864061984555,-72.5412749280062
1503.5,-70.85851339405066,-72.40196014870067
1504.0,-70.37837802548583,-72.2626803229641
1504.5,-69.89823440505268,-72.1234355143147
1505.0,-69.41807963684136,-71.98423683784736
1505.5,-68.93791648193215,-71.8450755579138
1506.0,-68.45774669198687,-71.70594412011246
1506.5,-67.97757061356214,-71.56684106684462
1507.0,-67.49738669704644,-71.4277731313933
1507.5,-67.01719639303737,-71.28873423343514
1508.0,-66.53700132664542,-71.14971729097924
1508.5,-66.05680215635782,-71.0107196550071
1509.0,-65.57659949033791,-70.8717405589022
1509.5,-65.09639420335223,-70.73277450313626
1510.0,-64.61618641581818,-70.5938187182492
1510.5,-64.13597604567822,-70.45487217071458
1511.0,-63.655762377667834,-70.31593671122415
1511.5,-63.17554712371463,-70.17700681705246
1512.0,-62.695330449874426,-70.03808206554076
1512.5,-62.215112388459744,-69.89916240414001
1513.0,-61.73489163613307,-69.76024816549727
1513.5,-61.25467013978528,-69.62133499025099
1514.0,-60.77444801402594,-69.48242248466322
1514.5,-60.29422533696626,-69.3435102795764
1515.0,-59.814001682781594,-69.20460047267602
1515.5,-59.33377734797492,-69.06569442356985
1516.0,-58.85355223519849,-68.92679264450182
1516.5,-58.373326101322355,-68.7878962960606
1517.0,-57.89309911686156,-68.64900876527078
1517.5,-57.412871284373686,-68.51012902311457
1518.0,-56.932642279564575,-68.3712589919224
1518.5,-56.452411162903275,-68.23240478960389
1519.0,-55.9721785070799,-68.09356761616539
1519.5,-55.49194501384237,-67.95474306801239
1520.0,-55.01171071407017,-67.8159311772901
1520.5,-54.53147513914086,-67.67713616001413
1521.0,-54.05123760277605,-67.53836100881792
1521.5,-53.570999540234716,-67.39960047904242
1522.0,-53.09076143813958,-67.26085397222214
1522.5,-52.610523391314565,-67.12212769264572
1523.0,-52.13028580804783,-66.98341604078085
1523.5,-51.65004902650775,-66.84471544838604
1524.0,-51.169813340752114,-66.70602458626855
1524.5,-50.68957996070685,-66.56734991411409
1525.0,-50.20934847608108,-66.42868503532209
1525.5,-49.72911843153473,-66.29003065797588
1526.0,-49.24888942149529,-66.1513891340246
1526.5,-48.76866158209879,-66.01276331768993
1527.0,-48.28843517262601,-65.87414699457176
1527.5,-47.808210246405366,-65.7355398978441
1528.0,-47.327987110164905,-65.59694410336209
1528.5,-46.84776429454836,-65.45836138447397
1529.0,-46.36754152562484,-65.31978770951321
1529.5,-45.88731889440641,-65.18122219388354
1530.0,-45.40709749729744,-65.04266419889163
1530.5,-44.926877457052726,-64.90411024217711
1531.0,-44.446658104193546,-64.76555927557759
1531.5,-43.966439146312744,-64.62701100560602
1532.0,-43.486221578935854,-64.48846694789535
1532.5,-43.00600684206962,-64.3499190753963
1533.0,-42.525795114897456,-64.2113655926807
1533.5,-42.045587036359926,-64.07280351361533
1534.0,-41.56538320445735,-63.93422946126644
1534.5,-41.085182319080936,-63.795645213387886
1535.0,-40.60498539215838,-63.65704774220819
1535.5,-40.1247957055257,-63.518427423569825
1536.0,-39.644615717649636,-63.37977769018564
1536.5,-39.164442903428196,-63.24110756377992
1537.0,-38.684277191929574,-63.102417474816875
1537.5,-38.20412067586614,-62.96370079970046
1538.0,-37.72397301140567,-62.82495551449044
1538.5,-37.2438333168982,-62.68618717024165
1539.0,-36.76370190901108,-62.54739607666352
1539.5,-36.28358180133504,-62.40857425801608
1540.0,-35.80347110457652,-62.26972921030875
1540.5,-35.32336884859852,-62.130864806844485
1541.0,-34.843275049961385,-61.9919821107778
1541.5,-34.36319295667193,-61.853074945379
1542.0,-33.88311979919401,-61.71414700006519
1542.5,-33.40305518613811,-61.575198687032064
1543.0,-32.92299933716971,-61.43622895025983
1543.5,-32.44295502450641,-61.29723146217429
1544.0,-31.962918496606328,-61.158216958165326
1544.5,-31.482889756991028,-61.01918472880589
1545.0,-31.0028694877706,-60.88013212701373
1545.5,-30.522859751931836,-60.74104945813418
1546.0,-30.042857348953945,-60.60194677047645
1546.5,-29.56286250721518,-60.462823729028926
1547.0,-29.082876528739032,-60.323677159342786
1547.5,-28.602901007513832,-60.18450061594988
1548.0,-28.122932053940488,-60.04530548142238
1548.5,-27.64296970902516,-59.90609216447084
1549.0,-27.1630151536568,-59.766858326725306
1549.5,-26.68306859352269,-59.627601201729306
1550.0,-26.203127922111992,-59.48832928992743
1550.5,-25.72319337467716,-59.34904313628499
1551.0,-25.24326610130405,-59.209741468460486
1551.5,-24.763347239854756,-59.0704251316151
1552.0,-24.283434314658074,-58.931098778940886
1552.5,-23.803527337895144,-58.79176219411926
1553.0,-23.32362684234304,-58.65241406351096
1553.5,-22.8437355428574,-58.513048942699164
1554.0,-22.36385008592631,-58.37367366853276
1554.5,-21.88396993624735,-58.23428860397802
1555.0,-21.40409455975573,-58.094893895047214
1555.5,-20.924226950989038,-57.95547979430496
1556.0,-20.444364747767874,-57.81605145912831
1556.5,-19.96450724636018,-57.67661002903561
1557.0,-19.484653863719288,-57.53715626147217
1557.5,-19.00480622685279,-57.397683257110586
1558.0,-18.52496215883601,-57.258193599411584
1558.5,-18.045122128029337,-57.118690037262134
1559.0,-17.565286493597835,-56.97917294426262
1559.5,-17.08545585669165,-56.83963906400206
1560.0,-16.605630004548086,-56.700084190810394
1560.5,-16.125809699536177,-56.56050994077389
1561.0,-15.645995362542157,-56.42091686339695
1561.5,-15.16618709052278,-56.28130655472102
1562.0,-14.68638722808657,-56.141678985448245
1562.5,-14.206593797875437,-56.00203898017186
1563.0,-13.726806263460812,-55.86238876800504
1563.5,-13.247025249915579,-55.72272779904078
1564.0,-12.767253795069303,-55.58305038027462
1564.5,-12.287495925051841,-55.44335054472444
1565.0,-11.807746699702532,-55.30363723209799
1565.5,-11.328005043783616,-55.16391235164594
1566.0,-10.848270602131306,-55.0241764365634
1566.5,-10.368545984327337,-54.8844248655985
1567.0,-9.888831961914725,-54.74465672135654
1567.5,-9.409127131324283,-54.604872761368306
1568.0,-8.929431454406949,-54.46507326285842
1568.5,-8.44974466971156,-54.32525949911044
1569.0,-7.970066903707996,-54.185433129698794
1569.5,-7.490397692318075,-54.04559587139098
1570.0,-7.010734591329318,-53.905752283373815
1570.5,-6.5310783863418855,-53.765902714523186
1571.0,-6.051429663433393,-53.62604597182345
1571.5,-5.571788426603152,-53.48617931237372
1572.0,-5.092155768955415,-53.346299898762176
1572.5,-4.612529810895001,-53.20640978740524
1573.0,-4.132909497237533,-53.066509537741226
1573.5,-3.653293801813873,-52.92660272043254
1574.0,-3.1736822529896873,-52.78669316148078
1574.5,-2.694075947427912,-52.64678144713216
1575.0,-2.214475404242271,-52.50687100205461
1575.5,-1.7348805789539778,-52.36695507337244
1576.0,-1.2552898530957635,-52.227036449985306
1576.5,-0.7757016183599759,-52.087116822015915
1577.0,-0.29611563089131393,-51.94719530403195
1577.5,0.18346617418384437,-51.807267702471094
1578.0,0.6630429096550136,-51.6673285628667
1578.5,1.1426157576020177,-51.5273724819822
1579.0,1.6221825689728384,-51.387394995769945
1579.5,2.101741838737763,-51.247392653042176
1580.0,2.5812935561611163,-51.10736393223646
1580.5,3.060837650027651,-50.967306810000466
1581.0,3.540371868752972,-50.82721559749264
1581.5,4.019893032178955,-50.68707852811449
1582.0,4.499400665324497,-50.54689701175682
1582.5,4.978894717959918,-50.406676699934664
1583.0,5.458374788255778,-50.26641837889058
1583.5,5.937840567258283,-50.12612347275393
1584.0,6.417292037000641,-49.98579513853486
1584.5,6.896729119056714,-49.84543748202351
1585.0,7.376151299549692,-49.70505361896066
1585.5,7.855559852310651,-49.56464644204665
1586.0,8.334952462502402,-49.424213936548334
1586.5,8.814329814158492,-49.28376002304097
1587.0,9.29369252174405,-49.143285535835446
1587.5,9.773040691655876,-49.00279127722323
1588.0,10.252374459228909,-48.86227899757405
1588.5,10.731694400396632,-48.72174968004485
1589.0,11.211000530182142,-48.581203612841406
1589.5,11.690291420141365,-48.440641367964844
1590.0,12.169566227687632,-48.3000641847422
1590.5,12.648828912132727,-48.15948090445796
1591.0,13.128082874453675,-48.018896188767265
1591.5,13.60732971207188,-47.87831446826997
1592.0,14.086571334824482,-47.737742849108685
1592.5,14.565809297772281,-47.59718395519165
1593.0,15.04504544649876,-47.4566415230469
1593.5,15.524283826733509,-47.316122006997176
1594.0,16.003528425023287,-47.17563316252433
1594.5,16.482782148595504,-47.03518092768152
1595.0,16.962048994534726,-46.89477097759688
1595.5,17.441332596210568,-46.75441020959895
1596.0,17.9206334097635,-46.61410583421266
1596.5,18.39995278662572,-46.47386662856228
1597.0,18.879295668502337,-46.333703175697835
1597.5,19.35866505552142,-46.19362537416951
1598.0,19.83806092162049,-46.0536375556059
1598.5,20.317481254985125,-45.91373903501381
1599.0,20.796925051495077,-45.773933430371116
1599.5,21.27639178246937,-45.634226093018185
1600.0,21.75588253600458,-45.49462555263207
1600.5,22.235400822782438,-45.35513422454467
1601.0,22.714945491389052,-45.21575546992985
1601.5,23.194517602011636,-45.07649419499812
1602.0,23.674122222266817,-44.93736113377413
1602.5,24.1537597117155,-44.7983589828617
1603.0,24.633433827586362,-44.65949823416878
1603.5,25.113148243833596,-44.52077546973454
1604.0,25.592900509322938,-44.38218732106775
1604.5,26.072696220691586,-44.24375173002751
1605.0,26.552539311203212,-44.10548066194762
1605.5,27.03243224389883,-43.96737978999801
1606.0,27.512378964060183,-43.82945273435377
1606.5,27.99237822445721,-43.6916951215537
1607.0,28.472425748187117,-43.55410215767021
1607.5,28.952522745038667,-43.4166689857568
1608.0,29.43266316027217,-43.27938210387782
1608.5,29.912842272834023,-43.142240801730324
1609.0,30.393061919634782,-43.005242408729394
1609.5,30.873317539180583,-42.86837569183408
1610.0,31.35360178849635,-42.73163582010126
1610.5,31.83391443404627,-42.59501941597438
1611.0,32.314252281523956,-42.458516298282376
1611.5,32.79461249320258,-42.32212535551771
1612.0,33.27499535119835,-42.18584661598701
1612.5,33.75539850837458,-42.04967523216217
1613.0,34.23581876135758,-41.91360550414252
1613.5,34.716254331704526,-41.777633141485246
1614.0,35.19670310099441,-41.64175258078211
1614.5,35.67716514886317,-41.50596229194497
1615.0,36.1576429462098,-41.370260812156964
1615.5,36.638135720301754,-41.23464272679287
1616.0,37.11863960385902,-41.09909696681673
1616.5,37.59915252483407,-40.96361700830752
1617.0,38.07967648373511,-40.82820115974526
1617.5,38.56020695219926,-40.69284188207808
1618.0,39.04074589840618,-40.5575310507889
1618.5,39.521294880503035,-40.42226538847649
1619.0,40.0018533363821,-40.28703643534758
1619.5,40.482417736899826,-40.151830146175165
1620.0,40.962986053086304,-40.01662840611587
1620.5,41.44355428490653,-39.88142396221258
1621.0,41.9241188009369,-39.74621501932465
1621.5,42.40467886296146,-39.61099940190954
1622.0,42.88523361235622,-39.47577223319598
1622.5,43.36578175164372,-39.34053533266006
1623.0,43.84632444280782,-39.205286667005524
1623.5,44.326861361920265,-39.0700271414152
1624.0,44.807389607652354,-38.9347607315737
1624.5,45.28791145646527,-38.79949055373686
1625.0,45.76842480205065,-38.66422262622959
1625.5,46.24892681018967,-38.5289630284394
1626.0,46.72941754215259,-38.393713419548554
1626.5,47.20989934486571,-38.25847534299213
1627.0,47.69037439400324,-38.12325136547417
1627.5,48.17084542629411,-37.98804411126644
1628.0,48.65131606165624,-37.852855700543266
1628.5,49.13178954293578,-37.717684869931695
1629.0,49.61226854097034,-37.582527886378244
1629.5,50.092756046948196,-37.4473873348729
1630.0,50.57325507954233,-37.31226415193355
1630.5,51.05376847852075,-37.17716210612744
1631.0,51.53429600202714,-37.042079621378015
1631.5,52.014836331986615,-36.907010568462994
1632.0,52.49538979509459,-36.77195353296834
1632.5,52.97595307676605,-36.63690035151919
1633.0,53.45652392341712,-36.501849223610094
1633.5,53.93709790811172,-36.3667962918636
1634.0,54.417669726716724,-36.23173472647188
1634.5,54.89824207023292,-36.09665903247425
1635.0,55.37880879045369,-35.96156912005529
1635.5,55.859357053457906,-35.826468900363096
1636.0,56.33988673346122,-35.69136263073018
1636.5,56.82040032008337,-35.5562536981987
1637.0,57.300890744988855,-35.42114011535868
1637.5,57.78136026061901,-35.286011179963985
1638.0,58.261817874594286,-35.15087028983195
1638.5,58.74225552522019,-35.01572659784762
1639.0,59.22265986544063,-34.88057076526897
1639.5,59.70303908754254,-34.74540826177646
1640.0,60.18339507763236,-34.61024084341
1640.5,60.663730381609255,-34.47506346864025
1641.0,61.14405473749943,-34.33986929401647
1641.5,61.62437130344849,-34.2046621230514
1642.0,62.104675955556836,-34.06943464756219
1642.5,62.58496964823462,-33.93418964770563
1643.0,63.06525442684984,-33.79893101459067
1643.5,63.54554276385026,-33.663656294411744
1644.0,64.0258376355859,-33.52837196962876
1644.5,64.50614361534504,-33.39310110812322
1645.0,64.98645649974533,-33.25785232126171
1645.5,65.46677981459598,-33.12262800482723
1646.0,65.94711143920202,-32.98743362434783
1646.5,66.42744932367994,-32.85226189546585
1647.0,66.9077929755549,-32.71711969563062
1647.5,67.38813433373728,-32.5820030260512
1648.0,67.86846031172624,-32.446907763126596
1648.5,68.34877925662622,-32.31183551702879
1649.0,68.82910244770079,-32.17679138257597
1649.5,69.309438936219,-32.04177911725709
1650.0,69.78978894055389,-31.906773926508254
1650.5,70.27014409634292,-31.771780687307103
1651.0,70.75050179982188,-31.636794510573292
1651.5,71.2308724719684,-31.50182157683534
1652.0,71.71125064262112,-31.366843570183455
1652.5,72.19162225897212,-31.231862866513634
1653.0,72.67198254296586,-31.0968785824529
1653.5,73.15231911098661,-30.961894591515893
1654.0,73.63262877407479,-30.826908423960028
1654.5,74.112919610523,-30.691915784539496
1655.0,74.59320271108247,-30.556917614790592
1655.5,75.07347855846567,-30.421918141618015
1656.0,75.55374933181119,-30.286916639122076
1656.5,76.03401056875535,-30.15190992198767
1657.0,76.51424589634189,-30.01690336643468
1657.5,76.99445075242534,-29.88189753318386
1658.0,77.4746332400364,-29.746881314946233
1658.5,77.95480718718014,-29.611842416549795
1659.0,78.4349848656008,-29.47678414616211
1659.5,78.91517178751711,-29.341713108764964
1660.0,79.39535794489612,-29.20663595329246
1660.5,79.87554186888772,-29.071566230263628
1661.0,80.35574655341999,-28.936507173619628
1661.5,80.83598985965338,-28.801456930075048
1662.0,81.31625061295172,-28.666423940559866
1662.5,81.79651071006447,-28.531403167433606
1663.0,82.27676216682258,-28.396401732529025
1663.5,82.75700988632074,-28.26141755704142
1664.0,83.23725809345923,-28.126452710741308
1664.5,83.71752477860485,-27.99149363256519
1665.0,84.1978068352036,-27.856533686357867
1665.5,84.67809323032435,-27.721568405703685
1666.0,85.1583694537044,-27.586588715637767
1666.5,85.63863636352202,-27.45159434734598
1667.0,86.11888952337607,-27.31658487713016
1667.5,86.59914119961759,-27.181560953101748
1668.0,87.0794080806566,-27.046510862641043
1668.5,87.55969266312749,-26.91142758093392
1669.0,88.04000524540074,-26.776298194410263
1669.5,88.52033480716159,-26.64111100705242
1670.0,89.00067269645228,-26.505874861357913
1670.5,89.48100925448006,-26.370598081472796
1671.0,89.96135087705194,-26.235278918319533
1671.5,90.44168039396446,-26.099920407891368
1672.0,90.92200741336106,-25.9645117852754
1672.5,91.40233977495147,-25.829037073234684
1673.0,91.8826822325513,-25.693500464964075
1673.5,92.36301962237236,-25.557900359741836
1674.0,92.84335488524891,-25.422221581229447
1674.5,93.32369120061418,-25.28647258454574
1675.0,93.8040234765865,-25.150655038744645
1675.5,94.2843526399188,-25.014764535882858
1676.0,94.76467215553096,-24.878806032822663
1676.5,95.2449755862764,-24.74279050235398
1677.0,95.72525721218071,-24.60670457574566
1677.5,96.20553906735404,-24.47053672053706
1678.0,96.68583878873453,-24.33427662357951
1678.5,97.16615134245461,-24.197915191806416
1679.0,97.6464600140607,-24.06144950705877
1679.5,98.12675076472487,-23.924911531208956
1680.0,98.60702036880201,-23.788302685405753
1680.5,99.08726712114242,-23.651645426220473
1681.0,99.56750239729811,-23.514941278531847
1681.5,100.04774603004553,-23.378214059678022
1682.0,100.52801313164106,-23.24147285211194
1682.5,101.00831064640793,-23.104725665650008
1683.0,101.4886349432142,-22.96796535659583
1683.5,101.96897209051953,-22.83119740158441
1684.0,102.44929726870271,-22.694416552828663
1684.5,102.9296055543471,-22.557623291360485
1685.0,103.40990019522468,-22.420793459972145
1685.5,103.89019963828373,-22.28389499280436
1686.0,104.3704970595361,-22.146874006478882
1686.5,104.85077312238533,-22.00970754476168
1687.0,105.33102242034286,-21.872403928282562
1687.5,105.81122860989942,-21.73496294900416
1688.0,106.29139342440511,-21.597370330668625
1688.5,106.77152382669827,-21.45960829934069
1689.0,107.25161497494925,-21.32164514590807
1689.5,107.73165503548182,-21.183471587420495
1690.0,108.21163984550353,-21.045068672790546
1690.5,108.69155328778139,-20.90639121535269
1691.0,109.17138787553402,-20.7673959212436
1691.5,109.65113399754051,-20.62801229185029
1692.0,110.13076992475466,-20.48816494114745
1692.5,110.61028213933191,-20.347823693343607
1693.0,111.08965172295389,-20.20695073136613
1693.5,111.56885539648685,-20.06553181551575
1694.0,112.04788894329481,-19.923540067547506
1694.5,112.52674138967414,-19.78091757871238
1695.0,113.0053945853936,-19.63757321366084
1695.5,113.48383160171501,-19.493439496117492
1696.0,113.96202363652087,-19.3484409496184
1696.5,114.4399247864749,-19.202465825558264
1697.0,114.91749614439095,-19.05536736959726
1697.5,115.39468780240588,-18.907025885423668
1698.0,115.87143283910918,-18.757270491526928
1698.5,116.34764626637444,-18.605843478006495
1699.0,116.8232336558385,-18.452453901208774
1699.5,117.29809758112675,-18.296752694430914
1700.0,117.77219616161311,-18.138657442366338
1700.5,118.24547933403042,-17.97810318942035
1701.0,118.71786137811527,-17.8149206357473
1701.5,119.18922584368765,-17.6488415739188
1702.0,119.65940292059831,-17.479410430733125
1702.5,120.12823789761534,-17.30623317196977
1703.0,120.59567644582272,-17.129279325974426
1703.5,121.0616181114723,-16.948425945639794
1704.0,121.5258844881241,-16.763317071411777
1704.5,121.98829694639383,-16.573617195285074
1705.0,122.44866260290037,-16.378977442568786
1705.5,122.90677731315354,-16.179046382720745
1706.0,123.36254842996448,-15.973794931030488
1706.5,123.8158810590027,-15.763197572493308
1707.0,124.26665120961741,-15.547162557681823
1707.5,124.71466375374767,-15.32545469658906
1708.0,125.15969292474425,-15.097788003041924
1708.5,125.6015529730945,-14.863998539290032
1709.0,126.03997710364236,-14.62379118011178
1709.5,126.47493275910045,-14.377349952848723
1710.0,126.90621596640781,-14.124545519573402
1710.5,127.33337373590264,-13.86484003357796
1711.0,127.7558237671874,-13.59752539095478
1711.5,128.17327979946032,-13.322446325710478
1712.0,128.58556955990235,-13.039655199243162
1712.5,128.99275639163142,-12.749550327131105
1713.0,129.3948683194472,-12.452460166722895
1713.5,129.79142332778767,-12.148006736978713
1714.0,130.18170808397025,-11.835564412093106
1714.5,130.56479852385797,-11.514336358786071
1715.0,130.9398668649315,-11.183763888871184
1715.5,131.30629163955973,-10.843620782687527
1716.0,131.66391141389812,-10.49422649832848
1716.5,132.01247067130905,-10.135796427850828
1717.0,132.3511506798195,-9.768024679149223
1717.5,132.67877382661456,-9.390374248941525
1718.0,132.9945094697942,-9.00273082312312
1718.5,133.29763597941553,-8.605147371252945
1719.0,133.58764253546653,-8.197892254812587
1719.5,133.86413408711925,-7.781339786782204
1720.0,134.12644875689142,-7.355716914264302
1720.5,134.3741732697591,-6.921442917361905
1721.0,134.6070589368134,-6.479037643531898
1721.5,134.8244663429646,-6.028824391849203
1722.0,135.02552681737734,-5.571076633257533
1722.5,135.20977981893188,-5.1063077880902235
1723.0,135.37730769213303,-4.635250460258951
1723.5,135.528311628988,-4.158636902144585
1724.0,135.66262433388562,-3.677056181415804
1724.5,135.78037343783345,-3.191164285576126
1725.0,135.88111075783993,-2.7014626017205163
1725.5,135.9648305707661,-2.2085640546721383
1726.0,136.03240905177597,-1.7131900224936576
1726.5,136.08392301922524,-1.215885355058135
1727.0,136.1210695802684,-0.7172940000571341
1727.5,136.1450932390606,-0.2178972930462639
1728.0,136.15603841506103,0.281958842969273
1728.5,136.1552930901172,0.7819383237807537
1729.0,136.14356790504846,1.2817815321795134
1729.5,136.12046874707198,1.7812272674356893
1730.0,136.08624324390968,2.280036701467564
1730.5,136.04139413477196,2.778005755543688
1731.0,135.98534789154286,3.2748390682845594
1731.5,135.91769595616532,3.7702270861846605
1732.0,135.83890541096468,4.2639664362433445
1732.5,135.74896231727877,4.75579557581762
1733.0,135.64764445034098,5.245407742679854
1733.5,135.53444212014506,5.732408428459039
1734.0,135.4086479684987,6.216307735626235
1734.5,135.26987205501646,6.696644228599896
1735.0,135.11815269648528,7.173050433372318
1735.5,134.95430430727902,7.645424612164349
1736.0,134.77931283448885,8.113787547528787
1736.5,134.59277622946388,8.57767253500612
1737.0,134.39407748619232,9.036478738889732
1737.5,134.18234186257624,9.489413160161392
1738.0,133.9573653747129,9.935913314026292
1738.5,133.71992938937854,10.375910429679992
1739.0,133.47082731891348,10.809409880936725
1739.5,133.2104462478223,11.236231583122478
1740.0,132.93882003175813,11.655987118495199
1740.5,132.65582104545888,12.068160971568052
1741.0,132.36134014992962,12.472207458832571
1741.5,132.0550175863938,12.867345985995227
1742.0,131.73715739108326,13.253259044660835
1742.5,131.40826996950327,13.629815508622148
1743.0,131.06916148386983,13.997197147347876
1743.5,130.720452336903,14.355485337812175
1744.0,130.36244673234611,14.704490469702696
1744.5,129.9950777070464,15.043626420268874
1745.0,129.6182396466653,15.37220441025548
1745.5,129.23200769339218,15.689679563547148
1746.0,128.83678470408802,15.995879310636607
1746.5,128.43351390592068,16.291401693896233
1747.0,128.02311195691672,16.576946703585918
1747.5,127.60584147077824,16.85236274124101
1748.0,127.18182078417156,17.117269869442367
1748.5,126.75115582676503,17.37122334248431
1749.0,126.3139826923646,17.61378027457965
1749.5,125.87100533399551,17.845549144916017
1750.0,125.42316859563628,18.067779786500875
1750.5,124.97098122861544,18.281014314394966
1751.0,124.51480436065145,18.485565071952607
1751.5,124.05513148610139,18.682130620025642
1752.0,123.59228551341336,18.8710882386907
1752.5,123.12650401013842,19.052647489639604
1753.0,122.65818812575407,19.227523792426517
1753.5,122.1876641755746,19.396337898685093
1754.0,121.71511907420552,19.559384645140494
1754.5,121.24076909918584,19.71710270738777
1755.0,120.76479788199313,19.86987232581875
1755.5,120.28722057782221,20.017527083116352
1756.0,119.8081327443146,20.160150614208295
1756.5,119.3277329356687,20.298224158749782
1757.0,118.84618489226324,20.432175766588465
1757.5,118.36365569632288,20.562499351363865
1758.0,117.88028049612431,20.68964361015761
1758.5,117.39609063540881,20.81364385268184
1759.0,116.91107344982994,20.934335188741994
1759.5,116.42530450478581,21.051921954769213
1760.0,115.93882584307643,21.166500840504817
1760.5,115.45164921364358,21.277995404446852
1761.0,114.96385451402281,21.3866817814051
1761.5,114.47544906849255,21.49249626803411
1762.0,113.9865243239572,21.595816513201843
1762.5,113.49707476198297,21.6965247754908
1763.0,113.00717376968794,21.794962245084687
1763.5,112.51681374719263,21.89109031249832
1764.0,112.0260361485184,21.98508033855937
1764.5,111.5348219502474,22.076755839894382
1765.0,111.04319184236917,22.16611178857876
1765.5,110.55116260979753,22.253116331959763
1766.0,110.05874064362565,22.337672069922277
1766.5,109.5659951210873,22.420282681194085
1767.0,109.07295163573801,22.501149943802528
1767.5,108.57961192103419,22.580254224020397
1768.0,108.08599669352107,22.65756866901341
1768.5,107.59212786585624,22.73313500904778
1769.0,107.09802054061328,22.8070265485657
1769.5,106.60369413212308,22.87932476265268
1770.0,106.10917730604365,22.95026077166082
1770.5,105.61449174933377,23.020026797244462
1771.0,105.1196524166888,23.088634097318955
1771.5,104.62466978420758,23.156044567369193
1772.0,104.12955618175253,23.222329004068904
1772.5,103.63432398075214,23.287610805658733
1773.0,103.13899386576993,23.352041053951627
1773.5,102.64357661394783,23.41580464040905
1774.0,102.1480778463996,23.478966485476352
1774.5,101.65251015303235,23.54151721920592
1775.0,101.15689035429747,23.60348593619988
1775.5,100.66122833029598,23.66498253147492
1776.0,100.16553206833383,23.726080759176007
1776.5,99.66980731756958,23.786842662358936
1777.0,99.17404776783572,23.8473126485391
1777.5,98.67825416546884,23.90751199843947
1778.0,98.18243080799486,23.967456377187872
1778.5,97.68658108864066,24.027165239651634
1779.0,97.19071401903074,24.086645369251304
1779.5,96.69483179881006,24.145915157091633
1780.0,96.19893898367232,24.204985930555818
1780.5,95.70304149848367,24.263885352517175
1781.0,95.20713897974494,24.322621059778296
1781.5,94.71122976407334,24.381202685129427
1782.0,94.21532207035249,24.43964280905893
1782.5,93.71941497902012,24.497941216739495
1783.0,93.22349945112134,24.556104960965747
1783.5,92.72758052782379,24.614134300169482
1784.0,92.23166219514928,24.67203130977076
1784.5,91.73573857655161,24.729796761152215
1785.0,91.23981382850079,24.787398406410166
1785.5,90.74388916138948,24.844833137790065
1786.0,90.24796420770826,24.902094291998203
1786.5,89.75203859173742,24.95918408738418
1787.0,89.25611705883935,25.016108179849393
1787.5,88.76018151088695,25.0728609145319
1788.0,88.2642297169274,25.129440617857007
1788.5,87.76826151772532,25.185848778310177
1789.0,87.27227681780067,25.24208532604693
1789.5,86.77627920788457,25.298134817136607
1790.0,86.28027674876864,25.35398849999518
1790.5,85.78425940473072,25.40965733278234
1791.0,85.28822463521212,25.46514492428956
1791.5,84.79217416109942,25.520435680862235
1792.0,84.29610566152161,25.57553476718482
1792.5,83.8000180014071,25.63044444894708
1793.0,83.30391763762377,25.685157908335427
1793.5,82.80780042774337,25.73966574710399
1794.0,82.31166034278928,25.793986757697386
1794.5,81.81549646519731,25.848111071914232
1795.0,81.31931435007625,25.902017987198036
1795.5,80.8231163213525,25.955733800608932
1796.0,80.32690403738489,26.009248527051234
1796.5,79.83067835981414,26.062536097622644
1797.0,79.3344378779292,26.115625174009736
1797.5,78.83818247866468,26.168509601909214
1798.0,78.34191513165109,26.22119482862603
1798.5,77.84562625118171,26.273703537831715
1799.0,77.34931073259978,26.32600603215076
1799.5,76.85297329464412,26.37812626410098
1800.0,76.35661416956201,26.430056583601317
1800.5,75.8602390600472,26.48177272977836
1801.0,75.36385616120751,26.5332966850467
1801.5,74.86744737419109,26.584621641101723
1802.0,74.37102090102371,26.63577886868511
1802.5,73.87457668873321,26.686754502050032
1803.0,73.378106958669,26.737584068562963
1803.5,72.8816147349336,26.788272068786174
1804.0,72.38510523192863,26.83881611821273
1804.5,71.88857629553426,26.889239477051504
1805.0,71.392029086986,26.93953697367418
1805.5,70.89547352773849,26.98972464069735
1806.0,70.39890497215872,27.039810242449757
1806.5,69.90232836525612,27.08981289764185
1807.0,69.40574010505358,27.139729274847404
1807.5,68.90914983549568,27.189574259663996
1808.0,68.41255748986046,27.239357479290156
1808.5,67.91596345192747,27.2890997153793
1809.0,67.41936840939958,27.338800880772204
1809.5,66.9227731576908,27.38847918043498
1810.0,66.42618223119267,27.438142642847627
1810.5,65.92959808386556,27.48780476215169
1811.0,65.43302868918207,27.53746749072516
1811.5,64.93646665975183,27.587128133892815
1812.0,64.43991326383062,27.636789299013653
1812.5,63.9433612759754,27.686462362821324
1813.0,63.44681470092606,27.736142113446203
1813.5,62.9502692782457,27.785837123165244
1814.0,62.453730283205466,27.83554508080163
1814.5,61.95719318282433,27.885270437717367
1815.0,61.46066384121614,27.935016767429573
1815.5,60.964135067262525,27.98478883595254
1816.0,60.467608935322374,28.034584481741472
1816.5,59.971084403073085,28.084400799875585
1817.0,59.4745629189696,28.134238382712645
1817.5,58.97804177611501,28.184094783994908
1818.0,58.481525514827865,28.23396572092353
1818.5,57.98501577978036,28.283854069544752
1819.0,57.4885117170214,28.33375676495662
1819.5,56.99201207663459,28.38367954200176
1820.0,56.4955108509318,28.433625963732577
1820.5,55.999008318386174,28.483591725032895
1821.0,55.502509499032065,28.533583256137256
1821.5,55.00601862325938,28.583603463905916
1822.0,54.509531788554405,28.63365340466119
1822.5,54.013040982021664,28.68373129180517
1823.0,53.516543040604304,28.733832330021496
1823.5,53.02003923000145,28.78395313767272
1824.0,52.52352721055525,28.834080864279212
1824.5,52.02701273921614,28.88421461652408
1825.0,51.5304926122788,28.934361800362733
1825.5,51.03395969778615,28.98452906164689
1826.0,50.537421100606856,29.034715541257782
1826.5,50.04087897678481,29.084918303281462
1827.0,49.54433147221536,29.135127815498404
1827.5,49.04777999289091,29.185332707239848
1828.0,48.55122866046955,29.235517666525457
1828.5,48.054674109341306,29.285671693754615
1829.0,47.55812387269749,29.3357870094418
1829.5,47.06157998643544,29.385860737371548
1830.0,46.565035857348754,29.435908229803424
1830.5,46.06848992777541,29.48595721461282
1831.0,45.571947475612305,29.536024373646143
1831.5,45.07540567423319,29.586136531036992
1832.0,44.578872645790405,29.636297328688805
1832.5,44.08235074265125,29.686506059007794
1833.0,43.58583537292485,29.73677859503589
1833.5,43.08932718100786,29.787126777102547
1834.0,42.59282859539873,29.83754811908609
1834.5,42.09633804630923,29.88805151625681
1835.0,41.599858956269436,29.938647952566207
1835.5,41.103391767792786,29.989334383501465
1836.0,40.606937382410635,30.0401221692113
1836.5,40.110495944384915,30.091020033181266
1837.0,39.61406727567389,30.14202947086357
1837.5,39.11765136203384,30.193140612078178
1838.0,38.62124424730936,30.244349115058494
1838.5,38.12484457096177,30.295678686766987
1839.0,37.62845606598811,30.347126578391414
1839.5,37.13208080899671,30.398689773335345
1840.0,36.63571793363973,30.450382643165703
1840.5,36.13937301672017,30.502226017877522
1841.0,35.64304231358013,30.55420480475387
1841.5,35.146726901981964,30.606311209252897
1842.0,34.65042356644404,30.658543913128717
1842.5,34.1541364076092,30.710911453650994
1843.0,33.65786634350291,30.76340380866853
1843.5,33.16161192334945,30.816006195626155
1844.0,32.665369445865736,30.868715216757852
1844.5,32.169141778353264,30.921532238363724
1845.0,31.672928023921234,30.97446603012793
1845.5,31.176728261582536,31.027493850285428
1846.0,30.680542145777814,31.080614332650317
1846.5,30.184370346447547,31.13382316587958
1847.0,29.688207516410497,31.187126775818584
1847.5,29.192050290216198,31.24052303267255
1848.0,28.69589975996977,31.29401637961006
1848.5,28.19976169638829,31.34760087885522
1849.0,27.703629556310513,31.40126749459835
1849.5,27.207505181873962,31.455023861598548
1850.0,26.71138676207828,31.50886515320427
1850.5,26.215271663100978,31.562782645239082
1851.0,25.719158713236126,31.616777820238294
1851.5,25.223054666380165,31.670844435059873
1852.0,24.726959600809977,31.724985089855306
1852.5,24.230876303773762,31.779195454433896
1853.0,23.73480407450612,31.833468381003584
1853.5,23.238742793835673,31.887803117143623
1854.0,22.742694016835113,31.942198494333933
1854.5,22.246659289826475,31.996646407428056
1855.0,21.750637958034073,32.05114516658442
1855.5,21.254626517283643,32.1056813748239
1856.0,20.758618693622786,32.160242665306136
1856.5,20.262611842414618,32.214815416593
1857.0,19.766605225789398,32.2693952771955
1857.5,19.270596899621736,32.32398079573905
1858.0,18.774581650932337,32.378568456495934
1858.5,18.278556539885724,32.43314753311735
1859.0,17.78251932471031,32.48770986993791
1859.5,17.286469939061124,32.54225645006373
1860.0,16.79041212920214,32.596785244071626
1860.5,16.294347833723002,32.65128699143259
1861.0,15.798275593416117,32.70575320916865
1861.5,15.302198040776332,32.76018166265364
1862.0,14.80612159939578,32.814572153350966
1862.5,14.310043618204888,32.86891877104702
1863.0,13.813964543804179,32.92321062530015
1863.5,13.317886517162709,32.977448446658634
1864.0,12.821812483544674,33.0316399854021
1864.5,12.325741283143078,33.08578682901958
1865.0,11.829676663728828,33.13987186538545
1865.5,11.33361511839773,33.19389238306371
1866.0,10.837553731569258,33.247850827516544
1866.5,10.341487087022033,33.30175299178626
1867.0,9.845412219271765,33.35560271099478
1867.5,9.349326111086796,33.40940018641259
1868.0,8.853226118905182,33.463145033373664
1868.5,8.357113428664714,33.51683326522982
1869.0,7.860987202590386,33.570468977311435
1869.5,7.364844717309971,33.62405976358306
1870.0,6.868685569898568,33.67760601254935
1870.5,6.3725112556324754,33.73110183948976
1871.0,5.876323824540035,33.78454478100696
1871.5,5.3801257238361675,33.83793517626529
1872.0,4.883920318089551,33.89127663730536
1872.5,4.387710716000217,33.94457000668777
1873.0,3.891499496516936,33.99781371280414
1873.5,3.3952895577791424,34.05100478381782
1874.0,2.8990861009364677,34.104142303257234
1874.5,2.402888515348546,34.15722778078299
1875.0,1.9066948638539483,34.210260577953385
1875.5,1.4105052543477612,34.26323878425389
1876.0,0.9143195051681053,34.31616708659866
1876.5,0.4181381485884215,34.36904910592416
1877.0,-0.0780401863838224,34.421892995107605
1877.5,-0.5742170295865555,34.47469800116552
1878.0,-1.0703965672203546,34.527469150597355
1878.5,-1.5665807657460005,34.58021007555283
1879.0,-2.0627705872428823,34.63292572294686
1879.5,-2.558967606512825,34.68561680342242
1880.0,-3.05517452451779,34.73828833120118
1880.5,-3.551391663034926,34.79093794616393
1881.0,-4.047616430528376,34.84356530343539
1881.5,-4.543845174425921,34.896165953469584
1882.0,-5.040078851487174,34.94873909807321
1882.5,-5.536318059160361,35.001279444176895
1883.0,-6.032563087497631,35.05378395930123
1883.5,-6.5288141637090265,35.10625266865678
1884.0,-7.02507056019192,35.15868165012903
1884.5,-7.5213312223576745,35.211062858666374
1885.0,-8.017597583562479,35.26339516256802
1885.5,-8.513868588068558,35.31567356164109
1886.0,-9.010142170432495,35.36789516331386
1886.5,-9.506420483623366,35.42005518335881
1887.0,-10.002708905217737,35.47214499605339
1887.5,-10.499014675363737,35.52415900967892
1888.0,-10.995341354891329,35.57610151506212
1888.5,-11.491687384217562,35.627966780060184
1889.0,-11.988049082475454,35.67974906615741
1889.5,-12.484425801123008,35.731440514978246
1890.0,-12.980817032003783,35.78303948771501
1890.5,-13.477224517379975,35.8345511455898
1891.0,-13.973650480222757,35.88598009504247
1891.5,-14.470090455066691,35.93732157432789
1892.0,-14.966541240673985,35.98857787037176
1892.5,-15.462999745217223,36.03974420203664
1893.0,-15.9594616529935,36.090820781366325
1893.5,-16.455924916893387,36.14181215252833
1894.0,-16.952388776315768,36.19271772854405
1894.5,-17.44885400745933,36.24354360533568
1895.0,-17.94532249452364,36.29429623098917
1895.5,-18.441793151729474,36.344977960432935
1896.0,-18.938263477533045,36.39559302863634
1896.5,-19.434733822210955,36.44615010767304
1897.0,-19.931205525691304,36.49665777298818
1897.5,-20.42768136823277,36.54712383115485
1898.0,-20.924167425986006,36.597556715610686
1898.5,-21.420664239534418,36.64796725282312
1899.0,-21.917172896750838,36.69835910558873
1899.5,-22.41369325633162,36.748738496829986
1900.0,-22.910223242432384,36.79911126830903
1900.5,-23.406764337107674,36.849475490377046
1901.0,-23.903315176182765,36.89982716700954
1901.5,-24.39987080746656,36.95016414888302
1902.0,-24.89643005999064,37.000479619121386
1902.5,-25.392989636966547,37.05076652316415
1903.0,-25.88954587004989,37.101011369382356
1903.5,-26.38609606638633,37.151198413375354
1904.0,-26.882636126361326,37.20131294785299
1904.5,-27.379162179046265,37.25133234695253
1905.0,-27.875675812716658,37.30123712224602
1905.5,-28.37218117316492,37.35102043015981
1906.0,-28.868683703845917,37.4006668062097
1906.5,-29.365186179524848,37.45016278231355
1907.0,-29.861693503656625,37.499493789716624
1907.5,-30.358210896770167,37.548643186848274
1908.0,-30.854742875850068,37.597594931776094
1908.5,-31.351298114588328,37.64632779315531
1909.0,-31.847888316093186,37.6948302322011
1909.5,-32.3445137681061,37.74309467172297
1910.0,-32.84117967816049,37.79111184010333
1910.5,-33.33788883840067,37.83886307242504
1911.0,-33.83464194225179,37.88632063677596
1911.5,-34.3314401172927,37.93346140441181
1912.0,-34.82828497543136,37.98025516602518
1912.5,-35.32518000199879,38.02663001753404
1913.0,-35.822121509872645,38.072587035870185
1913.5,-36.319109909126425,38.11811520408632
1914.0,-36.81614739632682,38.16320240460592
1914.5,-37.31323561419839,38.207821028536365
1915.0,-37.81037348415462,38.251948995080305
1915.5,-38.30756019510425,38.295568862298
1916.0,-38.80479967981172,38.33862283398041
1916.5,-39.3020924224786,38.38108983190481
1917.0,-39.799439361049345,38.42301132714709
1917.5,-40.29684350180398,38.464380595481806
1918.0,-40.7943053310661,38.505171349733644
1918.5,-41.291824424540536,38.54535567222304
1919.0,-41.7894007488815,38.58488941272565
1919.5,-42.28703182146107,38.6237382518151
1920.0,-42.78472630519195,38.66180425697945
1920.5,-43.282476790922985,38.699153367642026
1921.0,-43.78028239942603,38.73577877673842
1921.5,-44.27814174436135,38.771668587583356
1922.0,-44.77605257550312,38.80681535391378
1922.5,-45.27401311830097,38.84122443443792
1923.0,-45.772023599079965,38.87490209726325
1923.5,-46.270086175678934,38.90778327808129
1924.0,-46.76819742069809,38.93990001530312
1924.5,-47.26635633507189,38.97127956483927
1925.0,-47.76456323485113,39.001901268972226
1925.5,-48.26281788033756,39.0317543657817
1926.0,-48.76112094769304,39.060810964699556
1926.5,-49.25946983080069,39.089034818420416
1927.0,-49.75786654961998,39.11634738002121
1927.5,-50.256312859372706,39.14275243685057
1928.0,-50.75480459672531,39.16827962587351
1928.5,-51.2533406304594,39.19290950643654
1929.0,-51.75192001308368,39.21663425336979
1929.5,-52.25054115977989,39.23943992613306
1930.0,-52.74920207434241,39.261304217449
1930.5,-53.24790363084276,39.28216868645284
1931.0,-53.74664740222143,39.302043659388474
1931.5,-54.24542929404585,39.32096329719114
1932.0,-54.744249003107974,39.338917834893394
1932.5,-55.24310771582142,39.35590461418062
1933.0,-55.742005558925655,39.37190138231574
1933.5,-56.24093959400534,39.38692080216823
1934.0,-56.73991566554849,39.40090011829297
1934.5,-57.2389316154126,39.413836715618196
1935.0,-57.737983194328635,39.425776896315114
1935.5,-58.23707052972308,39.436711813607495
1936.0,-58.73619157469654,39.446630453603746
1936.5,-59.235342380590524,39.45551579363543
1937.0,-59.73452210972812,39.46334027772118
1937.5,-60.23373004855491,39.46997944880425
1938.0,-60.73296128693832,39.475456058058555
1938.5,-61.23220982617187,39.47975300794251
1939.0,-61.73147133298795,39.482828069915854
1939.5,-62.23074051190407,39.484616133212555
1940.0,-62.73001150414963,39.48506158931813
1940.5,-63.2292790950411,39.48414168616862
1941.0,-63.72853975447563,39.48168732204524
1941.5,-64.22778895476588,39.47784696843333
1942.0,-64.72702315062975,39.47263334751188
1942.5,-65.2262418371826,39.46607902132484
1943.0,-65.7254442793806,39.45821031057217
1943.5,-66.22462971829411,39.44904893545984
1944.0,-66.72379901017014,39.438570027260546
1944.5,-67.22294540902088,39.426667716892865
1945.0,-67.72206191624211,39.413376454162275
1945.5,-68.22114332680779,39.398664283339755
1946.0,-68.72018534809013,39.38251457712567
1946.5,-69.21918478787885,39.36492075327626
1947.0,-69.7181392562713,39.34585928690296
1947.5,-70.21702964069331,39.325053742541975
1948.0,-70.71584645199118,39.30253476372403
1948.5,-71.21458003885145,39.278268601279386
1949.0,-71.71321978655826,39.25221821985786
1949.5,-72.2117574190268,39.22437676125517
1950.0,-72.7101877550775,39.19475156216714
1950.5,-73.20849579614094,39.16326826000273
1951.0,-73.70667439703425,39.1299083753346
1951.5,-74.2047287845206,39.09483109602103
1952.0,-74.70266031367309,39.05809416620649
1952.5,-75.20046986137253,39.019747746253664
1953.0,-75.69815631889617,38.97981130240897
1953.5,-76.19571403845764,38.93827141465223
1954.0,-76.69312611625945,38.89497243808519
1954.5,-77.190403998871,38.85010136970682
1955.0,-77.68754707594235,38.803691268757106
1955.5,-78.18455416256595,38.75575082400598
1956.0,-78.68142127106661,38.70627791725936
1956.5,-79.1781408715615,38.65525066362648
1957.0,-79.67469348968052,38.602531735866684
1957.5,-80.17108533686721,38.548229548082816
1958.0,-80.66731582505649,38.49238659659136
1958.5,-81.1633838231401,38.435024284021104
1959.0,-81.65928471967622,38.376145220699655
1959.5,-82.15501049383394,38.31573919941542
1960.0,-82.65054113909537,38.25368552395502
1960.5,-83.14587207682125,38.19000600067089
1961.0,-83.64100227897553,38.12474898576278
1961.5,-84.13592753063234,38.057927570153694
1962.0,-84.63064311581599,37.98954490947953
1962.5,-85.12514583032033,37.91961607651873
1963.0,-85.61941251092011,37.84800597599558
1963.5,-86.11342420843265,37.77466469703188
1964.0,-86.60718612241035,37.69967468710532
1964.5,-87.10069633231589,37.623063854909184
1965.0,-87.59395719063053,37.54487915782028
1965.5,-88.08697356526389,37.46517012258934
1966.0,-88.5797308998499,37.38388061240512
1966.5,-89.07222101290496,37.30100436670926
1967.0,-89.56446388727592,37.21668644389848
1967.5,-90.05646583636887,37.13097464967057
1968.0,-90.54823811764085,37.04394152705968
1968.5,-91.03978460597705,36.95560563884786
1969.0,-91.53108782756559,36.86589733507074
1969.5,-92.02214484962992,36.77481171825706
1970.0,-92.51297118823604,36.682457748886264
1970.5,-93.00356538879076,36.58883695219467
1971.0,-93.49392523287565,36.49395055942437
1971.5,-93.98404995836839,36.39781144392737
1972.0,-94.47391993629475,36.300332974045055
1972.5,-94.9635371849324,36.20154096974413
1973.0,-95.45291439527732,36.10151689608187
1973.5,-95.94204964197789,36.00026497051292
1974.0,-96.43093665245998,35.897770860289775
1974.5,-96.91956653389603,35.79401737412873
1975.0,-97.40791423735692,35.68890349333911
1975.5,-97.89599063992051,35.58248901010754
1976.0,-98.38380202354858,35.474823705468495
1976.5,-98.87133990664492,35.36588709584052
1977.0,-99.35859715604238,35.255667708629424
1977.5,-99.84556327710264,35.14413670763217
1978.0,-100.33219087049984,35.03112108245259
1978.5,-100.81849116320357,34.91668900074722
1979.0,-101.30446012405602,34.80085393502715
1979.5,-101.79009107441101,34.68360913859616
1980.0,-102.27538417272697,34.564970925133856
1980.5,-102.76032977015252,34.44492218987335
1981.0,-103.24487447892916,34.32327451897547
1981.5,-103.72905118357957,34.200183476163026
1982.0,-104.2128398057579,34.07560338015537
1982.5,-104.69622535773875,33.94951182168034
1983.0,-105.17921603886059,33.82194957104293
1983.5,-105.66180568158471,33.6929047677204
1984.0,-106.14397180305781,33.562309348464545
1984.5,-106.62575976659704,33.43033568437159
1985.0,-107.10715805348354,33.29696039146821
1985.5,-107.58814375405407,33.162136143178316
1986.0,-108.06872243125639,33.02589754716832
1986.5,-108.54888878370228,32.888219112891235
1987.0,-109.02865119429438,32.74913817096557
1987.5,-109.50803492795907,32.608749228992245
1988.0,-109.98702875440561,32.46702559492745
1988.5,-110.46562556919915,32.323956510512694
1989.0,-110.94382946459096,32.17956794573736
1989.5,-111.42161898856436,32.033786752892055
1990.0,-111.89901543472651,31.88668845747831
1990.5,-112.37602625987061,31.738309668676077
1991.0,-112.85264294776115,31.588636535318724
1991.5,-113.32887065042318,31.437695327768598
1992.0,-113.80469772205976,31.28545837067943
1992.5,-114.2800873428178,31.131820021271352
1993.0,-114.75508775867382,30.976940817651283
1993.5,-115.22970047017637,30.82083250015273
1994.0,-115.70392379363234,30.66350135102293
1994.5,-116.17775742332968,30.504956570972716
1995.0,-116.65116119562857,30.345090463457286
1995.5,-117.12409173747453,30.183800709795623
1996.0,-117.5965686799268,30.021166065399655
1996.5,-118.06858930424929,29.857190789118043
1997.0,-118.5401548650388,29.69189386840948
1997.5,-119.01127297792318,29.525304723630608
1998.0,-119.48190470800812,29.3573226049067
1998.5,-119.95207842361671,29.188044121142724
1999.0,-120.4218046205515,29.01751233646564
1999.5,-120.89109173485281,28.845761446722943
2000.0,-121.35994954738587,28.672828420400755
2000.5,-121.8283838174274,28.49873498261908
2001.0,-122.29636349046301,28.323405551328086
2001.5,-122.76393649882891,28.14698285226584
2002.0,-123.2311078968,27.969488900570486
2002.5,-123.69788235354086,27.790943370987453
2003.0,-124.1642588453289,27.611352558970644
2003.5,-124.63020296596989,27.430638011545984
2004.0,-125.09570643706724,27.248793538202424
2004.5,-125.56080351289074,27.06591516353635
2005.0,-126.02550745480121,26.88204187293378
2005.5,-126.4898337787524,26.69721735081265
2006.0,-126.95379293948658,26.511472555873578
2006.5,-127.41735116485359,26.324732278336622
2007.0,-127.88055324629127,26.137114047811092
2007.5,-128.34342294740287,25.948678128974866
2008.0,-128.80597907452284,25.75946805987947
2008.5,-129.26822969793807,25.56950550951756
2009.0,-129.7301729166035,25.37878988060539
2009.5,-130.1918048112186,25.18730643575601
2010.0,-130.65315741667322,24.9951364749173
2010.5,-131.11423112042462,24.802283534414578
2011.0,-131.5750224682081,24.608743252952518
2011.5,-132.03552567839128,24.414507873941268
2012.0,-132.49571533601195,24.219521132173355
2012.5,-132.95560243225012,24.023811344869454
2013.0,-133.41519786219322,23.827408578837446
2013.5,-133.8744920371902,23.630298477651706
2014.0,-134.33347308081304,23.432461938680124
2014.5,-134.7921411227033,23.233905953928662
2015.0,-135.25046956262054,23.034569947626615
2015.5,-135.70850458402106,22.834562217254412
2016.0,-136.16626528385402,22.63392573860541
2016.5,-136.6237507383243,22.43265864060117
2017.0,-137.0809590377851,22.230764151524216
2017.5,-137.53789307724642,22.028251924077185
2018.0,-137.9945261302477,21.825064132850095
2018.5,-138.45090594958546,21.621307187514176
2019.0,-138.90704683412793,21.417007747368054
2019.5,-139.36295520809134,21.212178415817178
2020.0,-139.81863805915313,21.00683414903237
2020.5,-140.27408635231689,20.800955952393767
2021.0,-140.72926730614574,20.5944770822088
2021.5,-141.18420151191089,20.387449076294683
2022.0,-141.63888967613119,20.179873998457094
2022.5,-142.09332858122153,19.97174871941243
2023.0,-142.54752246893273,19.763082319356464
2023.5,-143.00146673528874,19.55386443283419
2024.0,-143.45513116415856,19.344037950391275
2024.5,-143.9085268188617,19.13362722497335
2025.0,-144.36165271806033,18.92263586614999
2025.5,-144.8145004167796,18.7110512073643
2026.0,-145.26707240996228,18.49887955568582
2026.5,-145.71937793694258,18.286139976778998
2027.0,-146.1714201196247,18.07284059897567
2027.5,-146.62318242759403,17.85894627247288
2028.0,-147.07469753376262,17.64452593660024
2028.5,-147.52595944404837,17.42957130595574
2029.0,-147.97696931990072,17.214088447238293
2029.5,-148.42774235167394,16.998105552066136
2030.0,-148.87829737415103,16.781658256262602
2030.5,-149.32864470160973,16.564765923121115
2031.0,-149.7787771026181,16.34741078876382
2031.5,-150.22869949529934,16.129604826545556
2032.0,-150.6784060051111,15.91134195308501
2032.5,-151.127898204065,15.69262704313907
2033.0,-151.57717543970375,15.473459588120598
2033.5,-152.0262405564723,15.25384667668833
2034.0,-152.47508929661203,15.033781084333084
2034.5,-152.92371333033853,14.813248265673165
2035.0,-153.37208252498388,14.592193374928451
2035.5,-153.8201809269471,14.370587065490593
2036.0,-154.2680058565109,14.148429221830137
2036.5,-154.71555386682934,13.925715019185802
2037.0,-155.16282303941642,13.702443058888205
2037.5,-155.6098141489686,13.478617364387851
2038.0,-156.05653288812343,13.25425272279635
2038.5,-156.5029860274052,13.029366218283089
2039.0,-156.94918840614557,12.803989656903354
2039.5,-157.3951536274132,12.578146697467238
2040.0,-157.84089294483417,12.351859280215109
2040.5,-158.28643416402343,12.125181441302622
2041.0,-158.73179128303988,11.898138661328144
2041.5,-159.17697438699673,11.67074957191569
2042.0,-159.62199871022338,11.443041703965978
2042.5,-160.0668776528742,11.215039096305805
2043.0,-160.5116209267809,10.986759452004264
2043.5,-160.95623553962454,10.758215102127345
2044.0,-161.40072783220782,10.529418031323184
2044.5,-161.84509758553529,10.300367000496838
2045.0,-162.28935661649967,10.071085182463392
2045.5,-162.73350261664817,9.84157045504937
2046.0,-163.17753470584879,9.611823642736175
2046.5,-163.62144923682638,9.381838863926651
2047.0,-164.0652417028033,9.151610105999627
2047.5,-164.50890941585448,8.921134428140256
2048.0,-164.95244829399414,8.690405199173542
2048.5,-165.39585004040939,8.459408650067271
2049.0,-165.8391077702021,8.228134793856459
2049.5,-166.2822112892418,7.996565218685851
2050.0,-166.72517244182242,7.7647243388126626
2050.5,-167.16799477693766,7.532620057802346
2051.0,-167.61068344971045,7.300262224775651
2051.5,-168.05324255797845,7.067658472805495
2052.0,-168.49567885152234,6.8348216261151595
2052.5,-168.93799816013578,6.601762005160672
2053.0,-169.38020709179858,6.368491115693713
2053.5,-169.82230612891772,6.135010012240649
2054.0,-170.26429164410905,5.901312987293377
2054.5,-170.7061658940316,5.667403751657747
2055.0,-171.14793776155992,5.433298771444993
2055.5,-171.58960936107977,5.199001648274924
2056.0,-172.03118121410128,4.964512588368259
2056.5,-172.47265136513653,4.7298285938125515
2057.0,-172.9140189420311,4.494949760203557
2057.5,-173.35528535129205,4.259879079261028
2058.0,-173.79645173367024,4.024618735624127
2058.5,-174.23751786632099,3.789169130607939
2059.0,-174.67847927765243,3.5535207512489935
2059.5,-175.11934288093963,3.317687244271507
2060.0,-175.56011187626908,3.0816747014906944
2060.5,-176.0007857428362,2.845481942494279
2061.0,-176.44136373147074,2.6091086924689324
2061.5,-176.8818453396612,2.372554293158283
2062.0,-177.32223051418873,2.135818880954666
2062.5,-177.76251924450762,1.8989025885510575
2063.0,-178.20271052363202,1.6618030251891225
2063.5,-178.64279963013178,1.4245127635774262
2064.0,-179.08278061190452,1.1870213474082083
2064.5,-179.52265739854008,0.9493362655429627
2065.0,-179.96242882768288,0.7114565193617675
2065.5,-180.40209338589662,0.47337931880351997
2066.0,-180.841651177971,0.2351047834478791
2066.5,-181.2811019468335,-0.0033671943773697643
2067.0,-181.72044393402226,-0.2420397280626239
2067.5,-182.15967495828355,-0.48091661460004553
2068.0,-182.59879617072545,-0.7199950202224568
2068.5,-183.03779808415626,-0.9592921040938854
2069.0,-183.47668516285898,-1.198799252065059
2069.5,-183.91546468868486,-1.4385050000008957
2070.0,-184.35413685494365,-1.678408730503247
2070.5,-184.79270432003645,-1.9185055598660263
2071.0,-185.23116897885495,-2.1587925028236725
2071.5,-185.66952825441373,-2.399274065970493
2072.0,-186.10778179023438,-2.6399498481217796
2072.5,-186.5459330464503,-2.880814141308117
2073.0,-186.98398403619126,-3.121863448034202
2073.5,-187.42193001667883,-3.3631062039309527
2074.0,-187.85978323587702,-3.604520175582081
2074.5,-188.29754002466774,-3.8461113899976715
2075.0,-188.73519551769652,-4.087887489686324
2075.5,-189.1727519192052,-4.3298440249075885
2076.0,-189.61021152005478,-4.571976698421322
2076.5,-190.04757512586906,-4.814283605572406
2077.0,-190.48485012065157,-5.056751043777315
2077.5,-190.9220357079453,-5.299379854250423
2078.0,-191.35912379204157,-5.542184042414001
2078.5,-191.7961203946098,-5.785152285991126
2079.0,-192.23303289406837,-6.028270784556779
2079.5,-192.66986623864457,-6.2715299360315235
2080.0,-193.10662691792268,-6.514917025748929
2080.5,-193.5433164408708,-6.75842822218191
2081.0,-193.97993228388043,-7.002068211272866
2081.5,-194.41647511881212,-7.245836369699652
2082.0,-194.8529468602955,-7.489729341690175
2082.5,-195.2893487504154,-7.7337460011917
2083.0,-195.72567844938035,-7.977891104176472
2083.5,-196.16193975173974,-8.22215839994021
2084.0,-196.5981264686397,-8.466560170155924
2084.5,-197.03423888709926,-8.711097259180976
2085.0,-197.47028280254997,-8.95575937300182
2085.5,-197.90626367310543,-9.20053652458077
2086.0,-198.34218768667012,-9.445417668548806
2086.5,-198.77806191173775,-9.690389432685993
2087.0,-199.21389274813086,-9.935439663787617
2087.5,-199.6496852438004,-10.180559066603994
2088.0,-200.08544546299717,-10.425736588522344
2088.5,-200.5211832322826,-10.67095407069418
2089.0,-200.9569075226408,-10.91619537785236
2089.5,-201.39262290830013,-11.161452026113162
2090.0,-201.82833135094643,-11.406720035698937
2090.5,-202.26403600197924,-11.651993838437035
2091.0,-202.69974323938092,-11.897262171797387
2091.5,-203.13545954884253,-12.142513616044836
2092.0,-203.57118735668385,-12.387744246002846
2092.5,-204.00693135302632,-12.632946178936145
2093.0,-204.4426950520888,-12.87811338002884
2093.5,-204.8784838809394,-13.123236564711489
2094.0,-205.31429881223994,-13.368314053385822
2094.5,-205.750139674746,-13.6133462998014
2095.0,-206.186006982965,-13.85833226990416
2095.5,-206.6219008154453,-14.10327144313375
2096.0,-207.0578207420869,-14.348164399671216
2096.5,-207.49376895927065,-14.593007380348398
2097.0,-207.9297497640978,-14.837792585956464
2097.5,-208.36576391317453,-15.082518458675409
2098.0,-208.80180895703776,-15.327188853741623
2098.5,-209.23788393630912,-15.571804848194772
2099.0,-209.6739899255447,-15.81636379335402
2099.5,-210.11013142664245,-16.06085785624257
2100.0,-210.54631224068137,-16.305280614660205
2100.5,-210.98253309352222,-16.54963077299692
2101.0,-211.41879255748796,-16.793910714033693
2101.5,-211.8550879572198,-17.038124253065675
2102.0,-212.29141854613766,-17.282272271615543
2102.5,-212.72778303570306,-17.526358495949953
2103.0,-213.16418088918815,-17.77038495983657
2103.5,-213.60060989426555,-18.01435617768028
2104.0,-214.0370639260135,-18.25828278947617
2104.5,-214.47353564956032,-18.502177206205253
2105.0,-214.9100224820252,-18.74604432040976
2105.5,-215.3465210408702,-18.989890385449215
2106.0,-215.78302974274507,-19.233718475193985
2106.5,-216.21954717328774,-19.47753194179092
2107.0,-216.65606637821148,-19.721341934847203
2107.5,-217.09258443084963,-19.965153094517817
2108.0,-217.52909934365613,-20.208969102221594
2108.5,-217.96560863195018,-20.45279395033145
2109.0,-218.40211108281406,-20.69662927069636
2109.5,-218.83860463569258,-20.940478576187626
2110.0,-219.27508713961925,-21.184344916999553
2110.5,-219.71155495446277,-21.428233985964987
2111.0,-220.14800620595202,-21.672148950456013
2111.5,-220.58443998418804,-21.91609161970619
2112.0,-221.02085767864628,-22.16005973918117
2112.5,-221.45725723566795,-22.404056347049856
2113.0,-221.8936373017182,-22.64808312797664
2113.5,-222.3299975081789,-22.89214143497734
2114.0,-222.76633624842623,-23.13623426737157
2114.5,-223.20265318783063,-23.380362827484614
2115.0,-223.638950574644,-23.624522847787453
2115.5,-224.0752297193894,-23.86871095599797
2116.0,-224.51148459961928,-24.11293506861863
2116.5,-224.9477190051542,-24.35719199356665
2117.0,-225.38393795641144,-24.60147397163488
2117.5,-225.8201478751663,-24.845769323868375
2118.0,-226.25635446896922,-25.09006833414266
2118.5,-226.69256232708028,-25.33436133527837
2119.0,-227.12877313651535,-25.57864331298221
2119.5,-227.5649892114336,-25.82290991537918
2120.0,-228.00121666169835,-26.06715238970927
2120.5,-228.43746276010017,-26.311358199220127
2121.0,-228.8737312174258,-26.555519659726635
2121.5,-229.3100263256387,-26.799627639237976
2122.0,-229.74635256052298,-27.04367234253173
2122.5,-230.18271730401128,-27.28763984009712
2123.0,-230.61913094091273,-27.53151235359738
2123.5,-231.05560233489848,-27.775274867190006
2124.0,-231.49214716256793,-28.018899989316164
2124.5,-231.92876227345863,-28.26239239428526
2125.0,-232.36545287614072,-28.505740946448668
2125.5,-232.80223067061846,-28.748929008470153
2126.0,-233.23910333830148,-28.991944864000207
2126.5,-233.67607844758038,-29.23477561561629
2127.0,-234.1131710244795,-29.47739565139989
2127.5,-234.5503924195914,-29.71978599622023
2128.0,-234.98773676989464,-29.961956029190663
2128.5,-235.4252080643363,-30.20389939570509
2129.0,-235.86280798179277,-30.445612778566584
2129.5,-236.30053902592002,-30.68709221662565
2130.0,-236.7384036606095,-30.928331824868383
2130.5,-237.17640222427735,-31.16932692824327
2131.0,-237.61452661942803,-31.410093654092794
2131.5,-238.05277392941053,-31.65063607571836
2132.0,-238.49114163338498,-31.89095542604534
2132.5,-238.92963384074307,-32.131044919423104
2133.0,-239.3682715102893,-32.37086656484617
2133.5,-239.80703650449124,-32.610452924779835
2134.0,-240.24593295712754,-32.84979640972058
2134.5,-240.68496746315094,-33.08888793832416
2135.0,-241.12414123692275,-33.327724388526555
2135.5,-241.56346338069028,-33.566285821450535
2136.0,-242.0029152558746,-33.80460527453724
2136.5,-242.44249911730216,-34.042679414893826
2137.0,-242.88221452955773,-34.28050921901025
2137.5,-243.32207652883395,-34.51806716572784
2138.0,-243.76208437951988,-34.755357040823505
2138.5,-244.20222450105067,-34.9924012990648
2139.0,-244.6424957868722,-35.229199783396176
2139.5,-245.08290834684755,-35.465732836004534
2140.0,-245.5234736197716,-35.701979006144526
2140.5,-245.964185006212,-35.93795040983608
2141.0,-246.40505048929984,-36.173632337686044
2141.5,-246.84609284536617,-36.40898205113201
2142.0,-247.28732353220065,-36.6439783360821
2142.5,-247.7287279894154,-36.87864738068946
2143.0,-248.17031077618572,-37.11297901030051
2143.5,-248.61211512346333,-37.346891332958776
2144.0,-249.05413536641743,-37.580396120588404
2144.5,-249.49637483983955,-37.81348594208884
2145.0,-249.93885970808728,-38.046110404393986
2145.5,-250.38161282195472,-38.27822492718725
2146.0,-250.8246093439579,-38.50987374770435
2146.5,-251.2678591921741,-38.741034536331455
2147.0,-251.71142077298558,-38.97159448858416
2147.5,-252.15527085919175,-39.20160037940348
2148.0,-252.59941755670687,-39.43103324760791
2148.5,-253.04392569834718,-39.65976547063722
2149.0,-253.48873940550342,-39.887903197627566
2149.5,-253.93386410554535,-40.11543195512478
2150.0,-254.37935565306253,-40.34223829843326
2150.5,-254.82516466868478,-40.56841834192705
2151.0,-255.27131317536424,-40.79392447866461
2151.5,-255.71783146901478,-41.01869169670284
2152.0,-256.1646852124482,-41.24278819183132
2152.5,-256.61192971670397,-41.466097838918856
2153.0,-257.0595622407135,-41.6886262521124
2153.5,-257.5075585742471,-41.910417684212035
2154.0,-257.9560049225668,-42.13129255760816
2154.5,-258.4048363986296,-42.351380890818625
2155.0,-258.85411422990217,-42.57055365084894
2155.5,-259.30383725684777,-42.78880853161802
2156.0,-259.75400189097485,-43.006152657856695
2156.5,-260.2046847955856,-43.222425027751726
2157.0,-260.6558001214387,-43.43779758482302
2157.5,-261.10741760232906,-43.65211665088554
2158.0,-261.5594673980697,-43.86552243197032
2158.5,-262.0119712619138,-44.07795777963292
2159.0,-262.4649292408433,-44.289417196746776
2159.5,-262.9183460750944,-44.499886814579966
2160.0,-263.3722599430929,-44.70927773072331
2160.5,-263.82661618020563,-44.917697996182625
2161.0,-264.28152050513535,-45.124915221460505
2161.5,-264.7368935252043,-45.33109633752941
2162.0,-265.19285329376055,-45.53597196538328
2162.5,-265.6493125068024,-45.739731730158226
2163.0,-266.1064020431151,-45.94207081089775
2163.5,-266.5640057128062,-46.143240938715124
2164.0,-267.02227860354293,-46.34288166375134
2164.5,-267.48110407044226,-46.54125134757089
2165.0,-267.9406125246743,-46.738034757419
2165.5,-268.40068727454855,-46.933493773773996
2166.0,-268.86146537368455,-47.12729214579819
2166.5,-269.3228077967295,-47.31974206982719
2167.0,-269.78483570128793,-47.51053729376479
2167.5,-270.2474654206853,-47.699866429572
2168.0,-270.71080643276355,-47.887448231833496
2168.5,-271.1748135146588,-48.07337718238847
2169.0,-271.63955809311176,-48.25746077652506
2169.5,-272.10501112093954,-48.43974239271884
2170.0,-272.5711697965725,-48.620209703977864
2170.5,-273.03809713815673,-48.798673436299524
2171.0,-273.5057428581707,-48.97524765582198
2171.5,-273.9742498420037,-49.14952548075558
2172.0,-274.44351309433324,-49.321763825250315
2172.5,-274.91362880789785,-49.49166905500113
2173.0,-275.3845458030271,-49.659344539698935
2173.5,-275.8562421802229,-49.82481330708822
2174.0,-276.3287865584745,-49.98783929688111
2174.5,-276.8020848334037,-50.1486540319407
2175.0,-277.2762662228833,-50.30683981090083
2175.5,-277.7513059015154,-50.46242830746737
2176.0,-278.2271990977761,-50.61539014834977
2176.5,-278.7040577693296,-50.76532298448585
2177.0,-279.1817670304536,-50.912531276344694
2177.5,-279.6603502002104,-51.05687537809642
2178.0,-280.13979325294343,-51.19833151226496
2178.5,-280.6200252853868,-51.33707932484588
2179.0,-281.1011260954294,-51.47277427306809
2179.5,-281.58306852826325,-51.605447358822346
2180.0,-282.06582075017894,-51.735146155578455
2180.5,-282.5494382568053,-51.861573964660614
2181.0,-283.0337882281898,-51.98514165030229
2181.5,-283.5188910798784,-52.10570335275917
2182.0,-284.00487219121266,-52.22266840862579
2182.5,-284.4916623914393,-52.33622074877127
2183.0,-284.97928630674966,-52.446157857224215
2183.5,-285.4678060958416,-52.55205883096715
2184.0,-285.95708255564193,-52.65440377440241
2184.5,-286.44710119716774,-52.75313575519165
2185.0,-286.9379474910794,-52.847677326135944
2185.5,-287.4295170648375,-52.93839177234881
2186.0,-287.92179605056936,-53.02520267141237
2186.5,-288.41481680891326,-53.10772196973922
2187.0,-288.90846438725816,-53.18641358103815
2187.5,-289.40267566471033,-53.26147551571197
2188.0,-289.8974741710514,-53.332545964970585
2188.5,-290.3928187542116,-53.39968785899693
2189.0,-290.88868984141646,-53.46284442661006
2189.5,-291.3850836673782,-53.521761183878816
2190.0,-291.881973617349,-53.57636301392297
2190.5,-292.3792960971517,-53.62689404585141
2191.0,-292.8770232675078,-53.6732817658985
2191.5,-293.3751358974429,-53.71531987010508
2192.0,-293.8735848289793,-53.75317446836618
2192.5,-294.3723347884332,-53.78686777900381
2193.0,-294.8713756623481,-53.815959894150815
2193.5,-295.37064725638754,-53.84080953653008
2194.0,-295.8701145457308,-53.8614244502296
2194.5,-296.3697454682729,-53.877634472051525
2195.0,-296.8694976546293,-53.88947215710247
2195.5,-297.36933214184234,-53.897074316002154
2196.0,-297.8692153285528,-53.900322208253414
2196.5,-298.36910738929265,-53.89885559499766
2197.0,-298.8689664726595,-53.89296127300626
2197.5,-299.36875668950313,-53.88266111327405
2198.0,-299.86843251260666,-53.86775950349146
2198.5,-300.36795131065406,-53.848307814963206
2199.0,-300.8672821845964,-53.82452557293563
2199.5,-301.36638954452707,-53.79642632169557
2200.0,-301.86521949929994,-53.76381667379173
2200.5,-302.3637574939186,-53.72703400704316
2201.0,-302.86196949744715,-53.6860823240535
2201.5,-303.3597963675619,-53.64071383921092
2202.0,-303.8572162725539,-53.59113031000278
2202.5,-304.35420982989075,-53.537479791341134
2203.0,-304.8507245961241,-53.47959023774858
2203.5,-305.34668209295955,-53.417125180260726
2204.0,-305.84207993131986,-53.350377173519085
2204.5,-306.33688461262994,-53.2793578574745
2205.0,-306.8310055452056,-53.20372902295421
2205.5,-307.32444410568337,-53.12377057319737
2206.0,-307.81717987678377,-53.039577452688405
2206.5,-308.309139804263,-52.95094857785282
2207.0,-308.8002609823795,-52.8577707520168
2207.5,-309.29055262283964,-52.76030583833788
2208.0,-309.7799871846971,-52.658606197728695
2208.5,-310.26846166869075,-52.55238642743293
2209.0,-310.75603640012025,-52.4421122089013
2209.5,-311.24268690514555,-52.327824234660234
2210.0,-311.7283038440248,-52.209216845228696
2210.5,-312.2128864343125,-52.086445070712735
2211.0,-312.6964302017309,-51.95962560041647
2211.5,-313.1788710468045,-51.82865879440843
2212.0,-313.66020448115773,-51.69367566677701
2212.5,-314.1404823383313,-51.554983352708
2213.0,-314.6196447783517,-51.41247912626876
2213.5,-315.09760900205123,-51.266007936935154
2214.0,-315.57443020609236,-51.11585448336103
2214.5,-316.05007976441334,-50.96202458083932
2215.0,-316.52444305139716,-50.80427199313343
2215.5,-316.99762547465804,-50.64301358244921
2216.0,-317.469594136701,-50.47822993115199
2216.5,-317.94022862978244,-50.30967511527639
2217.0,-318.4096259498674,-50.13770299757425
2217.5,-318.8777298858821,-49.96223048156175
2218.0,-319.3443982578832,-49.78296996876649
2218.5,-319.8097294213294,-49.60025761019509
2219.0,-320.27369079945476,-49.41408080755323
2219.5,-320.73622525923616,-49.224386391299284
2220.0,-321.19750209820864,-49.03165625786249
2220.5,-321.65743262233394,-48.8357365033742
2221.0,-322.11596936420693,-48.63658221338759
2221.5,-322.5732101629823,-48.43447124279155
2222.0,-323.02902240259414,-48.2291538605818
2222.5,-323.4834490895144,-48.020789514358505
2223.0,-323.93658737166555,-47.80963941161635
2223.5,-324.388324250644,-47.59551648974146
2224.0,-324.8387607914225,-47.37868189676154
2224.5,-325.28788278458,-47.15914601490096
2225.0,-325.73544048408877,-46.936442235870295
2225.5,-326.18150022392354,-46.71075088741727
2226.0,-326.6259046478828,-46.481807230611885
2226.5,-327.0686783333768,-46.249721541582076
2227.0,-327.509968710046,-46.014826710891725
2227.5,-327.9495502924633,-45.776748595618216
2228.0,-328.3875327434068,-45.535739556158575
2228.5,-328.8238206751901,-45.291668877078806
2229.0,-329.2583133091666,-45.04440921390899
2229.5,-329.6912356720152,-44.79440559019698
2230.0,-330.1224114272861,-44.54140009787114
2230.5,-330.55201164435755,-44.28572857433506
2231.0,-330.9799906095272,-44.02735058330032
2231.5,-331.4062830548947,-43.76619961414446
2232.0,-331.83111406707627,-43.50268085897531
2232.5,-332.2542939550893,-43.23652455220528
2233.0,-332.67601100784105,-42.96806226402994
2233.5,-333.0962028774192,-42.6972246125344
2234.0,-333.5148618577036,-42.42403047844861
2234.5,-333.93210395623345,-42.14868068978214
2235.0,-334.34778967650186,-41.87099357035884
2235.5,-334.76213613455195,-41.591316479458946
2236.0,-335.17488396532957,-41.30928461293668
2236.5,-335.5862141689057,-41.02518585777661
2237.0,-335.99608069265514,-40.73897656853521
2237.5,-336.40451570615693,-40.45072483985899
2238.0,-336.8116167974588,-40.1605909147369
2238.5,-337.2173142833621,-39.868497904668914
2239.0,-337.6217809739749,-39.57470163435904
2239.5,-338.0248164320711,-39.27894131489039
2240.0,-338.426685332226,-38.98159117669546
2240.5,-338.82722470170006,-38.68244396030811
2241.0,-339.22672852954133,-38.38191037217141
2241.5,-339.62514643487094,-38.07993708898188
2242.0,-340.02265767304925,-37.77677218266798
2242.5,-340.41919828492985,-37.47234027082308
2243.0,-340.81485337404314,-37.16675720388216
2243.5,-341.20957016939116,-36.85995913721647
2244.0,-341.60345237723806,-36.55208555493891
2244.5,-341.9965221770379,-36.2431728054868
2245.0,-342.3889002014884,-35.93338150062925
2245.5,-342.7805947056561,-35.622728449046114
2246.0,-343.17168661934176,-35.31131887581443
2246.5,-343.5621513260042,-34.999125470190286
2247.0,-343.95208348991036,-34.68626831695433
2247.5,-344.3414601377157,-34.37272226958188
2248.0,-344.7304047525436,-34.05864273801446
2248.5,-345.1188957868987,-33.74400826570704
2249.0,-345.5070576627762,-33.428973268484235
2249.5,-345.89484442616396,-33.11348198613411
2250.0,-346.28233959569917,-32.79763492110365
2250.5,-346.6695337512571,-32.48142136225524
2251.0,-347.0564494020695,-32.164864601391706
2251.5,-347.443097487665,-31.847977313199376
2252.0,-347.8294779369085,-31.53075833080603
2252.5,-348.2156278396571,-31.213252008508707
2253.0,-348.6015044544447,-30.895403760249796
2253.5,-348.98718786616587,-30.57731314666771
2254.0,-349.3726906233147,-30.25899517653511
2254.5,-349.7580534698434,-29.940500267265705
2255.0,-350.1433200103036,-29.621883434050087
2255.5,-350.5285013397515,-29.303157505357564
2256.0,-350.9136368207869,-28.98437133546073
2256.5,-351.29873842188476,-28.66553708507919
2257.0,-351.68381764340216,-28.34666854867267
2257.5,-352.0688856952096,-28.027781422482928
2258.0,-352.45394785210726,-27.708883866514526
2258.5,-352.8390117416432,-27.389986985502325
2259.0,-353.2240855149347,-27.07110117933304
2259.5,-353.6091800576077,-26.752238471519153
2260.0,-353.9942999538825,-26.43340370839091
2260.5,-354.37944839482833,-26.114600827608417
2261.0,-354.76463858496356,-25.795846178577566
2261.5,-355.1498701514527,-25.477139208519336
2262.0,-355.5351471034396,-25.158485688785913
2262.5,-355.92047602209175,-24.839892342686543
2263.0,-356.30585155090364,-24.521353734948068
2263.5,-356.69127389166,-24.202869745462262
2264.0,-357.0767539622855,-23.88445380177119
2264.5,-357.46229176858674,-23.566104970877152
2265.0,-357.84788800385985,-23.24782430524884
2265.5,-358.233550968063,-22.92962147902768
2266.0,-358.6192889803152,-22.611506410939512
2266.5,-359.00508906149406,-22.293463906351157
2267.0,-359.390950996336,-21.97549432108661
2267.5,-359.776877269805,-21.65760053538112
2268.0,-360.1628576098766,-21.339770752082174
2268.5,-360.54888817688425,-21.02200092190993
2269.0,-360.9349738051049,-20.704297293363783
2269.5,-361.32112298933,-20.386669795279175
2270.0,-361.707325976835,-20.069107147926005
2270.5,-362.09358218896455,-19.75160876087158
2271.0,-362.47989198002784,-19.434175046118753
2271.5,-362.86625474189526,-19.116805415692138
2272.0,-363.2526670239377,-18.799495889905245
2272.5,-363.63912918600784,-18.482246914677475
2273.0,-364.02563818861427,-18.165054893598416
2273.5,-364.41219934364057,-17.84792643137128
2274.0,-364.7988018848257,-17.53084858648472
2274.5,-365.18543901473106,-17.213813339475507
2275.0,-365.57210513737795,-16.89681395309781
2275.5,-365.958799916428,-16.579850177599564
2276.0,-366.34551615635326,-16.262913443994524
2276.5,-366.73224710034253,-15.945995465837472
2277.0,-367.1189882301212,-15.62909089427667
2277.5,-367.50573456063006,-15.312194212700714
2278.0,-367.89248215680004,-14.995300090489811
2278.5,-368.27922620711126,-14.678401912865725
2279.0,-368.66596143262393,-14.361493542131809
2279.5,-369.0526838361631,-14.044570397035388
2280.0,-369.4393901573406,-13.727628491681212
2280.5,-369.8260748581467,-13.4106612899482
2281.0,-370.2127320116404,-13.093661811247992
2281.5,-370.5993530802504,-12.776619831367684
2282.0,-370.985937329553,-12.459534824715234
2282.5,-371.37247746070113,-12.142398717555345
2283.0,-371.7589672926493,-11.82520459754835
2283.5,-372.1454109269578,-11.507955193692741
2284.0,-372.5318153873875,-11.190658612644409
2284.5,-372.9181793902787,-10.873313160262917
2285.0,-373.3044943888347,-10.55590813397265
2285.5,-373.69076326648707,-10.23844806593407
2286.0,-374.0769866085548,-9.920934112810025
2286.5,-374.4631618961573,-9.603362379445077
2287.0,-374.84928711748836,-9.285729722040204
2287.5,-375.2353632024566,-8.968037413905241
2288.0,-375.621389364502,-8.650284559989295
2288.5,-376.00736441832095,-8.332469629643722
2289.0,-376.39328869003094,-8.01459345525361
2289.5,-376.7791564707497,-7.696649498681554
2290.0,-377.1649648760327,-7.378635530782022
2290.5,-377.5507095945437,-7.060546855090116
2291.0,-377.9363682364158,-6.742360114620902
2291.5,-378.32194746828867,-6.424081195622155
2292.0,-378.70744396227684,-6.105706215295449
2292.5,-379.09285914642516,-5.787234984247235
2293.0,-379.4781990989808,-5.468675179413345
2293.5,-379.8634359458564,-5.1499941720047575
2294.0,-380.248585819163,-4.831212981976456
2294.5,-380.63363838581785,-4.51231904030735
2295.0,-381.0185906389243,-4.193309950959995
2295.5,-381.403437662638,-3.8741808217217018
2296.0,-381.78817412472006,-3.5549270610633137
2296.5,-382.17280002443334,-3.2355504945678755
2297.0,-382.5573011901773,-2.9160366585771413
2297.5,-382.94168721024107,-2.5963978800915752
2298.0,-383.3259348442293,-2.276612123429682
2298.5,-383.7100463292635,-1.9566835597137044
2299.0,-384.09401166298477,-1.636603903081404
2299.5,-384.4778304895335,-1.3163728603609421
2300.0,-384.86150639556325,-0.9959933485632385
2300.5,-385.2450324938224,-0.67545419167383
2301.0,-385.6284316739076,-0.35477431398464726
2301.5,-386.0116956367568,-0.033935119282677145
2302.0,-386.39484083556704,0.2870511975175579
2302.5,-386.77786691071293,0.6081894376803183
2303.0,-387.16075170674844,0.9295087803860612
2303.5,-387.5434728165464,1.2510364775936802
2304.0,-387.9259776303083,1.572839726096508
2304.5,-388.30820677583904,1.8949914396362069
2305.0,-388.6901773105821,2.2174680756963143
2305.5,-389.0718829881237,2.5402702602815532
2306.0,-389.4532419727299,2.863486191257268
2306.5,-389.8341549209689,3.187222014811227
2307.0,-390.2145180892075,3.5115907594454328
2307.5,-390.59430764975616,3.836609846074063
2308.0,-390.9734213981922,4.162389943626026
2308.5,-391.3517432880555,4.489065329121783
2309.0,-391.72929026926107,4.816618972502926
2309.5,-392.1060931433002,5.145024217667936
2310.0,-392.48213871007863,5.474298260682062
2310.5,-392.857324127928,5.804551255018939
2311.0,-393.23156241338165,6.135874255455307
2311.5,-393.60481187741664,6.468313210005589
2312.0,-393.97696484320414,6.801980236411054
2312.5,-394.3479140469454,7.1369867215725185
2313.0,-394.7175285404411,7.47346411147233
2313.5,-395.08558111559523,7.811636301922983
2314.0,-395.45196390856063,8.151600973818974
2314.5,-395.8166811724206,8.49334707282891
2315.0,-396.1797034250457,8.836897030305037
2315.5,-396.54092405646503,9.182348639589613
2316.0,-396.90020715828416,9.52982294253347
2316.5,-397.25730861527956,9.87954090128187
2317.0,-397.6120332061802,10.231661826738
2317.5,-397.9643020303061,10.586233864769762
2318.0,-398.3140191513062,10.943317728944336
2318.5,-398.66103414078844,11.303023273766394
2319.0,-399.00512584763726,11.665518437233091
2319.5,-399.3461356338322,12.030905992139655
2320.0,-399.6839250098242,12.399261860586753
2320.5,-400.0183379117683,12.770673557848244
2321.0,-400.3491788707552,13.145254297856257
2321.5,-400.6764861972984,13.522912126581803
2322.0,-401.0001832877202,13.90365577325736
2322.5,-401.32015597956547,14.287520583518022
2323.0,-401.6363359074749,14.674503250971233
2323.5,-401.9485682268379,15.064669221215247
2324.0,-402.2568914039182,15.45792564016305
2324.5,-402.5613450011794,15.854187501557655
2325.0,-402.8617984833119,16.25349405262843
2325.5,-403.1579145243816,16.65602097993613
2326.0,-403.4492584373985,17.062001427722713
2326.5,-403.7359357307387,17.471279127136075
2327.0,-404.0177704405859,17.88389118421284
2327.5,-404.2946116735105,18.299853252842038
2328.0,-404.56612680350275,18.71928809959363
2328.5,-404.832149928829,19.14219848034604
2329.0,-405.0926679911862,19.56848863619229
2329.5,-405.34775297082535,19.998027957087757
2330.0,-405.5972617101771,20.430813268832612
2330.5,-405.8410249504563,20.866836480042682
2331.0,-406.0788486216102,21.306090887443876
2331.5,-406.3105801639318,21.748547228057987
2332.0,-406.53583730295287,22.194286916353075
2332.5,-406.75499989763586,22.643019830071683
2333.0,-406.9682801730538,23.09456575804703
2333.5,-407.17542331857913,23.54895620498185
2334.0,-407.3759937887164,24.006267206370303
2334.5,-407.5699867357015,24.46638243476095
2335.0,-407.75727382918944,24.92924384973077
2335.5,-407.93773997301827,25.394793159506225
2336.0,-408.1116998733135,25.862808492214523
2336.5,-408.27898371091084,26.333254317841966
2337.0,-408.4388941320277,26.806255026281477
2337.5,-408.5916261824438,27.281613566486985
2338.0,-408.73692283890387,27.75929019817748
2338.5,-408.8743607969014,28.239284689490006
2339.0,-409.00441579149305,28.721340883393598
2339.5,-409.1268027989722,29.205413968825283
2340.0,-409.24081249122105,29.691527881328977
2340.5,-409.3464794043478,30.17951366604053
2341.0,-409.44333574841215,30.66930844367433
2341.5,-409.53104400928447,31.160804844376916
2342.0,-409.60982100078854,31.653790052581513
2342.5,-409.6792915571517,32.14816494499977
2343.0,-409.7399813121365,32.643693900494334
2343.5,-409.79185736657274,33.140232799155704
2344.0,-409.8346738339764,33.637647329277826
2344.5,-409.8686029133146,34.13575957936432
2345.0,-409.8924054597946,34.63444689675081
2345.5,-409.9062740477053,35.133485527033216
2346.0,-409.90960085669997,35.63267762776923
2346.5,-409.9028222512436,36.13181416501498
2347.0,-409.88595534223083,36.63070213065221
2347.5,-409.8594644669736,37.129181521548105
2348.0,-409.82339662427825,37.62707416958452
2348.5,-409.7774093159295,38.12415462771121
2349.0,-409.7214558744484,38.62021487362618
2349.5,-409.6552515153178,39.11500951887155
2350.0,-409.5786490284169,39.60829105435374
2350.5,-409.49184660835493,40.099879533732064
2351.0,-409.3947141148107,40.58953033890969
2351.5,-409.28740272888444,41.077045231886814
2352.0,-409.1700720826558,41.56224437274843
2352.5,-409.04331017783034,42.04506425282828
2353.0,-408.9063270992512,42.52508638225712
2353.5,-408.76023259562385,43.00241977716987
2354.0,-408.6046731717679,43.47676485172111
2354.5,-408.4399381052923,43.947987398881935
2355.0,-408.26531255951755,44.41559814895815
2355.5,-408.08141198331515,44.87960946037027
2356.0,-407.8888524041359,45.34009848231313
2356.5,-407.6880170709865,45.797052671738285
2357.0,-407.4790108366736,46.2503431271102
2357.5,-407.26137454165524,46.69953536972595
2358.0,-407.0351013626444,47.144381366612244
2358.5,-406.80027087163694,47.584693318810054
2359.0,-406.55794744492863,48.020869268639565
2359.5,-406.3085172734529,48.452988839178175
2360.0,-406.052810437342,48.88141384917314
2360.5,-405.7906683679194,49.30593024771404
2361.0,-405.5225892859978,49.72671749964422
2361.5,-405.2481716947793,50.143370758693706
2362.0,-404.96786302863535,50.55603988639388
2362.5,-404.6813078037769,50.964332066141864
2363.0,-404.3892078518197,51.36863558451566
2363.5,-404.09142323285306,51.76874946639203
2364.0,-403.78835856156684,52.16487097717586
2364.5,-403.47963443055096,52.556578232233164
2365.0,-403.1654790867378,52.94392063948852
2365.5,-402.8456612713068,53.32657040110319
2366.0,-402.5204393279588,53.70460769630381
2366.5,-402.18969022816714,54.07779567290251
2367.0,-401.853522344666,54.44609103563241
2367.5,-401.51198991088836,54.809407471445816
2368.0,-401.1650112958967,55.16751367628309
2368.5,-400.812735139749,55.52039771979525
2369.0,-400.4549029658712,55.86762937086099
2369.5,-400.09182149801205,56.20933605364642
2370.0,-399.7232510572593,56.54509332887469
2370.5,-399.3495882214797,56.875148246998606
2371.0,-398.97066227795364,57.1991159309647
2371.5,-398.58667030006364,57.517022295476316
2372.0,-398.19789502523406,57.829034479685546
2372.5,-397.80431950437367,58.13494935018583
2373.0,-397.4064093949944,58.43519791163008
2373.5,-397.00412851986914,58.729545490392354
2374.0,-396.5977999209479,59.018253298266025
2374.5,-396.18754741174735,59.30132415819984
2375.0,-395.773534645644,59.57884658221313
2375.5,-395.3563252997959,59.85158344576547
2376.0,-394.93585999831913,60.11931612657116
2376.5,-394.51217681748244,60.381950059344256
2377.0,-394.0853779787099,60.63947950858289
2377.5,-393.6553846289965,60.89161777302132
2378.0,-393.22239699842214,61.13852310122396
2378.5,-392.786654259761,61.38050682311694
2379.0,-392.34811670450557,61.61736318346842
2379.5,-391.9069492660971,61.849209741550226
2380.0,-391.46323470365684,62.07602515314197
2380.5,-391.0169876848976,62.29768573437648
2381.0,-390.5685489614071,62.514792578775996
2381.5,-390.1180610535177,62.72755209419674
2382.0,-389.66553216528774,62.935878188131504
2382.5,-389.21104029253684,63.13977858776383
2383.0,-388.7546643106237,63.33925732287052
2383.5,-388.2964988539113,63.53441355143105
2384.0,-387.8366175953452,63.7253774749606
2384.5,-387.37519316286273,63.91257918694972
2385.0,-386.91224767030843,64.09602798936716
2385.5,-386.4477418583161,64.27550631201359
2386.0,-385.9816312545566,64.45067501311931
2386.5,-385.51403440599563,64.62168324489423
2387.0,-385.0450524187585,64.78868010690627
2387.5,-384.5748435765754,64.95209295115886
2388.0,-384.1035081300028,65.11223525945046
2388.5,-383.6311837891692,65.26948254620511
2389.0,-383.1579466934142,65.42399849127614
2389.5,-382.6838620113073,65.57586572630353
2390.0,-382.2089851097614,65.72513318442866
2390.5,-381.73337109000477,65.87190306885142
2391.0,-381.25706554058183,66.01639652422394
2391.5,-380.7801106040864,66.15873488690984
2392.0,-380.3025332837793,66.29905820811268
2392.5,-379.82433339566666,66.43729942261675
2393.0,-379.34552296812717,66.57337702517614
2393.5,-378.8661222329058,66.70725187029818
2394.0,-378.3861605718723,66.8390247189277
2394.5,-377.90565870419834,66.9686972157826
2395.0,-377.4246302863806,67.09633951919012
2395.5,-376.94309869696826,67.22203987074236
2396.0,-376.461071855181,67.34585784738698
2396.5,-375.978572281924,67.46784649327009
2397.0,-375.49561474162647,67.58810847127528
2397.5,-375.01222432862636,67.70668597079963
2398.0,-374.5284240704937,67.82359943933302
2398.5,-374.0442408431803,67.93892338210719
2399.0,-373.55969920626984,68.05278896771776
2399.5,-373.0748184043675,68.16524527225208
2400.0,-372.58960443922035,68.27631224150349
2400.5,-372.10406308920335,68.38599187506559
2401.0,-371.6181898520078,68.49422384651172
2401.5,-371.1319991738784,68.60099404644933
2402.0,-370.645504858257,68.70636204786334
2402.5,-370.15871826776953,68.810305000813
2403.0,-369.6716536806697,68.91281252460418
2403.5,-369.18431847281425,69.01389618431062
2404.0,-368.6967078474786,69.11355747690506
2404.5,-368.2088267946084,69.21175727654357
2405.0,-367.72068112012875,69.30855738178082
2405.5,-367.2322804767525,69.40401046626536
2406.0,-366.74361300752525,69.49810125090964
2406.5,-366.2547112927932,69.5909551082777
2407.0,-365.7655885566671,69.68267361086194
2407.5,-365.27626656835525,69.77329751920455
2408.0,-364.78676342627483,69.8629198185998
2408.5,-364.29708149100406,69.95161657689444
2409.0,-363.8072326740447,70.03957532661039
2409.5,-363.31722027119224,70.12687812061883
2410.0,-362.8270450622914,70.21358233482829
2410.5,-362.3366992357257,70.29967499509745
2411.0,-361.84618602088204,70.38512178556945
2411.5,-361.35552235736526,70.46996911322267
2412.0,-360.86471648398924,70.55423555751483
2412.5,-360.373768415621,70.637878293282
2413.0,-359.8826939499223,70.72099199927251
2413.5,-359.3914914163562,70.80365241440482
2414.0,-358.9001468808905,70.88588355560793
2414.5,-358.40866775079945,70.96767700487499
2415.0,-357.9170725060623,71.04904494169448
2415.5,-357.42536439512116,71.12994073147354
2416.0,-356.9335513202258,71.21032779128952
2416.5,-356.44164733808014,71.29028407245501
2417.0,-355.94965014319024,71.36982732280384
2417.5,-355.45755829332563,71.44895416997721
2418.0,-354.9653883165505,71.52771765172666
2418.5,-354.47313229555067,71.60615634613463
2419.0,-353.98080040358695,71.68434526161472
2419.5,-353.4884023316814,71.76232604566535
2420.0,-352.99593586356076,71.84011141243336
2420.5,-352.5034143440894,71.91777181922853
2421.0,-352.01084041169634,71.99531976365462
2421.5,-351.5182150496437,72.07278154561195
2422.0,-351.025541757976,72.15017659444806
2422.5,-350.53281837996553,72.22750800840188
2423.0,-350.0400497861629,72.3047953873758
2423.5,-349.5472364254026,72.38203865266586
2424.0,-349.05438714120675,72.4592393349772
2424.5,-348.56150695503345,72.53639378190788
2425.0,-348.06859793794365,72.61350914394716
2425.5,-347.5756595430101,72.69059259601494
2426.0,-347.08270013565686,72.76764442038994
2426.5,-346.5897209398435,72.84466868103394
2427.0,-346.09670758409334,72.92165171005497
2427.5,-345.6036676921574,72.9986101333864
2428.0,-345.11059733729104,73.07554226241473
2428.5,-344.6174837780565,73.15244426576899
2429.0,-344.1243371716776,73.22930833682715
2429.5,-343.6311639873392,73.30613638444692
2430.0,-343.1379582962849,73.38291369697991
2430.5,-342.6447179303759,73.45962149014683
2431.0,-342.1514489329422,73.53626426066593
2431.5,-341.65814403758327,73.61283884781648
2432.0,-341.1648066488873,73.68934239557078
2432.5,-340.67143376329307,73.7657526998267
2433.0,-340.17803338434675,73.8420722280645
2433.5,-339.684602800504,73.91827454600255
2434.0,-339.19114778307284,73.99437148701078
2434.5,-338.6976643865424,74.07033400446029
2435.0,-338.2041546266422,74.1461849500255
2435.5,-337.71061103062266,74.22190134345742
2436.0,-337.21703965514047,74.29750012887357
2436.5,-336.72343554122875,74.37297923695706
2437.0,-336.22979666780697,74.4483593533172
2437.5,-335.7361209997057,74.52363603069178
2438.0,-335.2424093477059,74.59881841650802
2438.5,-334.7486657789162,74.67390436104775
2439.0,-334.25489438936376,74.74889511318452
2439.5,-333.7610934646407,74.82380802796843
2440.0,-333.26725493515096,74.89863091932936
2440.5,-332.773387301404,74.97337839616984
2441.0,-332.2794866172924,75.04803523415363
2441.5,-331.78556144150326,75.12260819968792
2442.0,-331.2916104117113,75.19708912777567
2442.5,-330.79762906451674,75.2714801649008
2443.0,-330.30361945966035,75.34579903866748
2443.5,-329.80957593731904,75.42003823593213
2444.0,-329.3155051377698,75.49421738682156
2444.5,-328.8214080945489,75.56834336791117
2445.0,-328.3272820202267,75.64242558915495
2445.5,-327.8331316405679,75.7164817793624
2446.0,-327.3389554051497,75.79052194711868
2446.5,-326.8447577951911,75.86456371470848
2447.0,-326.3505432660998,75.93861805717891
2447.5,-325.8563117918133,76.01269952608097
2448.0,-325.36206845533195,76.08681445052318
2448.5,-324.86781458590156,76.16097641427871
2449.0,-324.37355341943044,76.23520974712224
2449.5,-323.8792906555717,76.30952104448183
2450.0,-323.38503250521023,76.38393123747342
2450.5,-322.8907816309055,76.458459352587
2451.0,-322.39654126641454,76.53310133920994
2451.5,-321.9023101612993,76.60785970474925
2452.0,-321.4080863600716,76.6827361274328
2452.5,-320.91387038907413,76.75771633705793
2453.0,-320.41966431108267,76.8328102031015
2453.5,-319.9254684164734,76.90801936362693
2454.0,-319.4312812833537,76.98332427465985
2454.5,-318.9370990356714,77.05870714965305
2455.0,-318.44291730559263,77.13415112505305
2455.5,-317.9487326713959,77.20961505723236
2456.0,-317.45454180480215,77.28507224979849
2456.5,-316.9603399937824,77.36048992148201
2457.0,-316.46612381368766,77.43584151710922
2457.5,-315.97188909867515,77.51110514973018
2458.0,-315.4776312648191,77.5862551546456
2458.5,-314.9833448620057,77.661254967988
2459.0,-314.48902895210904,77.73608573235444
2459.5,-313.99467797392583,77.81070542603761
2460.0,-313.5002826286238,77.88504593174373
2460.5,-313.00584121466386,77.95910061766811
2461.0,-312.5113526297408,78.03285892227588
2461.5,-312.0168157320813,78.10631322339692
2462.0,-311.52221988449696,78.17939762924334
2462.5,-311.02757044396225,78.25213569007725
2463.0,-310.5328652001217,78.32450434603912
2463.5,-310.0381044363175,78.39650997383
2464.0,-309.54327751432515,78.4680821120519
2464.5,-309.04839079170637,78.53925364698084
2465.0,-308.5534444080813,78.61002636301771
2465.5,-308.05844023920974,78.6804120666491
2466.0,-307.5633673591396,78.75033122844293
2466.5,-307.0682341830187,78.81983432386001
2467.0,-306.5730439198949,78.8889445056147
2467.5,-306.0777972865943,78.95766305308045
2468.0,-305.58248937523206,79.02594946971008
2468.5,-305.0871253792845,79.09383875406391
2469.0,-304.5917107273624,79.161366770226
2469.5,-304.09624371781274,79.2285155502168
2470.0,-303.600724027461,79.29527850067193
2470.5,-303.10514931463837,79.36163611700377
2471.0,-302.60952934656535,79.42765869257605
2471.5,-302.1138680509517,79.49337396026077
2472.0,-301.6181692511478,79.5588091175822
2472.5,-301.1224368841493,79.62399187467935
2473.0,-300.62667172856595,79.68892674339118
2473.5,-300.13088143379287,79.75367012816206
2474.0,-299.635069973191,79.81825178249166
2474.5,-299.13924168401365,79.8827048380907
2475.0,-298.6433991518878,79.94704882787869
2475.5,-298.1475434358784,80.01129133953805
2476.0,-297.65167780388384,80.07545728483403
2476.5,-297.1558036317998,80.13955722461854
2477.0,-296.65992171179533,80.20359716190403
2477.5,-296.16403302873385,80.26758470432819
2478.0,-295.6681382138418,80.33152466830863
2478.5,-295.1722378570875,80.39542170395642
2479.0,-294.67633209430886,80.45927665623113
2479.5,-294.18042147416173,80.52309367104664
2480.0,-293.6845058352947,80.58687163496583
2480.5,-293.1885836762675,80.65059853861668
2481.0,-292.69265564308284,80.714279057978
2481.5,-292.19672227167104,80.77791761797374
2482.0,-291.70078359803824,80.8415147411061
2482.5,-291.20483908842067,80.90506653599766
2483.0,-290.7088878708122,80.96856651886823
2483.5,-290.21293050482444,81.03201879262015
2484.0,-289.71696776184336,81.09542917763578
2484.5,-289.22099954812984,81.15879702634929
2485.0,-288.72502555038966,81.22211984937118
2485.5,-288.22904594677453,81.28539884735333
2486.0,-287.7330605561475,81.34863243305611
2486.5,-287.2370701745673,81.41182688490395
2487.0,-286.7410749874974,81.4749836151286
2487.5,-286.2450753542404,81.53810542540022
2488.0,-285.7490716929411,81.60119554622656
2488.5,-285.2530643935946,81.66425694968254
2489.0,-284.757053770559,81.72729220441379
2489.5,-284.26104069936315,81.79030795170607
2490.0,-283.7650267455876,81.85331647795381
2490.5,-283.26901274711304,81.91632429024361
2491.0,-282.7729993223473,81.97933633957125
2491.5,-282.27698762249236,82.04236117845471
2492.0,-281.7809795150693,82.10541373190141
2492.5,-281.28497554287696,82.16849840882564
2493.0,-280.78897691565106,82.23162474285262
2493.5,-280.2929833071677,82.29479032793225
2494.0,-279.7969950530259,82.35799871818928
2494.5,-279.30101311819726,82.42125764769885
2495.0,-278.8050382795109,82.4845727390558
2495.5,-278.3090705123574,82.5479435498102
2496.0,-277.81311070024486,82.61137702804578
2496.5,-277.3171594893672,82.67487807944046
2497.0,-276.8212181534973,82.73845624246577
2497.5,-276.3252861889931,82.80210677101684
2498.0,-275.8293642117652,82.86583339559294
2498.5,-275.3334525072607,82.92963715976707
2499.0,-274.83755174342485,82.99352152108644
2499.5,-274.3416627475328,83.05749144571702
2500.0,-273.84578651384305,83.12155303462201
2500.5,-273.3499237010872,83.18571023925546
2501.0,-272.85407521751864,83.2499680868414
2501.5,-272.3582420080951,83.3143303022717
2502.0,-271.8624246147108,83.3787967565071
2502.5,-271.3666232106356,83.44336663717023
2503.0,-270.87083740087706,83.50803266571457
2503.5,-270.37506703797703,83.57278579838398
2504.0,-269.8793133931119,83.63762726925891
2504.5,-269.3835779675012,83.70256206543365
2505.0,-268.88786100409925,83.76758468673398
2505.5,-268.3921632098176,83.8326914144273
2506.0,-267.89648588971164,83.8978842800993
2506.5,-267.4008299374549,83.96315982606863
2507.0,-266.9051963123824,84.02850923537956
2507.5,-266.4095880284834,84.09393884165334
2508.0,-265.9140047218957,84.1594498642427
2508.5,-265.41844653807925,84.2250437818509
2509.0,-264.9229138895561,84.29071807152971
2509.5,-264.4274059825888,84.35647105574706
2510.0,-263.93192208883676,84.4222947737635
2510.5,-263.43646373836475,84.4881825515168
2511.0,-262.9410316901144,84.55413915894478
2511.5,-262.44562481933286,84.62017481386869
2512.0,-261.9502416464471,84.68629721769494
2512.5,-261.4548805348408,84.75250602122973
2513.0,-260.9595426891493,84.81879558254474
2513.5,-260.46423094509464,84.88515437431171
2514.0,-259.96894919812684,84.95157796032211
2514.5,-259.47369433015393,85.01806101629788
2515.0,-258.9784635100161,85.08459617567532
2515.5,-258.48325414357316,85.15117741346675
2516.0,-257.9880655251272,85.21778605784448
2516.5,-257.4928994075833,85.28440977016871
2517.0,-256.9977566110316,85.35103610044344
2517.5,-256.5026383922785,85.41765687335709
2518.0,-256.0075430886988,85.48426364958507
2518.5,-255.5124683818009,85.55084753877553
2519.0,-255.01741237121652,85.61739775915821
2519.5,-254.52237190389363,85.68390018142334
2520.0,-254.0273435816363,85.75033902634401
2520.5,-253.53232781588045,85.8167034485673
2521.0,-253.037326866113,85.88298522724142
2521.5,-252.54234031311475,85.949173406615
2522.0,-252.04736637501802,86.01524950743966
2522.5,-251.5524011308387,86.08119493474916
2523.0,-251.05744192726684,86.14699625619508
2523.5,-250.5624895346419,86.21264431795106
2524.0,-250.06754796926708,86.27813852696714
2524.5,-249.57262128463535,86.34348095243713
2525.0,-249.07771138373423,86.40866606208483
2525.5,-248.58281481897353,86.47367632456364
2526.0,-248.08792963608064,86.53850681071988
2526.5,-247.59306037373116,86.6031626205115
2527.0,-247.09821033904464,86.66764802632423
2527.5,-246.6033811528946,86.73195910258022
2528.0,-246.10857136466223,86.79608375395745
2528.5,-245.61377624075456,86.86001004008254
2529.0,-245.11899004031358,86.92371220875214
2529.5,-244.62420962800277,86.98717724090672
2530.0,-244.1294381521643,87.05039614348127
2530.5,-243.63467612642725,87.11335485144957
2531.0,-243.1399167387106,87.17601908017919
2531.5,-242.645156689546,87.238374800221
2532.0,-242.15039614847606,87.30040635371891
2532.5,-241.6556300484254,87.36210517958817
2533.0,-241.1608617733179,87.42348953657495
2533.5,-240.66609754444968,87.48458460788045
2534.0,-240.17133981114324,87.54540722372833
2534.5,-239.67658961234955,87.60597860226513
2535.0,-239.18185541073274,87.66632940384027
2535.5,-238.6871446536609,87.72648257855354
2536.0,-238.1924572373822,87.78645271684788
2536.5,-237.69779660620412,87.84625634688176
2537.0,-237.20317087160797,87.90591305295389
2537.5,-236.7085809899031,87.96543869564545
2538.0,-236.2140305270025,88.02485330235051
2538.5,-235.71952670977555,88.0841723182902
2539.0,-235.22507219358545,88.14341004403644
2539.5,-234.73066878135216,88.2025852303667
2540.0,-234.23632183130522,88.26171592273734
2540.5,-233.74203295956065,88.32081511719355
2541.0,-233.2478011752375,88.37989689800186
2541.5,-232.7536288153821,88.43897146720816
2542.0,-232.25951902950547,88.49804535907568
2542.5,-231.76547275848557,88.55712233947055
2543.0,-231.27149134725224,88.61620509854632
2543.5,-230.77757675837833,88.67529841297855
2544.0,-230.2837293556399,88.73440623864127
2544.5,-229.78994777168361,88.7935349375502
2545.0,-229.29623229192768,88.85269390986025
2545.5,-228.80258501681618,88.91188845637747
2546.0,-228.30900789108975,88.97112034370765
2546.5,-227.81550328183926,89.03038949763274
2547.0,-227.32207286915354,89.08969139912038
2547.5,-226.82871822480777,89.1490207934083
2548.0,-226.33544119758227,89.20837546298708
2548.5,-225.84223804709106,89.26775477172308
2549.0,-225.3491056360647,89.32715821042481
2549.5,-224.85604757179553,89.38658404171655
2550.0,-224.36305922506963,89.44602797544756
2550.5,-223.87013928730283,89.50548560643584
2551.0,-223.3772919918789,89.56494840491516
2551.5,-222.8845156249539,89.62440915980476
2552.0,-222.39180596628432,89.6838602782398
2552.5,-221.89916415681915,89.74329041304676
2553.0,-221.4065818272462,89.80268561768425
2553.5,-220.91405434102862,89.86203066791225
2554.0,-220.42157913060035,89.921314202291
2554.5,-219.92914857882835,89.98052144057925
2555.0,-219.4367584609616,90.03964161421989
2555.5,-218.94440899550085,90.09866145407506
2556.0,-218.45209418893947,90.15756371701062
2556.5,-217.95980997305787,90.2163326763288
2557.0,-217.46755305763116,90.27495019648921
2557.5,-216.9753141747904,90.33339153988202
2558.0,-216.48308552762765,90.39163486697473
2558.5,-215.99086356958253,90.44966640190466
2559.0,-215.49864646462828,90.50747523311973
2559.5,-215.00643231426372,90.56504997622459
2560.0,-214.51421808588705,90.62238155674622
2560.5,-214.02200144780872,90.67946546297333
2561.0,-213.5297810210889,90.73629818776911
2561.5,-213.0375507723858,90.79286936151652
2562.0,-212.54530661773566,90.84918526630332
2562.5,-212.05305394751826,90.90524107501311
2563.0,-211.5607866033428,90.96103245128378
2563.5,-211.06850515166292,91.01658319230579
2564.0,-210.57621333272306,91.07189830448415
2564.5,-210.08390973567208,91.12698286992875
2565.0,-209.59159548433587,91.18184951546701
2565.5,-209.09927277225157,91.23650373925025
2566.0,-208.60693949967725,91.29095640942083
2566.5,-208.11459602952596,91.34522316870222
2567.0,-207.6222466317368,91.3993190596951
2567.5,-207.12989596226606,91.4532595235081
2568.0,-206.63754961797645,91.5070612023365
2568.5,-206.14521279177868,91.56073863618234
2569.0,-205.652886731085,91.61430505138614
2569.5,-205.16056556599656,91.66777783337324
2570.0,-204.66825783146757,91.72116626486168
2570.5,-204.17595982675218,91.774490839536
2571.0,-203.6836616020357,91.82776505268424
2571.5,-203.19136166111113,91.88100010605969
2572.0,-202.6990570004428,91.93420569059037
2572.5,-202.2067428996157,91.98738957390141
2573.0,-201.7144154995142,92.0405573934611
2573.5,-201.22206456377427,92.09371381520745
2574.0,-200.7296716496261,92.14686529524616
2574.5,-200.23722684182323,92.20002240655086
2575.0,-199.7447265916825,92.25319674723707
2575.5,-199.2521642639509,92.30639462688785
2576.0,-198.75954733178787,92.35962333113599
2576.5,-198.26687396732282,92.41289173583651
2577.0,-197.77414236143548,92.4662026478994
2577.5,-197.28135314527074,92.5195567342001
2578.0,-196.7885128316109,92.57295595200652
2578.5,-196.29563081781694,92.62640019902095
2579.0,-195.80271555149213,92.67988455549184
2579.5,-195.30977466497066,92.73340132839787
2580.0,-194.81681801525284,92.78694490266108
2580.5,-194.32384774220995,92.84051862746772
2581.0,-193.83086615168676,92.89412382255466
2581.5,-193.3378790508236,92.94775459005405
2582.0,-192.84488109477252,93.00140770389282
2582.5,-192.3518708978194,93.0550825503239
2583.0,-191.85884885854324,93.10878160963613
2583.5,-191.3658131523458,93.16250996956906
2584.0,-190.87275923492922,93.21627431449828
2584.5,-190.37968278319497,93.27008196822575
2585.0,-189.8865762014304,93.32394320144637
2585.5,-189.3934264619911,93.37787244986701
2586.0,-188.9002345566674,93.43186926683003
2586.5,-188.4069982426764,93.48594295392685
2587.0,-187.91371450268835,93.54010454481434
2587.5,-187.42038128471788,93.59436567336425
2588.0,-186.9269980046308,93.6487385236106
2588.5,-186.43356605617942,93.70323494981007
2589.0,-185.94008975627895,93.75786392661126
2589.5,-185.44656473835514,93.81264938448793
2590.0,-184.95299928995522,93.86758972999984
2590.5,-184.45939809274134,93.92267904802954
2591.0,-183.9657626819726,93.9779206892777
2591.5,-183.47209641870145,94.03331640416867
2592.0,-182.97840238508644,94.08886762706565
2592.5,-182.48468212692288,94.14457680822557
2593.0,-181.99093689973841,94.20044726163394
2593.5,-181.49716983794835,94.25649837723186
2594.0,-181.00338120701733,94.31272235561339
2594.5,-180.50957651221663,94.36910836079109
2595.0,-180.0157585796509,94.42565629426353
2595.5,-179.52192806275474,94.48236502572027
2596.0,-179.0280853909307,94.53923394445253
2596.5,-178.5342317951069,94.59626321591334
2597.0,-178.04036777359008,94.65345109264935
2597.5,-177.54648859700515,94.71082473918385
2598.0,-177.05259578745603,94.76835805020761
2598.5,-176.5586851154726,94.82604742068676
2599.0,-176.06475256939197,94.88388986752732
2599.5,-175.57079628692043,94.94188330638096
2600.0,-175.07681444917668,95.00002660907062
2600.5,-174.58280176983743,95.05831934182929
2601.0,-174.08874921598093,95.11678405621285
2601.5,-173.59465632012208,95.1754111025525
2602.0,-173.10052462833457,95.2341927608208
2602.5,-172.60635689606116,95.29313146711876
2603.0,-172.1121537713788,95.35222782159768
2603.5,-171.61791556505008,95.41148059223433
2604.0,-171.1236457225063,95.4708879612027
2604.5,-170.6293429462281,95.53047360953344
2605.0,-170.13501530363055,95.59022281435834
2605.5,-169.64067141319026,95.6501234664682
2606.0,-169.14631327829343,95.71017562578784
2606.5,-168.65194118960684,95.77038026966375
2607.0,-168.15755582925252,95.83073714273168
2607.5,-167.663160231347,95.89124199451908
2608.0,-167.16875593154253,95.95192167017122
2608.5,-166.6743481835688,96.01275203429425
2609.0,-166.1799371271016,96.07373344749996
2609.5,-165.68552089110455,96.13486738008184
2610.0,-165.19109768965694,96.19615647148201
2610.5,-164.69666619626886,96.25760525558492
2611.0,-164.202223949929,96.31922248347283
2611.5,-163.70777055755906,96.38104689037532
2612.0,-163.21330295068046,96.44305356999583
2612.5,-162.7188213589431,96.50524756365492
2613.0,-162.22432762902682,96.56763661448839
2613.5,-161.72982157023932,96.63022939654788
2614.0,-161.23530162238688,96.69303325123452
2614.5,-160.74077159464954,96.75605403592543
2615.0,-160.2462296491439,96.81933097473535
2615.5,-159.75167771195626,96.88282568624635
2616.0,-159.257118152986,96.94653488976569
2616.5,-158.76255191386377,97.01045709793581
2617.0,-158.26798027251607,97.07458801185182
2617.5,-157.7734048369719,97.13892149673546
2618.0,-157.2788260613998,97.20345460949125
2618.5,-156.7842421377999,97.2682059420611
2619.0,-156.28965377422548,97.33316212030549
2619.5,-155.79506031925897,97.39830823079446
2620.0,-155.30046360745752,97.46363975321795
2620.5,-154.80586677606843,97.52915302213802
2621.0,-154.31127156361927,97.59484901312523
2621.5,-153.8166774575536,97.6607314815414
2622.0,-153.32208341639176,97.72680140369994
2622.5,-152.82748952251274,97.79307139545232
2623.0,-152.33289825917296,97.85954554568244
2623.5,-151.83831063208075,97.92619199038035
2624.0,-151.34372800243938,97.9930093123274
2624.5,-150.84914936041997,98.05999934179671
2625.0,-150.35457360022258,98.12716080544436
2625.5,-149.86000082711257,98.19448786540835
2626.0,-149.3654318940497,98.2619759797223
2626.5,-148.87086696708133,98.32962745728442
2627.0,-148.37630514950035,98.3974431193698
2627.5,-147.88174615740402,98.46542758270472
2628.0,-147.3871894126279,98.5335920693336
2628.5,-146.89263736577254,98.60192630116971
2629.0,-146.39809065693797,98.67043581972979
2629.5,-145.9035500631664,98.73912564472921
2630.0,-145.40901632602748,98.80800388852256
2630.5,-144.9144892693206,98.87708045079569
2631.0,-144.419969397728,98.94636169508136
2631.5,-143.92545774201952,99.01585211686303
2632.0,-143.43095447584713,99.08555702966399
2632.5,-142.936460244142,99.1554787600257
2633.0,-142.4419771355465,99.22562182847085
2633.5,-141.9475057184999,99.29599735985148
2634.0,-141.45304448629363,99.36660143422961
2634.5,-140.9585953298958,99.43744901825774
2635.0,-140.464157129562,99.50853652654337
2635.5,-139.96973036677954,99.57986897100919
2636.0,-139.4753172633808,99.6514503864816
2636.5,-138.98091930313558,99.72328640212643
2637.0,-138.4865371429223,99.79538461243156
2637.5,-137.99217362499462,99.86775118203792
2638.0,-137.49783063353627,99.94039689860351
2638.5,-137.003508987291,100.01333763927532
2639.0,-136.50921116645432,100.08658379361901
2639.5,-136.01494008455813,100.16014305160479
2640.0,-135.52069877132485,100.23402340759755
2640.5,-135.02649055480512,100.30823302802588
2641.0,-134.5323185733505,100.38278576049736
2641.5,-134.03818531697857,100.45769470009863
2642.0,-133.54409346571344,100.53296648249696
2642.5,-133.05004631448008,100.60860732327689
2643.0,-132.55604676196478,100.68462458254146
2643.5,-132.062098560844,100.76103184415742
2644.0,-131.5682051618101,100.83784314249907
2644.5,-131.07436930162743,100.91506987395955
2645.0,-130.58059429933215,100.99272750355972
2645.5,-130.08688327965106,101.07083281216907
2646.0,-129.59324010175942,101.14940704685033
2646.5,-129.0996689808075,101.22847514724884
2647.0,-128.60617383414444,101.30805914535735
2647.5,-128.1127592118375,101.38818362951066
2648.0,-127.61943021846152,101.4688733302575
2648.5,-127.12619189115915,101.55015533740266
2649.0,-126.63304927815386,101.63205700115427
2649.5,-126.1400069001172,101.7146002896919
2650.0,-125.64706909051414,101.79780715190576
2650.5,-125.15423906800012,101.881692110577
2651.0,-124.6615190326699,101.96625905824061
2651.5,-124.1689113938798,102.051512795195
2652.0,-123.67641813324306,102.13745805809212
2652.5,-123.18404108525418,102.22409626451521
2653.0,-122.69178292141467,102.3114338048934
2653.5,-122.19964735248936,102.39948631037004
2654.0,-121.70763709002891,102.48826212090847
2654.5,-121.21575578423968,102.57777263423156
2655.0,-120.72400766838861,102.6680328519057
2655.5,-120.2323954791163,102.75904999980592
2656.0,-119.74092387801194,102.85084005692909
2656.5,-119.24959630345265,102.94341534585753
2657.0,-118.75841633651214,103.03678734217787
2657.5,-118.2673872047732,103.13096514507146
2658.0,-117.776510736801,103.22595121582488
2658.5,-117.28579006621932,103.32175323383608
2659.0,-116.79523111121273,103.41839166566079
2659.5,-116.30483089882216,103.51584488013148
2660.0,-115.81459056235428,103.61410800298724
2660.5,-115.32451337827607,103.71318908965817
2661.0,-114.83460158883697,103.8130921588549
2661.5,-114.34485651790625,103.9138152533171
2662.0,-113.85527976413452,104.01535769757017
2662.5,-113.36587029044743,104.11770696720637
2663.0,-112.87662610216198,104.22084548807516
2663.5,-112.38754576722808,104.32475943554255
2664.0,-111.89862696221672,104.4294313161814
2664.5,-111.40986908260646,104.5348517663121
2665.0,-110.92127068214756,104.64100754364814
2665.5,-110.43283095272628,104.74788854639345
2666.0,-109.94454892623594,104.8554839350922
2666.5,-109.45644191351519,104.96386591726497
2667.0,-108.96851482190584,105.07305009817105
2667.5,-108.48077530899664,105.18306376773766
2668.0,-107.99323908484465,105.29397080557989
2668.5,-107.50592040142453,105.40582664495341
2669.0,-107.0188346199258,105.5186901146101
2669.5,-106.53200047789416,105.63263383183028
2670.0,-106.04543526143071,105.74772198011225
2670.5,-105.55915299706179,105.86400252711506
2671.0,-105.07316396391154,105.98150608815942
2671.5,-104.58747499545856,106.10024735483854
2672.0,-104.10209565568937,106.22025195715575
2672.5,-103.61704793803607,106.3415944770547
2673.0,-103.13231946147744,106.4642090664729
2673.5,-102.64789660471725,106.588027506746
2674.0,-102.16377143759587,106.7130058017174
2674.5,-101.67993944512413,106.83911432210222
2675.0,-101.19639714011878,106.96632877163788
2675.5,-100.7131397243962,107.09462017956113
2676.0,-100.23017657265373,107.22401321847045
2676.5,-99.74752081758672,107.35454710099212
2677.0,-99.26519545307681,107.48629687009311
2677.5,-98.78323651843164,107.6193827442096
2678.0,-98.3016388142631,107.75377100105966
2678.5,-97.82038600352524,107.88938913384914
2679.0,-97.33948778500664,108.02625832911075
2679.5,-96.85896943746802,108.16445477945543
2680.0,-96.37885972726644,108.30406538164809
2680.5,-95.89917865579076,108.4451444063199
2681.0,-95.41991978848257,108.58765369525868
2681.5,-94.94106964825176,108.73153219308645
2682.0,-94.4626347597283,108.87678651638728
2682.5,-93.98460021928167,109.02335341437733
2683.0,-93.50694887100754,109.17116444345058
2683.5,-93.02967482241132,109.32018926115434
2684.0,-92.55277530327704,109.47040811720673
2684.5,-92.0762522384842,109.62181658769346
2685.0,-91.60011596821477,109.77443672707587
2685.5,-91.12438092486792,109.92830287167386
2686.0,-90.64907309890394,110.08348372358888
2686.5,-90.17423391220036,110.24009264004819
2687.0,-89.6998502104308,110.39807552300232
2687.5,-89.22593892293017,110.55747019416712
2688.0,-88.75250702251698,110.71828354616079
2688.5,-88.2795595743707,110.88051668104724
2689.0,-87.80710262449358,111.04417345285867
2689.5,-87.33514307449046,111.20926003066258
2690.0,-86.86370704493656,111.37583653970505
2690.5,-86.39282299953022,111.5439673638826
2691.0,-85.92244460281734,111.71350737998569
2691.5,-85.45256268830559,111.88441821812532
2692.0,-84.9831810273135,112.05669781396794
2692.5,-84.51430365189475,112.2303448470123
2693.0,-84.04594701133666,112.40539109703418
2693.5,-83.57812943449677,112.58187216384879
2694.0,-83.11088621696082,112.75986718641515
2694.5,-82.64420006608457,112.93931663333845
2695.0,-82.17806209026605,113.12018380703151
2695.5,-81.71248447106291,113.30248703813255
2696.0,-81.24747670511341,113.4862374573397
2696.5,-80.78306395381395,113.67148445440282
2697.0,-80.31925972271505,113.8582468220712
2697.5,-79.85609136150059,114.04657770965446
2698.0,-79.39359951360692,114.23655972961812
2698.5,-78.93174041794927,114.42807052936703
2699.0,-78.47052031063453,114.6211109962955
2699.5,-78.00995534800549,114.81570508662352
2700.0,-77.55006705104277,115.01188781577439
2700.5,-77.09087051760353,115.20967915738174
2701.0,-76.63239317377445,115.40912675151459
2701.5,-76.17469800797052,115.61035590940888
2702.0,-75.71772642567664,115.81321666048103
2702.5,-75.26149712191871,116.0177349587392
2703.0,-74.80602535692525,116.2239276906637
2703.5,-74.35131457923015,116.43178750279803
2704.0,-73.89737872420822,116.64132917673804
2704.5,-73.44427676863354,116.85266109111191
2705.0,-72.9920613749782,117.06587568616627
2705.5,-72.54070489206703,117.28089398661244
2706.0,-72.09022729909988,117.4977379947452
2706.5,-71.640645709238,117.71642460782441
2707.0,-71.19198927524756,117.93699348367682
2707.5,-70.74427296613055,118.15945386457425
2708.0,-70.2975769666678,118.3839473975316
2708.5,-69.85184013881066,118.61033163790303
2709.0,-69.40702592294625,118.83851735095507
2709.5,-68.96315055178202,119.06851951489611
2710.0,-68.52022816721237,119.30034685251037
2710.5,-68.07825352045656,119.53397230488045
2711.0,-67.63724092619613,119.76940788623234
2711.5,-67.19722069531781,120.00669413106297
2712.0,-66.7581177359331,120.2456754057685
2712.5,-66.3199837266085,120.48643045939268
2713.0,-65.88286888420839,120.72903059431435
2713.5,-65.4468121796623,120.9735267015304
2714.0,-65.0118560872444,121.21997341385489
2714.5,-64.57816271521338,121.46863036686452
2715.0,-64.14568064089687,121.71938152837872
2715.5,-63.714446067155755,121.9722637274022
2716.0,-63.284483482648724,122.22729302629229
2716.5,-62.85580131080993,122.48445927203153
2717.0,-62.42841375626533,122.74376110779126
2717.5,-62.0023961492222,123.00529662399826
2718.0,-61.57774238592961,123.26902964596668
2718.5,-61.15437099437558,123.5348053179541
2719.0,-60.732271899514984,123.80258767203468
2719.5,-60.311429916952235,124.0723331903357
2720.0,-59.891850999064495,124.34403155607757
2720.5,-59.47357974737497,124.61773013206094
2721.0,-59.05671454728067,124.89355447991181
2721.5,-58.6411395037678,125.17130947421694
2722.0,-58.226873857464135,125.4510023981826
2722.5,-57.81395018840722,125.73266019015493
2723.0,-57.4023810726666,126.01628094350892
2723.5,-56.992172824467886,126.30185320297532
2724.0,-56.583487465129636,126.58958188730311
2724.5,-56.176158792867305,126.87921221054863
2725.0,-55.7701631501963,127.17069262504671
2725.5,-55.365474668921195,127.46396948176002
2726.0,-54.962045784328524,127.75896259715495
2726.5,-54.55985653262172,128.0556322075208
2727.0,-54.159012915355824,128.35410285209227
2727.5,-53.759460971505995,128.6542869622807
2728.0,-53.361187468992306,128.95615064738007
2728.5,-52.96420802634324,129.25969800688372
2729.0,-52.56852372202652,129.5649168929397
2729.5,-52.17414292042718,129.87180539160684
2730.0,-51.781173337362375,130.18048560516647
2730.5,-51.389609050053025,130.49093194734172
2731.0,-50.999414930545825,130.80308248795106
2731.5,-50.61061010205485,131.11694363158352
2732.0,-50.22322283055712,131.43253386919076
2732.5,-49.83725159846021,131.74983335579378
2733.0,-49.45276476722595,132.06890954166056
2733.5,-49.069783371540254,132.38977084311998
2734.0,-48.68819995975443,132.71227699747993
2734.5,-48.30799710862779,133.0363963521278
2735.0,-47.92919080614783,133.36213535463907
2735.5,-47.55178280556331,133.68948123804512
2736.0,-47.1758346628298,134.01849459287158
2736.5,-46.80144981531488,134.34927514420778
2737.0,-46.428577339809884,134.68174492099226
2737.5,-46.05726031826125,135.01593332539807
2738.0,-45.68751467262066,135.35184030699648
2738.5,-45.319361772373526,135.6894708365663
2739.0,-44.95285623211044,136.02886966751134
2739.5,-44.588137487768456,136.37016755589065
2740.0,-44.225081758279615,136.71321262156397
2740.5,-43.86374472141552,137.0580370183185
2741.0,-43.504118334169426,137.40461438101508
2741.5,-43.14617226332335,137.752899215721
2742.0,-42.789907199453026,138.10287325550735
2742.5,-42.43547235893922,138.4546702131641
2743.0,-42.082647464954235,138.8080590077355
2743.5,-41.73140222839733,139.16299681600023
2744.0,-41.3816946980096,139.5194313031966
2744.5,-41.03351281543745,139.87734022262535
2745.0,-40.686864588821116,140.23671910531021
2745.5,-40.341921337005104,140.59771874109146
2746.0,-39.998496447895725,140.96014721166497
2746.5,-39.65656349001314,141.32397290754855
2747.0,-39.31611357889882,141.68917702518416
2747.5,-38.977172743602175,142.05577051145892
2748.0,-38.6397842061949,142.42377532260306
2748.5,-38.30409285049678,142.79330977930232
2749.0,-37.97000831802681,143.16427809128496
2749.5,-37.63746050664219,143.53660503258376
2750.0,-37.306427214268666,143.91026235578755
2750.5,-36.97690471314542,144.28523547141353
2751.0,-36.64889045699371,144.6615089956691
2751.5,-36.32244810458166,145.03912835050383
2752.0,-35.9976269392461,145.41812289578587
2752.5,-35.67433146156091,145.79839826479846
2753.0,-35.35256217051576,146.17994447578155
2753.5,-35.03232665743826,146.5627580484412
2754.0,-34.71360932250286,146.946815204073
2754.5,-34.39640411667672,147.33210488551137
2755.0,-34.08085424970704,147.71873202859356
2755.5,-33.76684551957474,148.10659208273464
2756.0,-33.45436674463708,148.49566487609454
2756.5,-33.14341373364207,148.88593716318726
2757.0,-32.8339717915729,149.2773874128016
2757.5,-32.52601535117058,149.6699872838946
2758.0,-32.219542463000174,150.0637310835548
2758.5,-31.914605982979534,150.45865228649865
2759.0,-31.61108906724983,150.85465483274905
2759.5,-31.308996013910942,151.25173232923746
2760.0,-31.00833863337185,151.64988655859784
2760.5,-30.709128423525062,152.0491162715695
2761.0,-30.411345695504114,152.4494003425762
2761.5,-30.115027697894796,152.85076108818717
2762.0,-29.820236386065794,153.25323316803733
2762.5,-29.526888434705874,153.65674762852154
2763.0,-29.2350049213868,154.0613078330008
2763.5,-28.944605521190248,154.46691895192376
2764.0,-28.655666824300894,154.87355601108123
2764.5,-28.368197458787492,155.28121928361446
2765.0,-28.082197342482825,155.68989471243708
2765.5,-27.79777534648593,156.09965189127803
2766.0,-27.514776888550543,156.51037268256096
2766.5,-27.233177878380094,156.92203662444604
2767.0,-26.952949062761377,157.33461595540905
2767.5,-26.674076469493293,157.7480947027897
2768.0,-26.396567271067724,158.16246740383605
2768.5,-26.12042019254827,158.57772306646893
2769.0,-25.845697581128878,158.99389262028612
2769.5,-25.57236597229491,159.4109456318079
2770.0,-25.300362503269586,159.82883298861896
2770.5,-25.029676390234997,160.24753769898868
2771.0,-24.760282803752755,160.6670391836157
2771.5,-24.492158435965006,161.08731506260355
2772.0,-24.225268642059504,161.50833701828694
2772.5,-23.95957388961091,161.9300750864044
2773.0,-23.6950814677621,162.35252765322602
2773.5,-23.431732939977753,162.77565449157726
2774.0,-23.169411469323407,163.1993879486979
2774.5,-22.908056106892587,163.62369300940603
2775.0,-22.647620157425923,164.0485444183466
2775.5,-22.388065926670922,164.47392100480653
2776.0,-22.129379048195098,164.89981281261635
2776.5,-21.871549926123098,165.3262118518808
2777.0,-21.614556467886924,165.75310750309734
2777.5,-21.358432962079366,166.18052087420688
2778.0,-21.103132970884197,166.60842764521948
2778.5,-20.84865335477071,167.0368229733021
2779.0,-20.595026057665777,167.46572136541732
2779.5,-20.342290642715277,167.89513695692443
2780.0,-20.090468808424415,168.32507716108006
2780.5,-19.83955919199888,168.75553803362018
2781.0,-19.58956307920634,169.18651804934694
2781.5,-19.340479482146723,169.61801340329197
2782.0,-19.092290394568863,170.05001198878315
2782.5,-18.845042034811055,170.48253845902505
2783.0,-18.59866434841057,170.91555012093428
2783.5,-18.353143147196246,171.34903732322758
2784.0,-18.108467856623975,171.7829932464685
2784.5,-17.86463180793994,172.2174128668689
2785.0,-17.621626543638843,172.6522899862732
2785.5,-17.3794433105641,173.0876188083106
2786.0,-17.138078709511046,173.5233969998157
2786.5,-16.89754084643231,173.95962699608978
2787.0,-16.657852044989905,174.39631518755584
2787.5,-16.419035031135273,174.83347115572874
2788.0,-16.181114675426624,175.2711028089204
2788.5,-15.944150822256356,175.70923813238883
2789.0,-15.70808586967905,176.14784351400442
2789.5,-15.47290090377876,176.5869074828802
2790.0,-15.23856716248589,177.02641300892438
2790.5,-15.005051532134267,177.46634326330818
2791.0,-14.77232276527586,177.90668033979563
2791.5,-14.5403370484651,178.34740143993116
2792.0,-14.309046395992059,178.78848427305223
2792.5,-14.078409826452473,179.22990879646065
2793.0,-13.848392126789312,179.6716594954642
2793.5,-13.61896628585078,180.11372139308335
2794.0,-13.39010850065141,180.556085786156
2794.5,-13.161801429013128,180.99874049582698
2795.0,-12.934024874030728,181.44167615230606
2795.5,-12.70675439369504,181.88488471015214
2796.0,-12.47998434246137,182.32836226653262
2796.5,-12.253744823019892,182.77211972299938
2797.0,-12.028022560109148,183.21614284762381
2797.5,-11.802834820941245,183.6604377659673
2798.0,-11.57816729490937,184.10499034249275
2798.5,-11.354001237272447,184.5497942223415
2799.0,-11.130309988059372,184.99483406545414
2799.5,-10.90706947588568,185.44009818947976
2800.0,-10.684262898697982,185.88557555810902
2800.5,-10.461860385544151,186.33124965474465
2801.0,-10.23983480821377,186.7771076375787
2801.5,-10.018160317047348,187.22313407812055
2802.0,-9.796805719546981,187.66931744260373
2802.5,-9.575739071435814,188.11564819752525
2803.0,-9.35493840074127,188.5621156875645
2803.5,-9.134385315856093,189.00871218534394
2804.0,-8.914063970190544,189.4554332285075
2804.5,-8.693966956369033,189.9022733185293
2805.0,-8.474088439003628,190.34922814367746
2805.5,-8.254418926174584,190.7962939339417
2806.0,-8.034956603664197,191.2434678734183
2806.5,-7.815704336922268,191.69074445075051
2807.0,-7.596656978894302,192.13812146500968
2807.5,-7.377815059976166,192.58559669984496
2808.0,-7.159178995101562,193.03316405076558
2808.5,-6.94074160365142,193.48081809741757
2809.0,-6.7224971978841905,193.92855427266613
2809.5,-6.504441752647995,194.37636595460282
2810.0,-6.286570910418035,194.82424595605045
2810.5,-6.068871001547799,195.2721875221771
2811.0,-5.8513267368185335,195.7201843180109
2811.5,-5.6339218369718385,196.16823403593165
2812.0,-5.41664185615741,196.61633041964444
2812.5,-5.199471985108989,197.06446790124212
2813.0,-4.9823983300614865,197.51264176216833
2813.5,-4.765409096619161,197.96084463200043
2814.0,-4.5484894904032664,198.40907420045656
2814.5,-4.331624549125314,198.85732769100366
2815.0,-4.114802891963498,199.30560034141055
2815.5,-3.8980119614964375,199.75389304173524
2816.0,-3.681238902404302,200.20220293350812
2816.5,-3.4644764016657583,200.65052718405732
2817.0,-3.247715599975742,201.09886153237434
2817.5,-3.0309489057561017,201.54720255326865
2818.0,-2.814170148273513,201.9955472611094
2818.5,-2.5973768325849727,202.44389324027543
2819.0,-2.3805574657646544,202.89223865384872
2819.5,-2.1637056787066586,203.34057113438192
2820.0,-1.9468148981642153,203.7888899259647
2820.5,-1.7298818659787287,204.23719279553254
2821.0,-1.5129040861583878,204.68546927690898
2821.5,-1.2958728444844212,205.13371524061088
2822.0,-1.0787768076677675,205.58192950863545
2822.5,-0.8616150578590108,206.0301018628531
2823.0,-0.6443871703902752,206.47822790464198
2823.5,-0.4270894890648719,206.9263093392684
2824.0,-0.2097185707415638,207.37434112921028
2824.5,0.007720929725729686,207.82232791758312
2825.0,0.22523866427859904,208.27027486790954
2825.5,0.44283412777568576,208.71817821264085
2826.0,0.6605085137559767,209.1660362987945
2826.5,0.8782632112773553,209.61385198696212
2827.0,1.0960963355440052,210.06162785703665
2827.5,1.3140061321607168,210.50936775755397
2828.0,1.5319947050989777,210.9570753509097
2828.5,1.7500625666887755,211.40474779085503
2829.0,1.9682081496087258,211.85238679621904
2829.5,2.1864318349556124,212.29999488335955
2830.0,2.404733638239217,212.7475714996177
2830.5,2.6231156322829006,213.1951170910773
2831.0,2.8415800360464076,213.64263262896657
2831.5,3.0601248377020447,214.09011687792554
2832.0,3.2787483585951764,214.5375702837564
2832.5,3.497453598242151,214.98499465604755
2833.0,3.7162435903081152,215.43238806608124
2833.5,3.9351165871836686,215.87975029149408
2834.0,4.1540713355611265,216.32708472923204
2834.5,4.373113908079635,216.77438749327888
2835.0,4.592253806421055,217.22165186814775
2835.5,4.811495903770117,217.6688781658577
2836.0,5.0308379640695255,218.11606427838498
2836.5,5.250281424912373,218.56320747844612
2837.0,5.469832725551008,219.01030521450852
2837.5,5.689498049451652,219.45735012010817
2838.0,5.909278139240689,219.90433743182268
2838.5,6.129176823226046,220.3512682146477
2839.0,6.349197364603954,220.79813701191517
2839.5,6.569340835102071,221.2449382765007
2840.0,6.789608427731596,221.6916764746701
2840.5,7.010001540829573,222.1383506398985
2841.0,7.230515421421564,222.58496043597026
2841.5,7.451150516486632,223.03150865693544
2842.0,7.671905067221782,223.4779983943788
2842.5,7.892776386624886,223.92443346278574
2843.0,8.113757221431516,224.37082350959932
2843.5,8.334842857992703,224.81717422060277
2844.0,8.556032025575457,225.2634900844338
2844.5,8.777321058748305,225.70977631304095
2845.0,8.998708908235157,226.15603719593724
2845.5,9.22019824391607,226.6022747553337
2846.0,9.441787929489044,227.048491015975
2846.5,9.663476951479677,227.4946878465001
2847.0,9.885267362565614,227.94086621074663
2847.5,10.10715821158956,228.3870281924879
2848.0,10.329148265161544,228.83317546728424
2848.5,10.551244200235208,229.27930614291066
2849.0,10.773452226933474,229.72541278536258
2849.5,10.995773393201576,230.1714913335872
2850.0,11.218207441600661,230.61754124992981
2850.5,11.440758326722008,231.06355794170702
2851.0,11.663425704403865,231.50953388919422
2851.5,11.886214492517698,231.9554674533329
2852.0,12.109127287029562,232.4013532080123
2852.5,12.332167772400192,232.8471844002453
2853.0,12.555337677623063,233.29296014259913
2853.5,12.778637699719303,233.73867921175906
2854.0,13.002062291240685,234.18434178953183
2854.5,13.225610931665306,234.62995019585736
2855.0,13.449280977476503,235.07550493792775
2855.5,13.67306999720547,235.52100948946392
2856.0,13.896972898565057,235.9664680016887
2856.5,14.120989784751762,236.41188629028417
2857.0,14.345122293975118,236.85726490970526
2857.5,14.569369966945851,237.30260282389267
2858.0,14.79373142572918,237.7479038268875
2858.5,15.018204028114091,238.19317159750315
2859.0,15.2427868963575,238.6384068257554
2859.5,15.467479821500056,239.08360973813706
2860.0,15.692287255132511,239.52877914811782
2860.5,15.917211455974751,239.9739103480941
2861.0,16.142252325176116,240.41900087554848
2861.5,16.36741174085101,240.86405342946608
2862.0,16.59269319412419,241.30906677611247
2862.5,16.818097217288894,241.7540351947159
2863.0,17.043625201996484,242.1989606826244
2863.5,17.269276041588835,242.64384175108225
2864.0,17.495049731348463,243.08867376980433
2864.5,17.72094553509934,243.53345812611752
2865.0,17.946960736251615,243.9782009274379
2865.5,18.173086940380717,244.42290795183786
2866.0,18.399322421960377,244.86757973294428
2866.5,18.62566014391303,245.31221840810355
2867.0,18.85210081507442,245.75682492964182
2867.5,19.078640697071336,246.20139818057123
2868.0,19.30527787757173,246.64594032353887
2868.5,19.53201167542425,247.09045208993666
2869.0,19.75884128262351,247.53493465729028
2869.5,19.985765761576904,247.97938907454815
2870.0,20.212787540603355,248.4238130955925
2870.5,20.439906261099495,248.86820316235466
2871.0,20.66712270573694,249.312559871611
2871.5,20.8944354726438,249.7568778885225
2872.0,21.121850927879272,250.2011542666185
2872.5,21.349359017712633,250.64539718681905
2873.0,21.5769565868172,251.0896081646044
2873.5,21.804640161934245,251.53378460924415
2874.0,22.032407015880885,251.97793067713246
2874.5,22.260257371323444,252.42204522248127
2875.0,22.488189681012937,252.86612876120088
2875.5,22.716200101334096,253.3101843841876
2876.0,22.944287833259565,253.75421595257075
2876.5,23.17245147748348,254.19822541915673
2877.0,23.400696082881073,254.64221481047483
2877.5,23.629016914023467,255.08618556134806
2878.0,23.85742077316735,255.5301305125742
2878.5,24.08591538038964,255.9740408801965
2879.0,24.31450437727221,256.4179153286156
2879.5,24.543191386323958,256.86175274642756
2880.0,24.771978980512863,257.30555099247977
2880.5,25.00086846523863,257.74930934283185
2881.0,25.229871227323926,258.1930217715767
2881.5,25.458989936037487,258.6366818593477
2882.0,25.688223832777886,259.0802877610995
2882.5,25.91757224197252,259.5238411012782
2883.0,26.147031697721612,259.96734410755386
2883.5,26.376595598278424,260.4108012968987
2884.0,26.606257408034082,260.85422052775266
2884.5,26.836023271591785,261.29760146515434
2885.0,27.06589367911617,261.7409447243907
2885.5,27.295852914727654,262.18426009260577
2886.0,27.525897160895614,262.6275520904384
2886.5,27.75602885155609,263.0708197029192
2887.0,27.98625035338172,263.5140624892197
2887.5,28.21656253625328,263.9572807664581
2888.0,28.44697783520828,264.4004706476879
2888.5,28.67748858096678,264.8436326189313
2889.0,28.908095285018298,265.28676680119503
2889.5,29.13880100517027,265.7298697555168
2890.0,29.369607220346566,266.17293713451227
2890.5,29.60051913206566,266.61596718288143
2891.0,29.831540819459068,267.0589575000119
2891.5,30.062661287016383,267.50191100633464
2892.0,30.293876856512206,267.944831620629
2892.5,30.52518883044437,268.38771932340836
2893.0,30.756598278647886,268.83057058538947
2893.5,30.988113472890134,269.2733801898149
2894.0,31.21970972005866,269.7161615488472
2894.5,31.451381410222105,270.15891705022085
2895.0,31.683123878333745,270.60164949688334
2895.5,31.91493107598422,271.0443637300617
2896.0,32.1468121454845,271.4870511946264
2896.5,32.378758780273245,271.92971176971747
2897.0,32.61077326937486,272.3723436901954
2897.5,32.8428531313078,272.81494733746763
2898.0,33.07500326651509,273.2575194492158
2898.5,33.30721838522793,273.7000620225256
2899.0,33.539492042550314,274.14257626732154
2899.5,33.77182116624905,274.5850637857842
2900.0,34.004207150551316,275.0275254375965
2900.5,34.23665771714209,275.4699566525961
2901.0,34.4691706451845,275.9123605394006
2901.5,34.701749399658894,276.3547371556458
2902.0,34.93439997696156,276.7970853915531
2902.5,35.16712609539857,277.23940614438146
2903.0,35.39992898847686,277.6816991454656
2903.5,35.63280925318332,278.1239643650679
2904.0,35.86577321820348,278.56620025071015
2904.5,36.098818272132206,279.00840766615863
2905.0,36.3319508733704,279.4505809810697
2905.5,36.565188541331494,279.89271002993456
2906.0,36.798554125133805,280.3347817985355
2906.5,37.03203422457854,280.77679971711336
2907.0,37.26563447136256,281.21875965021104
2907.5,37.499381894798574,281.6606459146072
2908.0,37.733266734471336,282.1024629938539
2908.5,37.96728774857894,282.54421171506294
2909.0,38.2014692465195,282.9858773914423
2909.5,38.43581353040034,283.4274583129893
2910.0,38.67030916082539,283.86896040276565
2910.5,38.90496881856643,284.31037788655874
2911.0,39.139799954837194,284.7517076201073
2911.5,39.37478797252473,285.1929600281073
2912.0,39.60996745466624,285.63411586979635
2912.5,39.845360767778146,286.07516280328593
2913.0,40.08095344702584,286.516109836338
2913.5,40.316789948592834,286.95693411459416
2914.0,40.55289729732463,287.39762002580886
2914.5,40.78927262155379,287.83816866564854
2915.0,41.02600417170941,288.2785325063439
2915.5,41.26311325139413,288.71869693414385
2916.0,41.50060663997875,289.1586581344081
2916.5,41.73860843630317,289.5983489541792
2917.0,41.97708249022416,290.0377865441991
2917.5,42.21609925543536,290.47693152505224
2918.0,42.4557389798761,290.9157398084335
2918.5,42.69596899989385,291.35422686870436
2919.0,42.93693185890656,291.7923134378942
2919.5,43.17860947200271,292.23000736038586
2920.0,43.42102924211448,292.66729186526294
2920.5,43.664325307606674,293.10409040140655
2921.0,43.90839017162826,293.5404609442231
2921.5,44.15336945816763,293.97631985663224
2922.0,44.39923817306174,294.4116784816982
2922.5,44.64600294433798,294.84653062121197
2923.0,44.89379232521544,295.2808004826577
2923.5,45.142447372965876,295.7145763460611
2924.0,45.39214331710901,296.14775516617914
2924.5,45.64280992249043,296.5803734863681
2925.0,45.8945157107913,297.01238815053654
2925.5,46.147264519999446,297.44379423247744
2926.0,46.40092790358319,297.87466418430773
2926.5,46.65569115733679,298.3048860565991
2927.0,46.91137627922955,298.73456156947293
2927.5,47.168196302183254,299.16356013529304
2928.0,47.426097597731356,299.5919095454917
2928.5,47.68509683357509,300.0195961876073
2929.0,47.94520709591571,300.4466087738375
2929.5,48.20635139218185,300.8729902765409
2930.0,48.46870680905852,301.2986283502909
2930.5,48.73210630536247,301.723621623776
2931.0,48.99684332463245,302.1477833289942
2931.5,49.26271873727518,302.57123264190164
2932.0,49.52992698790206,302.993842410516
2932.5,49.798364301420634,303.4156728327696
2933.0,50.06813290659137,303.8366532023186
2933.5,50.339230534944974,304.25677908661737
2934.0,50.611703021726996,304.6760143802333
2934.5,50.8856710136087,305.0942737102019
2935.0,51.16107013907163,305.51159156549335
2935.5,51.438129678466055,305.9278082833056
2936.0,51.71675672732618,306.34297673239706
2936.5,51.99727746465667,306.7568675001482
2937.0,52.2794561171918,307.16962922284716
2937.5,52.56372711171278,307.5809523762787
2938.0,52.8497342718462,307.99106990194934
2938.5,53.13795864661206,308.3996318080905
2939.0,53.42802540376121,308.8068876178025
2939.5,53.72039712198434,309.21249175077253
2940.0,54.014619320023314,309.61675520625954
2940.5,54.31110329161383,310.01936191832584
2941.0,54.60944794357564,310.42059109145634
2941.5,54.91006744852351,310.82011738247667
2942.0,55.21256237670636,311.2182244932537
2942.5,55.517464211791484,311.614490274221
2943.0,55.82435798591576,312.00921487370147
2943.5,56.13367777353022,312.4020402031562
2944.0,56.44502576571482,312.79325873784535
2944.5,56.75883552164659,313.18250445707696
2945.0,57.07475938039981,313.5700347805537
2945.5,57.39317606886419,313.9555185898461
2946.0,57.713847634229026,314.33912792884576
2946.5,58.036993898718116,314.72065486406046
2947.0,58.362455884911924,315.1002074729605
2947.5,58.69037891170735,315.477636822503
2948.0,59.02067683327549,315.85298944477995
2948.5,59.35325571125857,316.22632255023393
2949.0,59.68813424729727,316.5975926530867
2949.5,60.025142218904826,316.9669296205811
2950.0,60.36454832844259,317.33406192651887
2950.5,60.706115415997225,317.69918473464344
2951.0,61.05021250223654,318.0619236622738
2951.5,61.39638364384609,318.42268232139367
2952.0,61.74504758900032,318.78103216129165
2952.5,62.09589766151824,319.13724085138296
2953.0,62.4491872315199,319.4910307926614
2953.5,62.80480184919791,319.84248364237214
2954.0,63.16272480580104,320.1915863500367
2954.5,63.52293807477338,320.5383230849041
2955.0,63.88532947963973,320.8827825058435
2955.5,64.25025026911827,321.2245611422829
2956.0,64.61732134745657,321.56402991717613
2956.5,64.98686219664215,321.90080789148635
2957.0,65.35848228671918,322.2352890415964
2957.5,65.73244392844674,322.5671507535025
2958.0,66.10864242566117,322.8964738750249
2958.5,66.48714733672426,323.22314548385225
2959.0,66.86793877644679,323.5471495423876
2959.5,67.25075130257504,323.8687632204325
2960.0,67.6358124576041,324.1876800773574
2960.5,68.02282908608885,324.5042220712707
2961.0,68.41213797503563,324.8179418337178
2961.5,68.80330466813457,325.12934166849345
2962.0,69.19653734788106,325.43812914628785
2962.5,69.59164183205787,325.74451731565756
2963.0,69.98866352633138,326.04841841365146
2963.5,70.38751026948958,326.3499193730424
2964.0,70.78802112322636,326.6492054804917
2964.5,71.19025067034843,326.9461740534822
2965.0,71.59396882183141,327.24111268490293
2965.5,71.99947397978637,327.5335869342417
2966.0,72.4065252502317,327.8239058288773
2966.5,72.81534032345282,328.1117363830204
2967.0,73.22559626872207,328.39750648285496
2967.5,73.63748752942719,328.68091345803316
2968.0,74.05090804265707,328.9620834931674
2968.5,74.46591219397887,329.2409104398079
2969.0,74.88254471943736,329.51729932036596
2969.5,75.30068952166394,329.79139718385164
2970.0,75.72037610194332,330.06312633060077
2970.5,76.14148831594613,330.3326425799839
2971.0,76.56423540624624,330.59959014920395
2971.5,76.98830588745163,330.8644318725231
2972.0,77.41394363702405,331.1267497273747
2972.5,77.84083196144329,331.38702804153667
2973.0,78.26914075266416,331.6449619641684
2973.5,78.69872715977179,331.9007628026116
2974.0,79.12969171269063,332.1542374197793
2974.5,79.56191728454694,332.4055558748264
2975.0,79.9954022916949,332.6546960104488
2975.5,80.43014444470201,332.9016361541969
2976.0,80.86602509978195,333.14656050813124
2976.5,81.3030979557899,333.3893474437377
2977.0,81.74128521688141,333.6301162333821
2977.5,82.18079238995706,333.86846829490656
2978.0,82.62139765952298,334.1047843354657
2978.5,83.06331655346575,334.33863672922905
2979.0,83.50635621581029,334.57035959006674
2979.5,83.95056531030299,334.7998311155028
2980.0,84.39593134901614,335.0270456883464
2980.5,84.84253220048525,335.2518264761054
2981.0,85.29040958340585,335.4740535493397
2981.5,85.73941224246639,335.69399824170694
2982.0,86.18972600212504,335.91124633240247
2982.5,86.64112124232578,336.12623702387
2983.0,87.09373290748599,336.3386538148426
2983.5,87.54749928972542,336.5485927474278
2984.0,88.00241572029944,336.7560312165977
2984.5,88.45847187116775,336.9609502404432
2985.0,88.91554034887376,337.1636016977655
2985.5,89.37373843726212,337.36368487347596
2986.0,89.83289346466407,337.5615585520691
2986.5,90.29305018490741,337.7570888951434
2987.0,90.75423479040572,337.95017997093254
2987.5,91.21633918579585,338.14105852596276
2988.0,91.6794687802895,338.3294360092292
2988.5,92.14349397287614,338.51559677473887
2989.0,92.60837779489661,338.69960499477025
2989.5,93.07415921969455,338.8813300997665
2990.0,93.54071132535286,339.06106779770215
2990.5,94.00805279068479,339.2387455197369
2991.0,94.47618109178097,339.4143395958086
2991.5,94.94500445462123,339.5880682435219
2992.0,95.41453787155518,339.7598693426607
2992.5,95.88478922307644,339.9296953576571
2993.0,96.35567580497637,340.09775055270444
2993.5,96.82718499574734,340.2640516242458
2994.0,97.29934725347117,340.4284875941178
2994.5,97.77207547819063,340.59128586170533
2995.0,98.24537223530639,340.7524230864929
2995.5,98.7192503446873,340.9118420457803
2996.0,99.1936949438658,341.0695652112408
2996.5,99.66867469668243,341.2256679527964
2997.0,100.14418317362039,341.38015268126816
2997.5,100.62021818252762,341.53300354471133
2998.0,101.0967952160274,341.68415311707304
2998.5,101.57389859479314,341.8336326268157
2999.0,102.05152529601011,341.98143047459644
2999.5,102.52966947794432,342.12754168703043
3000.0,103.00836438186845,342.27184024316
3000.5,103.48758957146482,342.4143653183004
3001.0,103.96733049257868,342.55513964004444
3001.5,104.44760365539699,342.69408511203676
3002.0,104.92841644391346,342.8311529371068
3002.5,105.40975907976681,342.96634445823724
3003.0,105.8916575404637,343.0995403232135
3003.5,106.37411980454559,343.23068047165486
3004.0,106.85712437048952,343.3598058931209
3004.5,107.34065796532352,343.48692772134734
3005.0,107.82473584054159,343.61195425717546
3005.5,108.30936959270043,343.7348043851076
3006.0,108.79456084093786,343.8554283310416
3006.5,109.28032299664922,343.9737299081258
3007.0,109.76666984516116,344.08960832116907
3007.5,110.25358856514657,344.2030578071995
3008.0,110.74107362586365,344.3140439275184
3008.5,111.2291434885159,344.42242653867214
3009.0,111.71779744431139,344.52813497500057
3009.5,112.20704178502157,344.63106396158366
3010.0,112.69690464984632,344.73100525237044
3010.5,113.187401288583,344.827787339181
3011.0,113.67855091994818,344.9212097914694
3011.5,114.17034449001818,345.01118855294294
3012.0,114.66276413697618,345.0976775014274
3012.5,115.15579778003178,345.1805867210482
3013.0,115.64944738926248,345.2597472741266
3013.5,116.14368930353784,345.33511290853374
3014.0,116.63852734958824,345.4064574216361
3014.5,117.13395194996318,345.4736181516904
3015.0,117.62994545184645,345.53644696792185
3015.5,118.12648303385104,345.5948221748337
3016.0,118.62354129635933,345.6485954353525
3016.5,119.12105683482511,345.69792994580746
3017.0,119.61899053117982,345.74279135196264
3017.5,120.11732306131745,345.78292951382235
3018.0,120.61603634289861,345.81800832067006
3018.5,121.11509593173851,345.847786191401
3019.0,121.61444751842406,345.8722201748574
3019.5,122.11403115937694,345.89133893449974
3020.0,122.61379209059803,345.9050634882494
3020.5,123.11367305046048,345.91330400521144
3021.0,123.61361426354624,345.91584427403234
3021.5,124.11355084140637,345.9124821529496
3022.0,124.61341198688271,345.90313305267637
3022.5,125.11312389337343,345.88767869617703
3023.0,125.61261211089396,345.8661283017701
3023.5,126.11180563787484,345.8385736433264
3024.0,126.61063250662569,345.8050443895688
3024.5,127.10900000489471,345.7652568228059
3025.0,127.60679527840018,345.7188372387041
3025.5,128.10393489627714,345.6658278323891
3026.0,128.60034086309736,345.60632378246703
3026.5,129.0959396760842,345.5404381373033
3027.0,129.59063410937318,345.46808070547996
3027.5,130.08429404534107,345.3889651519782
3028.0,130.57675439790566,345.3026878289178
3028.5,131.06791991903066,345.20931432283373
3029.0,131.5576599739182,345.1087173735486
3029.5,132.04585863154378,345.0008739512195
3030.0,132.53243531473194,344.88592341965517
3030.5,133.01724914613763,344.763749917858
3031.0,133.50019726129207,344.6344025354736
3031.5,133.98118452664352,344.4979503255517
3032.0,134.46000046058856,344.3540598460864
3032.5,134.93645157861025,344.2025091993201
3033.0,135.41031929261558,344.0430537198138
3033.5,135.88161877972382,343.87615995129755
3034.0,136.3502940728687,343.7020356295418
3034.5,136.81625131806453,343.5207658736283
3035.0,137.2791596044663,343.33184843865286
3035.5,137.73882376813123,343.13516954221427
3036.0,138.19509889353307,342.93074919085285
3036.5,138.64784770312053,342.7186277659865
3037.0,139.09679235108982,342.49856725524035
3037.5,139.54195611522678,342.27095824206725
3038.0,139.98324556023584,342.035928267417
3038.5,140.42051031050207,341.79349426752884
3039.0,140.85347535870417,341.54346661519725
3039.5,141.28216263428584,341.2861803816392
3040.0,141.70636406486372,341.0215649677773
3040.5,142.12567367456228,340.7492682207926
3041.0,142.54005884816863,340.469539834377
3041.5,142.9494166683666,340.1825045304759
3042.0,143.35344385456736,339.8880180212883
3042.5,143.75223033402088,339.5864813345569
3043.0,144.14570132231682,339.27804902617487
3043.5,144.533462327941,338.96247929551424
3044.0,144.9154864766218,338.6399993303002
3044.5,145.2913757747304,338.31038973152437
3045.0,145.6608182855345,337.97356886649067
3045.5,146.02419256896954,337.63021730473605
3046.0,146.38147160032557,337.28053895117574
3046.5,146.7325977594256,336.92469702913854
3047.0,147.07772404914027,336.5630473557606
3047.5,147.41623210633233,336.1952050459626
3048.0,147.74808838427077,335.8213523258604
3048.5,148.07348158184755,335.4418626513906
3049.0,148.39225045553238,335.05679739416956
3049.5,148.70483851517463,334.6667083268172
3050.0,149.011524759512,334.271972607217
3050.5,149.3120994724084,333.87257588776527
3051.0,149.60686623208613,333.4688808002358
3051.5,149.89616684573008,333.06125830319047
3052.0,150.18018920650144,332.64995646115364
3052.5,150.45959079754286,332.23552423021124
3053.0,150.73439476582973,331.8180467650494
3053.5,151.00437122227837,331.39744110190156
3054.0,151.26978763079487,330.97394489570985
3054.5,151.53108855356766,330.5479064815657
3055.0,151.7883843931422,330.11945379616435
3055.5,152.04175364760232,329.6886884884666
3056.0,152.29130208867562,329.2557212373739
3056.5,152.5369412387691,328.82054340703183
3057.0,152.77842364152633,328.38305879130405
3057.5,153.01603935281045,327.9434731268151
3058.0,153.24981628155447,327.5018429771868
3058.5,153.47969011353797,327.05817190808915
3059.0,153.70575211250528,326.61255299849483
3059.5,153.92834410652085,326.165207497582
3060.0,154.1474558367741,325.7161638059206
3060.5,154.3630543647702,325.2654368359131
3061.0,154.5751604164228,324.8130777928165
3061.5,154.7839133070877,324.35918584173555
3062.0,154.98923021485845,323.90374774427886
3062.5,155.19110102534498,323.4467905628456
3063.0,155.3894157621443,322.9882926488954
3063.5,155.58408893242796,322.52824697376394
3064.0,155.7753234120673,322.0667802396949
3064.5,155.96328615573913,321.6039982411015
3065.0,156.1480165973314,321.1399488275338
3065.5,156.3294117069131,320.6746133058216
3066.0,156.50736345547182,320.20797259529985
3066.5,156.68186420762063,319.740050459911
3067.0,156.85306716479937,319.27094232436315
3067.5,157.0209210684812,318.8006496157121
3068.0,157.1856198082004,318.329272059326
3068.5,157.34727291744878,317.85686965841575
3069.0,157.5060175772736,317.3835137100018
3069.5,157.66198961743626,316.90926732561223
3070.0,157.8153848020489,316.43421596185635
3070.5,157.9663035956034,315.9584026560954
3071.0,158.11482731620197,315.4818591014748
3071.5,158.26116229343057,315.00466589407876
3072.0,158.4055086725813,314.5269007243591
3072.5,158.54799438638844,314.0486091459167
3073.0,158.68875263676458,313.5698334386171
3073.5,158.82795511974112,313.0906338646864
3074.0,158.9657708034835,312.61106462396083
3074.5,159.10238997537405,312.1311895981253
3075.0,159.2379792052321,311.6510619438539
3075.5,159.37267741989007,311.1707255834693
3076.0,159.50660454164782,310.69021188431987
3076.5,159.63988132482314,310.2095492159658
3077.0,159.77261160518523,309.7287644132541
3077.5,159.90486881033124,309.2478748468752
3078.0,160.03671924550196,308.7668967769856
3078.5,160.16823021149892,308.28585549089433
3079.0,160.29944937990953,307.80477755473817
3079.5,160.43041035636733,307.3236678077691
3080.0,160.56113789351457,306.842526030359
3080.5,160.69166518293113,306.36136476608374
3081.0,160.82203068379974,305.88018945897727
3081.5,160.95226606900926,305.39899300227853
3082.0,161.08241735320894,304.9177907362426
3082.5,161.2125253208137,304.4365979648287
3083.0,161.34262070256668,303.95542845545015
3083.5,161.47273321663917,303.4743019283585
3084.0,161.60288337964934,302.99323546234393
3084.5,161.73310059678386,302.5122345878873
3085.0,161.86341893620425,302.0312986902659
3085.5,161.99384841995425,301.55043337576797
3086.0,162.12439555496456,301.06964521051
3086.5,162.2550717173672,300.5889354812096
3087.0,162.3858957420816,300.10830394228805
3087.5,162.51685962098597,299.6277521412262
3088.0,162.64795248237488,299.1472636984801
3088.5,162.779158960655,298.6668391351286
3089.0,162.91047848308202,298.18649443228094
3089.5,163.0419065664743,297.7062292675743
3090.0,163.17343209720408,297.2260424775728
3090.5,163.3050533784726,296.7459315312728
3091.0,163.4367802969115,296.26589938024927
3091.5,163.56860218204295,295.7859390021113
3092.0,163.70050440473642,295.30605427332944
3092.5,163.83248817216986,294.8262487394379
3093.0,163.96456561166247,294.34652874492826
3093.5,164.09671996850315,293.8668751522161
3094.0,164.2289395089347,293.38727664260284
3094.5,164.36122684848593,292.90773113386325
3095.0,164.49356121278473,292.42823073852236
3095.5,164.6259298416539,291.94878591773204
3096.0,164.75833264786453,291.4694047638617
3096.5,164.8907575090454,290.9900740282004
3097.0,165.0231903175116,290.51079121711916
3097.5,165.15561343767644,290.03155492020994
3098.0,165.28801856003207,289.5523524668133
3098.5,165.42040590932513,289.07319700332425
3099.0,165.55278163529462,288.5940889119813
3099.5,165.68514947972218,288.1150336643395
3100.0,165.8175068074752,287.6360373359219
3100.5,165.94985483367566,287.1570965013076
3101.0,166.08219294884162,286.67821989785216
3101.5,166.21452028061378,286.19939835344894
3102.0,166.34683297734355,285.7206351894202
3102.5,166.47913336214822,285.2419231901174
3103.0,166.61141877690167,284.76325613506606
3103.5,166.7436864943498,284.284635276378
3104.0,166.875930764652,283.8060586017625
3104.5,167.0081428679868,283.327537451625
3105.0,167.14032937626672,282.84905951093685
3105.5,167.27248183974413,282.3706195303031
3106.0,167.40460909259113,281.89221348114336
3106.5,167.53671140682158,281.41384851597167
3107.0,167.66878776316184,280.935534576742
3107.5,167.80082964342446,280.4572911228403
3108.0,167.93283608371192,279.9791159528096
3108.5,168.0647934045165,279.5010192716745
3109.0,168.1967121966887,279.022986293355
3109.5,168.3285752243506,278.54502107232577
3110.0,168.46038068976543,278.06711495378835
3110.5,168.59211025016924,277.58928504808625
3111.0,168.72377295146526,277.11151983165
3111.5,168.8553467590314,276.6338218440061
3112.0,168.98682890708722,276.15617325553904
3112.5,169.1182063227684,275.6785609239104
3113.0,169.24946780123236,275.20098282535645
3113.5,169.38061685745055,274.72343793703254
3114.0,169.51162255382744,274.24593759037856
3114.5,169.64250437399022,273.7684680091698
3115.0,169.77323417815094,273.2910274539754
3115.5,169.9037891414487,272.81360792078846
3116.0,170.03415631211482,272.3362005200313
3116.5,170.16429224533528,271.8588086082492
3117.0,170.29423821118502,271.38142579058035
3117.5,170.42394846120933,270.90404854544846
3118.0,170.5534029828299,270.4266630531273
3118.5,170.6826258517001,269.9492894167823
3119.0,170.8116035183679,269.47192950668375
3119.5,170.94036742005565,268.99459169221666
3120.0,171.0689248532032,268.5172509907574
3120.5,171.1972638750911,268.03990004798027
3121.0,171.32542798282557,267.56253242585376
3121.5,171.45342149647806,267.0851464298108
3122.0,171.5812321172259,266.60773415680984
3122.5,171.70889184786023,266.1302875280677
3123.0,171.83638971048902,265.65279821851107
3123.5,171.96369699051473,265.175234686459
3124.0,172.09086067201082,264.6976076260845
3124.5,172.21791574710417,264.2199213680944
3125.0,172.34488907958644,263.7421905175345
3125.5,172.47184352900211,263.26442418760746
3126.0,172.59880878390084,262.78663668281837
3126.5,172.7258183443905,262.30884175622276
3127.0,172.85289046916444,261.8310512489057
3127.5,172.98003025771453,261.3532795268694
3128.0,173.10724628322413,260.87553918594676
3128.5,173.23454427410968,260.39783711310724
3129.0,173.36192142563036,259.9201673689254
3129.5,173.48938133961806,259.44252869249567
3130.0,173.6169544086949,258.9649141741623
3130.5,173.74464197724518,258.48731945612394
3131.0,173.8724512711619,258.0097366725842
3131.5,174.00039966750694,257.5321608342403
3132.0,174.12852821399633,257.0545775303129
3132.5,174.25681406474,256.5769723531771
3133.0,174.3852493501471,256.0993456546304
3133.5,174.51383736083784,255.62169447416147
3134.0,174.6426107652132,255.1439985561891
3134.5,174.77154035651017,254.66627140543406
3135.0,174.90062823256028,254.18851463400551
3135.5,175.02988263082509,253.710727089172
3136.0,175.15932507621707,253.2329094416268
3136.5,175.28893646953813,252.7550807248755
3137.0,175.41870792397273,252.27723780352036
3137.5,175.5486307299221,251.79938868721814
3138.0,175.67870263937013,251.32154264118043
3138.5,175.8089428056206,250.8436974029274
3139.0,175.939327244394,250.36584539980552
3139.5,176.06985497171434,249.88797904267003
3140.0,176.2005271575849,249.41010162534354
3140.5,176.331354296681,248.93221502962962
3141.0,176.46234237832422,248.4543220923241
3141.5,176.59347922594756,247.97641517634622
3142.0,176.7247569493688,247.4984994424711
3142.5,176.85617811184977,247.0205797086229
3143.0,176.98776649188233,246.54264972799044
3143.5,177.1195272950974,246.06470533848469
3144.0,177.2514394434391,245.58675258596276
3144.5,177.38350113563015,245.10878594993457
3145.0,177.51571133037055,244.63080661602746
3145.5,177.64807115154056,244.1528164816208
3146.0,177.7805799319992,243.67480547863758
3146.5,177.91322016806052,243.19677344032507
3147.0,178.04598161660053,242.71871778725406
3147.5,178.1788562902378,242.24063983429735
3148.0,178.31184029360887,241.76254364209942
3148.5,178.44494586395342,241.2844219666789
3149.0,178.57816258909537,240.8062676888948
3149.5,178.71148164482113,240.32808014704432
3150.0,178.844904143816,239.849861869088
3150.5,178.978431971422,239.3716165420016
3151.0,179.112062220394,238.89334790025097
3151.5,179.24580153608693,238.41505497573917
3152.0,179.37963530970706,237.93673881211322
3152.5,179.5135613631655,237.458396572332
3153.0,179.6475781573411,236.98002827892878
3153.5,179.7816822702267,236.50163722548356
3154.0,179.91586365029204,236.02323165894643
3154.5,180.05012010373443,235.54481683307554
3155.0,180.18445714976082,235.0663912537875
3155.5,180.3188688565843,234.58795699806956
3156.0,180.45335580790157,234.10950869987312
3156.5,180.58792029700905,233.6310452244523
3157.0,180.72256638225485,233.15257171115832
3157.5,180.8573001854009,232.6740968854712
3158.0,180.99213889507598,232.19562003700108
3158.5,181.12710734846138,231.71713915964108
3159.0,181.26221360613636,231.2386545765157
3159.5,181.3974769940676,230.76015966353665
3160.0,181.53291567624964,230.2816591870009
3160.5,181.66855638018993,229.80316041245806
3161.0,181.80441819507794,229.32466955610815
3161.5,181.94051237227032,228.84619227255786
3162.0,182.07685398844424,228.3677342879736
3162.5,182.21346923728987,227.8892945816807
3163.0,182.35038005860355,227.41088727121226
3163.5,182.48758000467927,226.93251673100482
3164.0,182.62508683120683,226.45418883276204
3164.5,182.76291403363885,225.97591149541307
3165.0,182.90106840792015,225.49768782030148
3165.5,183.03955952672763,225.01952265352898
3166.0,183.1783934779461,224.5414214831987
3166.5,183.3175764253451,224.06339387491445
3167.0,183.45712120199192,223.5854448556524
3167.5,183.59704760382678,223.107582528984
3168.0,183.73735523388692,222.6298050097672
3168.5,183.87806256975614,222.15211272515648
3169.0,184.01917520154697,221.67450792354117
3169.5,184.16069526638944,221.19699378245025
3170.0,184.30263410063935,220.71957312472742
3170.5,184.44499674469182,220.24224842226567
3171.0,184.58778830370446,219.76502470108773
3171.5,184.7310283434367,219.28790503681884
3172.0,184.8747567676987,218.81089628505362
3172.5,185.0189449111248,218.3339973265112
3173.0,185.16359788224577,217.8572071503187
3173.5,185.30871565325643,217.38052457387496
3174.0,185.45428772386066,216.9039551372871
3174.5,185.60031157096918,216.42750396017667
3175.0,185.74679022187536,215.9511684776508
3175.5,185.89372964029832,215.4749505186974
3176.0,186.04113539647676,214.9988539654535
3176.5,186.1890503992914,214.52289157814096
3177.0,186.33744470545835,214.0470557259986
3177.5,186.48632170277688,213.57135120171546
3178.0,186.6357021939501,213.09578230087993
3178.5,186.78561806276966,212.6203524826124
3179.0,186.93608915141078,212.145064690436
3179.5,187.08713826647238,211.66992588770094
3180.0,187.23878961020998,211.19494196111174
3180.5,187.39106115259236,210.7201188959333
3181.0,187.5440140880877,210.2454744827286
3181.5,187.6976215374246,209.7710049311042
3182.0,187.8518863596692,209.29671152829908
3182.5,188.00681734250006,208.82259802713034
3183.0,188.16241887855472,208.3486661227689
3183.5,188.3186943044611,207.87492065278116
3184.0,188.4756568563287,207.4013661444757
3184.5,188.63331952810302,206.92800769880049
3185.0,188.7916959480657,206.4548499149077
3185.5,188.95084752247425,205.98191265060913
3186.0,189.1107310524356,205.5091841926704
3186.5,189.27134420397653,205.03667131717643
3187.0,189.43270430382643,204.56438452141114
3187.5,189.5948417054697,204.09233155968016
3188.0,189.75776842953738,203.62051580576212
3188.5,189.9214810068087,203.14893857203035
3189.0,190.08598056773744,202.67760208157094
3189.5,190.25130286220502,202.2065221708123
3190.0,190.4173936946744,201.73568724008837
3190.5,190.5842271379218,201.2650930995626
3191.0,190.7517911001973,200.7947398531801
3191.5,190.92006794375914,200.32462739895513
3192.0,191.08905961873955,199.85476216965407
3192.5,191.25879736099787,199.38515424305098
3193.0,191.42931389706237,198.91581473854353
3193.5,191.6006753652961,198.44676971474325
3194.0,191.7729108017298,197.97803049525984
3194.5,191.9460171496137,197.5095992984446
3195.0,192.120032050906,197.04149099937123
3195.5,192.2950197956833,196.57372781344222
3196.0,192.47102826202624,196.1063259241543
3196.5,192.64807373679815,195.63929322168013
3197.0,192.82615123421544,195.17263044072396
3197.5,193.00531531894086,194.70636092156727
3198.0,193.1855355425678,194.240478051323
3198.5,193.36677678542986,193.77497236815944
3199.0,193.5490448188193,193.30984767337404
3199.5,193.73233720111668,192.84510657364092
3200.0,193.91664982092308,192.38075212404198
3200.5,194.1019819015132,191.91678840697045
3201.0,194.28834951031024,191.453226259006
3201.5,194.47588301463156,190.99012005561548
3202.0,194.66455500532712,190.5274619404183
3202.5,194.85437982687117,190.0652609332916
3203.0,195.04538536678194,189.60353342915087
3203.5,195.2376050075264,189.1422965701351
3204.0,195.43104147151539,188.68155458074602
3204.5,195.6257089026001,188.2213182197548
3205.0,195.82167197896825,187.7616182040187
3205.5,196.01896395824772,187.30247418869652
3206.0,196.21750115176562,186.84385657909078
3206.5,196.41730443330462,186.3857792760791
3207.0,196.6183912843554,185.92825392887326
3207.5,196.82078626821863,185.47129704793497
3208.0,197.0245299479342,185.014930842407
3208.5,197.22969263662378,184.5591914092337
3209.0,197.4364514831237,184.1041629249751
3209.5,197.64473018444986,183.6498176594641
3210.0,197.85457015286062,183.1961814593965
3210.5,198.06601855163487,182.74328332361247
3211.0,198.27910183363073,182.29114169481582
3211.5,198.4938422273215,181.83977399491462
3212.0,198.71027954928735,181.38920637361596
3212.5,198.9286082249074,180.93953919987928
3213.0,199.1486709592883,180.4907066520061
3213.5,199.37048230722215,180.04272531655135
3214.0,199.59404924732354,179.59560733677986
3214.5,199.81937178967024,179.14936181309048
3215.0,200.04645299310198,178.70400045465058
3215.5,200.27539373917884,178.25958380914304
3216.0,200.5063220567152,177.81618826522376
3216.5,200.73912483060175,177.37376675440171
3217.0,200.9738290528014,176.93234362486479
3217.5,201.2104380749123,176.4919310311326
3218.0,201.4489467041625,176.05253730460763
3218.5,201.68936718255853,175.6141798065013
3219.0,201.93183581717943,175.17694462227323
3219.5,202.17625698997773,174.74079222929294
3220.0,202.42249978530265,174.30566148495572
3220.5,202.6705732538339,173.8715677477721
3221.0,202.92049467295573,173.43853101505658
3221.5,203.17228705190195,173.0065753090442
3222.0,203.4259999213625,172.57574088880065
3222.5,203.68174782360592,172.14610794201698
3223.0,203.93930999307094,171.71755813655878
3223.5,204.19871479654336,171.29011943742333
3224.0,204.45999821670358,170.8638246409189
3224.5,204.72319704050577,170.438708038139
3225.0,204.98829621098932,170.01477239462847
3225.5,205.2555416912248,169.5921859350896
3226.0,205.52469535068855,169.17081271692427
3226.5,205.79578332168776,168.7506822178766
3227.0,206.06882512787917,168.33182033162433
3227.5,206.34382340968682,167.91424237139776
3228.0,206.6207500942135,167.49794338920847
3228.5,206.89983189414332,167.08309013303904
3229.0,207.18084743305812,166.66954917611963
3229.5,207.4637812727415,166.2573234717907
3230.0,207.7486024707119,165.84640474478095
3230.5,208.03527849032284,165.4367828335032
3231.0,208.32380425905345,165.02846681040447
3231.5,208.61434763736472,164.62158984717482
3232.0,208.90666369754203,164.2159898091484
3232.5,209.20070452159644,163.8116430083853
3233.0,209.49643351493242,163.40853270438456
3233.5,209.79384424395263,163.006663971391
3234.0,210.09305136843787,162.60613404829883
3234.5,210.39414205759843,162.20702242336205
3235.0,210.69698203070183,161.8092399162858
3235.5,211.0015859171484,161.41281058331893
3236.0,211.30798495894024,161.01777127546953
3236.5,211.61621412078978,160.62416286132967
3237.0,211.92653612151818,160.23220989319748
3237.5,212.23887308584432,159.8418699865862
3238.0,212.55319476024897,159.45313668936436
3238.5,212.86951851327538,159.0660422871993
3239.0,213.18786056570292,158.68061804841676
3239.5,213.50831177781654,158.29696045051733
3240.0,213.8309807753717,157.9151836537217
3240.5,214.1556451734196,157.53511973226085
3241.0,214.48231137570875,157.1567936231858
3241.5,214.81093186297485,156.78018315550304
3242.0,215.1414596914225,156.40526214192866
3242.5,215.47410292465293,156.03223710639566
3243.0,215.80857227079542,155.66086449173125
3243.5,216.14484364750044,155.29113761510598
3244.0,216.4829017737994,154.92305905396904
3244.5,216.8227523491461,154.55664996304344
3245.0,217.1646006537936,154.1921220671889
3245.5,217.508252784914,153.82931092661835
3246.0,217.85361122939497,153.468138911766
3246.5,218.2006678112615,153.10861152382296
3247.0,218.54942753924104,152.7507497148014
3247.5,218.90008442150523,152.39476301979434
3248.0,219.2525351778247,152.0405723053944
3248.5,219.60669418073067,151.68810953747342
3249.0,219.9625132982193,151.3373392511668
3249.5,220.3199707114618,150.9882549947367
3250.0,220.6792378109752,150.64105279835914
3250.5,221.04020500626598,150.29563785782747
3251.0,221.40278556974042,149.9519353276002
3251.5,221.76695925973698,149.60993851899812
3252.0,222.13272768266862,149.2696653108013
3252.5,222.5002299131526,148.9312862181589
3253.0,222.86939612793003,148.59474518530084
3253.5,223.24010884713897,148.25992916791816
3254.0,223.61233700389204,147.9268157638082
3254.5,223.98604845837627,147.59538183446068
3255.0,224.3613390545164,147.26575484453863
3255.5,224.7381260019432,146.93785395023335
3256.0,225.11632840976606,146.61159987734757
3256.5,225.49590338361028,146.28695590834036
3257.0,225.8768173730306,145.96388990032344
3257.5,226.25917406360753,145.64253862045243
3258.0,226.64288745740237,145.32281262402438
3258.5,227.0279102597134,145.00466832951489
3259.0,227.4142664631913,144.688150183203
3259.5,227.80195449294746,144.37327230445183
3260.0,228.19106832508857,144.06016292354397
3260.5,228.58151114607236,143.74871374022194
3261.0,228.97323655866916,143.43887979396587
3261.5,229.36623770729523,143.13066980441008
3262.0,229.76051859885823,142.82410220766062
3262.5,230.15618992805182,142.51933512789566
3263.0,230.5531173930433,142.21620557298522
3263.5,230.95123086293685,141.91462941360498
3264.0,231.35054120136826,141.61463717925085
3264.5,231.75105900525364,141.31626013145558
3265.0,232.15288928041699,141.01965049912906
3265.5,232.5559407403909,140.72469807876035
3266.0,232.96015127508215,140.43133056989114
3266.5,233.36553873507668,140.13958454730835
3267.0,233.77212258174424,139.84950537215613
3267.5,234.1800336971403,139.56129254500064
3268.0,234.58914527864965,139.27478184356272
3268.5,234.9994308468699,138.98995047106672
3269.0,235.41089408341838,138.70682099500408
3269.5,235.82355762956544,138.4254457816927
3270.0,236.2375641210032,138.146058289834
3270.5,236.65274236334298,137.86841559307328
3271.0,237.0690326215209,137.5924390170731
3271.5,237.48640535694923,137.31809468166574
3272.0,237.9048302816341,137.04534430396185
3272.5,238.32442925862574,136.77438738204427
3273.0,238.7451162012181,136.50511442126898
3273.5,239.16687496759388,136.2375167098751
3274.0,239.58968903927067,135.9715797107567
3274.5,240.01355778247466,135.70731792170622
3275.0,240.43864602892245,135.44501464801695
3275.5,240.8648077288866,135.1844546720198
3276.0,241.29208003698798,134.9257186437418
3276.5,241.72047979491597,134.6688597506611
3277.0,242.15003109076082,134.41393808242898
3277.5,242.58086223642218,134.1611961055057
3278.0,243.01282481166527,133.9104050260617
3278.5,243.44591381877436,133.66157667190427
3279.0,243.88012015993118,133.41471845189594
3279.5,244.31548389019926,133.16992271758008
3280.0,244.7520700311957,132.92733671669336
3280.5,245.18971828469992,132.68668905648167
3281.0,245.6283807341637,132.44790612754505
3281.5,246.06802516144117,132.21093681070795
3282.0,246.50869806545202,131.9758909646282
3282.5,246.95043205750292,131.74285204957548
3283.0,247.3931206595249,131.5116351651618
3283.5,247.8367357220157,131.2822002998084
3284.0,248.28125457778614,131.05451340391235
3284.5,248.7267377943031,130.82870968706516
3285.0,249.17319478010262,130.60483202751317
3285.5,249.62056249021407,130.38277855048088
3286.0,250.06884541435227,130.1625766675397
3286.5,250.5180447985353,129.94425404727485
3287.0,250.96823596798686,129.72798190546436
3287.5,251.4193803932208,129.5137054026557
3288.0,251.8714396274103,129.30137245881025
3288.5,252.32441200768008,129.0910003327682
3289.0,252.77827691908206,128.88256158843092
3289.5,253.2331203940181,128.67626501167993
3290.0,253.68886777380288,128.4719753958525
3290.5,254.14548721681624,128.26964238064429
3291.0,254.60297186968927,128.06927418903084
3291.5,255.06129539937163,127.87082981708727
3292.0,255.52051960640082,127.67446250521067
3292.5,255.98054028157188,127.47994679358744
3293.0,256.44133840224276,127.28725984034266
3293.5,256.90291189553585,127.09641933183089
3294.0,257.36526594232055,126.9074591999665
3294.5,257.8284856137602,126.72060927777282
3295.0,258.292461107139,126.53562415050563
3295.5,258.75722029075916,126.35259909361166
3296.0,259.2227671176312,126.17157936619054
3296.5,259.6891263575573,125.992654618004
3297.0,260.1563557662569,125.81601200146825
3297.5,260.6243667376558,125.64145057165304
3298.0,261.09313084252426,125.4689180358115
3298.5,261.5626418248484,125.29842381765995
3299.0,262.03296141852104,125.13018079556092
3299.5,262.5041022900996,124.96428141022626
3300.0,262.97597580492965,124.80050347065496
3300.5,263.4485577401899,124.63881324004149
3301.0,263.92180351646465,124.47910848925515
3301.5,264.3957104631726,124.32139540556943
3302.0,264.87024215334594,124.16559103735328
3302.5,265.34534277532526,124.0115580818653
3303.0,265.8209772017088,123.85920792974193
3303.5,266.297109769791,123.70844662767603
3304.0,266.7737499039073,123.5593284971192
3304.5,267.2508152550948,123.41159889371364
3305.0,267.7282382205871,123.26503322449388
3305.5,268.20598177807784,123.11950802123211
3306.0,268.6840199487723,122.97493707842226
3306.5,269.16236500271236,122.83136748101754
3307.0,269.640977191229,122.6886810301038
3307.5,270.11983778098033,122.54682388040834
3308.0,270.5989313677315,122.405748575381
3308.5,271.07824958706954,122.26542258781319
3309.0,271.55781076521043,122.12590619662649
3309.5,272.0375991292899,121.98716309548027
3310.0,272.5176023523102,121.84916894638123
3310.5,272.9978192778767,121.71192334667653
3311.0,273.47824728863924,121.57543158795362
3311.5,273.9588997505272,121.43975570038533
3312.0,274.4397671650348,121.30486478548052
3312.5,274.92084034668306,121.17074431853551
3313.0,275.40211755613325,121.03739769940574
3313.5,275.88359950270234,120.90482097233016
3314.0,276.36529754460264,120.77306368462351
3314.5,276.84722479087316,120.64218371537966
3315.0,277.32936533560434,120.51210894652934
3315.5,277.81172591186004,120.38287743823679
3316.0,278.2943081854758,120.25449717843615
3316.5,278.7771149362218,120.12697511163701
3317.0,279.26017201848816,120.00041621289292
3317.5,279.7434610943063,119.87475127997278
3318.0,280.2269780071906,119.74996140957829
3318.5,280.7107213105535,119.62604210443953
3319.0,281.19469058149076,119.50299030282238
3319.5,281.67888766198234,119.3808130344951
3320.0,282.1633361392483,119.2596152958108
3320.5,282.64800592334706,119.13927142698843
3321.0,283.132901733966,119.01981410439791
3321.5,283.61802239702286,118.90125335299541
3322.0,284.10336941259214,118.78360138087095
3322.5,284.58894379909725,118.66687545989006
3323.0,285.0747717813764,118.55119864101044
3323.5,285.56083195466715,118.43649433500971
3324.0,286.0471244444973,118.32278744581765
3324.5,286.533647023058,118.2100798449545
3325.0,287.0203942415805,118.09835727619415
3325.5,287.5073544340185,117.98757192078536
3326.0,287.99453111857133,117.87773406729112
3326.5,288.4819227270814,117.76885554962504
3327.0,288.96950266241333,117.66083172637812
3327.5,289.4572638301243,117.55362824772082
3328.0,289.94519818122274,117.4472122006684
3328.5,290.43329415283654,117.3415335546328
3329.0,290.9215448210349,117.23654866948299
3329.5,291.4099520962473,117.13226601739646
3330.0,291.8985177476245,117.02870477497706
3330.5,292.38722981952407,116.92581519652768
3331.0,292.8760849601776,116.82358768452539
3331.5,293.36508123312944,116.722014091698
3332.0,293.85421344291944,116.62106928493938
3332.5,294.3434797762045,116.52074619849918
3333.0,294.8328744367014,116.42103236632323
3333.5,295.32239245688925,116.32192237988161
3334.0,295.81203384990516,116.22342011491067
3334.5,296.3017820367649,116.12544841120867
3335.0,296.79162941183824,116.02796871094539
3335.5,297.2815713697384,115.93095221177269
3336.0,297.771604574856,115.83439164947215
3336.5,298.26172655944066,115.73829700730538
3337.0,298.7519358098948,115.64267779562924
3337.5,299.242228831531,115.54752584568801
3338.0,299.732601498658,115.45281573119738
3338.5,300.22305235875996,115.35852186796915
3339.0,300.7135734793641,115.26458300079847
3339.5,301.20416062050793,115.170981409055
3340.0,301.69480952185023,115.07771152893217
3340.5,302.1855152665783,114.98475469098733
3341.0,302.6762764535953,114.89208383852016
3341.5,303.16709181066693,114.79966703761056
3342.0,303.65796012427836,114.7074767623892
3342.5,304.1488818825593,114.61551127452675
3343.0,304.6398537368632,114.52377985331155
3343.5,305.13087482776524,114.43229443765922
3344.0,305.6219429730939,114.34106420313272
3344.5,306.11305995665913,114.25008404627012
3345.0,306.60422456955484,114.1593450668757
3345.5,307.0954383491137,114.0688476980655
3346.0,307.58670104035116,113.97860492192869
3346.5,308.07801191529893,113.88862626025441
3347.0,308.5693677846801,113.79890789369487
3347.5,309.06076587869285,113.70943563379215
3348.0,309.55220698777987,113.62019715313899
3348.5,310.04369102554523,113.5311829854033
3349.0,310.5352182048727,113.44239493770318
3349.5,311.0267859858241,113.35383837736377
3350.0,311.5183931245834,113.26551030645695
3350.5,312.0100393464866,113.17740794965316
3351.0,312.50172345904787,113.08953051285707
3351.5,312.99344808022914,113.00189015382558
3352.0,313.48521503115495,112.91451267615399
3352.5,313.9770238522685,112.8273951367402
3353.0,314.4688738224815,112.74054130697048
3353.5,314.96076357877376,112.65394583323275
3354.0,315.4526913892339,112.56760892085028
3354.5,315.9446572973065,112.48153009921326
3355.0,316.4366599005827,112.39569834623886
3355.5,316.9287002640969,112.31009881315705
3356.0,317.4207808482677,112.2247174420048
3356.5,317.91290184081805,112.13954742709161
3357.0,318.40506642869155,112.05459379329834
3357.5,318.8972753587379,111.9698607204107
3358.0,319.38952727306116,111.88535542676301
3358.5,319.88182223458944,111.80107806277194
3359.0,320.3741619864496,111.7170261936144
3359.5,320.8665482547986,111.63319623761303
3360.0,321.3589834667714,111.54959279628277
3360.5,321.8514681442092,111.4662280689307
3361.0,322.34400184014777,111.38312250997004
3361.5,322.8365834616356,111.30029141546244
3362.0,323.32921595252725,111.21774630802707
3362.5,323.8219002329363,111.13549697842969
3363.0,324.3146313635182,111.05351606000522
3363.5,324.8074112200875,110.97181812406383
3364.0,325.3002387499855,110.89042862431155
3364.5,325.793113616103,110.80934937939877
3365.0,326.2860359280627,110.72856808218764
3365.5,326.7790068111886,110.64807256218967
3366.0,327.27202487157155,110.56784966643501
3366.5,327.76508991068414,110.48790619526746
3367.0,328.2582018453799,110.40825470894396
3367.5,328.75136076603945,110.32889060651942
3368.0,329.24456892078706,110.24980827421474
3368.5,329.73782761823185,110.17099994816982
3369.0,330.2311333530501,110.09244528049867
3369.5,330.72448575029546,110.01414429862902
3370.0,331.21788369514655,109.93610213682338
3370.5,331.711327019641,109.85832451231666
3371.0,332.2048137772387,109.78081931936875
3371.5,332.6983424562012,109.70359631212742
3372.0,333.1919139996869,109.62666850636936
3372.5,333.6855305913247,109.55004346626835
3373.0,334.1791901650618,109.47369205451234
3373.5,334.67289071161684,109.39761077868903
3374.0,335.1666298387509,109.32179807223508
3374.5,335.66040452452876,109.2462456645244
3375.0,336.1542127177607,109.17093870262102
3375.5,336.64805473449763,109.09588039472669
3376.0,337.141926940863,109.02102643689753
3376.5,337.6358279069758,108.94636544890672
3377.0,338.12975736479405,108.87187814055486
3377.5,338.62371811854314,108.79755026187185
3378.0,339.11771339239283,108.72340088182136
3378.5,339.6117391272931,108.6494394271299
3379.0,340.1057919668521,108.57566651804058
3379.5,340.5998689972906,108.5020866629557
3380.0,341.093968059871,108.42869881076957
3380.5,341.58809790156715,108.35552576002185
3381.0,342.08225660911575,108.28254072008103
3381.5,342.5764423393006,108.20974112964872
3382.0,343.0706543218006,108.13712866475302
3382.5,343.56489320479125,108.06472829174015
3383.0,344.05915640663426,107.99253188574598
3383.5,344.55344372086483,107.92052480294292
3384.0,345.04775482266126,107.84870454473068
3384.5,345.54209578280137,107.77709309767188
3385.0,346.036467390865,107.70567736733365
3385.5,346.5308680807455,107.63445327932638
3386.0,347.025302905955,107.56342854237296
3386.5,347.5197738404569,107.49263581160422
3387.0,348.01427472293875,107.42207937536952
3387.5,348.50880701457646,107.35177273607529
3388.0,349.00337806508594,107.28175939742866
3388.5,349.4979817408302,107.21200023548926
3389.0,349.99261882500406,107.1424978662349
3389.5,350.48729448531304,107.07330013620943
3390.0,350.9820007957143,107.00436578110829
3390.5,351.4767386614747,106.93570685786422
3391.0,351.9715150057543,106.86733598895218
3391.5,352.4663256693707,106.79920434898192
3392.0,352.9611761025217,106.73133851160556
3392.5,353.4560662227873,106.66373192052203
3393.0,353.95099293274194,106.59636300178617
3393.5,354.4459631755669,106.52929794418924
3394.0,354.94096887845546,106.46248626907402
3394.5,355.4360140155562,106.39597321719829
3395.0,355.93109676229676,106.32974761826412
3395.5,356.42621612418566,106.26382185440482
3396.0,356.921374230956,106.19822649945522
3396.5,357.4165681613289,106.1329205045311
3397.0,357.9118047434587,106.06794055056274
3397.5,358.40707648095804,106.00323629870908
3398.0,358.90238995043916,105.93885951078308
3398.5,359.3977361344471,105.87477586231225
3399.0,359.8931219806793,105.81107637080555
3399.5,360.3885415916376,105.74769341789892
3400.0,360.88400693884097,105.68464755558779
3400.5,361.37951951579845,105.6219031901483
3401.0,361.87508424599616,105.55948835618956
3401.5,362.3706996537394,105.49741828346701
3402.0,362.8663628368836,105.43570012568539
3402.5,363.36206998290885,105.37439698147116
3403.0,363.85781772108317,105.31350249473522
3403.5,364.35361437721366,105.25306911405227
3404.0,364.8494595624964,105.19306312462447
3404.5,365.3453533085696,105.13345850337917
3405.0,365.84130220726416,105.07430415030488
3405.5,366.33730070836555,105.01555792536215
3406.0,366.83334804030125,104.95724362588706
3406.5,367.3294450771546,104.89941602332738
3407.0,367.8255913851415,104.84199973502392
3407.5,368.32178567187026,104.78499650652974
3408.0,368.818016595529,104.72844864321817
3408.5,369.31428148946355,104.67233263073676
3409.0,369.8105799492517,104.61660428123334
3409.5,370.30691712947834,104.56124724433033
3410.0,370.8033101146981,104.5062006731807
3410.5,371.2997641434597,104.45147381161257
3411.0,371.79625587681136,104.39710244729238
3411.5,372.29278329935045,104.3430853622619
3412.0,372.78934566072047,104.28940734473902
3412.5,373.2859520647882,104.2360324906088
3413.0,373.78261869517405,104.1829114829562
3413.5,374.27935321476025,104.13005364447122
3414.0,374.77614046305115,104.07747856100652
3414.5,375.27297566483514,104.0252138581
3415.0,375.7698520600545,103.97329494279175
3415.5,376.26676927932397,103.9217418700854
3416.0,376.7637253464361,103.87056090686437
3416.5,377.26072061842683,103.81974945740531
3417.0,377.75775482163397,103.76931028273502
3417.5,378.2548239700811,103.71924136555334
3418.0,378.7519210884565,103.66953883822859
3418.5,379.2490462645861,103.62019069147952
3419.0,379.74619483116976,103.57119291639961
3419.5,380.24336754431744,103.52253371590014
3420.0,380.7405694756428,103.47419462801616
3420.5,381.2378086179826,103.42616940561423
3421.0,381.7350878624614,103.37846135383639
3421.5,382.23240732216993,103.33109272904582
3422.0,382.72975330655134,103.28409757366911
3422.5,383.2271222327868,103.23748644990721
3423.0,383.7245283162334,103.1912466093582
3423.5,384.2219822771124,103.14539021082122
3424.0,384.7194895392303,103.0999252565912
3424.5,385.21704327768776,103.05487643220091
3425.0,385.7146287886319,103.01029413259045
3425.5,386.21224701155023,102.96620478705121
3426.0,386.7099116051507,102.92265506081817
3426.5,387.2076246491033,102.87965240417363
3427.0,387.70538201136156,102.83725424116656
3427.5,388.20319000922865,102.7955347928351
3428.0,388.7010544811759,102.7545363414241
3428.5,389.19898778274506,102.7142862959754
3429.0,389.696988044066,102.67490383816394
3429.5,390.19505240071464,102.63642361368049
3430.0,390.69318099243543,102.59885932024046
3430.5,391.1913818112305,102.56228106702412
3431.0,391.6896561810707,102.52662542666314
3431.5,392.18801503653924,102.4919732111102
3432.0,392.68644504463305,102.45842931928439
3432.5,393.1849363196276,102.42611577356104
3433.0,393.6834999392345,102.39505104789755
3433.5,394.18215384084954,102.36524968593895
3434.0,394.68090677753844,102.33687197837088
3434.5,395.1797593185902,102.31009748231358
3435.0,395.6787071772811,102.28513009836405
3435.5,396.17773515975614,102.26218517076335
3436.0,396.67683525898684,102.24126236053291
3436.5,397.1760188720301,102.22242928095112
3437.0,397.67528201172837,102.2056627664699
3437.5,398.17462120066466,102.19119104308444
3438.0,398.6740217895153,102.17904355734704
3438.5,399.17346887669896,102.16928620740897
3439.0,399.6729537056646,102.1620053805599
3439.5,400.17247109435806,102.15711555800084
3440.0,400.67200219712123,102.15476739636125
3440.5,401.17154703433346,102.15495001561969
3441.0,401.67108640917013,102.15771589395497
3441.5,402.1706010806168,102.16325806430125
3442.0,402.6700685442788,102.17174486890517
3442.5,403.16947408327707,102.18328331809676
3443.0,403.66877983656167,102.1981932189624
3443.5,404.1679888864254,102.21646582099369
3444.0,404.6670763127783,102.23825318509954
3444.5,405.16598725759167,102.26396930142425
3445.0,405.6646234828029,102.29427058797087
3445.5,406.162929258985,102.32921367600865
3446.0,406.66086487883683,102.36881909638443
3446.5,407.1584082302613,102.41310642178557
3447.0,407.6555353824855,102.46207441011443
3447.5,408.152183153319,102.51596251948764
3448.0,408.64821796753955,102.57532020025192
3448.5,409.1434851401361,102.64069051470014
3449.0,409.63789012502957,102.71217196575458
3449.5,410.1313402274325,102.78984568364118
3450.0,410.6237605746501,102.87373851028974
3450.5,411.11514004767605,102.96364089879742
3451.0,411.60532626854933,103.05997947170104
3451.5,412.0941380896859,103.1631327813624
3452.0,412.58138801894256,103.27346170021733
3452.5,413.06682759407033,103.39145820367443
3453.0,413.55025413672934,103.51737689850344
3453.5,414.03155855470294,103.65116300603391
3454.0,414.51064343875163,103.79274468594494
3454.5,414.98735497353044,103.94218816694098
3455.0,415.46143814598025,104.09983088864462
3455.5,415.9325305591834,104.26620560861565
3456.0,416.4002707994579,104.44173881743174
3456.5,416.8644853947204,104.62635880502336
3457.0,417.32506570458014,104.8198648954614
3457.5,417.7818121565656,105.02227091444436
3458.0,418.2345221218601,105.23358932052558
3458.5,418.68304768129144,105.45370779056177
3459.0,419.12680493605296,105.68328912813442
3459.5,419.56525613296037,105.92281073751047
3460.0,419.99827773781925,106.1719875191254
3460.5,420.4259572872554,106.43023635257617
3461.0,420.8482512090429,106.6972345015039
3461.5,421.2649803704976,106.97287952798806
3462.0,421.67578207747863,107.25731628067494
3462.5,422.08015655479437,107.550823164174
3463.0,422.47792186833664,107.85323657310552
3463.5,422.86931299387174,108.16389492434453
3464.0,423.2539251445251,108.48292603131442
3464.5,423.6314058529987,108.81035933197961
3465.0,424.0018920480675,109.14566843017366
3465.5,424.36584401497237,109.48805927177652
3466.0,424.7240807603505,109.83646035062733
3466.5,425.0769587098519,110.19033516991414
3467.0,425.4240002019969,110.54995895856787
3467.5,425.76494269514376,110.91535480532966
3468.0,426.1002807576213,111.28587152674763
3468.5,426.4302449235975,111.66117330919256
3469.0,426.7554500870809,112.04062293297059
3469.5,427.0759842366374,112.42404145905384
3470.0,427.39158180995236,112.8115390340503
3470.5,427.70203828876146,113.20316235062062
3471.0,428.00743876266046,113.59873650199536
3471.5,428.30782148418047,113.99813544374965
3472.0,428.6032503733334,114.40122815924022
3472.5,428.8934040936518,114.8081381466756
3473.0,429.17807919223713,115.21888655891892
3473.5,429.4573707321986,115.63329874462346
3474.0,429.7312232803979,116.05130721911917
3474.5,429.99966949171977,116.47279120215086
3475.0,430.2629948017047,116.89749954976531
3475.5,430.5210559110937,117.3254304460601
3476.0,430.7736271290681,117.75661698273734
3476.5,431.02066370031,118.19098487208711
3477.0,431.2622733219783,118.62838609584307
3477.5,431.49834795289826,119.06878539990467
3478.0,431.7287879719759,119.51214654320859
3478.5,431.9534416464857,119.95845867119931
3479.0,432.1721746785758,120.40769963229562
3479.5,432.38491013780555,120.85981903567787
3480.0,432.5913034021178,121.3148828560573
3480.5,432.79074316213,121.7730390957145
3481.0,432.982624765359,122.23439102264406
3481.5,433.1668206092737,122.69884244146891
3482.0,433.3437525157688,123.16610649164184
3482.5,433.51402125771267,123.63587357618403
3483.0,433.67743617127644,124.10811261409302
3483.5,433.8332168671068,124.58294038940441
3484.0,433.98062138639307,125.06041850447565
3484.5,434.1196421316618,125.54037989407335
3485.0,434.2507598450839,126.02254771475182
3485.5,434.3743858964847,126.50670161875817
3486.0,434.4907100437956,126.9926935626223
3486.5,434.59933243435074,127.48049168703243
3487.0,434.69953506176597,127.97009417294873
3487.5,434.79089730981474,128.46141006863752
3488.0,434.8735482666953,128.9542536285768
3488.5,434.94783303275403,129.44841739862508
3489.0,435.01447209416904,129.94368490403508
3489.5,435.07375032885886,130.43991703383205
3490.0,435.12535972038876,130.93703203280518
3490.5,435.1685396762786,131.43495772301065
3491.0,435.2027064146912,131.9335749096158
3491.5,435.2277733029992,132.43271801812796
3492.0,435.24411378500844,132.93221800746957
3492.5,435.25182014380925,133.4319316326992
3493.0,435.25072557372255,133.9317155754801
3493.5,435.2406254370267,134.43140997741614
3494.0,435.22126006813625,134.93083877737183
3494.5,435.19261273023125,135.42982688408026
3495.0,435.154654020852,135.92819272333958
3495.5,435.10699926323935,136.42571327903062
3496.0,435.0498516727308,136.9222204554506
3496.5,434.9838023958012,137.41761786291335
3497.0,434.9092306036771,137.91180979628837
3497.5,434.8266374599679,138.4047404256938
3498.0,434.7360535588528,138.89628409699984
3498.5,434.63715732824795,139.38623468052958
3499.0,434.5294882738623,139.8743280527287
3499.5,434.4132581529637,140.36044298034406
3500.0,434.2887757256286,140.84449902482646
3500.5,434.15678710741304,141.3265606662957
3501.0,434.01791232065193,141.80669512464792
3501.5,433.87256720708257,142.28493519566345
3502.0,433.7204151785491,142.7610652752987
3502.5,433.5611698527626,143.2348654160454
3503.0,433.39516250825284,143.70632547242536
3503.5,433.22285033738245,144.1755012280565
3504.0,433.0448033009726,144.64252688704477
3504.5,432.8615347692838,145.10754900775456
3505.0,432.6727140696717,145.57036492846555
3505.5,432.47804263953026,146.03076262957092
3506.0,432.277119883727,146.48846339331206
3506.5,432.0696307124866,146.9432094814976
3507.0,431.8557094697758,147.39495278879158
3507.5,431.6354599669393,147.8436447967105
3508.0,431.4092542466672,148.28937538920357
3508.5,431.1771027505277,148.73205839180577
3509.0,430.93873779975826,149.17144577447144
3509.5,430.69329918716244,149.6069216122535
3510.0,430.44088456820776,150.0383842561636
3510.5,430.18181518371324,150.4658815917297
3511.0,429.91650696765447,150.8895431701862
3511.5,429.64498770206734,151.3092632241558
3512.0,429.36735105728036,151.72496984922358
3512.5,429.0832799697304,152.1363048624565
3513.0,428.7926534399473,152.54302476330375
3513.5,428.49595318746026,152.9453296316163
3514.0,428.1937535886943,153.34351952382988
3514.5,427.886493336155,153.73782459377097
3515.0,427.57426264105527,154.12821068209013
3515.5,427.2573754451087,154.51482247068444
3516.0,426.93609384368,154.8977805157526
3516.5,426.6106509435331,155.27719805336457
3517.0,426.28149178929067,155.65339214395112
3517.5,425.94897767375704,156.02662925150722
3518.0,425.61314831067,156.39689772742798
3518.5,425.2739885902097,156.76412825729426
3519.0,424.93157794714085,157.12833948339167
3519.5,424.58578029998904,157.48934011067144
3520.0,424.2368831200701,157.84734862960042
3520.5,423.8848808547033,158.20230464193142
3521.0,423.5298794137233,158.55425963577417
3521.5,423.1720689974512,158.90335647988786
3522.0,422.8115470103559,159.2496539737696
3522.5,422.4485138254378,159.59332175167646
3523.0,422.0829160629317,159.934265026929
3523.5,421.7149015063121,160.27260522068053
3524.0,421.3444851442718,160.60832462886424
3524.5,420.9715145507631,160.94120466014456
3525.0,420.59617303221773,161.27141024257952
3525.5,420.2184198971966,161.59885660052356
3526.0,419.8384371700931,161.92370985321435
3526.5,419.4564250809807,162.2461770688068
3527.0,419.0725851011604,162.56647769921537
3527.5,418.68706769635224,162.88476487839353
3528.0,418.30001271000214,163.2011890296244
3528.5,417.9114291995477,163.5157406471307
3529.0,417.5212594863403,163.8283215860993
3529.5,417.1295968920876,164.13902661940895
3530.0,416.73650219177824,164.44791681829923
3530.5,416.34205658929267,164.75508206186984
3531.0,415.9463677957129,165.06064881163087
3531.5,415.54954422811505,165.3647447764019
3532.0,415.1516515932845,165.6674432952653
3532.5,414.7527440420828,165.96880442278683
3533.0,414.3528844589324,166.26890190146852
3533.5,413.9521751041634,166.56786521549307
3534.0,413.5507058657012,166.8658110798007
3534.5,413.14854832601526,167.16283142557285
3535.0,412.7457541285511,167.4589918699548
3535.5,412.34237988579093,167.7543663983373
3536.0,411.9384650871596,168.04900388081575
3536.5,411.53402689451735,168.34291973856753
3537.0,411.12913029141475,168.63620150186085
3537.5,410.7238522364309,168.9289582419535
3538.0,410.3182626639337,169.22128952874684
3538.5,409.91241286816427,169.51326381770386
3539.0,409.5063404432052,169.80493011263061
3539.5,409.1000978008062,170.09635757749103
3540.0,408.693733017208,170.3876134621291
3540.5,408.2872898342385,170.67876013983303
3541.0,407.8807996693644,170.96984415381365
3541.5,407.4742826255527,171.26089439719902
3542.0,407.0677729225179,171.5519584359203
3542.5,406.6613086219974,171.84308901377048
3543.0,406.2549226065492,172.1343314059151
3543.5,405.84863683522184,172.4257138745917
3544.0,405.44247144330666,172.71726213275485
3544.5,405.0364245508872,173.00897688349716
3545.0,404.6305000135898,173.3008668777496
3545.5,404.2247203960797,173.592964487936
3546.0,403.8190827026818,173.88526443480862
3546.5,403.4136021807932,174.17778606052863
3547.0,403.0082996148366,174.47055429586808
3547.5,402.6031861081814,174.76358459308008
3548.0,402.1982479176683,175.05685848449946
3548.5,401.7934862115434,175.3503774534466
3549.0,401.38890605462717,175.6441483642707
3549.5,400.9845328806498,175.9382056782181
3550.0,400.580354848269,176.2325314170372
3550.5,400.1763683464474,176.5271211837683
3551.0,399.77259182834064,176.8219992821142
3551.5,399.36901635318094,177.11715218648817
3552.0,398.96562944154033,177.4125624638764
3552.5,398.56243635059536,177.70823680909598
3553.0,398.15941752777246,178.00414880710076
3553.5,397.7565495733231,178.3002683842324
3554.0,397.35383958380964,178.5966056299801
3554.5,396.95127138813325,178.89313754018417
3555.0,396.54885010687656,179.18987057608228
3555.5,396.14659172391583,179.48682604669597
3556.0,395.7444885299956,179.78399220696966
3556.5,395.3425526118649,180.08138480576127
3557.0,394.9407574422066,180.37896804171896
3557.5,394.53909947589057,180.67673680212954
3558.0,394.1375809396052,180.97469390365185
3558.5,393.73617980556827,181.2728098074176
3559.0,393.33492804800136,181.57112751552341
3559.5,392.93381332877067,181.86962990641038
3560.0,392.5328805828874,182.16837735239457
3560.5,392.13212226329074,182.46735862087795
3561.0,391.731537598254,182.76657142602667
3561.5,391.3311079464221,183.06599005144162
3562.0,390.9308101607955,183.365583058461
3562.5,390.5306311348072,183.66533385801748
3563.0,390.13054696065484,183.96521172328403
3563.5,389.7305626594327,184.2652236185874
3564.0,389.3306552893851,184.56533838181545
3564.5,388.93083082862677,184.86556448282172
3565.0,388.5310657523497,185.16586987248365
3565.5,388.13135189654895,185.4662436402275
3566.0,387.7316678168058,185.76665708295988
3566.5,387.3320113217678,186.06710733893595
3567.0,386.93237327323754,186.36758193851466
3567.5,386.5327486997801,186.6680751502087
3568.0,386.1331363864311,186.9685852553275
3568.5,385.7335394041809,187.26911679148202
3569.0,385.3339533133117,187.56966339720358
3569.5,384.9343747178191,187.87022065040546
3570.0,384.53480212704835,188.1707865087248
3570.5,384.13524126173274,188.47136857290914
3571.0,383.7356944124604,188.77196916824337
3571.5,383.3361677541353,189.07259640220155
3572.0,382.936656609698,189.3732441561238
3572.5,382.53716140930544,189.67391307827393
3573.0,382.1376801630639,189.9746007982243
3573.5,381.738212729458,190.27530739391506
3574.0,381.3387607091017,190.5760348850195
3574.5,380.9393236675284,190.87678218815688
3575.0,380.53990136694887,191.17754886118348
3575.5,380.140494308642,191.4783356378762
3576.0,379.74110493903396,191.77914601557436
3576.5,379.34173250262603,192.07997920850718
3577.0,378.9423752980708,192.3808332720123
3577.5,378.54303536589595,192.6817106676872
3578.0,378.14370853124586,192.9826055425983
3578.5,377.7443947797218,193.28351792802795
3579.0,377.3450906437521,193.5844431640344
3579.5,376.94579758445866,193.8853832194969
3580.0,376.54651820557694,194.1863416070675
3580.5,376.1472476030016,194.48731163365272
3581.0,375.7479846632265,194.78829158530013
3581.5,375.34872534730886,195.0892756435156
3582.0,374.94946501512817,195.39025761332596
3582.5,374.550201908824,195.69123530413125
3583.0,374.1509306968117,195.99220143806116
3583.5,373.75164884367837,196.2931528186906
3584.0,373.35235514750804,196.59408764402235
3584.5,372.9530465444392,196.8950013269584
3585.0,372.5537271238897,197.19589945938844
3585.5,372.15439978701335,197.49678581097024
3586.0,371.7550586275255,197.79765182706205
3586.5,371.3556961173677,198.09848802926822
3587.0,370.9563088484941,198.39929013716124
3587.5,370.55689633502686,198.7000574407712
3588.0,370.1574616211539,199.00079501149452
3588.5,369.7580095289097,199.3015095470485
3589.0,369.35854569470365,199.60220811073967
3589.5,368.95908059245187,199.90290361920017
3590.0,368.5596169904456,200.20359821628298
3590.5,368.16015291393853,200.50428854558984
3591.0,367.76069283011566,200.8049801204576
3591.5,367.3612458000978,201.10568650478746
3592.0,366.96181835319277,201.4064175884469
3592.5,366.5624138966603,201.70717906467618
3593.0,366.1630366717697,202.00797541736324
3593.5,365.76368990650417,202.30881025102607
3594.0,365.36437513911443,202.6096859043658
3594.5,364.96509594901636,202.91060994731458
3595.0,364.56585628479786,203.2115887882975
3595.5,364.1666602973864,203.51262851870806
3596.0,363.76751049866215,203.81373196535384
3596.5,363.36841506704525,204.1149091530612
3597.0,362.96936939332556,204.41615296213766
3597.5,362.57037931920775,204.7174718766783
3598.0,362.17145535406473,205.0188800951964
3598.5,361.7725869865916,205.320362706635
3599.0,361.37376962696663,205.62191263941313
3599.5,360.97501130850986,205.9235394499529
3600.0,360.576315572804,206.22524736980313
3600.5,360.1776791793144,206.5270319516528
3601.0,359.77910301173046,206.82889330457206
3601.5,359.3805922098284,207.13083692686428
3602.0,358.9821394959727,207.43285352186467
3602.5,358.5837470675849,207.73494530180645
3603.0,358.1854207304228,208.03711963130263
3603.5,357.787152697419,208.33936729371058
3604.0,357.3889424996568,208.64168840155344
3604.5,356.99079259095424,208.94408753644038
3605.0,356.59269202784026,209.24655105832207
3605.5,356.19463783813706,209.54907561749616
3606.0,355.79662550129257,209.85165564365448
3606.5,355.3986458472594,210.15427860871608
3607.0,355.0006992280609,210.45694524104195
3607.5,354.6027818719742,210.75965084598434
3608.0,354.20488685517734,211.06238507079982
3608.5,353.8070155752275,211.36514917955017
3609.0,353.4091662256191,211.66794164016298
3609.5,353.0113401058225,211.9707648655509
3610.0,352.6135479490828,212.27363205717054
3610.5,352.2157879597666,212.5765409745214
3611.0,351.8180640664183,212.8794959183639
3611.5,351.4203860423656,213.18250839023682
3612.0,351.02275622846156,213.4855798618778
3612.5,350.6251935652708,213.7887352459808
3613.0,350.2276968722692,214.09197530952122
3613.5,349.8302694356884,214.3953050439344
3614.0,349.43292880645004,214.6987463210909
3614.5,349.0356742298469,215.0022986598292
3615.0,348.63852803245175,215.30599094893833
3615.5,348.24147370276626,215.6098009787964
3616.0,347.8445366507286,215.9137634767416
3616.5,347.44771391810286,216.2178758032498
3617.0,347.0510022432804,216.52213368200057
3617.5,346.654402490426,216.82653712912997
3618.0,346.25790564366804,217.13107563500557
3618.5,345.8615140350153,217.43575186630457
3619.0,345.4652032894266,217.74053027542257
3619.5,345.0689881182078,218.04542843374483
3620.0,344.6728525706864,218.35042749484836
3620.5,344.27680724802934,218.6555398739645
3621.0,343.8808325633817,218.96074194007767
3621.5,343.4849465746646,219.26605709001888
3622.0,343.08913203098075,219.57146049899828
3622.5,342.6934005722354,219.87696488029155
3623.0,342.2977407615503,220.18255586815334
3623.5,341.90217791896833,220.4882667215621
3624.0,341.50670680798635,220.79409397348064
3624.5,341.11134926480935,221.10006726104658
3625.0,340.7160837844147,221.40615898223862
3625.5,340.32093676006326,221.71240214238043
3626.0,339.92589386370736,222.01877657614003
3626.5,339.5309654821697,222.32529435270413
3627.0,339.1361425392407,222.63194230192804
3627.5,338.7414455411076,222.9387455974214
3628.0,338.34688106772506,223.24571715847233
3628.5,337.9524484153172,223.55285736076834
3629.0,337.55815333876814,223.86017393442643
3629.5,337.1639850661706,224.1676512209586
3630.0,336.76996069389315,224.4753077042301
3630.5,336.3760591846495,224.78311443224342
3631.0,335.98231120258777,225.09110806362344
3631.5,335.5887171133946,225.39929283066178
3632.0,335.1952937844802,225.7076976023415
3632.5,334.80204019824197,226.01632017894678
3633.0,334.4089430939566,226.32514336216695
3633.5,334.0160250080812,226.634194327894
3634.0,333.62325972552924,226.9434385461653
3634.5,333.2306663466025,227.25289305426855
3635.0,332.8382605855103,227.5625838261708
3635.5,332.4460487151979,227.87251851101215
3636.0,332.0540684176338,228.1827457197226
3636.5,331.6623146020914,228.49325732073635
3637.0,331.27082915096054,228.80410597517118
3637.5,330.87961946770787,229.11529784689873
3638.0,330.4886937503475,229.42684251838872
3638.5,330.09813089172457,229.73884260828794
3639.0,329.7079177206953,230.0512816075222
3639.5,329.3180968778816,230.36421285119465
3640.0,328.92870475080576,230.67767362177818
3640.5,328.5397277143573,230.99164435083304
3641.0,328.15123668985285,231.30620949443107
3641.5,327.7632843865287,231.621436725436
3642.0,327.3758864357244,231.9373446339359
3642.5,326.98913049966956,232.2540352519287
3643.0,326.6030101011924,232.57149696423394
3643.5,326.21752613327953,232.8897249178982
3644.0,325.83276299114334,233.2088114431144
3644.5,325.44872405943437,233.5287573807301
3645.0,325.0654459442405,233.84960530388884
3645.5,324.6830544853242,234.17150025038342
3646.0,324.30155377569946,234.49444370582552
3646.5,323.92095650177384,234.8184474424805
3647.0,323.54134696644104,235.14359759204714
3647.5,323.16271944515404,235.46987809208326
3648.0,322.7851011574474,235.7973152896123
3648.5,322.40861340576333,236.12604353180512
3649.0,322.0333505539125,236.45615940842984
3649.5,321.65929576711875,236.7876382750627
3650.0,321.28647690557864,237.12049464489834
3650.5,320.9150773557028,237.45492095182885
3651.0,320.54502721255415,237.79082558712216
3651.5,320.1764223984664,238.1283046329263
3652.0,319.80945686190773,238.46755877691427
3652.5,319.4442762194783,238.80873426969924
3653.0,319.08088214392075,239.15181459565304
3653.5,318.7192963350026,239.49680149329959
3654.0,318.359633626201,239.84378591441984
3654.5,318.0017742607843,240.19261305401912
3655.0,317.64576585264433,240.54330906983054
3655.5,317.29177837089435,240.8960325645792
3656.0,316.9401457983149,241.25110027136105
3656.5,316.5908439857783,241.60846270138333
3657.0,316.24383454647466,241.96804771340902
3657.5,315.8990723785777,242.32977995080836
3658.0,315.5566589098408,242.69371393250998
3658.5,315.21670657082603,243.05992703966132
3659.0,314.8793545839399,243.42852466249332
3659.5,314.5447164544977,243.79957631204945
3660.0,314.2130449871054,244.17328073542592
3660.5,313.884502185382,244.54973998472565
3661.0,313.55898796446877,244.92882355420988
3661.5,313.2365525212094,245.3105282436587
3662.0,312.91733390999826,245.6949365528499
3662.5,312.60141755199595,246.08205810319726
3663.0,312.28870649918457,246.47176981705795
3663.5,311.97916296725396,246.86399413116305
3664.0,311.6728232431538,247.25871906171744
3664.5,311.36974700820326,247.65594813634655
3665.0,311.0702424135679,248.0558770411698
3665.5,310.77410085875,248.4582957690948
3666.0,310.4813759604582,248.86320371221953
3666.5,310.1920475755341,249.2705367674691
3667.0,309.9062150465676,249.6803201991785
3667.5,309.62411768308317,250.09267623389408
3668.0,309.34568524020966,250.5075102208688
3668.5,309.0709188407106,250.92477272065184
3669.0,308.799874504595,251.34445495999987
3669.5,308.5326939447177,251.76660221476294
3670.0,308.2695413463336,252.19126383869295
3670.5,308.0102937852274,252.61831182771033
3671.0,307.75509376352363,253.04778612713093
3671.5,307.5040822190362,253.4797233438714
3672.0,307.2572864174195,253.91408416994466
3672.5,307.01496919974295,254.35096034278013
3673.0,306.77689291435877,254.79015624638404
3673.5,306.54283774773046,255.23149483471613
3674.0,306.3129023438302,255.6749764089622
3674.5,306.08742760807746,256.12073532988256
3675.0,305.8665656528121,256.5688025583154
3675.5,305.65067618091047,257.0192912361216
3676.0,305.4395540119935,257.47203814134355
3676.5,305.2330493354286,257.92691003213986
3677.0,305.0310428887695,258.3837878006624
3677.5,304.83367265967894,258.8426735044537
3678.0,304.6410912710084,259.30358713049526
3678.5,304.4537193347571,259.7666430819674
3679.0,304.2713919272728,260.23170887309124
3679.5,304.09419637029947,260.69875456110987
3680.0,303.9221428762541,261.16772329718697
3680.5,303.75531445198135,261.6385774294295
3681.0,303.5937777873923,262.1112800531216
3681.5,303.43759823067165,262.5857804823938
3682.0,303.28682565210653,263.062025016032
3682.5,303.1413319874223,263.53990427801557
3683.0,303.00122685416176,264.0193900530842
3683.5,302.8664891083632,264.50040705919963
3684.0,302.7371493088008,264.98289917249383
3684.5,302.6130535801922,265.46675847811116
3685.0,302.49423784571854,265.9519328363694
3685.5,302.3811263277119,266.4384657555652
3686.0,302.27367099021757,266.9262764338982
3686.5,302.1717459800193,267.415266888696
3687.0,302.07551259931404,267.90539961050115
3687.5,301.9848982917899,268.39659786640004
3688.0,301.9000270087806,268.88881144375756
3688.5,301.8211102934626,269.38201136878564
3689.0,301.7483856511167,269.8761686278781
3689.5,301.68190719641234,270.37121237330916
3690.0,301.6216590351078,270.8670539012665
3690.5,301.56748994319224,271.3635932532195
3691.0,301.519381678883,271.860746703018
3691.5,301.4774173183131,272.35845474371155
3692.0,301.44179222385526,272.8566588810234
3692.5,301.4126479860019,273.3552879946522
3693.0,301.3899420100656,273.85425537787074
3693.5,301.3734406937947,274.3534652469584
3694.0,301.3629780888608,274.8528259302887
3694.5,301.35872492246926,275.3522678661832
3695.0,301.3605859297593,275.8517131368797
3695.5,301.3686473995764,276.35108767149796
3696.0,301.3832875647571,276.85031011770394
3696.5,301.40463809848484,277.3492983910672
3697.0,301.43247710916745,277.84796681116353
3697.5,301.46694108266564,278.34621861638027
3698.0,301.5077783790305,278.84398331888156
3698.5,301.55489509177823,279.34118277433515
3699.0,301.6083888074731,279.8377260148656
3699.5,301.66839516386403,280.3335170427293
3700.0,301.73470948271245,280.82849781473925
3700.5,301.80757536531536,281.3225557053405
3701.0,301.88701086272636,281.8156020352271
3701.5,301.97289683475117,282.30756590705636
3702.0,302.06505980576765,282.798385025401
3702.5,302.16329298117415,283.2880111947857
3703.0,302.2672535919092,283.77643385464063
3703.5,302.3770206070691,284.2635639031884
3704.0,302.49286532853193,284.7492694107044
3704.5,302.614774887973,285.2334808934589
3705.0,302.74287092423486,285.71608979950804
3705.5,302.8770798929666,286.1970345592127
3706.0,303.01719053233523,286.676288954274
3706.5,303.16300145083045,287.15382885863494
3707.0,303.3144143967786,287.6296055874019
3707.5,303.4715544832307,288.10350941183947
3708.0,303.63444061170395,288.57546149577547
3708.5,303.80320599290667,289.04534964294936
3709.0,303.97778953437864,289.5131177053269
3709.5,304.1579957311863,289.97875114491427
3710.0,304.34341911803625,290.4423236317025
3710.5,304.5338618800355,290.9038402689875
3711.0,304.7292723876492,291.36325844373283
3711.5,304.92982314083497,291.8204488834139
3712.0,305.1354860068727,292.2753605806065
3712.5,305.34616502203875,292.7279661723282
3713.0,305.56180516174396,293.17822271386314
3713.5,305.78226059240893,293.62613202259115
3714.0,306.0074086425981,294.071682673173
3714.5,306.23741982182224,294.51472984552584
3715.0,306.47222487039414,294.9552525510465
3715.5,306.71192462828725,295.39312852761515
3716.0,306.9563862246346,295.8283593957294
3716.5,307.2054612344252,296.26095178945934
3717.0,307.45905362924714,296.69089533554956
3717.5,307.7173039273669,297.11804891985327
3718.0,307.98031835727585,297.54228921786773
3718.5,308.2482365818913,297.9634599866745
3719.0,308.5210106952246,298.3815184318312
3719.5,308.7985074445154,298.7964613992527
3720.0,309.08054878439333,299.2083253613462
3720.5,309.36692890655513,299.6171741356661
3721.0,309.6575009262346,300.02304076072886
3721.5,309.95232400040106,300.4258218522485
3722.0,310.25144072632514,300.8254266351247
3722.5,310.5547016800985,301.22189729579696
3723.0,310.8619841568403,301.6152552888339
3723.5,311.1732883834717,302.00542530403277
3724.0,311.48844264900004,302.39247659506697
3724.5,311.80740855402325,302.7763775796802
3725.0,312.1302415306282,303.15702817276053
3725.5,312.4569448910536,303.5343589865753
3726.0,312.78748283853065,303.9083401937067
3726.5,313.121687396132,304.2790499984232
3727.0,313.4595687099389,304.64640308077577
3727.5,313.8009622746272,305.010489773092
3728.0,314.14578056589215,305.37133171898074
3728.5,314.4939431985328,305.7289397114717
3729.0,314.8453903060361,306.083312192566
3729.5,315.2000426509263,306.4344709422473
3730.0,315.55785307046204,306.7823980153633
3730.5,315.9188348379657,307.1270279753877
3731.0,316.28285597248674,307.46844272504853
3731.5,316.6498081254732,307.80670266946544
3732.0,317.0195915656434,308.14185907196077
3732.5,317.3921054533121,308.47397654312044
3733.0,317.7672737820132,308.80307945191265
3733.5,318.1449404022506,309.1292948058278
3734.0,318.5250409106943,309.4526637424362
3734.5,318.9074885019797,309.77324121433696
3735.0,319.29219910270456,310.09108702165094
3735.5,319.67919552549455,310.4061391398046
3736.0,320.06848084224526,310.71835600813984
3736.5,320.45985645269315,311.02794269483127
3737.0,320.85320565932835,311.33500458479506
3737.5,321.24840385958606,311.6396614188323
3738.0,321.64541731019693,311.941921973862
3738.5,322.0442887637029,312.2417201377808
3739.0,322.4448911449053,312.5392067598268
3739.5,322.8470907752196,312.83453507389993
3740.0,323.25073097409035,313.1278921914931
3740.5,323.65571558832465,313.41937801453076
3741.0,324.0619065215569,313.70917166082046
3741.5,324.4692307554429,313.99736701907295
3742.0,324.877618654186,314.28404626278376
3742.5,325.28705342475735,314.5692087228171
3743.0,325.69757394802673,314.85279185822486
3743.5,326.1091988173884,315.1347608462976
3744.0,326.521988698344,315.4150174786208
3744.5,326.93603140760877,315.69341215201564
3745.0,327.35141146502065,315.96978921602414
3745.5,327.76812185256324,316.2441341481547
3746.0,328.1862138358562,316.51634678550766
3746.5,328.6057772841703,316.786263723793
3747.0,329.02688726821043,317.05373468639175
3747.5,329.4495559452518,317.31871906866
3748.0,329.8738604075127,317.5810704253366
3748.5,330.2999407498973,317.8405222756402
3749.0,330.7278008447902,318.09702684099835
3749.5,331.15738806006993,318.3506262832299
3750.0,331.58863938503634,318.60136828604556
3750.5,332.021739309308,318.84887752208465
3751.0,332.4565816042746,319.0933102687388
3751.5,332.8931053508277,319.3347081355043
3752.0,333.3313928454655,319.57287555409647
3752.5,333.7714565779881,319.80773833644486
3753.0,334.21315780473424,320.03950473261943
3753.5,334.65642034175903,320.2682526299548
3754.0,335.1013841062488,320.49366752822897
3754.5,335.54783048129383,320.71612059422284
3755.0,335.99571659872635,320.9356534602215
3755.5,336.4450940906546,321.15210586605383
3756.0,336.89583871283145,321.3656868332748
3756.5,337.3478563896125,321.57655124843956
3757.0,337.80113238620777,321.784677777762
3757.5,338.2556286877563,321.9901102493515
3758.0,338.71126548645833,322.19300131469583
3758.5,339.1680499824264,322.3932984672514
3759.0,339.62599600510543,322.59093461615
3759.5,340.08501298694586,322.78609169405433
3760.0,340.5450944183339,322.97874975255166
3760.5,341.00626375666326,323.1688004480491
3761.0,341.4684537024807,323.3563853626432
3761.5,341.931695559505,323.5413913679014
3762.0,342.3960523288869,323.7236206502554
3762.5,342.8613777169391,323.90338198881915
3763.0,343.3276707137898,324.08062142028984
3763.5,343.79496251243995,324.2552035634077
3764.0,344.26321259632664,324.4272138421461
3764.5,344.7324992616369,324.59640796980244
3765.0,345.202865031394,324.7626258835412
3765.5,345.6742157005517,324.92607839145506
3766.0,346.14659070791566,325.0865707599311
3766.5,346.6199536012105,325.2441494694786
3767.0,347.0942131154118,325.39901124393253
3767.5,347.56946992010336,325.5507830898234
3768.0,348.0456557092506,325.69962974246727
3768.5,348.52278288263983,325.84547570253943
3769.0,349.00090464902826,325.98804523720554
3769.5,349.4798872847869,326.1277078782018
3770.0,349.9597487707224,326.2643244231294
3770.5,350.4405184046575,326.3977004794344
3771.0,350.9221243880733,326.5280327060873
3771.5,351.40467230425935,326.6548735680824
3772.0,351.88805618018597,326.7784996933697
3772.5,352.3722252536464,326.89901824898317
3773.0,352.85726549451584,327.0159798994548
3773.5,353.34306494950187,327.1297728881006
3774.0,353.8296693623139,327.24011111682063
3774.5,354.3170603768524,327.3469743597519
3775.0,354.8051670012357,327.45059573754315
3775.5,355.2940479011664,327.55057227820856
3776.0,355.7835541968918,327.64747260157907
3776.5,356.2737018436839,327.7411134549196
3777.0,356.7644823710941,327.831429070121
3777.5,357.25583029252317,327.91867460811307
3778.0,357.7478277138213,328.002294114128
3778.5,358.24033810028135,328.08291398919425
3779.0,358.73335999909466,328.1603853602794
3779.5,359.22686458962744,328.2347500574506
3780.0,359.72080798296696,328.30619781726284
3780.5,360.21524264380207,328.3742446490881
3781.0,360.71008698886357,328.4393514111435
3781.5,361.20536173150305,328.5012097944859
3782.0,361.70101708585486,328.560026158147
3782.5,362.1970285010144,328.6158569329855
3783.0,362.6933917777986,328.66852987273285
3783.5,363.1900490851923,328.7184063935585
3784.0,363.68703038742626,328.7649758977251
3784.5,364.18428743173735,328.80858290073434
3785.0,364.6818414076522,328.8488229803899
3785.5,365.1796512886357,328.88588885372417
3786.0,365.6776918500185,328.91982649280095
3786.5,366.17595883122107,328.95039595359606
3787.0,366.67440796629376,328.97793820775814
3787.5,367.17305749419984,329.00181931983565
3788.0,367.67186204496176,329.0225455611215
3788.5,368.17081933661353,329.03962326713093
3789.0,368.6698861186337,329.0535206604781
3789.5,369.16904527265456,329.06399639968356
3790.0,369.6682752598488,329.07117674011084
3790.5,370.16754865517987,329.0751141564518
3791.0,370.6668448815035,329.07570356915994
3791.5,371.1661444035267,329.0731403012093
3792.0,371.6654211108258,329.0671426503134
3792.5,372.16465951135837,329.05822206562266
3793.0,372.6638286444929,329.04593047535
3793.5,373.16292262052957,329.03087362961696
3794.0,373.6619069749101,329.0124950696243
3794.5,374.16078227861834,328.99137129235345
3795.0,374.65950862070866,328.9669791979929
3795.5,375.15809475532126,328.9398126081995
3796.0,375.65649632695937,328.9095056825675
3796.5,376.1547191872725,328.876344691395
3797.0,376.6527246327469,328.83994111641556
3797.5,377.1505166380552,328.8006854812791
3798.0,377.64805906169,328.7583815305101
3798.5,378.14534961139407,328.7131786348572
3799.0,378.64234924350745,328.6648598467034
3799.5,379.13905198280156,328.61350439794234
3800.0,379.6354170592693,328.5588536791688
3800.5,380.1314504865637,328.50115296469676
3801.0,380.62711270930004,328.44025640719747
3801.5,381.12241194773924,328.37637788848195
3802.0,381.61729768461174,328.3092728960282
3802.5,382.1117949953581,328.2392814269449
3803.0,382.60584327989415,328.1661083139975
3803.5,383.09948910548945,328.0902090384596
3804.0,383.5926478309787,328.01115918541785
3804.5,384.08539134072277,327.92951617307335
3805.0,384.5776227239628,327.84483256082734
3805.5,385.06942820179825,327.7577164735356
3806.0,385.5606945042755,327.6676152572619
3806.5,386.05147572902047,327.5748849576006
3807.0,386.5416828677736,327.47914120057436
3807.5,387.03134442491233,327.38060674289187
3808.0,387.5204364063026,327.27927103345866
3808.5,388.00894553915003,327.17516913143334
3809.0,388.49686854274137,327.0683447344728
3809.5,388.9840998997188,326.9583658660137
3810.0,389.4707203393812,326.84568189768555
3810.5,389.95657643624565,326.729699874503
3811.0,390.44178476168395,326.6110079389716
3811.5,390.92624687305636,326.4892702996751
3812.0,391.409991161148,326.3646813118788
3812.5,391.89301350560504,326.2372923024543
3813.0,392.3752512437171,326.1069405311209
3813.5,392.85682911264627,325.9741572187132
3814.0,393.33759226191023,325.83845625023145
3814.5,393.8176506382676,325.7002750180684
3815.0,394.29695145820153,325.55947283442185
3815.5,394.77546634739434,325.41602422509334
3816.0,395.2532660902178,325.2702012481245
3816.5,395.7302068057873,325.1215908276041
3817.0,396.20642611426683,324.97069480640573
3817.5,396.6818209847144,324.8172176458941
3818.0,397.1563406970213,324.66103790930174
3818.5,397.63006237536456,324.5024386385337
3819.0,398.1028118832624,324.3409388982215
3819.5,398.57471334981665,324.1769594423955
3820.0,399.0457346279518,324.01044603790916
3820.5,399.51580540058,323.84125152461587
3821.0,399.9850423306013,323.6697461415663
3821.5,400.45332616160886,323.4956297564097
3822.0,400.92069506884974,323.319056512052
3822.5,401.38724082119853,323.14031748143896
3823.0,401.8528231865346,322.95907844724246
3823.5,402.3175669433249,322.77570362264646
3824.0,402.781506538188,322.5903105946211
3824.5,403.24445198970636,322.4024490133568
3825.0,403.70656431814723,322.2125510941702
3825.5,404.167824688059,322.02059674200405
3826.0,404.62803166111297,321.8261334834426
3826.5,405.08727233503276,321.62940616227564
3827.0,405.54550800253594,321.4303515729486
3827.5,406.0025854599058,321.2286483961142
3828.0,406.45864211438624,321.0246414757623
3828.5,406.9136156922366,320.8182168500346
3829.0,407.3674486918705,320.60927445686895
3829.5,407.82032123132905,320.39824521667356
3830.0,408.27214307865495,320.18496186998783
3830.5,408.7227539837574,319.9691125145787
3831.0,409.1722590050905,319.7509457865218
3831.5,409.6205828791594,319.5303310721225
3832.0,410.0676186744833,319.3070855587621
3832.5,410.5135841904424,319.0816900775501
3833.0,410.9584782484414,318.85416828584795
3833.5,411.40208986294584,318.6241320870364
3834.0,411.8445981223125,318.3919556653578
3834.5,412.2859919130996,318.15764039844174
3835.0,412.726131034329,317.9209455794187
3835.5,413.16518680742263,317.6822252259702
3836.0,413.6032594838135,317.4416904989181
3836.5,414.0403137493703,317.1993012634449
3837.0,414.4763517850694,316.95508061409237
3837.5,414.9114781715459,316.70923364720494
3838.0,415.3456796967446,316.46175121497055
3838.5,415.7787822785363,316.2123413029356
3839.0,416.2109521765532,315.96131156909877
3839.5,416.64221814990475,315.7087278950294
3840.0,417.072518652006,315.45449953464896
3840.5,417.50181336574263,315.19857134542104
3841.0,417.93020586483647,314.9411337389773
3841.5,418.3576808379967,314.68217236312495
3842.0,418.7840799991141,314.4214359394428
3842.5,419.2093862087552,314.1589084087329
3843.0,419.6336403389746,313.8946737106491
3843.5,420.056812971151,313.62869662031363
3844.0,420.478794158588,313.3608193248344
3844.5,420.8996231641574,313.09112421746187
3845.0,421.31936596223665,312.81973057194153
3845.5,421.73804152376084,312.54668450557114
3846.0,422.15555868222594,312.2718645709884
3846.5,422.57185927234576,311.99519570149073
3847.0,422.9870398473704,311.71683879887024
3847.5,423.40110917442075,311.43682200603786
3848.0,423.81410440336185,311.1552161476105
3848.5,424.225954332232,310.87193450521653
3849.0,424.6368607597747,310.58728815179
3849.5,425.04679382786566,310.30124171309205
3850.0,425.4557272638359,310.0137635533136
3850.5,425.8635980395057,309.72477226043605
3851.0,426.2704007020542,309.43427366411044
3851.5,426.6762946898177,309.1425078098435
3852.0,427.0813076902892,308.8495221263083
3852.5,427.4854378802518,308.55532180470715
3853.0,427.8886028583754,308.2597985386337
3853.5,428.2907137406589,307.9628365481931
3854.0,428.6918868600386,307.66460335836246
3854.5,429.0921789984121,307.3651869782027
3855.0,429.4916287579946,307.06464612560916
3855.5,429.89027738813377,306.76304400650383
3856.0,430.2880273242264,306.46025621367227
3856.5,430.68496313526504,306.1563964414304
3857.0,431.0811295152205,305.85153011967765
3857.5,431.4765725006913,305.5457228193493
3858.0,431.8713348461338,305.2390355565928
3858.5,432.26546410198335,304.93153505293037
3859.0,432.6589088769089,304.6231591946998
3859.5,433.0517730270616,304.31404146125664
3860.0,433.4441002417729,304.00424358856407
3860.5,433.83593442811446,303.6938238266292
3861.0,434.2273152686753,303.3828357832666
3861.5,434.6182717939772,303.07131760927666
3862.0,435.0088037596513,302.7592690892255
3862.5,435.3989348969593,302.4467205805599
3863.0,435.78872340366297,302.13374707991994
3863.5,436.1781933862807,301.8203801111062
3864.0,436.5673631104667,301.50664403209083
3864.5,436.9562331777806,301.19253645070165
3865.0,437.34481093585333,300.87806616273963
3865.5,437.73310758105345,300.56324661570073
3866.0,438.12112215219895,300.24807621815245
3866.5,438.50889403702007,299.9326032790049
3867.0,438.89644399380876,299.61685187315874
3867.5,439.283788307996,299.3008410214109
3868.0,439.6709508405629,298.9846010953972
3868.5,440.0579546361099,298.6681620104207
3869.0,440.4448178206284,298.3515441217479
3869.5,440.8315544656053,298.0347647904599
3870.0,441.21817068065417,297.71782856559304
3870.5,441.6046875201218,297.40076352473665
3871.0,441.99112227610186,297.08359114319524
3871.5,442.37748912490645,296.76633214110353
3872.0,442.7637941043798,296.4489953093178
3872.5,443.1500442766723,296.1315886993354
3873.0,443.53624540239963,295.81411945492704
3873.5,443.92240192039486,295.49659331823295
3874.0,444.30851637006293,295.1790127707163
3874.5,444.694590564895,294.8613804940766
3875.0,445.08062428574107,294.543697197176
3875.5,445.4666193049212,294.2259665565438
3876.0,445.85257494583044,293.9081865358
3876.5,446.2384923002724,293.59035904335855
3877.0,446.6243732137287,293.27248626970925
3877.5,447.0102154199635,292.9545641074721
3878.0,447.3960152434203,292.6365874394321
3878.5,447.7817686683737,292.3185513629686
3879.0,448.1674725533851,292.0004519423509
3879.5,448.553125123487,291.6822876435211
3880.0,448.93872551629045,291.36405810872526
3880.5,449.32427159014355,291.0457598921738
3881.0,449.7097601166553,290.7273892626083
3881.5,450.0951874301121,290.4089406483333
3882.0,450.4805519121249,290.0904116835814
3882.5,450.8658545919874,289.771805817489
3883.0,451.2510927908702,289.45311786437037
3883.5,451.63626545786923,289.1343469328303
3884.0,452.0213725151711,288.8154945301256
3884.5,452.40641588718256,288.49656418109305
3885.0,452.7913970164406,288.17755681249486
3885.5,453.1763161267218,287.858472880521
3886.0,453.56117046565197,287.5393089693583
3886.5,453.9459594119449,287.22006329307914
3887.0,454.3306888296291,286.90074329398334
3887.5,454.71536256564696,286.5813553439752
3888.0,455.0999799432782,286.2618993878114
3888.5,455.484543601202,285.94237808881564
3889.0,455.8690611541094,285.6228012763464
3889.5,456.2535318940735,285.3031676996148
3890.0,456.637952163396,284.9834715642338
3890.5,457.0223235253014,284.6637148042698
3891.0,457.40664934269785,284.34390231267184
3891.5,457.790926322212,284.02402973128187
3892.0,458.1751516041177,283.7040931772334
3892.5,458.5593287440587,283.3840981930764
3893.0,458.9434625628967,283.0640499566849
3893.5,459.3275540144081,282.74394897222146
3894.0,459.711603198894,282.42379566797763
3894.5,460.09561001580886,282.10359022097344
3895.0,460.4795781991407,281.7833366356436
3895.5,460.8635147305949,281.46304415002567
3896.0,461.24741984144083,281.14271356247343
3896.5,461.6312924905573,280.82234297336527
3897.0,462.0151363251247,280.50193693051364
3897.5,462.3989578729873,280.18150405516263
3898.0,462.7827554977272,279.8610419922142
3898.5,463.16653068194216,279.5405526055861
3899.0,463.5502871171179,279.22004059588704
3899.5,463.934025032839,278.899505992192
3900.0,464.31774424050354,278.5789483369405
3900.5,464.70144650885305,278.25837012062294
3901.0,465.08513482492594,277.9377751017424
3901.5,465.46881387784765,277.6171689719802
3902.0,465.8524873154291,277.2965560210725
3902.5,466.23615449746984,276.9759352822258
3903.0,466.6198125138258,276.655303128483
3903.5,467.0034589360911,276.33465666328635
3904.0,467.3870922771697,276.0139941393512
3904.5,467.7707149530358,275.6933185243373
3905.0,468.1543295625051,275.37263302326636
3905.5,468.53793654497554,275.0519381581642
3906.0,468.92153474127804,274.7312325362725
3906.5,469.30512098548417,274.4105123607368
3907.0,469.688692865288,274.0897748273208
3907.5,470.07224915576865,273.76901858522444
3908.0,470.455790225514,273.44824417685027
3908.5,470.83931764647235,273.12745354520916
3909.0,471.2228322957605,272.8066478328881
3909.5,471.6063336931387,272.48582654579803
3910.0,471.9898205052335,272.16498805770595
3910.5,472.3732907971164,271.84413006558265
3911.0,472.756743663967,271.52325152492347
3911.5,473.1401816467513,271.2023552472595
3912.0,473.5236083660614,270.88144562996973
3912.5,473.9070232437239,270.56052215925286
3913.0,474.2904245423629,270.2395828036264
3913.5,474.6738100123276,269.91862456157696
3914.0,475.05717769550563,269.59764525488976
3914.5,475.4405282298734,269.2766454204395
3915.0,475.8238605260808,268.9556236207945
3915.5,476.2071721538747,268.63457731529365
3916.0,476.59045995597205,268.31350322396435
3916.5,476.97372579299304,267.99240302822847
3917.0,477.3569703436369,267.6712775208553
3917.5,477.74018759598766,267.3501200637317
3918.0,478.1233822512762,267.0289358336472
3918.5,478.50655303688984,266.70772356076446
3919.0,478.8896938897364,266.3864767442643
3919.5,479.27280522517395,266.06519527556026
3920.0,479.655893741102,265.74388645553256
3920.5,480.038962059809,265.4225538323586
3921.0,480.42201201049147,265.10119943822934
3921.5,480.8050401766577,264.77981935239893
3922.0,481.18804156460567,264.45840851597285
3922.5,481.57101863218253,264.1369696498268
3923.0,481.95397493825465,263.81550628319724
3923.5,482.33690998696585,263.4940177343692
3924.0,482.71982493195486,263.1725053560872
3924.5,483.10272254109054,262.8509723765717
3925.0,483.48560172248835,262.52941813364697
3925.5,483.86846058996906,262.20784100856554
3926.0,484.2513013203907,261.8862432079103
3926.5,484.6341266818529,261.56462768801094
3927.0,485.016938411287,261.24299613613783
3927.5,485.3997378562663,260.9213499038772
3928.0,485.7825237534917,260.59968773886226
3928.5,486.1652954334328,260.2780089381754
3929.0,486.5480581810121,259.956319548968
3929.5,486.93081054578664,259.63461843015335
3930.0,487.31355337460235,259.3129060319529
3930.5,487.6962866278743,258.9911821155032
3931.0,488.07900984582284,258.6694464191209
3931.5,488.4617232920084,258.34769892990715
3932.0,488.84442835225,258.0259408425373
3932.5,489.22712328650533,257.70417072590124
3933.0,489.6098095394638,257.38239054872463
3933.5,489.99248826711545,257.060601592238
3934.0,490.3751566507298,256.73880064069994
3934.5,490.7578107001394,256.4169830334568
3935.0,491.14044909328504,256.0951467543581
3935.5,491.52307129018914,255.77329065528133
3936.0,491.90567038580656,255.45140721116232
3936.5,492.2882449438601,255.12949490378543
3937.0,492.6707998094282,254.80755899605404
3937.5,493.0533324977923,254.48559741884233
3938.0,493.4358408030849,254.16360792000253
3938.5,493.81832707857484,253.84159239669066
3939.0,494.2007906021389,253.51955005947895
3939.5,494.58323166712375,253.19748142036062
3940.0,494.96565244609974,252.87538846939853
3940.5,495.3480519415887,252.55327010268263
3941.0,495.73043057741285,252.23112698258598
3941.5,496.1127931126964,251.90896440334805
3942.0,496.49514586176446,251.58678946817543
3942.5,496.87749316597035,251.26460732256186
3943.0,497.25983476265884,250.94241789347547
3943.5,497.64217368149167,250.62022425427023
3944.0,498.02451418594273,250.29803163044227
3944.5,498.4068611302977,249.97584592055725
3945.0,498.78921251997434,249.6536647561649
3945.5,499.1715726952136,249.33149337512435
3946.0,499.553947493488,249.00933895826986
3946.5,499.93634063792916,248.68720609732154
3947.0,500.3187520489428,248.36509499266154
3947.5,500.70117933004974,248.04300310819718
3948.0,501.083623251333,247.72093137052605
3948.5,501.4660899070772,247.39888677001258
3949.0,501.84857997494385,247.07687009979608
3949.5,502.23109582301475,246.75488429129894
3950.0,502.6136405070891,246.43293297432413
3950.5,502.99621362685787,246.11101549883412
3951.0,503.37882244599797,245.78914055256914
3951.5,503.76146582811475,245.46730686135743
3952.0,504.14414305882826,245.14551350313113
3952.5,504.52685126971505,244.8237569214796
3953.0,504.9095891234836,244.50203526412753
3953.5,505.29235946839094,244.18035167061115
3954.0,505.67516320576016,243.85870739076535
3954.5,506.0580000966885,243.53710260846586
3955.0,506.44087375629664,243.21554167983734
3955.5,506.82378378596314,242.89402405804935
3956.0,507.2067306017185,242.57255023903056
3956.5,507.5897151493616,242.25112120079396
3957.0,507.97273757284387,241.9297370964723
3957.5,508.35579489493153,241.60839444329383
3958.0,508.738884356592,241.28708983150136
3958.5,509.1220076354307,240.965824975225
3959.0,509.5051687813923,240.6446048079509
3959.5,509.8883659921454,240.3234274844846
3960.0,510.27159504328597,240.00228786236457
3960.5,510.6548500019309,239.68117915616656
3961.0,511.0381271950112,239.3600969907025
3961.5,511.42142368022235,239.03903750556137
3962.0,511.80473890467835,238.71799980990306
3962.5,512.1880728682412,238.396984020199
3963.0,512.5714236630413,238.07598819327114
3963.5,512.9547871575912,237.75500757883458
3964.0,513.3381586072284,237.43403655497818
3964.5,513.7215338321334,237.11307024642053
3965.0,514.1049118812422,236.79210709827078
3965.5,514.4882884374741,236.47114173577705
3966.0,514.8716564422504,236.15016577086647
3966.5,515.2550115487633,235.82917391630122
3967.0,515.6383516310901,235.50816360609738
3967.5,516.0216731913213,235.1871309743048
3968.0,516.4049715246488,234.8660704129276
3968.5,516.7882346637963,234.5449676489754
3969.0,517.1714612999658,234.22382104994688
3969.5,517.5546477610902,233.90262608845512
3970.0,517.9377870219187,233.58137454364027
3970.5,518.32087116633,233.26005709630996
3971.0,518.70389356387,232.93866596755447
3971.5,519.0868496968989,232.61719586012515
3972.0,519.469736089173,232.29564259370585
3972.5,519.8525480065257,231.97400059052578
3973.0,520.2352715052346,231.65225340285207
3973.5,520.6179115671115,231.33040695039648
3974.0,521.0004635528276,231.00845589562593
3974.5,521.3829244631681,230.68639671913124
3975.0,521.7652911130614,230.36422573726486
3975.5,522.1475593905112,230.04193833345457
3976.0,522.529727767241,229.71953282679894
3976.5,522.9117984929757,229.39701174767063
3977.0,523.2937720124023,229.07437568532183
3977.5,523.6756450559383,228.7516210990272
3978.0,524.0574133202686,228.42874264727712
3978.5,524.4390863551324,228.10575175572262
3979.0,524.8206636631561,227.78264813133194
3979.5,525.2021491056648,227.4594360210136
3980.0,525.5835437999976,227.13611668902473
3980.5,525.9648478959058,226.81269060429946
3981.0,526.3460612275337,226.48915778043528
3981.5,526.7271824942032,226.16551671521597
3982.0,527.1082101835153,225.84176581886226
3982.5,527.489144404658,225.5179051212801
3983.0,527.8699800254584,225.19392851763476
3983.5,528.2507097264493,224.8698275024032
3984.0,528.6313348617531,224.545604142384
3984.5,529.0118484839574,224.22125057246498
3985.0,529.3922488247301,223.89676504877727
3985.5,529.7725366329153,223.57214824706287
3986.0,530.1527129437004,223.24740112232843
3986.5,530.5327776382956,222.9225235306482
3987.0,530.9127278805693,222.597512186795
3987.5,531.2925588040591,222.27236124885846
3988.0,531.6722672257254,221.9470669282461
3988.5,532.0518485437921,221.62162414296475
3989.0,532.4312949664258,221.2960237769691
3989.5,532.8106000061179,220.97025810578452
3990.0,533.189775738854,220.64434109354494
3990.5,533.5688196282272,220.31826945614696
3991.0,533.9477206545482,219.992030698407
3991.5,534.3264661160905,219.66561058354887
3992.0,534.7050394838552,219.3389904141097
3992.5,535.0834241593165,219.01215132181585
3993.0,535.4616080950456,218.68507969585033
3993.5,535.8395775134927,218.35775997778384
3994.0,536.2173136247906,218.03017087300665
3994.5,536.5947989187035,217.70229271055268
3995.0,536.9720055335408,217.37409411575385
3995.5,537.3489042248887,217.04554231741358
3996.0,537.725479802191,216.71662072606668
3996.5,538.1017007245148,216.38729409361267
3997.0,538.4775688070293,216.05756547948124
3997.5,538.8530789559819,215.72742983685478
3998.0,539.228214019996,215.39686883762383
3998.5,539.6029595516977,215.0658672630751
3999.0,539.9773114409322,214.73442132331343
3999.5,540.3512666602522,214.40252825545656
4000.0,540.724811460879,214.07017343177338
4000.5,541.0979317098844,213.73734213934017
4001.0,541.4706185000664,213.40402542203373
4001.5,541.8428627895452,213.07021411967216
4002.0,542.2146429911288,212.7358855711949
4002.5,542.5859264964296,212.40100522876017
4003.0,542.9566861707017,212.06554480550474
4003.5,543.3268911026662,211.72947222954085
4004.0,543.6965395700761,211.39278773507422
4004.5,544.0656201309092,211.05548020498387
4005.0,544.4341012868771,210.7175176042723
4005.5,544.8019614192049,210.3788790964018
4006.0,545.1691513800608,210.03951398008422
4006.5,545.5356542568115,209.69940728025094
4007.0,545.9014770588249,209.3585697831644
4007.5,546.2666178297757,209.0170020300617
4008.0,546.6310686168761,208.67469847291287
4008.5,546.9948239469994,208.33165649489925
4009.0,547.3578717804553,207.98786631580006
4009.5,547.7202039664816,207.64332259861496
4010.0,548.0818139936433,207.29802179107216
4010.5,548.4427051187624,206.9519703290277
4011.0,548.8028796246324,206.60517354271354
4011.5,549.1623378989776,206.25763487580022
4012.0,549.5210875140747,205.9093650644605
4012.5,549.8791372580232,205.560375875591
4013.0,550.2364866217902,205.21066949318757
4013.5,550.5931411648038,204.86025433815803
4014.0,550.9491103374957,204.50914267583323
4014.5,551.3043880235087,204.1573309160037
4015.0,551.6589722890824,203.8048199205543
4015.5,552.0128686696835,203.45161790319742
4016.0,552.3660641602451,203.0977143768729
4016.5,552.7185399308864,202.74309345540536
4017.0,553.0702851649102,202.38774755545236
4017.5,553.4212725790669,202.0316527033631
4018.0,553.7714596939948,201.67477066762945
4018.5,554.1208268753104,201.31708617399156
4019.0,554.4693657558125,200.9585943871769
4019.5,554.817051699679,200.5992752107234
4020.0,555.1638579148814,200.2391070692555
4020.5,555.5097703369593,199.8780806018084
4021.0,555.8547505159736,199.51616366160786
4021.5,556.1987863536689,199.15334961162287
4022.0,556.5418661381573,198.78963185089745
4022.5,556.8839704101197,198.42499709012822
4023.0,557.2250794581387,198.05943193227657
4023.5,557.5651660862605,197.69291615638164
4024.0,557.904240140747,197.32546433818973
4024.5,558.2423173388754,196.95709538031753
4025.0,558.5793549351962,196.58777527006276
4025.5,558.9153467955609,196.21750433726592
4026.0,559.2502686744036,195.84626577133957
4026.5,559.5841130510704,195.47405850152202
4027.0,559.9168929956915,195.10089967217658
4027.5,560.2486214889348,194.72680578995002
4028.0,560.579270330226,194.35175733645423
4028.5,560.9088467811837,193.97576648294216
4029.0,561.2373491238831,193.59883662937213
4029.5,561.5647762976238,193.22097206429262
4030.0,561.8911208804135,192.8421718043449
4030.5,562.216343474718,192.46240746954675
4031.0,562.5403917117104,192.08164091612383
4031.5,562.8632403291242,191.69985745712268
4032.0,563.184890150544,191.31706396411724
4032.5,563.505331175722,190.93325847192528
4033.0,563.8245645947375,190.54844850477267
4033.5,564.1425715207371,190.16262468537607
4034.0,564.4593176602294,189.7757659571926
4034.5,564.7747724655053,189.38785480218198
4035.0,565.0889462235879,188.9989066593379
4035.5,565.4018458080675,188.60893368161473
4036.0,565.7134897041143,188.21795742730282
4036.5,566.0239152043536,187.8260136904101
4037.0,566.3331544397063,187.4331331802423
4037.5,566.641197365522,187.03931372214936
4038.0,566.9480621631094,186.64457521568588
4038.5,567.2537815946522,186.24894813384552
4039.0,567.5583607619049,185.85244153712222
4039.5,567.861807097619,185.45506629643396
4040.0,568.1641459206343,185.05684650950357
4040.5,568.4653836302026,184.65779130284525
4041.0,568.7654933320391,184.25788544268698
4041.5,569.0644307972295,183.8571013317501
4042.0,569.3621728031263,183.4554272197629
4042.5,569.6586330342315,183.05280537006993
4043.0,569.9537644931709,182.64920842138451
4043.5,570.2475655494827,182.24464178151783
4044.0,570.5400325541207,181.83910920620497
4044.5,570.8311332779186,181.43259440525662
4045.0,571.1208313257458,181.0250787802339
4045.5,571.4090616480465,180.61652390958133
4046.0,571.6957709559307,180.20690095235562
4046.5,571.9809667048938,179.79622352995378
4047.0,572.26469627573,179.38453223923136
4047.5,572.5469851439265,178.97185191749153
4048.0,572.8278666755574,178.55821242287695
4048.5,573.1073484566232,178.1436255929516
4049.0,573.385423459864,177.72809383080863
4049.5,573.6620934213622,177.3116253820345
4050.0,573.9374201574958,176.89426735490366
4050.5,574.211450591399,176.47605628307232
4051.0,574.4842265220768,176.05702503138622
4051.5,574.75575378279,175.6371825726778
4052.0,575.0260644809633,175.21655482971818
4052.5,575.295112209023,174.79511730738753
4053.0,575.5629608135655,174.3729159618994
4053.5,575.8296475891605,173.94997890518076
4054.0,576.0951497283864,173.52629639200467
4054.5,576.3594922561838,173.10188882047584
4055.0,576.6226629735219,172.6767531781426
4055.5,576.8846540578671,172.25088921762637
4056.0,577.1454801786399,171.82431055611542
4056.5,577.4051534103683,171.3970290154223
4057.0,577.6636483992386,170.96903364936674
4057.5,577.9209800176227,170.5403379021002
4058.0,578.1771642615963,170.11095570034277
4058.5,578.4322481196123,169.68091917872022
4059.0,578.6862834321851,169.25026296631688
4059.5,578.9392914633844,168.81900328967265
4060.0,579.1912637191973,168.38713865199145
4060.5,579.4421924893888,167.95466791693957
4061.0,579.6920834740458,167.5215977749771
4061.5,579.940985071282,167.0879596327864
4062.0,580.18898453987,166.65380700795117
4062.5,580.4360980625245,166.21915235594108
4063.0,580.6823125720547,165.78399105998594
4063.5,580.9276432231583,165.34833431051877
4064.0,581.172106900438,164.9121942784558
4064.5,581.4157110669172,164.47557795822146
4065.0,581.6584947516714,164.03850997700073
4065.5,581.9004820948313,163.60100671769928
4066.0,582.1416627416517,163.1630651793255
4066.5,582.3820327359942,162.72468523042608
4067.0,582.6215855520136,162.28586555595348
4067.5,582.860297621649,161.84659575334973
4068.0,583.0981539166189,161.40686965065888
4068.5,583.3351621031144,160.96669384981217
4069.0,583.5713190948529,160.52606986708693
4069.5,583.8066058633395,160.08498898887717
4070.0,584.0409801664338,159.64343062285633
4070.5,584.274413712784,159.2013809287769
4071.0,584.5068885825168,158.7588324392024
4071.5,584.7383931446624,158.315780708464
4072.0,584.9689630823844,157.872247199993
4072.5,585.1986224773675,157.42824868199273
4073.0,585.4273939189468,156.98379982541863
4073.5,585.655266544903,156.53889752420653
4074.0,585.8822592274809,156.0935537422968
4074.5,586.10834752605,155.64775798725023
4075.0,586.33353933742,155.2015150630388
4075.5,586.5578626990339,154.7548432565402
4076.0,586.7813025108621,154.3077378787854
4076.5,587.0038794067762,153.86021050062092
4077.0,587.2256336247286,153.41228674098912
4077.5,587.4465996701966,152.9639880604269
4078.0,587.6668105871984,152.51533386358412
4078.5,587.8862745983778,152.06633109204836
4079.0,588.1049496956396,151.61696135331516
4079.5,588.322806697758,151.16721051553097
4080.0,588.5399457176998,150.71713110803003
4080.5,588.7564130161945,150.26675306147453
4081.0,588.9722422110764,149.81609603596988
4081.5,589.1873691810848,149.36513279592697
4082.0,589.4017368478238,148.91383540391595
4082.5,589.6153055496578,148.4621855425479
4083.0,589.8280527484455,148.01017689485136
4083.5,590.0399767712202,147.55781090907735
4084.0,590.2510033128228,147.10505717285238
4084.5,590.4610042478822,146.65185571038165
4085.0,590.6698800857037,146.19815444776256
4085.5,590.8775413255112,145.74391417224425
4086.0,591.0839197940021,145.28910888535935
4086.5,591.2889535579241,144.83370907689215
4087.0,591.4925773765261,144.37768966696632
4087.5,591.6947341749675,143.92102869674102
4088.0,591.895427130512,143.46372904367968
4088.5,592.0947369417775,143.00583767912596
4089.0,592.2926932720898,142.54737630216923
4089.5,592.4893122959731,142.08835392621097
4090.0,592.6845936241692,141.62877549120913
4090.5,592.8785291974485,141.1686421198541
4091.0,593.0711898793116,140.7079880128391
4091.5,593.2626706161337,140.24686441149626
4092.0,593.4529914917738,139.7852868189892
4092.5,593.6421250431505,139.3232449599174
4093.0,593.830030968719,138.86072453117356
4093.5,594.0167057844313,138.39772555033724
4094.0,594.2022079542269,137.93427846352418
4094.5,594.3865617881359,137.47040347766054
4095.0,594.5697323484278,137.00608856696618
4095.5,594.7516546112766,136.5413057896322
4096.0,594.9322673393758,136.0760328454806
4096.5,595.1115622765808,135.61026955614588
4097.0,595.28959264959,135.14404200735112
4097.5,595.466392894512,134.67737099743547
4098.0,595.6420326632895,134.2102890720277
4098.5,595.8165895183522,133.74283276252552
4099.0,595.9900847723825,133.2750163708078
4099.5,596.162515861532,132.8068420065141
4100.0,596.3339082822637,132.33832222739542
4100.5,596.5042434092632,131.86945341959944
4101.0,596.6734950987986,131.40022573468661
4101.5,596.8416556772108,130.93064141297103
4102.0,597.0086739550026,130.4606880641699
4102.5,597.1744668614582,129.99033816369078
4103.0,597.3389348301242,129.5195542823627
4103.5,597.5019473090166,129.04829010750785
4104.0,597.663422377448,128.57651892196301
4104.5,597.8233274538203,128.1042305233985
4105.0,597.9815852516288,127.63139570877384
4105.5,598.13815650852,127.1580097774756
4106.0,598.2929888438345,126.68406161375951
4106.5,598.4460469555302,126.20954193588925
4107.0,598.5973867107904,125.73447801531583
4107.5,598.7471030118643,125.25891488141701
4108.0,598.8952494676736,124.78288033095158
4108.5,599.0419374165856,124.30641842494492
4109.0,599.1872623187322,123.82957597734965
4109.5,599.3312864645375,123.35238270585597
4110.0,599.4741173105772,122.87487641146521
4110.5,599.6157809119798,122.39706955051393
4111.0,599.7562154963491,121.91895609374357
4111.5,599.8952794060576,121.44049355356582
4112.0,600.0328881939888,120.96166097553372
4112.5,600.1689247255907,120.48242923135403
4113.0,600.3033914579787,120.00279448110861
4113.5,600.4362243278977,119.52274079863638
4114.0,600.5673932127437,119.04226239316336
4114.5,600.696819151258,118.56134124150675
4115.0,600.8243986822432,118.07994933623388
4115.5,600.9500016350095,117.5980537192784
4116.0,601.0736355730111,117.1156636573307
4116.5,601.1952674896844,116.63277614485332
4117.0,601.3148656886076,116.14939417488179
4117.5,601.4324568066152,115.66553993949464
4118.0,601.5480655795018,115.18123100929238
4118.5,601.6616793913277,114.69646469170164
4119.0,601.7733720446195,114.2112639675412
4119.5,601.8831819316268,113.72565712723112
4120.0,601.9910762548648,113.23964810069367
4120.5,602.0970643525724,112.75325039801486
4121.0,602.2011683901208,112.26647863471308
4121.5,602.3034036887536,111.77934316870095
4122.0,602.4037551820445,111.29184272343547
4122.5,602.5021576947826,110.80396744152802
4123.0,602.5985894094483,110.31572082500035
4123.5,602.6929919452269,109.82710098919254
4124.0,602.7853372169906,109.33810284873083
4124.5,602.8756248328805,108.84873522132271
4125.0,602.9638304493267,108.35900359020565
4125.5,603.0498221731823,107.86889230528827
4126.0,603.1335069948987,107.3783823780133
4126.5,603.2148482079605,106.88747049304105
4127.0,603.2937664463914,106.39615587932254
4127.5,603.3703262838977,105.90445945408815
4128.0,603.4445423354234,105.41240314110519
4128.5,603.5164304413745,104.9200043706185
4129.0,603.5859362582653,104.4272630940959
4129.5,603.6530340753683,103.9341787187104
4130.0,603.7177530693065,103.44077416289753
4130.5,603.780108750868,102.94706446728222
4131.0,603.8401128831047,102.45306323880065
4131.5,603.8977307454387,101.95877756846923
4132.0,603.9529735173743,101.46421868617291
4132.5,604.0058557047148,100.96940319329268
4133.0,604.0563939957192,100.47434507959575
4133.5,604.1045994010412,99.97905739373081
4134.0,604.1504368112584,99.48354802599931
4134.5,604.1938548435036,98.98781845544842
4135.0,604.2348595390974,98.49188048373729
4135.5,604.2734670264853,97.99575050776376
4136.0,604.3096491862559,97.49943514691124
4136.5,604.3433872145969,97.00294321213185
4137.0,604.3746933759944,96.50628971449306
4137.5,604.4035413750418,96.0094827037324
4138.0,604.4298422387939,95.51252839193019
4138.5,604.4536268975028,95.0154430690014
4139.0,604.4749356271585,94.51823673595825
4139.5,604.4938035273466,94.02092763645012
4140.0,604.5102556467017,93.52353072169174
4140.5,604.5243181128557,93.02605814712788
4141.0,604.5359881363019,92.52852238281896
4141.5,604.5452510147304,92.03093117547881
4142.0,604.5521544782769,91.5332947299207
4142.5,604.5567993498697,91.03563060365907
4143.0,604.5592372617959,90.53795355925826
4143.5,604.5595139738346,90.04027361724793
4144.0,604.557668589663,89.54260276657803
4144.5,604.5536755965466,89.04494934463101
4145.0,604.5475409008935,88.54731767350104
4145.5,604.5392781472553,88.04971889121526
4146.0,604.5288204166604,87.55216259811405
4146.5,604.5161777404869,87.05465580544526
4147.0,604.5013914892572,86.55720835614694
4147.5,604.4844570952499,86.05982788971706
4148.0,604.465365520719,85.56252111149038
4148.5,604.4441192399111,85.06529703141601
4149.0,604.4207140874046,84.56816505189099
4149.5,604.3951521136885,84.07113429089942
4150.0,604.367439035434,83.57421429378131
4150.5,604.3375627887898,83.07741588885477
4151.0,604.3054946941088,82.58074772549466
4151.5,604.2712338096181,82.08421872927596
4152.0,604.2347811530295,81.5878423789657
4152.5,604.1961268500585,81.09162787023587
4153.0,604.1552780986491,80.59558474034228
4153.5,604.1121885730605,80.09973014419442
4154.0,604.0667863416655,79.60407202764931
4154.5,604.0189845693404,79.10862757988737
4155.0,603.9688818168808,78.6134040859844
4155.5,603.9164445393519,78.11841057851832
4156.0,603.8616841037091,77.62365750024631
4156.5,603.8046003967725,77.12915686437827
4157.0,603.7451801734355,76.63491789548617
4157.5,603.6834109099736,76.14095569765811
4158.0,603.6192778268893,75.64728195703698
4158.5,603.552767599983,75.15390507852118
4159.0,603.4839186247374,74.66083632431192
4159.5,603.4127710898317,74.16808314928052
4160.0,603.3393438394355,73.6756531381157
4160.5,603.2636400334808,73.18355845211194
4161.0,603.1856330494862,72.69181076724506
4161.5,603.1052829848811,72.20042464721904
4162.0,603.0226598579569,71.70939995456409
4162.5,602.9378588092899,71.21873850215943
4163.0,602.850990112931,70.72843244757313
4163.5,602.7619807079242,70.23851043522336
4164.0,602.6708544225281,69.74897616578747
4164.5,602.5776433886975,69.25983205601432
4165.0,602.4823662440683,68.771077892839
4165.5,602.3850760217808,68.28271814510236
4166.0,602.2858400288931,67.79475306240207
4166.5,602.1846889138643,67.30718372584542
4167.0,602.08161215977,66.82002259679686
4167.5,601.9765947006855,66.33327655563265
4168.0,601.8695841608285,65.84695940112816
4168.5,601.760565095152,65.36107965953099
4169.0,601.649551386089,64.87564307530357
4169.5,601.5365648480688,64.390651609293
4170.0,601.4216553917066,63.90610272338452
4170.5,601.3048456220052,63.422000206636234
4171.0,601.1861178193111,62.938351958326464
4171.5,601.0654607733461,62.455165017160354
4172.0,600.9428795896653,61.97244515819982
4172.5,600.818395900106,61.4901945305458
4173.0,600.6920456295053,61.008412459027376
4173.5,600.5638697728929,60.52709607164202
4174.0,600.4339230168139,60.046239106638296
4174.5,600.3022493336466,59.56583834196896
4175.0,600.1688653698202,59.08589476356598
4175.5,600.0337888157259,58.60640773057828
4176.0,599.8970386104921,58.127379983723536
4176.5,599.758650313283,57.64880718617286
4177.0,599.6186997032694,57.17067738797239
4177.5,599.4772157013966,56.69298697974961
4178.0,599.3342204030607,56.2157345250025
4178.5,599.1897231106229,55.73892136116791
4179.0,599.043710584029,55.26255523456247
4179.5,598.8961967006375,54.78663273476197
4180.0,598.747229835647,54.31114979428713
4180.5,598.5967950119912,53.83611525585926
4181.0,598.4449006704938,53.3615257122506
4181.5,598.2915711828676,52.887380676778626
4182.0,598.1368410289793,52.41367458618946
4182.5,597.9807221512519,51.94040571283994
4183.0,597.8232506646038,51.46756546969355
4183.5,597.6644321182275,50.99515767221973
4184.0,597.5042524973034,50.523186214789746
4184.5,597.3427468850608,50.05164029417573
4185.0,597.1799838455422,49.58050871168778
4185.5,597.0160180423157,49.10978233228266
4186.0,596.8508745862018,48.63945504699446
4186.5,596.6845619366335,48.16952727677249
4187.0,596.5170789101801,47.70000170796304
4187.5,596.3484284778283,47.23087688919368
4188.0,596.1786557860336,46.762144252004084
4188.5,596.0078123679476,46.293794245402346
4189.0,595.8359132236743,45.825826840687604
4189.5,595.6629546945748,45.358246270820324
4190.0,595.4889626178472,44.89104634253232
4190.5,595.3139377129794,44.42423220587956
4191.0,595.1378367688031,43.9578207654223
4191.5,594.9606500284366,43.491816224200235
4192.0,594.7823741040002,43.02622518033116
4192.5,594.6029840756061,42.56106035263815
4193.0,594.4224791499762,42.09632491313818
4193.5,594.2408416358991,41.63203212198794
4194.0,594.0580084816795,41.16820441234763
4194.5,593.8739407142713,40.70485546673201
4195.0,593.6886172436427,40.24199806903566
4195.5,593.5020461386382,39.779632458113056
4196.0,593.3142527309417,39.317754750628495
4196.5,593.1252221742551,38.85637796458883
4197.0,592.9349139953886,38.39551600012056
4197.5,592.7433249356556,37.935172249225246
4198.0,592.5504401634793,37.475357959878934
4198.5,592.3562244598559,37.01608889930983
4199.0,592.1607619544693,36.55733462436049
4199.5,591.9641023890854,36.09908783359284
4200.0,591.7662269137472,35.641359767403394
4200.5,591.5671241407324,35.18415187331982
4201.0,591.3667846169812,34.72747429171259
4201.5,591.1651826239058,34.271339402579045
4202.0,590.9623216302044,33.81574652892493
4202.5,590.7582296637676,33.36069129953497
4203.0,590.5529176141479,32.90617535535593
4203.5,590.3463704103629,32.45220531206737
4204.0,590.1385683788152,31.99879105696381
4204.5,589.9295102456443,31.54593539780644
4205.0,589.7192045229945,31.093638414981637
4205.5,589.5076606767225,30.64189956530752
4206.0,589.2948902060891,30.19071659503925
4206.5,589.0809113340649,29.740084762314947
4207.0,588.8657439533606,29.289998098722403
4207.5,588.6494062045218,28.840451398281733
4208.0,588.4319441337407,28.391425771150956
4208.5,588.2133846363552,27.942916576149727
4209.0,587.99375339252,27.494911370257014
4209.5,587.7730833733619,27.047398664481936
4210.0,587.5514042546178,26.60037205831646
4210.5,587.3287155651266,26.15383604345186
4211.0,587.1050814519904,25.70776034099558
4211.5,586.8805043009712,25.262149032177987
4212.0,586.6549893214294,24.817000707073216
4212.5,586.4285408473431,24.372315981768775
4213.0,586.2011603983422,23.928096078022993
4213.5,585.9728478089525,23.484345352270374
4214.0,585.7435947609096,23.041069868727057
4214.5,585.5133762673998,22.598282125528847
4215.0,585.2821697512811,22.155995141547724
4215.5,585.0499612360719,21.714218815114563
4216.0,584.8167294861472,21.272965273099352
4216.5,584.5824650814731,20.832240560155917
4217.0,584.3471780485912,20.392045022758225
4217.5,584.1108735904735,19.952381173133222
4218.0,583.8734811918854,19.513287236197808
4218.5,583.6350392538778,19.07474835285569
4219.0,583.395572192166,18.63675634455707
4219.5,583.155061353306,18.199323282409125
4220.0,582.9135064817436,17.762452869089174
4220.5,582.6709058191027,17.326152742315767
4221.0,582.4272565606774,16.890428404460852
4221.5,582.182565838673,16.455280300774508
4222.0,581.9368458213935,16.02070842104489
4222.5,581.6901008613451,15.58671587471956
4223.0,581.4423205891047,15.153311293442588
4223.5,581.1934732111062,14.720516184719932
4224.0,580.943544467943,14.288341045823797
4224.5,580.6924261472569,13.856853642294919
4225.0,580.4402356920699,13.425992598602138
4225.5,580.18693748475,12.995782756517787
4226.0,579.9324945922649,12.56624855913753
4226.5,579.6768647220176,12.13741725605863
4227.0,579.4200051508059,11.709315842830062
4227.5,579.1618863137166,11.281964949221189
4228.0,578.9024844226767,10.855383996220766
4228.5,578.6417702670261,10.429595193802975
4229.0,578.3797223111583,10.004613175592898
4229.5,578.1163319711563,9.580448987207523
4230.0,577.851467020881,9.157190883799279
4230.5,577.5851779547576,8.734811832065327
4231.0,577.3174983782192,8.313295943087196
4231.5,577.0484408378938,7.89264148218982
4232.0,576.7780594711935,7.472821888068346
4232.5,576.5063941382824,7.053820105567808
4233.0,576.2334616397831,6.635631550478662
4233.5,575.9592655986011,6.218258145172425
4234.0,575.6838060417743,5.801704798199792
4234.5,575.4071093069317,5.385959797369086
4235.0,575.129130195743,4.971062126817118
4235.5,574.8499462615501,4.556966314587919
4236.0,574.5696364982497,4.143627523712877
4236.5,574.288207056217,3.731045670701289
4237.0,574.0056632633923,3.3192202631450387
4237.5,573.7220120985411,2.9081508869039854
4238.0,573.4372521501793,2.497842995559195
4238.5,573.1513747377682,2.088305680022924
4239.0,572.8643824155255,1.6795397722091407
4239.5,572.576269608691,1.271554825381879
4240.0,572.2869133806196,0.8644421245484412
4240.5,571.9964372870965,0.458117101700098
4241.0,571.704848354838,0.05257985524155823
4241.5,571.4121473998825,-0.3521663870211359
4242.0,571.1183432057313,-0.7561247142791147
4242.5,570.8234526998162,-1.1593031819954818
4243.0,570.5274942682772,-1.5617102168953876
4243.5,570.2304830683607,-1.9633529013387707
4244.0,569.9323950322124,-2.364208481972298
4244.5,569.6331677601582,-2.7642250682272618
4245.0,569.33291979547,-3.1634865546575424
4245.5,569.0316733805628,-3.5620041712256474
4246.0,568.7294600767963,-3.959795710052024
4246.5,568.4263068511443,-4.356876078690645
4247.0,568.122225061087,-4.753249011049872
4247.5,567.8172061971886,-5.148903647618596
4248.0,567.5112267549524,-5.543818717773583
4248.5,567.2041502698664,-5.937884592051076
4249.0,566.8961271387144,-6.331211334603162
4249.5,566.5871494486832,-6.72378807026011
4250.0,566.2772178408741,-7.115611315042084
4250.5,565.9663181872571,-7.50666598928805
4251.0,565.6544386295255,-7.896938966408336
4251.5,565.3415790041021,-8.286426338387937
4252.0,565.0277037937004,-8.67509502947306
4252.5,564.7126045929601,-9.062774965685108
4253.0,564.3964328521437,-9.449583882433831
4253.5,564.0791494101113,-9.835485489206588
4254.0,563.7607209646035,-10.220449190547209
4254.5,563.4411026032371,-10.60443345158818
4255.0,563.1202384397698,-10.987387368579366
4255.5,562.7980745755676,-11.369263070010257
4256.0,562.4744746169758,-11.749941282090107
4256.5,562.1493888137229,-12.129369051020085
4257.0,561.8229120758743,-12.507618951654024
4257.5,561.4950202931693,-12.884663397224099
4258.0,561.1657059114405,-13.260487197398737
4258.5,560.8349698149477,-13.63508225629074
4259.0,560.5028197795006,-14.008447059306413
4259.5,560.1692527721655,-14.380569347249294
4260.0,559.8341209598644,-14.751304764628488
4260.5,559.4976980620828,-15.120884606901285
4261.0,559.1600253526304,-15.489337383934215
4261.5,558.8211443668039,-15.856691915129645
4262.0,558.4811137848327,-16.22299316439715
4262.5,558.1399951151652,-16.588289292928476
4263.0,557.797792404113,-16.95257608958599
4263.5,557.4543581294723,-17.315705460906187
4264.0,557.1099139042826,-17.677877821804223
4264.5,556.7644639138119,-18.039091805021577
4265.0,556.4180231155585,-18.399355912882385
4265.5,556.0706032981166,-18.75867536229017
4266.0,555.722207821372,-19.117047212126206
4266.5,555.3728247379323,-19.4744535654494
4267.0,555.0222712807148,-19.830709498329632
4267.5,554.6707158703198,-20.185974091754133
4268.0,554.318121003354,-20.54020601698441
4268.5,553.9644651882471,-20.893379927097595
4269.0,553.6097415201297,-21.24548331887135
4269.5,553.2539486711837,-21.59650776824472
4270.0,552.8970345984302,-21.946394776540227
4270.5,552.5388276945448,-22.29496193086738
4271.0,552.1794886526744,-22.642365758290833
4271.5,551.818995218985,-22.988577774892075
4272.0,551.4573382107242,-23.3335819898169
4272.5,551.0945226007009,-23.67737605447947
4273.0,550.7305642578633,-24.01996834756992
4273.5,550.3653724704478,-24.361254548306633
4274.0,549.9989496643248,-24.701225888716497
4274.5,549.631425351615,-25.040011715529964
4275.0,549.2627926931518,-25.37759914696331
4275.5,548.8930567889151,-25.713986913109796
4276.0,548.5222297398495,-26.049180530975484
4276.5,548.1503221436616,-26.383184483172172
4277.0,547.7771763527883,-26.71581440508305
4277.5,547.4029761942566,-27.047263402691964
4278.0,547.0277727934175,-27.3775831386258
4278.5,546.6515881065671,-27.706791556554464
4279.0,546.2744424068518,-28.034904800516273
4279.5,545.896351969376,-28.361935238423452
4280.0,545.517230868439,-28.68777756111391
4280.5,545.1370593460451,-29.01240009404043
4281.0,544.7560018923242,-29.335987890824345
4281.5,544.3740895067599,-29.658570368308165
4282.0,543.99134776698,-29.980171480735134
4282.5,543.6077961379671,-30.300809015697162
4283.0,543.2234207151221,-30.620461296613374
4283.5,542.8381207567033,-30.939000794027354
4284.0,542.4520798831404,-31.256642822222723
4284.5,542.0653132412762,-31.573400943255663
4285.0,541.6778258594528,-31.889276914369653
4285.5,541.2896186756037,-32.20426815537594
4286.0,540.9006955254279,-32.51837633472717
4286.5,540.5109371366063,-32.83144674215
4287.0,540.1205122417404,-33.143683183486495
4287.5,539.7294137289302,-33.45507403508334
4288.0,539.3376308164854,-33.76560220956403
4288.5,538.9451470157998,-34.07524357169318
4289.0,538.5519357523691,-34.383962261796114
4289.5,538.157824333809,-34.69153362675776
4290.0,537.7629548756985,-34.99813194911127
4290.5,537.3673151351652,-35.30373879427772
4291.0,536.9708922927102,-35.608333561120354
4291.5,536.5736766589639,-35.911898814085106
4292.0,536.175651989907,-36.21440829055125
4292.5,535.7766084238941,-36.515581228776924
4293.0,535.3767510184047,-36.8156789575557
4293.5,534.9760877153092,-37.11470658042536
4294.0,534.5746262603791,-37.41266906809618
4294.5,534.1723763696691,-37.709573994536115
4295.0,533.7693144747565,-38.005383307210096
4295.5,533.3653253783708,-38.29993236055558
4296.0,532.9605828905127,-38.59345043035997
4296.5,532.5550984716948,-38.88594766183922
4297.0,532.1488804924489,-39.17743004148195
4297.5,531.7419381195466,-39.46790491891509
4298.0,531.3342088031343,-39.757278902088366
4298.5,530.9257122876326,-40.04557128599194
4299.0,530.5165549748754,-40.332926718806334
4299.5,530.1067499561944,-40.61935962639224
4300.0,529.6963047868732,-40.904876573416495
4300.5,529.2852192692959,-41.18947304275995
4301.0,528.8733525611979,-41.472940177514985
4301.5,528.460847022797,-41.75547748319275
4302.0,528.0477137469928,-42.03709664126975
4302.5,527.6339458930892,-42.317783776815986
4303.0,527.2195384138452,-42.597527505848326
4303.5,526.8044245567156,-42.876223984856736
4304.0,526.3885149425114,-43.15373339731896
4304.5,525.9719471390301,-43.430254842827786
4305.0,525.5547228108956,-43.70578596047359
4305.5,525.1368424397679,-43.98032271287737
4306.0,524.7183051904193,-44.253859183302396
4306.5,524.298946339819,-44.526136539909636
4307.0,523.8789011539047,-44.79735460967771
4307.5,523.4582159103373,-45.06757964273639
4308.0,523.0369034452058,-45.33682680164492
4308.5,522.6149735778198,-45.60510665333762
4309.0,522.1923451441394,-45.87228582143695
4309.5,521.7689904405219,-46.13831290632959
4310.0,521.345021344744,-46.403359412372346
4310.5,520.9204453219701,-46.66743258619403
4311.0,520.4952697794353,-46.930539702448414
4311.5,520.0694821627811,-47.19265562801519
4312.0,519.6429375244314,-47.45353726933506
4312.5,519.215800338701,-47.71344625514176
4313.0,518.7880748841068,-47.9723850232208
4313.5,518.3597660079097,-48.23035699167564
4314.0,517.9308789875458,-48.487366326856055
4314.5,517.5012687344929,-48.74316347438951
4315.0,517.0710705285611,-48.99796855323615
4315.5,516.6403211058544,-49.25183904636368
4316.0,516.2090322281185,-49.504790844128
4316.5,515.7772153955025,-49.756839592782846
4317.0,515.3447696828489,-50.00780669759502
4317.5,514.9117656701206,-50.25780768755297
4318.0,514.4782682846683,-50.50695099669043
4318.5,514.0442836026408,-50.75524386204457
4319.0,513.6098181686289,-51.002694476713636
4319.5,513.1748098250429,-51.24918937901871
4320.0,512.7392775814061,-51.49475717402424
4320.5,512.3032949810269,-51.73952444694773
4321.0,511.866868542203,-51.98349992225814
4321.5,511.43000103236676,-52.22668556991428
4322.0,510.9926123972254,-52.46893361613379
4322.5,510.5546855101669,-52.710206866400675
4323.0,510.11630101554744,-52.95064748614719
4323.5,509.6774484604978,-53.19023279805013
4324.0,509.2381175878656,-53.42894020566719
4324.5,508.7982346551993,-53.666628526040384
4325.0,508.35776133985456,-53.90321984446256
4325.5,507.9167731262306,-54.138847940558286
4326.0,507.4752702882295,-54.37350845204829
4326.5,507.033256702785,-54.60720391861509
4327.0,506.5906542382059,-54.83978041977669
4327.5,506.147467058016,-55.07123716295561
4328.0,505.7037922780222,-55.301755246453034
4328.5,505.25963602167417,-55.5313420671515
4329.0,504.8150048478109,-55.76000574586032
4329.5,504.3698200313155,-55.987586219534364
4330.0,503.92412106680234,-56.214154878932476
4330.5,503.47798874585277,-56.43986666798434
4331.0,503.03143077988136,-56.66473351998969
4331.5,502.58445418487656,-56.88876609993996
4332.0,502.13697231058075,-57.111786629209355
4332.5,501.68904725648355,-57.33391490346896
4333.0,501.240728905811,-57.55524758186477
4333.5,500.7920212898327,-57.7757898626377
4334.0,500.342927730799,-57.99554572586688
4334.5,499.8933397154975,-58.21428894569229
4335.0,499.44336361188306,-58.4322331335477
4335.5,498.99301796827143,-58.64941358700626
4336.0,498.54230690797624,-58.86583614773794
4336.5,498.09122522957716,-59.081487080252636
4337.0,497.6396721368877,-59.296151122042446
4337.5,497.1877658495379,-59.51007198560428
4338.0,496.73550218322225,-59.723237845390685
4338.5,496.2828786787881,-59.93564040764925
4339.0,495.8298486025979,-60.147176062989374
4339.5,495.3763692629198,-60.35774798866319
4340.0,494.92251942623454,-60.56752041196681
4340.5,494.46829747870044,-60.77648651806051
4341.0,494.01370121485945,-60.98463806283443
4341.5,493.55862229174477,-61.19173217069208
4342.0,493.103099350056,-61.397845870095715
4342.5,492.64717998023235,-61.60307936992994
4343.0,492.1908678207532,-61.80743681769946
4343.5,491.73416705037016,-62.010923555959266
4344.0,491.27694264917295,-62.21322985469408
4344.5,490.8193395943804,-62.41467548465103
4345.0,490.36136142009883,-62.61526473077939
4345.5,489.90301332642684,-62.81500590862789
4346.0,489.44424918074054,-63.0137885112106
4346.5,488.98505440200023,-63.2115726508198
4347.0,488.5255200833665,-63.40856585302218
4347.5,488.0656515581358,-63.604777614603236
4348.0,487.6054536236899,-63.80021617477947
4348.5,487.1448346466027,-63.99466082842387
4349.0,486.6838764557015,-64.18830031430672
4349.5,486.22260815569757,-64.38120010140356
4350.0,485.76103609387707,-64.57337265130639
4350.5,485.29913375914555,-64.76475186236895
4351.0,484.83685470533294,-64.95522071354534
4351.5,484.3742854049316,-65.14498427835689
4352.0,483.91142628436876,-65.33404100111265
4352.5,483.44827726992503,-65.52238805712722
4353.0,482.98474671518545,-65.70979489173524
4353.5,482.5209008194413,-65.896420058982
4354.0,482.0567672839977,-66.08232914588507
4354.5,481.5923465629148,-66.267520413035
4355.0,481.12760209194073,-66.45189831817633
4355.5,480.6624853602347,-66.63533459782293
4356.0,480.19707853232933,-66.81803201098737
4356.5,479.73138632690757,-66.99999978152998
4357.0,479.26541439340116,-67.181249709496
4357.5,478.7990696104891,-67.36153762235445
4358.0,478.3324471113841,-67.54110418187823
4358.5,477.8655668426269,-67.71999909718096
4359.0,477.3984333613176,-67.89823220600621
4359.5,476.9310053846742,-68.07569213194732
4360.0,476.4632791991784,-68.25236504353146
4360.5,475.9953176611587,-68.42841400769503
4361.0,475.5271269680529,-68.60385396368154
4361.5,475.0587068829512,-68.7786829314864
4362.0,474.5899860241545,-68.95270790225152
4362.5,474.1210581268862,-69.1261768411904
4363.0,473.65192025461545,-69.29908008019072
4363.5,473.1825693572229,-69.47140757147999
4364.0,472.7129354435178,-69.64296586457687
4364.5,472.24306004330145,-69.81386351532767
4365.0,471.7729664901017,-69.98416204114788
4365.5,471.3026549339888,-70.15385988960816
4366.0,470.83209002489895,-70.32285647785736
4366.5,470.3612518249116,-70.49109239798992
4367.0,469.8901904157348,-70.6587033364705
4367.5,469.41890133358214,-70.82567407710175
4368.0,468.9473672519145,-70.99195273047171
4368.5,468.4754964001667,-71.15727243670227
4369.0,468.0033846972228,-71.32190124986002
4369.5,467.531035345421,-71.48584593025262
4370.0,467.05845183861106,-71.64911415311701
4370.5,466.5855547722906,-71.81147095774391
4371.0,466.1124191108834,-71.9731292914445
4371.5,465.6390604022829,-72.13413146935022
4372.0,465.16548060536536,-72.29448046308057
4372.5,464.69162496876817,-72.45400939714493
4373.0,464.21752986349907,-72.61282179131766
4373.5,463.743242206298,-72.77105586378028
4374.0,463.26877035762146,-72.928735354624
4374.5,462.79409150023275,-73.0857899277282
4375.0,462.3192099123789,-73.24222900413486
4375.5,461.8441775887105,-73.39820937321959
4376.0,461.36900058693715,-73.55374863869726
4376.5,460.8936714275476,-73.70882280824992
4377.0,460.41817489615244,-73.86338380050503
4377.5,459.9425625164737,-74.01758933466473
4378.0,459.4668395223689,-74.17145513515636
4378.5,458.9910081032595,-74.3249874984755
4379.0,458.51503639393604,-74.47808749285443
4379.5,458.038973232939,-74.63090511630274
4380.0,457.5628225248368,-74.78345224387809
4380.5,457.08658800646884,-74.93574023211742
4381.0,456.6102351612878,-75.08766141780045
4381.5,456.13380072713454,-75.23932861982489
4382.0,455.65728905367394,-75.3907547079921
4382.5,455.1807018184794,-75.54194432316179
4383.0,454.70401046777386,-75.69280731467256
4383.5,454.22723917760777,-75.84341859290231
4384.0,453.750393881667,-75.99379606815229
4384.5,453.2734746501685,-76.14393932313708
4385.0,452.7964564208873,-76.29376766509795
4385.5,452.31935726867124,-76.44333770076321
4386.0,451.8421864058136,-76.59267821555133
4386.5,451.3649442492431,-76.74179006714766
4387.0,450.8876091072022,-76.8906027389727
4387.5,450.410194711335,-77.03915969614968
4388.0,449.9327138599256,-77.18750177820866
4388.5,449.4551678564051,-77.33563293886431
4389.0,448.9775379102036,-77.48349216146943
4389.5,448.49983465444853,-77.63111347766817
4390.0,448.0220720201431,-77.77854230225957
4390.5,447.54425145911773,-77.92578353287524
4391.0,447.0663560168442,-78.07278278032638
4391.5,446.58839501168774,-78.21956980114243
4392.0,446.1103796762814,-78.36618089318733
4392.5,445.6323106261997,-78.51261801393558
4393.0,445.15417263708645,-78.65883180985612
4393.5,444.6759722195637,-78.80484349798182
4394.0,444.19771909978283,-78.95068424842889
4394.5,443.71941311854835,-79.09635326736456
4395.0,443.24103686034204,-79.24179317737158
4395.5,442.7625956227635,-79.38702068647129
4396.0,442.2840992393607,-79.53206751508104
4396.5,441.80554740195,-79.67693236095101
4397.0,441.32691900427056,-79.82154534976902
4397.5,440.84822311520605,-79.96593538445185
4398.0,440.36946767970386,-80.11012829172152
4398.5,439.8906516539383,-80.2541203162265
4399.0,439.41174915815174,-80.39782494742674
4399.5,438.9327765522826,-80.54129571971197
4400.0,438.4537405067423,-80.68455453161559
4400.5,437.9746401161525,-80.82759806243651
4401.0,437.4954475259468,-80.97033197288675
4401.5,437.0161861582368,-81.11283433471364
4402.0,436.5368623000072,-81.25512605883222
4402.5,436.0574765052428,-81.39720880524416
4403.0,435.578000154577,-81.53898565955646
4403.5,435.0984602299751,-81.68054690358956
4404.0,434.618859186168,-81.82190045814569
4404.5,434.1391955673461,-81.96304096992796
4405.0,433.6594386119786,-82.10386311699
4405.5,433.1796213408934,-82.24447873951571
4406.0,432.6997436151803,-82.38488723208233
4406.5,432.21979898350236,-82.52506633982891
4407.0,431.7397673413575,-82.66494537703934
4407.5,431.25967375113294,-82.8046103747982
4408.0,430.77951723721327,-82.94405729314883
4408.5,430.29928416380153,-83.08323755386475
4409.0,429.8189617849154,-83.22210458331999
4409.5,429.3385745290943,-83.36074325786366
4410.0,428.8581225400859,-83.49915348759178
4410.5,428.3775869887568,-83.63726737715439
4411.0,427.8969692388229,-83.77508814712802
4411.5,427.41628705350206,-83.9126779680045
4412.0,426.9355407833731,-84.05003743284034
4412.5,426.4547059937557,-84.18707731891796
4413.0,425.9737996730334,-84.32385800080475
4413.5,425.4928332909676,-84.46042050107873
4414.0,425.01180793892473,-84.5967684123365
4414.5,424.5306968378205,-84.73280384914807
4415.0,424.04952851023575,-84.86863229289845
4415.5,423.56830706947846,-85.00426874883482
4416.0,423.08703012848713,-85.13970473571146
4416.5,422.60567658103594,-85.27486410358563
4417.0,422.1242734217301,-85.40984323175272
4417.5,421.6428213671748,-85.54464506542453
4418.0,421.1613112647557,-85.67923737062848
4418.5,420.67973824638636,-85.81360298844132
4419.0,420.19811899789244,-85.94780286206081
4419.5,419.7164537922171,-86.08183800015388
4420.0,419.2347272611299,-86.215652377277
4420.5,418.7529450072998,-86.34926509311457
4421.0,418.27111702700324,-86.48271164437604
4421.5,417.7892434732904,-86.61599209109383
4422.0,417.30730289303625,-86.74902563917632
4422.5,416.82531308672554,-86.88187787101207
4423.0,416.3432772590184,-87.01455978797625
4423.5,415.86119110397675,-87.14705450902102
4424.0,415.37903532155576,-87.27928757326409
4424.5,414.8968322166425,-87.41133883070444
4425.0,414.41458174759845,-87.54320697566364
4425.5,413.93227085241244,-87.67483953690288
4426.0,413.4498988497813,-87.80623008526531
4426.5,412.9674812765472,-87.93743863687567
4427.0,412.48501853197763,-88.06846603567232
4427.5,412.0024900604131,-88.19922827657756
4428.0,411.5199106979989,-88.32978244549565
4428.5,411.0372876954459,-88.46015520285637
4429.0,410.5546196421289,-88.59033790781665
4429.5,410.0718887539815,-88.72025248000587
4430.0,409.5891169082209,-88.8499942538762
4430.5,409.10630437575855,-88.9795653216097
4431.0,408.62344116067254,-89.10892576857108
4431.5,408.14052461406396,-89.23805831497995
4432.0,407.6575696588258,-89.36702241185867
4432.5,407.1745768484078,-89.49581876905175
4433.0,406.6915287485273,-89.62436878929421
4433.5,406.2084376041541,-89.75272698717099
4434.0,405.72530818663324,-89.8809164650386
4434.5,405.242136903405,-90.00892318310802
4435.0,404.75891012009953,-90.13667480122666
4435.5,404.2756478398367,-90.2642558727372
4436.0,403.79235069373584,-90.39166662643682
4436.5,403.30900923708884,-90.51885436707511
4437.0,402.82562521285854,-90.64583301810222
4437.5,402.3422097137122,-90.77265539953825
4438.0,401.8587635558513,-90.8993240730052
4438.5,401.37527429805016,-91.02576052381778
4439.0,400.891760193375,-91.15204676195093
4439.5,400.408223391577,-91.27819640608344
4440.0,399.92466072696044,-91.40419136700005
4440.5,399.44106976252414,-91.53001745654194
4441.0,398.9574620765235,-91.65573887696517
4441.5,398.47383871870215,-91.78136076461996
4442.0,397.9901951377514,-91.90685313292646
4442.5,397.5065382745293,-92.03225359608142
4443.0,397.02287192538887,-92.15758374447311
4443.5,396.5391968195101,-92.28284429125
4444.0,396.0555132630862,-92.4080208627318
4444.5,395.5718260577531,-92.53315255162157
4445.0,395.08813599495534,-92.65824334158049
4445.5,394.6044442167427,-92.78328965638924
4446.0,394.12075571342865,-92.90831282217123
4446.5,393.6370729583125,-93.03332367601944
4447.0,393.15339770144834,-93.15832528322649
4447.5,392.6697402132088,-93.28331749425091
4448.0,392.1860955697339,-93.40830977818754
4448.5,391.7024633335827,-93.53330177718767
4449.0,391.21884629477523,-93.65829261919214
4449.5,390.7352460431376,-93.7832900851792
4450.0,390.2516606959879,-93.90829518582024
4450.5,389.7680913240159,-94.03330934663394
4451.0,389.2845484502517,-94.15834503827027
4451.5,388.8010198131488,-94.28339815920796
4452.0,388.31750187993697,-94.4084668210264
4452.5,387.8339927205805,-94.53355341679541
4453.0,387.35048848088655,-94.6586581087845
4453.5,386.8669862157541,-94.78377514444013
4454.0,386.3834853908036,-94.90890470205001
4454.5,385.89998586057163,-95.03405771684677
4455.0,385.4164869180111,-95.15922773680393
4455.5,384.932989089268,-95.28441253501529
4456.0,384.4494934845935,-95.40961441344858
4456.5,383.96600235491695,-95.53483559034044
4457.0,383.4825177005202,-95.66006966052501
4457.5,382.99904086336704,-95.78531654155228
4458.0,382.5155808835325,-95.91058371656113
4458.5,382.03213518377316,-96.03586383780636
4459.0,381.5487029522379,-96.16115416033905
4459.5,381.06528818762035,-96.28645492552369
4460.0,380.58190038987095,-96.41177062648917
4460.5,380.0985337386583,-96.53709571083061
4461.0,379.6151893546941,-96.66242971557224
4461.5,379.131885081538,-96.78777501250708
4462.0,378.6486122588081,-96.91312467788146
4462.5,378.16536854994087,-97.0384786685602
4463.0,377.6821622926978,-97.16383866673935
4463.5,377.1989972470769,-97.2892028232383
4464.0,376.7158568797977,-97.41457237572334
4464.5,376.2327395831755,-97.53994827198193
4465.0,375.74965345302627,-97.66533675177574
4465.5,375.2665855468321,-97.7907357788263
4466.0,374.7835341700884,-97.9161465657766
4466.5,374.3005031025384,-98.04157576680358
4467.0,373.81749339124036,-98.16702957791077
4467.5,373.3344965868631,-98.29250008440815
4468.0,372.85151169145723,-98.41798716732752
4468.5,372.3685409222876,-98.54350374352609
4469.0,371.8855787927652,-98.66904669994034
4469.5,371.4026247001855,-98.79461491176181
4470.0,370.919680834716,-98.92021667846149
4470.5,370.4367508118238,-99.0458588156914
4471.0,369.9538302390468,-99.17153255594202
4471.5,369.4709189172221,-99.29723917716954
4472.0,368.98802256970606,-99.42301042821487
4472.5,368.5051392013712,-99.54882956764907
4473.0,368.02226974045504,-99.67469770109331
4473.5,367.53942213117426,-99.80063780399044
4474.0,367.0566021245109,-99.92666001028958
4474.5,366.57380346108505,-100.05274689940099
4475.0,366.0910269543741,-100.17890150387164
4475.5,365.60829161707863,-100.30518389181142
4476.0,365.1255839619066,-100.43154935721732
4476.5,364.642904550785,-100.55799976823636
4477.0,364.16026635662377,-100.6845748715875
4477.5,363.6776706592503,-100.81127866818645
4478.0,363.19510702656544,-100.93808145067531
4478.5,362.71257784390104,-101.06499196846345
4479.0,362.23009372280075,-101.1920679212135
4479.5,361.7476378355628,-101.31924828597745
4480.0,361.2652097258059,-101.44653356191927
4480.5,360.7828204023963,-101.57397720484948
4481.0,360.3004605409559,-101.70155105577935
4481.5,359.8181230992665,-101.82923176665865
4482.0,359.33581016538284,-101.95703880012373
4482.5,358.8535252518542,-102.0850071807671
4483.0,358.3712578821856,-102.21308262040965
4483.5,357.8890077142382,-102.34126535036386
4484.0,357.4067836231137,-102.46962201383275
4484.5,356.9245782106034,-102.59810300941186
4485.0,356.4423900309407,-102.72669779211361
4485.5,355.96022510108685,-102.85544434081707
4486.0,355.47808590475324,-102.98435997901231
4486.5,354.99596593707554,-103.11339780697267
4487.0,354.5138659230832,-103.24256064800116
4487.5,354.0318021828698,-103.37194150894227
4488.0,353.54976282660533,-103.50145765235973
4488.5,353.0677481836495,-103.63110890405011
4489.0,352.58577046089954,-103.76095490723837
4489.5,352.10382718497016,-103.89097940778177
4490.0,351.6219131164132,-104.02114753772943
4490.5,351.14003507990714,-104.15148606873389
4491.0,350.65820868928967,-104.28205232800559
4491.5,350.1764153120701,-104.4127640719777
4492.0,349.6946549241819,-104.54362103664522
4492.5,349.2129483910853,-104.67471325038545
4493.0,348.73128052860284,-104.80596845364757
4493.5,348.2496475212503,-104.93736886521584
4494.0,347.7680613736379,-105.06896087624936
4494.5,347.2865235953338,-105.20074963889576
4495.0,346.8050204840864,-105.33267809651726
4495.5,346.3235543881814,-105.46475497361827
4496.0,345.84214242888356,-105.59705031585065
4496.5,345.36076082327565,-105.72947261008584
4497.0,344.8794091251307,-105.8620205999234
4497.5,344.39810188200033,-105.99475697247358
4498.0,343.9168284342008,-106.12763361335166
4498.5,343.4355820836753,-106.26062611733587
4499.0,342.9543686062169,-106.39376449083204
4499.5,342.47318673554116,-106.52705823578935
4500.0,341.99202467870896,-106.6604543136978
4500.5,341.5108820744452,-106.79395297011767
4501.0,341.029769633473,-106.92762133000268
4501.5,340.54867486758593,-107.06138808430875
4502.0,340.0675981178296,-107.19525343052888
4502.5,339.58655019423503,-107.32926859185184
4503.0,339.1055240490581,-107.46340154342094
4503.5,338.62451445587726,-107.59762955286935
4504.0,338.1435243083362,-107.73197683081445
4504.5,337.6625597706717,-107.86646817251261
4505.0,337.1816136161489,-108.00105630100757
4505.5,336.7006863807393,-108.13574190483631
4506.0,336.21979306426226,-108.27059598841595
4506.5,335.7389189720055,-108.40554815352915
4507.0,335.2580641578048,-108.54059746895241
4507.5,334.77723892162834,-108.67578996135823
4508.0,334.2964371027205,-108.81109699306164
4508.5,333.8156532764787,-108.94649393767999
4509.0,333.3348911995914,-109.08200230958
4509.5,332.8541514880903,-109.21763559841061
4510.0,332.3734265819548,-109.35335142012649
4510.5,331.89271695317404,-109.48915234114523
4511.0,331.4120295783981,-109.62508384319165
4511.5,330.93135299309,-109.761086664534
4512.0,330.45068660449766,-109.89715932414025
4512.5,329.97003301933825,-110.03333370288551
4513.0,329.4893886960042,-110.16958600789427
4513.5,329.00875198785394,-110.30590163155519
4514.0,328.5281252730539,-110.44229896409435
4514.5,328.0475073781956,-110.57877422511989
4515.0,327.56689452482044,-110.71530153310705
4515.5,327.08628663731804,-110.85188550385577
4516.0,326.6056874470636,-110.98855302444981
4516.5,326.1250945998203,-111.12526978302594
4517.0,325.64450825421125,-111.26203535076745
4517.5,325.16393303700545,-111.39887933790709
4518.0,324.6833653712728,-111.53577472686106
4518.5,324.2028049410687,-111.67271741604013
4519.0,323.72225628117445,-111.80973149524566
4519.5,323.2417191726776,-111.94680606067264
4520.0,322.76119046222306,-112.08392487567475
4520.5,322.2806718608149,-112.2210972544111
4521.0,321.80016591312864,-112.35833230794596
4521.5,321.31966722273063,-112.49560534167136
4522.0,320.83917570658673,-112.63291668342083
4522.5,320.3586943570804,-112.77029013345464
4523.0,319.8782200547453,-112.90770066608555
4523.5,319.3977527627075,-113.04514784741761
4524.0,318.91729625939877,-113.18265083258039
4524.5,318.4368460871079,-113.32018935677765
4525.0,317.95640087631506,-113.45775767899806
4525.5,317.4759617270444,-113.59536727461503
4526.0,316.99552788141153,-113.73301800629051
4526.5,316.51509762753864,-113.8706968282402
4527.0,316.0346715328602,-114.00840839476783
4527.5,315.55424923039465,-114.14616134524047
4528.0,315.0738289033591,-114.28394072517285
4528.5,314.5934104762448,-114.4217472185137
4529.0,314.1129953792028,-114.55960302948921
4529.5,313.63258286724454,-114.6974873614298
4530.0,313.1521730863383,-114.83540056001428
4530.5,312.6717688414715,-114.97336392899186
4531.0,312.19137002733584,-115.11136867221627
4531.5,311.7109765094228,-115.2494105724814
4532.0,311.2305923976566,-115.38751117823894
4532.5,310.7502180965661,-115.52566644310852
4533.0,310.26985162729073,-115.66386395125113
4533.5,309.7894957725445,-115.80211734849277
4534.0,309.30915604153216,-115.94044934722476
4534.5,308.82882745226703,-116.07883183603319
4535.0,308.34851132690784,-116.21726933873924
4535.5,307.86821561225355,-116.355797334207
4536.0,307.387931821929,-116.49437888874331
4536.5,306.90765997748804,-116.6330141595279
4537.0,306.42740933870215,-116.77174458630442
4537.5,305.9471730856002,-116.91053688027904
4538.0,305.4669500874102,-117.04938577747778
4538.5,304.98674785287955,-117.18832150291998
4539.0,304.5065619853187,-117.32732639061074
4539.5,304.0263890036747,-117.46638533299662
4540.0,303.5462338942984,-117.60551848270596
4540.5,303.0660975189839,-117.74472899230429
4541.0,302.58597427076376,-117.88399285685432
4541.5,302.10586735505547,-118.02332237225254
4542.0,301.62578059548247,-118.1627338207002
4542.5,301.14570623435156,-118.3021955191842
4543.0,300.6656452400821,-118.44171133901025
4543.5,300.18560675399726,-118.58131823294605
4544.0,299.70558152493805,-118.7209772966907
4544.5,299.22556946639713,-118.8606881559082
4545.0,298.74557805242455,-119.00048258248027
4545.5,298.2655987773551,-119.1403285665376
4546.0,297.785630851236,-119.28022270337154
4546.5,297.3056814504084,-119.42019515969349
4547.0,296.8257461406085,-119.56022564334225
4547.5,296.3458218424867,-119.70030162277234
4548.0,295.86591258975005,-119.84044015554835
4548.5,295.38601705291774,-119.98063728788361
4549.0,294.9061311514657,-120.12087551726283
4549.5,294.4262577109883,-120.26116680590503
4550.0,293.9463976095034,-120.40151397904049
4550.5,293.4665462808615,-120.5418976352052
4551.0,292.98670548240887,-120.68232491368951
4551.5,292.50687841059766,-120.8228099586529
4552.0,292.02705986427463,-120.96332997062662
4552.5,291.5472504785438,-121.10388731550955
4553.0,291.0674575224006,-121.24450755272409
4553.5,290.5876730746064,-121.38516067773415
4554.0,290.1078970816055,-121.52584653635071
4554.5,289.6281363485269,-121.666592220238
4555.0,289.1483863353139,-121.80737835465247
4555.5,288.6686465013719,-121.94820266283038
4556.0,288.18892460415174,-122.0890925765211
4556.5,287.7092152779279,-122.23002883445913
4557.0,287.2295167247791,-122.37100482975316
4557.5,286.74983579552554,-122.51204590272626
4558.0,286.27017174421627,-122.65314828570791
4558.5,285.79052072244014,-122.79429773303686
4559.0,285.3108889348504,-122.93551616866019
4559.5,284.8312774199399,-123.07680701339818
4560.0,284.3516801140419,-123.21814884200307
4560.5,283.8721018533565,-123.35955925555825
4561.0,283.39254653765784,-123.50105166473502
4561.5,282.913006384378,-123.64259790431103
4562.0,282.43348501536923,-123.7842106224454
4562.5,281.95398857442694,-123.92591173185264
4563.0,281.47450663393437,-124.06766401222683
4563.5,280.9950407444804,-124.20947285407144
4564.0,280.5156020879192,-124.3513768564385
4564.5,280.03617849936364,-124.49333313365125
4565.0,279.55677016621144,-124.63534228383273
4565.5,279.0773873558088,-124.77743922922528
4566.0,278.5980185506416,-124.91958409201763
4566.5,278.11866366262024,-125.06177653838107
4567.0,277.63933247527353,-125.204049440031
4567.5,277.16001491871674,-125.34636831578841
4568.0,276.68070968574307,-125.48872872869627
4568.5,276.2014237429491,-125.63115393038541
4569.0,275.72215029948046,-125.77362098076375
4569.5,275.2428875021372,-125.91612367217189
4570.0,274.76364237915544,-126.0586855202356
4570.5,274.28440975098323,-126.2012892425813
4571.0,273.8051869740825,-126.34392600099956
4571.5,273.32597959018625,-126.48661443970394
4572.0,272.84678660581756,-126.62935122905446
4572.5,272.3676045188989,-126.77212462838813
4573.0,271.8884391113497,-126.91495409657958
4573.5,271.4092885576136,-127.05783351211575
4574.0,270.9301481220239,-127.20074694079658
4574.5,270.4510216520613,-127.34370730277318
4575.0,269.97191124168364,-127.48672153354775
4575.5,269.4928120005436,-127.62977320459743
4576.0,269.0137282203987,-127.77287668064004
4576.5,268.5346627810211,-127.9160415638113
4577.0,268.0556091947907,-128.05924608615237
4577.5,267.57657086051114,-128.20250158474144
4578.0,267.0975533248566,-128.34582642755052
4578.5,266.61854797659333,-128.48919194880312
4579.0,266.13955717383504,-128.63260603966248
4579.5,265.6605873047676,-128.77609005030953
4580.0,265.1816289231372,-128.91961240309118
4580.5,264.70268351842344,-129.0631780612056
4581.0,264.22375464879025,-129.20679880048084
4581.5,263.74483378593123,-129.3504462486204
4582.0,263.2659214221229,-129.49412205567677
4582.5,262.78702196006816,-129.637841151609
4583.0,262.3081282945926,-129.78157966862233
4583.5,261.8292405255046,-129.9253379376455
4584.0,261.3503605098771,-130.0691222104296
4584.5,260.8714832344683,-130.21291562628932
4585.0,260.39260862374095,-130.35671792914064
4585.5,259.9137349426679,-130.50052305971064
4586.0,259.4348607664346,-130.64432623582573
4586.5,258.9559860172846,-130.78812719296772
4587.0,258.4771073435637,-130.93191419416908
4587.5,257.9982248715395,-131.07568772853833
4588.0,257.5193387907606,-131.2194484673138
4588.5,257.04044588941946,-131.36318500761877
4589.0,256.5615480747256,-131.5069044693064
4589.5,256.08264560155436,-131.65060778416782
4590.0,255.6037325022599,-131.7942748195373
4590.5,255.12481255005503,-131.93791889346187
4591.0,254.64588649261944,-132.08154254591966
4591.5,254.1669490250982,-132.22512836035747
4592.0,253.6880038578189,-132.3686889691881
4592.5,253.20905206160836,-132.51222792047204
4593.0,252.73008842956298,-132.65572853081082
4593.5,252.25111777430797,-132.79920678139044
4594.0,251.7721412309486,-132.94266624350007
4594.5,251.2931543940274,-133.08609258041847
4595.0,250.8141595519433,-133.229492747252
4595.5,250.33515817141048,-133.37287150854843
4596.0,249.85614568453127,-133.51621373305105
4596.5,249.37712517930493,-133.65952924664427
4597.0,248.89809777001358,-133.80282171043922
4597.5,248.41905623717727,-133.9460667704296
4598.0,247.94000446797878,-134.0892773982721
4598.5,247.46094438011022,-134.2324600735344
4599.0,246.9818692678501,-134.3755924036728
4599.5,246.50278157573774,-134.51868268404075
4600.0,246.02368391750338,-134.66173966999966
4600.5,245.54456906777267,-134.80473931103623
4601.0,245.0654427903143,-134.94770078570954
4601.5,244.58630734005703,-135.09063157865867
4602.0,244.10715525191205,-135.23350650979594
4602.5,243.6279901306022,-135.3763373323417
4603.0,243.14881496415373,-135.5191340761713
4603.5,242.6696232940593,-135.66187443907108
4604.0,242.19041965671636,-135.8045738405426
4604.5,241.7112066036374,-135.9472409974942
4605.0,241.2319771085267,-136.08985176984524
4605.5,240.75273591149514,-136.23242253512115
4606.0,240.27348546651575,-136.3749617793826
4606.5,239.7942187132276,-136.51744592159721
4607.0,239.31493984969617,-136.65988947175464
4607.5,238.83565108627403,-136.80229985426237
4608.0,238.3563432581298,-136.9446464463437
4608.5,237.87702175947388,-137.08694740361463
4609.0,237.3976893709135,-137.22921204971925
4609.5,236.9183379336952,-137.37141343178183
4610.0,236.43897280974343,-137.51356913078564
4610.5,235.95959643804616,-137.65568728870693
4611.0,235.48019880931,-137.79773450629048
4611.5,235.0007879683974,-137.93973754930812
4612.0,234.52136607506023,-138.0817036105208
4612.5,234.0419227492577,-138.22359772756045
4613.0,233.56246457871907,-138.36544178687586
4613.5,233.08299407877573,-138.50724426664078
4614.0,232.60350255166256,-138.64897579529486
4614.5,232.12399825059342,-138.7906641616316
4615.0,231.64448288608085,-138.93231513772358
4615.5,231.16494628752736,-139.0738942437461
4616.0,230.6853981070445,-139.21543409795783
4616.5,230.20583973534653,-139.3569394131371
4617.0,229.72626442500615,-139.49838731206046
4617.5,229.24668014229135,-139.63980478086071
4618.0,228.76708760888297,-139.78119426619574
4618.5,228.28748001381217,-139.9225326221915
4619.0,227.80786512821544,-140.06384621554412
4619.5,227.32824319958,-140.20513588685623
4620.0,226.84860764835324,-140.3463792097001
4620.5,226.3689666804183,-140.48760408885263
4621.0,225.88932000399933,-140.628809530716
4621.5,225.40966340357343,-140.76998117409772
4622.0,224.93000269209153,-140.91113884327362
4622.5,224.45033747482572,-141.05228119865546
4623.0,223.9706639434251,-141.19339524098658
4623.5,223.49098566668115,-141.33449315957574
4624.0,223.01130177460263,-141.47557200311257
4624.5,222.53161043239317,-141.616625627032
4625.0,222.05191527769546,-141.7576663337963
4625.5,221.572215458072,-141.89869123227194
4626.0,221.09250879694272,-142.03969292599135
4626.5,220.61279809391462,-142.18068091254892
4627.0,220.133082017326,-142.3216506766521
4627.5,219.6533576257119,-142.46259217503197
4628.0,219.17362855569613,-142.60351774538412
4628.5,218.69389308457895,-142.74442150811686
4629.0,218.21414945523028,-142.88529744154192
4629.5,217.73440062965014,-143.0261556433689
4630.0,217.2546439394421,-143.16698700301822
4630.5,216.7748776303963,-143.3077855236585
4631.0,216.29510557070967,-143.44856440359465
4631.5,215.8153249160926,-143.58931391844274
4632.0,215.33553407745623,-143.7300286150452
4632.5,214.855736117617,-143.87071896582793
4633.0,214.37592565287528,-144.01136656666822
4633.5,213.89610234572945,-144.15197032307455
4634.0,213.4162702878367,-144.29254421880816
4634.5,212.9364232641336,-144.43306708556887
4635.0,212.45656368903056,-144.57354715961665
4635.5,211.97669509210363,-144.7139964647832
4636.0,211.4968104132248,-144.8543908802385
4636.5,211.01691296664114,-144.99474173653422
4637.0,210.5370057562348,-145.13505927932323
4637.5,210.05708061144313,-145.27531561174166
4638.0,209.57714467974787,-145.41553505815136
4638.5,209.09719988867974,-145.55572420353948
4639.0,208.61723912007167,-145.69585859450495
4639.5,208.13727105376725,-145.83596789844
4640.0,207.65729639115065,-145.97605452628605
4640.5,207.17731058563828,-146.11610267764462
4641.0,206.69732052688036,-146.25613604126474
4641.5,206.21732578549967,-146.39615312428216
4642.0,205.7373241361878,-146.53614605531882
4642.5,205.25732007186627,-146.67613034345405
4643.0,204.77731322063192,-146.81610461734124
4643.5,204.29730242658923,-146.95606460397224
4644.0,203.81728950554438,-147.0960169635795
4644.5,203.33727373725034,-147.23595914227167
4645.0,202.85725375350592,-147.37588657233724
4645.5,202.37723144671432,-147.51580592027673
4646.0,201.89720579783668,-147.65571367402967
4646.5,201.41717653742845,-147.7956091783166
4647.0,200.93714466528547,-147.93549591054457
4647.5,200.45710809779035,-148.075366965178
4648.0,199.9770666585931,-148.21522190799845
4648.5,199.49702209096483,-148.35506650699617
4649.0,199.01697222872937,-148.49489360599486
4649.5,198.53691707896076,-148.63470292434087
4650.0,198.05685821318346,-148.7744997653156
4650.5,197.57679249653498,-148.91427368462737
4651.0,197.09672128800008,-149.05402896741023
4651.5,196.61664575135492,-149.19376954138232
4652.0,196.13656073373392,-149.33347767886096
4652.5,195.6564697819597,-149.4731654390201
4653.0,195.17637373793727,-149.61283571249663
4653.5,194.6962679302209,-149.75247242354337
4654.0,194.2161577176358,-149.8920939739209
4654.5,193.73604269275577,-150.03169896135054
4655.0,193.255919140405,-150.17127457462993
4655.5,192.77579189346426,-150.3108374545871
4656.0,192.29566006063956,-150.45038452807918
4656.5,191.8155217146715,-150.5899091654166
